solid OpenSCAD_Model
  facet normal 1 -0 0
    outer loop
      vertex 119.65 0 5
      vertex 119.65 64 0
      vertex 119.65 64 5
    endloop
  endfacet
  facet normal 1 0 0
    outer loop
      vertex 119.65 64 0
      vertex 119.65 0 5
      vertex 119.65 0 0
    endloop
  endfacet
  facet normal 1 0 0
    outer loop
      vertex 119.65 27.8578 40.2399
      vertex 119.65 22.1515 42.094
      vertex 119.65 22.2955 23.1209
    endloop
  endfacet
  facet normal 1 0 0
    outer loop
      vertex 119.65 33.7082 19.4127
      vertex 119.65 88.1912 174.15
      vertex 119.65 84.387 175.386
    endloop
  endfacet
  facet normal 1 0 0
    outer loop
      vertex 119.65 88.1912 174.15
      vertex 119.65 33.7082 19.4127
      vertex 119.65 34.2058 8
    endloop
  endfacet
  facet normal 1 0 0
    outer loop
      vertex 119.65 33.7082 19.4127
      vertex 119.65 30 8
      vertex 119.65 34.2058 8
    endloop
  endfacet
  facet normal 1 0 0
    outer loop
      vertex 119.65 22.2955 23.1209
      vertex 119.65 30 8
      vertex 119.65 33.7082 19.4127
    endloop
  endfacet
  facet normal 1 0 0
    outer loop
      vertex 119.65 22.2955 23.1209
      vertex 119.65 12.881 13.5623
      vertex 119.65 30 8
    endloop
  endfacet
  facet normal 1 0 0
    outer loop
      vertex 119.65 12.881 13.5623
      vertex 119.65 22.2955 23.1209
      vertex 119.65 22.1515 42.094
    endloop
  endfacet
  facet normal 0 0.951057 -0.309017
    outer loop
      vertex 119.65 22.2955 23.1209
      vertex 0 27.8578 40.2399
      vertex 119.65 27.8578 40.2399
    endloop
  endfacet
  facet normal 0 0.951057 -0.309017
    outer loop
      vertex 0 27.8578 40.2399
      vertex 119.65 22.2955 23.1209
      vertex 0 22.2955 23.1209
    endloop
  endfacet
  facet normal 0 -0.951057 0.309017
    outer loop
      vertex 0 33.7082 19.4127
      vertex 119.65 84.387 175.386
      vertex 0 84.387 175.386
    endloop
  endfacet
  facet normal 0 -0.951057 0.309017
    outer loop
      vertex 119.65 84.387 175.386
      vertex 0 33.7082 19.4127
      vertex 119.65 33.7082 19.4127
    endloop
  endfacet
  facet normal -1 0 0
    outer loop
      vertex 0 64 0
      vertex 0 34.2058 8
      vertex 0 64 8
    endloop
  endfacet
  facet normal -1 0 0
    outer loop
      vertex 0 34.2058 8
      vertex 0 30 8
      vertex 0 33.7082 19.4127
    endloop
  endfacet
  facet normal -1 0 0
    outer loop
      vertex 0 64 0
      vertex 0 30 8
      vertex 0 34.2058 8
    endloop
  endfacet
  facet normal -1 0 0
    outer loop
      vertex 0 0 0
      vertex 0 30 8
      vertex 0 64 0
    endloop
  endfacet
  facet normal -1 -0 0
    outer loop
      vertex 0 30 8
      vertex 0 0 0
      vertex 0 0 8
    endloop
  endfacet
  facet normal -1 0 0
    outer loop
      vertex 0 33.7082 19.4127
      vertex 0 88.1912 174.15
      vertex 0 34.2058 8
    endloop
  endfacet
  facet normal -1 -0 0
    outer loop
      vertex 0 88.1912 174.15
      vertex 0 33.7082 19.4127
      vertex 0 84.387 175.386
    endloop
  endfacet
  facet normal -1 0 0
    outer loop
      vertex 0 30 8
      vertex 0 22.2955 23.1209
      vertex 0 33.7082 19.4127
    endloop
  endfacet
  facet normal -1 -0 0
    outer loop
      vertex 0 22.2955 23.1209
      vertex 0 12.881 13.5623
      vertex 0 22.1515 42.094
    endloop
  endfacet
  facet normal -1 0 0
    outer loop
      vertex 0 12.881 13.5623
      vertex 0 22.2955 23.1209
      vertex 0 30 8
    endloop
  endfacet
  facet normal -1 -0 0
    outer loop
      vertex 0 27.8578 40.2399
      vertex 0 22.2955 23.1209
      vertex 0 22.1515 42.094
    endloop
  endfacet
  facet normal -0 0.309016 0.951057
    outer loop
      vertex 0 33.7082 19.4127
      vertex 119.65 22.2955 23.1209
      vertex 119.65 33.7082 19.4127
    endloop
  endfacet
  facet normal 0 0.309016 0.951057
    outer loop
      vertex 119.65 22.2955 23.1209
      vertex 0 33.7082 19.4127
      vertex 0 22.2955 23.1209
    endloop
  endfacet
  facet normal 0 -0.309017 -0.951057
    outer loop
      vertex 0 12.881 13.5623
      vertex 119.65 30 8
      vertex 119.65 12.881 13.5623
    endloop
  endfacet
  facet normal -0 -0.309017 -0.951057
    outer loop
      vertex 119.65 30 8
      vertex 0 12.881 13.5623
      vertex 0 30 8
    endloop
  endfacet
  facet normal 0 -0.951099 0.308887
    outer loop
      vertex 44.8212 17.4535 27.6351
      vertex 44.8814 17.3903 27.4405
      vertex 44.835 17.4535 27.6351
    endloop
  endfacet
  facet normal 0.000139567 -0.951086 0.308926
    outer loop
      vertex 44.4799 17.3397 27.2849
      vertex 44.8814 17.3903 27.4405
      vertex 44.8212 17.4535 27.6351
    endloop
  endfacet
  facet normal 4.0954e-05 -0.951011 0.309156
    outer loop
      vertex 44.4799 17.3397 27.2849
      vertex 44.9745 17.3445 27.2996
      vertex 44.8814 17.3903 27.4405
    endloop
  endfacet
  facet normal 3.72094e-05 -0.950974 0.30927
    outer loop
      vertex 44.4799 17.3397 27.2849
      vertex 45.1229 17.3167 27.2141
      vertex 44.9745 17.3445 27.2996
    endloop
  endfacet
  facet normal -2.68621e-05 -0.951145 0.308744
    outer loop
      vertex 44.0003 17.3018 27.1681
      vertex 45.1229 17.3167 27.2141
      vertex 44.4799 17.3397 27.2849
    endloop
  endfacet
  facet normal 3.30372e-05 -0.951574 0.307421
    outer loop
      vertex 45.1229 17.3167 27.2141
      vertex 44.0003 17.3018 27.1681
      vertex 45.3353 17.3075 27.1856
    endloop
  endfacet
  facet normal -0.000215968 -0.951064 0.308994
    outer loop
      vertex 44.2171 17.7806 28.6416
      vertex 44.39 17.9715 29.2293
      vertex 44.2341 17.9652 29.2098
    endloop
  endfacet
  facet normal 6.09426e-05 -0.950971 0.309279
    outer loop
      vertex 44.0577 17.9126 29.0481
      vertex 44.2341 17.9652 29.2098
      vertex 44.126 17.9462 29.1514
    endloop
  endfacet
  facet normal -9.57298e-05 -0.951075 0.308962
    outer loop
      vertex 44.733 17.8884 28.9736
      vertex 44.39 17.9715 29.2293
      vertex 44.2171 17.7806 28.6416
    endloop
  endfacet
  facet normal 0.000365865 -0.951069 0.308978
    outer loop
      vertex 44.2341 17.9652 29.2098
      vertex 44.0577 17.9126 29.0481
      vertex 44.2171 17.7806 28.6416
    endloop
  endfacet
  facet normal -0.000260554 -0.951139 0.308762
    outer loop
      vertex 44.39 17.9715 29.2293
      vertex 44.733 17.8884 28.9736
      vertex 44.5566 17.9623 29.2011
    endloop
  endfacet
  facet normal -4.69856e-05 -0.951117 0.308831
    outer loop
      vertex 44.2171 17.7806 28.6416
      vertex 44.0577 17.9126 29.0481
      vertex 44.0211 17.8625 28.8938
    endloop
  endfacet
  facet normal 0.000275556 -0.951017 0.309138
    outer loop
      vertex 44.5566 17.9623 29.2011
      vertex 44.733 17.8884 28.9736
      vertex 44.669 17.9348 29.1164
    endloop
  endfacet
  facet normal -3.09818e-05 -0.95103 0.3091
    outer loop
      vertex 43.3456 17.8725 28.9245
      vertex 43.7943 17.7638 28.5901
      vertex 44.0211 17.8625 28.8938
    endloop
  endfacet
  facet normal 3.83733e-05 -0.951069 0.308979
    outer loop
      vertex 42.3671 17.5818 28.0298
      vertex 42.9988 17.844 28.8368
      vertex 42.3464 17.834 28.8061
    endloop
  endfacet
  facet normal 0.000491424 -0.950976 0.309266
    outer loop
      vertex 47.6472 17.7008 28.3961
      vertex 47.2775 17.9318 29.107
      vertex 47.1484 17.9344 29.1152
    endloop
  endfacet
  facet normal -5.0546e-06 -0.951102 0.308876
    outer loop
      vertex 46.7714 17.8739 28.9289
      vertex 47.1484 17.9344 29.1152
      vertex 46.9331 17.9193 29.0687
    endloop
  endfacet
  facet normal -1.62052e-05 -0.951068 0.30898
    outer loop
      vertex 80.296 18.1864 29.8907
      vertex 80.3551 17.9264 29.0904
      vertex 80.5995 17.9352 29.1175
    endloop
  endfacet
  facet normal 0 -0.951246 0.308434
    outer loop
      vertex 49.3557 17.4414 27.5979
      vertex 49.3681 17.4093 27.4989
      vertex 49.3649 17.4414 27.5979
    endloop
  endfacet
  facet normal 0.000453134 -0.951229 0.308486
    outer loop
      vertex 49.0513 17.3367 27.2755
      vertex 49.3681 17.4093 27.4989
      vertex 49.3557 17.4414 27.5979
    endloop
  endfacet
  facet normal -0.000249791 -0.950936 0.309387
    outer loop
      vertex 49.3681 17.4093 27.4989
      vertex 49.0513 17.3367 27.2755
      vertex 49.3776 17.3698 27.3775
    endloop
  endfacet
  facet normal -0.000134233 -0.951045 0.309053
    outer loop
      vertex 49.0513 17.3367 27.2755
      vertex 49.3894 17.3348 27.2698
      vertex 49.3776 17.3698 27.3775
    endloop
  endfacet
  facet normal -0.000138879 -0.951126 0.308804
    outer loop
      vertex 49.0513 17.3367 27.2755
      vertex 49.3995 17.316 27.2119
      vertex 49.3894 17.3348 27.2698
    endloop
  endfacet
  facet normal 0 -0.951257 0.308398
    outer loop
      vertex 49.3995 17.316 27.2119
      vertex 48.5579 17.3018 27.1681
      vertex 50.0266 17.316 27.2119
    endloop
  endfacet
  facet normal -4.89477e-05 -0.950981 0.309249
    outer loop
      vertex 48.5579 17.3018 27.1681
      vertex 49.3995 17.316 27.2119
      vertex 49.0513 17.3367 27.2755
    endloop
  endfacet
  facet normal -5.16492e-05 -0.951032 0.309094
    outer loop
      vertex 47.425 18.0912 29.5977
      vertex 49.3603 18.3733 30.466
      vertex 47.3369 18.0992 29.6223
    endloop
  endfacet
  facet normal 5.03966e-05 -0.951098 0.308888
    outer loop
      vertex 49.3603 18.3733 30.466
      vertex 47.425 18.0912 29.5977
      vertex 48.1997 18.0751 29.548
    endloop
  endfacet
  facet normal 4.86829e-05 -0.951098 0.30889
    outer loop
      vertex 49.3603 18.3733 30.466
      vertex 48.1997 18.0751 29.548
      vertex 48.6064 18.1012 29.6283
    endloop
  endfacet
  facet normal 6.14068e-05 -0.951048 0.309043
    outer loop
      vertex 47.425 18.0912 29.5977
      vertex 47.8974 17.9968 29.3071
      vertex 48.1997 18.0751 29.548
    endloop
  endfacet
  facet normal 8.28285e-06 -0.951073 0.308965
    outer loop
      vertex 47.425 17.9238 29.0824
      vertex 47.8974 17.9968 29.3071
      vertex 47.425 18.0912 29.5977
    endloop
  endfacet
  facet normal -0.000139905 -0.951022 0.309123
    outer loop
      vertex 46.6702 17.7987 28.6975
      vertex 47.1484 17.9344 29.1152
      vertex 46.7714 17.8739 28.9289
    endloop
  endfacet
  facet normal -2.65141e-05 -0.951052 0.309031
    outer loop
      vertex 47.425 17.9238 29.0824
      vertex 47.7098 17.8706 28.9187
      vertex 47.8974 17.9968 29.3071
    endloop
  endfacet
  facet normal -4.56842e-05 -0.951058 0.309013
    outer loop
      vertex 47.2775 17.9318 29.107
      vertex 47.6472 17.7008 28.3961
      vertex 47.425 17.9238 29.0824
    endloop
  endfacet
  facet normal 1.23142e-05 -0.951073 0.308965
    outer loop
      vertex 47.1484 17.9344 29.1152
      vertex 46.6702 17.7987 28.6975
      vertex 47.6472 17.7008 28.3961
    endloop
  endfacet
  facet normal -3.62287e-05 -0.951057 0.309016
    outer loop
      vertex 47.425 17.9238 29.0824
      vertex 47.6472 17.7008 28.3961
      vertex 47.7098 17.8706 28.9187
    endloop
  endfacet
  facet normal 6.07071e-05 -0.951027 0.309107
    outer loop
      vertex 46.6365 17.6943 28.3763
      vertex 47.6472 17.7008 28.3961
      vertex 46.6702 17.7987 28.6975
    endloop
  endfacet
  facet normal 6.20155e-05 -0.951047 0.309047
    outer loop
      vertex 46.6365 17.6943 28.3763
      vertex 47.7066 17.5329 27.8794
      vertex 47.6472 17.7008 28.3961
    endloop
  endfacet
  facet normal 3.2905e-05 -0.951065 0.30899
    outer loop
      vertex 46.6365 17.316 27.2119
      vertex 47.7066 17.5329 27.8794
      vertex 46.6365 17.6943 28.3763
    endloop
  endfacet
  facet normal 5.43422e-05 -0.951075 0.308959
    outer loop
      vertex 47.7066 17.5329 27.8794
      vertex 46.6365 17.316 27.2119
      vertex 47.8847 17.4069 27.4915
    endloop
  endfacet
  facet normal -2.01075e-05 -0.950978 0.30926
    outer loop
      vertex 47.8847 17.4069 27.4915
      vertex 46.6365 17.316 27.2119
      vertex 48.1718 17.328 27.2489
    endloop
  endfacet
  facet normal -0.000200516 -0.949766 0.31296
    outer loop
      vertex 45.5068 17.3105 27.1949
      vertex 45.9886 17.316 27.2119
      vertex 45.5543 17.3125 27.201
    endloop
  endfacet
  facet normal -0.000158109 -0.950123 0.311874
    outer loop
      vertex 45.4563 17.3089 27.19
      vertex 45.9886 17.316 27.2119
      vertex 45.5068 17.3105 27.1949
    endloop
  endfacet
  facet normal 0 -0.951257 0.308398
    outer loop
      vertex 45.9886 17.316 27.2119
      vertex 45.4563 17.3089 27.19
      vertex 46.6365 17.316 27.2119
    endloop
  endfacet
  facet normal -0.000234746 -0.947477 0.319823
    outer loop
      vertex 45.4001 17.3078 27.1867
      vertex 46.6365 17.316 27.2119
      vertex 45.4563 17.3089 27.19
    endloop
  endfacet
  facet normal 1.37524e-06 -0.95124 0.308453
    outer loop
      vertex 46.6365 17.316 27.2119
      vertex 48.5579 17.3018 27.1681
      vertex 48.1718 17.328 27.2489
    endloop
  endfacet
  facet normal 1.22395e-05 -0.9511 0.308884
    outer loop
      vertex 45.4001 17.3078 27.1867
      vertex 48.5579 17.3018 27.1681
      vertex 46.6365 17.316 27.2119
    endloop
  endfacet
  facet normal -0.000209622 -0.961561 0.274592
    outer loop
      vertex 45.3353 17.3075 27.1856
      vertex 48.5579 17.3018 27.1681
      vertex 45.4001 17.3078 27.1867
    endloop
  endfacet
  facet normal 0 -0.950834 0.3097
    outer loop
      vertex 48.5579 17.3018 27.1681
      vertex 45.3353 17.3075 27.1856
      vertex 44.0003 17.3018 27.1681
    endloop
  endfacet
  facet normal 0 -0.950374 0.311109
    outer loop
      vertex 41.9083 18.1012 29.6283
      vertex 43.9989 18.0866 29.5837
      vertex 44.4177 18.1012 29.6283
    endloop
  endfacet
  facet normal -5.47797e-05 -0.951131 0.308789
    outer loop
      vertex 42.3106 18.0841 29.5757
      vertex 43.9989 18.0866 29.5837
      vertex 41.9083 18.1012 29.6283
    endloop
  endfacet
  facet normal -5.4179e-05 -0.951168 0.308674
    outer loop
      vertex 42.3106 18.0841 29.5757
      vertex 43.6787 18.0431 29.4496
      vertex 43.9989 18.0866 29.5837
    endloop
  endfacet
  facet normal -2.70278e-05 -0.951081 0.30894
    outer loop
      vertex 42.6368 18.0328 29.4178
      vertex 43.6787 18.0431 29.4496
      vertex 42.3106 18.0841 29.5757
    endloop
  endfacet
  facet normal -3.36223e-05 -0.951018 0.309136
    outer loop
      vertex 42.6368 18.0328 29.4178
      vertex 43.46 17.9714 29.229
      vertex 43.6787 18.0431 29.4496
    endloop
  endfacet
  facet normal -7.27252e-05 -0.951068 0.308982
    outer loop
      vertex 42.8715 17.9514 29.1673
      vertex 43.46 17.9714 29.229
      vertex 42.6368 18.0328 29.4178
    endloop
  endfacet
  facet normal -6.70191e-05 -0.951084 0.308932
    outer loop
      vertex 42.8715 17.9514 29.1673
      vertex 43.3456 17.8725 28.9245
      vertex 43.46 17.9714 29.229
    endloop
  endfacet
  facet normal -1.58585e-05 -0.951024 0.309118
    outer loop
      vertex 43.7943 17.7638 28.5901
      vertex 43.3456 17.8725 28.9245
      vertex 42.9988 17.844 28.8368
    endloop
  endfacet
  facet normal 2.04149e-06 -0.951044 0.309054
    outer loop
      vertex 42.9988 17.844 28.8368
      vertex 43.3456 17.8725 28.9245
      vertex 42.8715 17.9514 29.1673
    endloop
  endfacet
  facet normal 0.000174422 -0.951161 0.308696
    outer loop
      vertex 119.65 22.1515 42.094
      vertex 95.6591 18.34 30.3635
      vertex 96.0211 18.3536 30.4052
    endloop
  endfacet
  facet normal 0 -0.951056 0.309019
    outer loop
      vertex 93.8853 18.3386 30.3592
      vertex 119.65 22.1515 42.094
      vertex 93.272 18.3386 30.3592
    endloop
  endfacet
  facet normal 2.81887e-07 -0.950584 0.310468
    outer loop
      vertex 80.9427 18.3368 30.3537
      vertex 93.272 18.3386 30.3592
      vertex 80.4888 18.3546 30.4082
    endloop
  endfacet
  facet normal 1.22892e-06 -0.951208 0.30855
    outer loop
      vertex 81.2854 18.2837 30.19
      vertex 93.272 18.3386 30.3592
      vertex 80.9427 18.3368 30.3537
    endloop
  endfacet
  facet normal 9.72323e-06 -0.950959 0.309317
    outer loop
      vertex 92.4581 18.1755 29.857
      vertex 81.2854 18.2837 30.19
      vertex 81.5007 18.1991 29.9299
    endloop
  endfacet
  facet normal -4.16209e-06 -0.951096 0.308895
    outer loop
      vertex 81.2854 18.2837 30.19
      vertex 92.4581 18.1755 29.857
      vertex 93.272 18.3386 30.3592
    endloop
  endfacet
  facet normal 6.19824e-06 -0.951115 0.308837
    outer loop
      vertex 81.5725 18.0874 29.5859
      vertex 92.4581 18.1755 29.857
      vertex 81.5007 18.1991 29.9299
    endloop
  endfacet
  facet normal -8.99621e-07 -0.951031 0.309095
    outer loop
      vertex 81.5725 18.0874 29.5859
      vertex 92.4581 18.018 29.3724
      vertex 92.4581 18.1755 29.857
    endloop
  endfacet
  facet normal 0.000351764 -0.951054 0.309024
    outer loop
      vertex 81.605 17.7026 28.4016
      vertex 81.5725 18.0874 29.5859
      vertex 81.5278 18.0017 29.3222
    endloop
  endfacet
  facet normal 1.99956e-05 -0.951077 0.308953
    outer loop
      vertex 119.65 22.1515 42.094
      vertex 77.772 18.3396 30.3622
      vertex 80.4888 18.3546 30.4082
    endloop
  endfacet
  facet normal 1.08613e-06 -0.951043 0.309059
    outer loop
      vertex 50.0082 18.3733 30.466
      vertex 76.9581 18.1764 29.86
      vertex 77.772 18.3396 30.3622
    endloop
  endfacet
  facet normal -2.42799e-06 -0.951089 0.308917
    outer loop
      vertex 50.0082 18.3733 30.466
      vertex 76.9581 18.019 29.3754
      vertex 76.9581 18.1764 29.86
    endloop
  endfacet
  facet normal 9.68201e-07 -0.951064 0.308993
    outer loop
      vertex 50.0082 17.4842 27.7294
      vertex 76.9581 18.019 29.3754
      vertex 50.0082 18.3733 30.466
    endloop
  endfacet
  facet normal -3.08872e-06 -0.951045 0.309053
    outer loop
      vertex 76.9581 18.019 29.3754
      vertex 50.0082 17.4842 27.7294
      vertex 76.9327 17.4846 27.7309
    endloop
  endfacet
  facet normal 0.00469096 -0.950968 0.309254
    outer loop
      vertex 50.0266 17.316 27.2119
      vertex 50.0082 17.4842 27.7294
      vertex 50.0128 17.4065 27.4904
    endloop
  endfacet
  facet normal -3.09195e-06 -0.951027 0.309107
    outer loop
      vertex 50.0082 17.4842 27.7294
      vertex 50.0266 17.316 27.2119
      vertex 76.9327 17.4846 27.7309
    endloop
  endfacet
  facet normal 0 -0.951103 0.308873
    outer loop
      vertex 76.9327 17.3357 27.2726
      vertex 80.5027 17.3193 27.2221
      vertex 79.13 17.3357 27.2726
    endloop
  endfacet
  facet normal -7.49678e-07 -0.951063 0.308997
    outer loop
      vertex 76.9327 17.4846 27.7309
      vertex 50.0266 17.316 27.2119
      vertex 76.9327 17.3357 27.2726
    endloop
  endfacet
  facet normal -7.86942e-07 -0.951058 0.309012
    outer loop
      vertex 119.65 12.881 13.5623
      vertex 76.9327 17.3357 27.2726
      vertex 50.0266 17.316 27.2119
    endloop
  endfacet
  facet normal 0 -0.951056 0.309019
    outer loop
      vertex 50.0082 18.3733 30.466
      vertex 0 22.1515 42.094
      vertex 49.3603 18.3733 30.466
    endloop
  endfacet
  facet normal -7.57384e-06 -0.951065 0.30899
    outer loop
      vertex 41.9083 18.1012 29.6283
      vertex 49.3603 18.3733 30.466
      vertex 0 22.1515 42.094
    endloop
  endfacet
  facet normal 0 -0.951085 0.308929
    outer loop
      vertex 49.3603 18.3733 30.466
      vertex 41.9083 18.1012 29.6283
      vertex 44.4177 18.1012 29.6283
    endloop
  endfacet
  facet normal 0.000108728 -0.95095 0.309344
    outer loop
      vertex 0 22.1515 42.094
      vertex 41.4016 18.0745 29.5464
      vertex 41.9083 18.1012 29.6283
    endloop
  endfacet
  facet normal 1.20863e-06 -0.951055 0.309023
    outer loop
      vertex 0 22.1515 42.094
      vertex 41.0252 17.9946 29.3005
      vertex 41.4016 18.0745 29.5464
    endloop
  endfacet
  facet normal 1.79139e-06 -0.951054 0.309025
    outer loop
      vertex 0 22.1515 42.094
      vertex 40.7918 17.867 28.9078
      vertex 41.0252 17.9946 29.3005
    endloop
  endfacet
  facet normal -2.09125e-05 -0.951075 0.308961
    outer loop
      vertex 0 22.1515 42.094
      vertex 40.714 17.6972 28.3851
      vertex 40.7918 17.867 28.9078
    endloop
  endfacet
  facet normal -3.22461e-07 -0.951057 0.309017
    outer loop
      vertex 0 12.881 13.5623
      vertex 40.714 17.6972 28.3851
      vertex 0 22.1515 42.094
    endloop
  endfacet
  facet normal -1.11057e-06 -0.951056 0.309019
    outer loop
      vertex 40.714 17.6972 28.3851
      vertex 0 12.881 13.5623
      vertex 40.7912 17.5311 27.8739
    endloop
  endfacet
  facet normal -2.60995e-05 -0.951035 0.309083
    outer loop
      vertex 40.7912 17.5311 27.8739
      vertex 0 12.881 13.5623
      vertex 41.0229 17.4061 27.4893
    endloop
  endfacet
  facet normal 0 -0.951056 0.309017
    outer loop
      vertex 0 12.881 13.5623
      vertex 44.0003 17.3018 27.1681
      vertex 41.8991 17.3018 27.1681
    endloop
  endfacet
  facet normal 0 -0.951056 0.309017
    outer loop
      vertex 44.0003 17.3018 27.1681
      vertex 0 12.881 13.5623
      vertex 48.5579 17.3018 27.1681
    endloop
  endfacet
  facet normal -1.12905e-05 -0.951046 0.309049
    outer loop
      vertex 41.3964 17.3279 27.2484
      vertex 0 12.881 13.5623
      vertex 41.8991 17.3018 27.1681
    endloop
  endfacet
  facet normal 6.3381e-05 -0.951113 0.308845
    outer loop
      vertex 41.0229 17.4061 27.4893
      vertex 0 12.881 13.5623
      vertex 41.3964 17.3279 27.2484
    endloop
  endfacet
  facet normal 0 -0.951056 0.309019
    outer loop
      vertex 0 22.1515 42.094
      vertex 50.0082 18.3733 30.466
      vertex 119.65 22.1515 42.094
    endloop
  endfacet
  facet normal 9.03496e-07 -0.951057 0.309015
    outer loop
      vertex 77.772 18.3396 30.3622
      vertex 119.65 22.1515 42.094
      vertex 50.0082 18.3733 30.466
    endloop
  endfacet
  facet normal -5.81251e-06 -0.951052 0.309031
    outer loop
      vertex 93.272 18.3386 30.3592
      vertex 119.65 22.1515 42.094
      vertex 80.4888 18.3546 30.4082
    endloop
  endfacet
  facet normal -9.26185e-05 -0.951002 0.309185
    outer loop
      vertex 96.5203 18.3213 30.306
      vertex 119.65 22.1515 42.094
      vertex 96.0211 18.3536 30.4052
    endloop
  endfacet
  facet normal 3.04839e-05 -0.951073 0.308966
    outer loop
      vertex 96.865 18.2246 30.0083
      vertex 119.65 22.1515 42.094
      vertex 96.5203 18.3213 30.306
    endloop
  endfacet
  facet normal -9.74118e-06 -0.951051 0.309035
    outer loop
      vertex 97.0656 18.0632 29.5116
      vertex 119.65 22.1515 42.094
      vertex 96.865 18.2246 30.0083
    endloop
  endfacet
  facet normal 7.78475e-06 -0.95106 0.309006
    outer loop
      vertex 97.1324 17.837 28.8154
      vertex 119.65 22.1515 42.094
      vertex 97.0656 18.0632 29.5116
    endloop
  endfacet
  facet normal -9.44647e-06 -0.951061 0.309003
    outer loop
      vertex 119.65 12.881 13.5623
      vertex 97.1324 17.837 28.8154
      vertex 97.0618 17.6135 28.1275
    endloop
  endfacet
  facet normal -3.79372e-05 -0.951074 0.308963
    outer loop
      vertex 119.65 12.881 13.5623
      vertex 97.0618 17.6135 28.1275
      vertex 96.85 17.4516 27.6291
    endloop
  endfacet
  facet normal -2.38138e-05 -0.951067 0.308983
    outer loop
      vertex 119.65 12.881 13.5623
      vertex 96.85 17.4516 27.6291
      vertex 96.4969 17.3533 27.3265
    endloop
  endfacet
  facet normal 2.30565e-06 -0.951055 0.309021
    outer loop
      vertex 76.9327 17.3357 27.2726
      vertex 119.65 12.881 13.5623
      vertex 80.5027 17.3193 27.2221
    endloop
  endfacet
  facet normal -2.2832e-05 -0.951032 0.309091
    outer loop
      vertex 0 12.881 13.5623
      vertex 50.0266 17.316 27.2119
      vertex 48.5579 17.3018 27.1681
    endloop
  endfacet
  facet normal 0 -0.951057 0.309015
    outer loop
      vertex 50.0266 17.316 27.2119
      vertex 0 12.881 13.5623
      vertex 119.65 12.881 13.5623
    endloop
  endfacet
  facet normal 1.1226e-06 -0.951057 0.309017
    outer loop
      vertex 97.1324 17.837 28.8154
      vertex 119.65 12.881 13.5623
      vertex 119.65 22.1515 42.094
    endloop
  endfacet
  facet normal 6.84861e-05 -0.951022 0.309124
    outer loop
      vertex 96.0027 17.3205 27.2257
      vertex 119.65 12.881 13.5623
      vertex 96.4969 17.3533 27.3265
    endloop
  endfacet
  facet normal 1.85787e-06 -0.951056 0.309019
    outer loop
      vertex 80.5027 17.3193 27.2221
      vertex 119.65 12.881 13.5623
      vertex 96.0027 17.3205 27.2257
    endloop
  endfacet
  facet normal 0 -0.95073 0.310021
    outer loop
      vertex 78.3853 18.3396 30.3622
      vertex 80.4888 18.3546 30.4082
      vertex 77.772 18.3396 30.3622
    endloop
  endfacet
  facet normal -3.85384e-06 -0.950678 0.31018
    outer loop
      vertex 78.3853 18.3396 30.3622
      vertex 80.0548 18.3362 30.3518
      vertex 80.4888 18.3546 30.4082
    endloop
  endfacet
  facet normal -1.31518e-05 -0.951117 0.308831
    outer loop
      vertex 78.3853 18.3396 30.3622
      vertex 79.7118 18.2812 30.1824
      vertex 80.0548 18.3362 30.3518
    endloop
  endfacet
  facet normal 2.67116e-05 -0.951031 0.309097
    outer loop
      vertex 78.3853 18.3396 30.3622
      vertex 79.4761 18.1937 29.9132
      vertex 79.7118 18.2812 30.1824
    endloop
  endfacet
  facet normal -1.47894e-05 -0.95106 0.309006
    outer loop
      vertex 78.3853 18.3396 30.3622
      vertex 79.3637 18.0781 29.5574
      vertex 79.4761 18.1937 29.9132
    endloop
  endfacet
  facet normal -0.000454636 -0.951133 0.308781
    outer loop
      vertex 80.4773 18.195 29.917
      vertex 80.8802 18.0045 29.3308
      vertex 80.9154 18.0624 29.5092
    endloop
  endfacet
  facet normal 4.6271e-05 -0.951056 0.309018
    outer loop
      vertex 80.143 17.9264 29.0904
      vertex 80.0116 18.0639 29.5136
      vertex 79.3637 18.0781 29.5574
    endloop
  endfacet
  facet normal 0 -0.95106 0.309005
    outer loop
      vertex 80.3551 17.9264 29.0904
      vertex 80.0116 18.0639 29.5136
      vertex 80.143 17.9264 29.0904
    endloop
  endfacet
  facet normal -3.79303e-05 -0.951049 0.30904
    outer loop
      vertex 80.4773 18.195 29.917
      vertex 80.5995 17.9352 29.1175
      vertex 80.8802 18.0045 29.3308
    endloop
  endfacet
  facet normal -0.000648228 -0.950812 0.309767
    outer loop
      vertex 80.8802 18.0045 29.3308
      vertex 80.5995 17.9352 29.1175
      vertex 80.7747 17.9616 29.1989
    endloop
  endfacet
  facet normal 0.0001087 -0.951026 0.309112
    outer loop
      vertex 79.3637 18.0781 29.5574
      vertex 80.143 17.7646 28.5926
      vertex 80.143 17.9264 29.0904
    endloop
  endfacet
  facet normal 7.03741e-06 -0.951052 0.30903
    outer loop
      vertex 78.3853 17.4846 27.7309
      vertex 79.3637 18.0781 29.5574
      vertex 78.3853 18.3396 30.3622
    endloop
  endfacet
  facet normal 0 -0.95107 0.308975
    outer loop
      vertex 79.9678 17.6264 28.1672
      vertex 80.3689 17.7646 28.5926
      vertex 80.143 17.7646 28.5926
    endloop
  endfacet
  facet normal -0.000115485 -0.951038 0.309073
    outer loop
      vertex 80.132 17.5179 27.8334
      vertex 80.3689 17.7646 28.5926
      vertex 79.9678 17.6264 28.1672
    endloop
  endfacet
  facet normal 0.000157207 -0.951063 0.308996
    outer loop
      vertex 80.5004 17.4818 27.7221
      vertex 80.3689 17.7646 28.5926
      vertex 80.132 17.5179 27.8334
    endloop
  endfacet
  facet normal -7.07943e-06 -0.951069 0.308977
    outer loop
      vertex 80.7073 17.4907 27.7495
      vertex 80.6399 17.7557 28.5652
      vertex 80.5004 17.4818 27.7221
    endloop
  endfacet
  facet normal -2.73335e-05 -0.951058 0.309013
    outer loop
      vertex 79.3637 18.0781 29.5574
      vertex 79.3083 17.6086 28.1124
      vertex 80.143 17.7646 28.5926
    endloop
  endfacet
  facet normal -4.35256e-06 -0.95107 0.308976
    outer loop
      vertex 80.143 17.7646 28.5926
      vertex 79.3083 17.6086 28.1124
      vertex 79.9678 17.6264 28.1672
    endloop
  endfacet
  facet normal 4.76399e-05 -0.951059 0.30901
    outer loop
      vertex 79.3637 18.0781 29.5574
      vertex 78.3853 17.4846 27.7309
      vertex 79.3083 17.6086 28.1124
    endloop
  endfacet
  facet normal 0 -0.951025 0.309114
    outer loop
      vertex 79.3083 17.6086 28.1124
      vertex 78.3853 17.4846 27.7309
      vertex 79.13 17.4846 27.7309
    endloop
  endfacet
  facet normal 0.000112697 -0.95104 0.309067
    outer loop
      vertex 79.3083 17.6086 28.1124
      vertex 79.13 17.4846 27.7309
      vertex 79.4254 17.4847 27.7311
    endloop
  endfacet
  facet normal 0.000112752 -0.951063 0.308997
    outer loop
      vertex 79.13 17.3357 27.2726
      vertex 79.4254 17.4847 27.7311
      vertex 79.13 17.4846 27.7309
    endloop
  endfacet
  facet normal 0.000133902 -0.951067 0.308985
    outer loop
      vertex 79.4254 17.4847 27.7311
      vertex 79.13 17.3357 27.2726
      vertex 79.6703 17.3938 27.4512
    endloop
  endfacet
  facet normal -1.30345e-05 -0.950936 0.309387
    outer loop
      vertex 79.13 17.3357 27.2726
      vertex 80.0329 17.3379 27.2794
      vertex 79.6703 17.3938 27.4512
    endloop
  endfacet
  facet normal -7.27256e-06 -0.951161 0.308694
    outer loop
      vertex 80.0329 17.3379 27.2794
      vertex 79.13 17.3357 27.2726
      vertex 80.5027 17.3193 27.2221
    endloop
  endfacet
  facet normal 1.52734e-06 -0.951057 0.309016
    outer loop
      vertex 119.65 22.1515 42.094
      vertex 93.8853 18.3386 30.3592
      vertex 95.6591 18.34 30.3635
    endloop
  endfacet
  facet normal 1.81156e-06 -0.951091 0.30891
    outer loop
      vertex 93.8853 18.3386 30.3592
      vertex 95.3755 18.2994 30.2385
      vertex 95.6591 18.34 30.3635
    endloop
  endfacet
  facet normal 7.01988e-06 -0.951072 0.308968
    outer loop
      vertex 93.8853 18.3386 30.3592
      vertex 95.1617 18.2303 30.0258
      vertex 95.3755 18.2994 30.2385
    endloop
  endfacet
  facet normal -7.00362e-06 -0.951088 0.30892
    outer loop
      vertex 93.8853 18.3386 30.3592
      vertex 95.0089 18.1313 29.721
      vertex 95.1617 18.2303 30.0258
    endloop
  endfacet
  facet normal 0.000104033 -0.951031 0.309097
    outer loop
      vertex 93.8853 18.3386 30.3592
      vertex 94.9173 18.0007 29.3192
      vertex 95.0089 18.1313 29.721
    endloop
  endfacet
  facet normal 2.40976e-05 -0.951054 0.309025
    outer loop
      vertex 93.8853 18.3386 30.3592
      vertex 94.8867 17.837 28.8154
      vertex 94.9173 18.0007 29.3192
    endloop
  endfacet
  facet normal 1.39893e-05 -0.951056 0.309019
    outer loop
      vertex 93.8853 17.4836 27.7278
      vertex 94.8867 17.837 28.8154
      vertex 93.8853 18.3386 30.3592
    endloop
  endfacet
  facet normal 0 -0.951052 0.309031
    outer loop
      vertex 94.63 17.4836 27.7278
      vertex 94.8867 17.837 28.8154
      vertex 93.8853 17.4836 27.7278
    endloop
  endfacet
  facet normal 3.52333e-05 -0.951055 0.309023
    outer loop
      vertex 94.63 17.4836 27.7278
      vertex 95.1657 17.4496 27.6231
      vertex 94.8867 17.837 28.8154
    endloop
  endfacet
  facet normal 2.95571e-05 -0.951063 0.308997
    outer loop
      vertex 94.63 17.3347 27.2695
      vertex 95.1657 17.4496 27.6231
      vertex 94.63 17.4836 27.7278
    endloop
  endfacet
  facet normal 2.14939e-05 -0.951059 0.309008
    outer loop
      vertex 95.1657 17.4496 27.6231
      vertex 94.63 17.3347 27.2695
      vertex 96.0027 17.3205 27.2257
    endloop
  endfacet
  facet normal -2.52191e-05 -0.95105 0.309036
    outer loop
      vertex 47.3369 18.0992 29.6223
      vertex 49.3603 18.3733 30.466
      vertex 47.2245 18.1019 29.6306
    endloop
  endfacet
  facet normal -0.000201288 -0.951032 0.309093
    outer loop
      vertex 48.8534 18.0926 29.602
      vertex 49.3603 18.3733 30.466
      vertex 48.6064 18.1012 29.6283
    endloop
  endfacet
  facet normal -3.32093e-05 -0.951061 0.309004
    outer loop
      vertex 48.8534 18.0926 29.602
      vertex 49.3603 18.0919 29.5999
      vertex 49.3603 18.3733 30.466
    endloop
  endfacet
  facet normal -3.53529e-05 -0.951212 0.308537
    outer loop
      vertex 49.064 18.067 29.5231
      vertex 49.3603 18.0919 29.5999
      vertex 48.8534 18.0926 29.602
    endloop
  endfacet
  facet normal -0.000179208 -0.951049 0.309039
    outer loop
      vertex 49.2344 18.0244 29.3921
      vertex 49.3603 18.0919 29.5999
      vertex 49.064 18.067 29.5231
    endloop
  endfacet
  facet normal 0 -0.951103 0.308874
    outer loop
      vertex 49.3649 17.9651 29.2095
      vertex 49.2344 18.0244 29.3921
      vertex 49.3603 17.9651 29.2095
    endloop
  endfacet
  facet normal 5.61841e-05 -0.951091 0.30891
    outer loop
      vertex 49.2344 18.0244 29.3921
      vertex 49.3649 17.9651 29.2095
      vertex 49.3603 18.0919 29.5999
    endloop
  endfacet
  facet normal -3.83225e-05 -0.951018 0.309134
    outer loop
      vertex 45.9702 18.0869 29.5845
      vertex 49.3603 18.3733 30.466
      vertex 44.4177 18.1012 29.6283
    endloop
  endfacet
  facet normal 0 -0.951062 0.309001
    outer loop
      vertex 46.5881 18.0869 29.5845
      vertex 49.3603 18.3733 30.466
      vertex 45.9702 18.0869 29.5845
    endloop
  endfacet
  facet normal -0.000250881 -0.950881 0.309558
    outer loop
      vertex 49.3603 18.3733 30.466
      vertex 47.085 18.0979 29.6182
      vertex 47.2245 18.1019 29.6306
    endloop
  endfacet
  facet normal -3.36578e-05 -0.95097 0.309283
    outer loop
      vertex 44.8361 18.0832 29.573
      vertex 45.9702 18.0869 29.5845
      vertex 44.4177 18.1012 29.6283
    endloop
  endfacet
  facet normal -3.18593e-05 -0.951022 0.309123
    outer loop
      vertex 45.1462 18.0292 29.4069
      vertex 45.9702 18.0869 29.5845
      vertex 44.8361 18.0832 29.573
    endloop
  endfacet
  facet normal -2.74543e-05 -0.951028 0.309104
    outer loop
      vertex 45.9702 18.0869 29.5845
      vertex 45.1462 18.0292 29.4069
      vertex 45.9768 18.0517 29.4762
    endloop
  endfacet
  facet normal -1.52339e-05 -0.951071 0.308972
    outer loop
      vertex 45.3382 17.9421 29.1388
      vertex 45.9768 18.0517 29.4762
      vertex 45.1462 18.0292 29.4069
    endloop
  endfacet
  facet normal -0.000179403 -0.95098 0.309253
    outer loop
      vertex 45.9768 18.0517 29.4762
      vertex 45.3382 17.9421 29.1388
      vertex 45.9828 18.0117 29.3532
    endloop
  endfacet
  facet normal 4.86017e-05 -0.951181 0.308633
    outer loop
      vertex 45.9828 18.0117 29.3532
      vertex 45.3382 17.9421 29.1388
      vertex 45.9872 17.9641 29.2065
    endloop
  endfacet
  facet normal -3.55169e-05 -0.950944 0.309362
    outer loop
      vertex 45.3382 17.9421 29.1388
      vertex 45.9886 17.9059 29.0276
      vertex 45.9872 17.9641 29.2065
    endloop
  endfacet
  facet normal -8.58278e-05 -0.951031 0.309096
    outer loop
      vertex 45.4021 17.8247 28.7776
      vertex 45.9886 17.9059 29.0276
      vertex 45.3382 17.9421 29.1388
    endloop
  endfacet
  facet normal -3.41586e-05 -0.951066 0.308987
    outer loop
      vertex 45.4021 17.544 27.9136
      vertex 45.9886 17.9059 29.0276
      vertex 45.4021 17.8247 28.7776
    endloop
  endfacet
  facet normal 0.000183177 -0.951022 0.309123
    outer loop
      vertex 45.7503 17.4343 27.5759
      vertex 45.4021 17.544 27.9136
      vertex 45.4139 17.4892 27.745
    endloop
  endfacet
  facet normal -0.000443385 -0.951195 0.308589
    outer loop
      vertex 45.6074 17.43 27.5628
      vertex 45.4139 17.4892 27.745
      vertex 45.4494 17.4546 27.6384
    endloop
  endfacet
  facet normal -0.000858709 -0.951449 0.307804
    outer loop
      vertex 45.6074 17.43 27.5628
      vertex 45.4494 17.4546 27.6384
      vertex 45.5125 17.4362 27.5817
    endloop
  endfacet
  facet normal 1.2709e-05 -0.951074 0.308964
    outer loop
      vertex 45.4021 17.544 27.9136
      vertex 45.7503 17.4343 27.5759
      vertex 45.9886 17.9059 29.0276
    endloop
  endfacet
  facet normal -9.80684e-05 -0.951053 0.309028
    outer loop
      vertex 45.9886 17.316 27.2119
      vertex 45.7503 17.4343 27.5759
      vertex 45.7503 17.326 27.2426
    endloop
  endfacet
  facet normal -0.000196708 -0.951698 0.307037
    outer loop
      vertex 45.9886 17.316 27.2119
      vertex 45.6955 17.3219 27.23
      vertex 45.6465 17.3182 27.2185
    endloop
  endfacet
  facet normal -0.00016202 -0.951065 0.30899
    outer loop
      vertex 45.7503 17.4343 27.5759
      vertex 45.9886 17.316 27.2119
      vertex 45.9886 17.9059 29.0276
    endloop
  endfacet
  facet normal -2.63857e-05 -0.950889 0.309531
    outer loop
      vertex 45.6955 17.3219 27.23
      vertex 45.9886 17.316 27.2119
      vertex 45.7503 17.326 27.2426
    endloop
  endfacet
  facet normal 0.000149987 -0.953844 0.300304
    outer loop
      vertex 45.5543 17.3125 27.201
      vertex 45.9886 17.316 27.2119
      vertex 45.6004 17.3149 27.2086
    endloop
  endfacet
  facet normal -6.02699e-15 -0.948683 0.316228
    outer loop
      vertex 45.6004 17.3149 27.2086
      vertex 45.9886 17.316 27.2119
      vertex 45.6465 17.3182 27.2185
    endloop
  endfacet
  facet normal 0.000123716 -0.951176 0.308649
    outer loop
      vertex 49.3603 18.3733 30.466
      vertex 46.5881 18.0869 29.5845
      vertex 47.085 18.0979 29.6182
    endloop
  endfacet
  facet normal -5.0343e-05 -0.95042 0.310968
    outer loop
      vertex 46.5881 18.0869 29.5845
      vertex 46.9708 18.0858 29.5812
      vertex 47.085 18.0979 29.6182
    endloop
  endfacet
  facet normal -6.90806e-05 -0.951059 0.309009
    outer loop
      vertex 46.5881 18.0869 29.5845
      vertex 46.8763 18.0655 29.5187
      vertex 46.9708 18.0858 29.5812
    endloop
  endfacet
  facet normal 0.000199098 -0.951037 0.309077
    outer loop
      vertex 46.7956 18.0367 29.4299
      vertex 46.5881 18.0869 29.5845
      vertex 46.5962 18.061 29.5048
    endloop
  endfacet
  facet normal -0.00016252 -0.951179 0.308638
    outer loop
      vertex 46.5881 18.0869 29.5845
      vertex 46.7956 18.0367 29.4299
      vertex 46.8763 18.0655 29.5187
    endloop
  endfacet
  facet normal 0.000139255 -0.951084 0.308933
    outer loop
      vertex 46.6065 18.0089 29.3444
      vertex 46.7956 18.0367 29.4299
      vertex 46.5962 18.061 29.5048
    endloop
  endfacet
  facet normal -1.94769e-05 -0.950981 0.309251
    outer loop
      vertex 46.6065 18.0089 29.3444
      vertex 46.7166 17.9915 29.2909
      vertex 46.7956 18.0367 29.4299
    endloop
  endfacet
  facet normal -0.000231534 -0.951109 0.308856
    outer loop
      vertex 46.6152 17.9547 29.1775
      vertex 46.7166 17.9915 29.2909
      vertex 46.6065 18.0089 29.3444
    endloop
  endfacet
  facet normal 0 -0.950858 0.309626
    outer loop
      vertex 46.6273 17.9223 29.078
      vertex 46.6152 17.9547 29.1775
      vertex 46.6181 17.9223 29.078
    endloop
  endfacet
  facet normal -0.00104204 -0.950895 0.309511
    outer loop
      vertex 46.6152 17.9547 29.1775
      vertex 46.6273 17.9223 29.078
      vertex 46.7166 17.9915 29.2909
    endloop
  endfacet
  facet normal -3.52048e-05 -0.951069 0.308979
    outer loop
      vertex 80.3551 17.9264 29.0904
      vertex 80.296 18.1864 29.8907
      vertex 80.0116 18.0639 29.5136
    endloop
  endfacet
  facet normal -0.000920762 -0.950694 0.310128
    outer loop
      vertex 80.0562 18.1194 29.6846
      vertex 80.296 18.1864 29.8907
      vertex 80.1534 18.1608 29.8118
    endloop
  endfacet
  facet normal -0.000525238 -0.951155 0.308713
    outer loop
      vertex 80.4773 18.195 29.917
      vertex 80.9154 18.0624 29.5092
      vertex 80.6661 18.1861 29.8899
    endloop
  endfacet
  facet normal 0.000551636 -0.951199 0.308579
    outer loop
      vertex 80.296 18.1864 29.8907
      vertex 80.0562 18.1194 29.6846
      vertex 80.0116 18.0639 29.5136
    endloop
  endfacet
  facet normal -3.08326e-05 -0.95106 0.309006
    outer loop
      vertex 80.8874 18.1177 29.6794
      vertex 80.6661 18.1861 29.8899
      vertex 80.9154 18.0624 29.5092
    endloop
  endfacet
  facet normal 0.000275753 -0.951035 0.309084
    outer loop
      vertex 80.296 18.1864 29.8907
      vertex 80.5995 17.9352 29.1175
      vertex 80.4773 18.195 29.917
    endloop
  endfacet
  facet normal 0.000918587 -0.950766 0.309908
    outer loop
      vertex 80.6661 18.1861 29.8899
      vertex 80.8874 18.1177 29.6794
      vertex 80.8036 18.1597 29.8085
    endloop
  endfacet
  facet normal 0 -0.951045 0.309053
    outer loop
      vertex 77.7374 17.4846 27.7309
      vertex 76.9581 18.019 29.3754
      vertex 76.9327 17.4846 27.7309
    endloop
  endfacet
  facet normal -5.70641e-05 -0.951053 0.309029
    outer loop
      vertex 76.9581 18.019 29.3754
      vertex 77.7374 17.4846 27.7309
      vertex 77.7374 18.1693 29.8381
    endloop
  endfacet
  facet normal -0.00023831 -0.951033 0.30909
    outer loop
      vertex 81.4537 17.7735 28.62
      vertex 81.5278 18.0017 29.3222
      vertex 81.3938 17.9328 29.1101
    endloop
  endfacet
  facet normal 6.20417e-05 -0.951073 0.308966
    outer loop
      vertex 81.209 17.8237 28.7743
      vertex 81.3938 17.9328 29.1101
      vertex 81.1756 17.8824 28.955
    endloop
  endfacet
  facet normal -0.00255451 -0.94868 0.316227
    outer loop
      vertex 80.8785 17.8494 28.8536
      vertex 81.1756 17.8824 28.955
      vertex 80.8785 17.8523 28.8623
    endloop
  endfacet
  facet normal 0.000181972 -0.951067 0.308986
    outer loop
      vertex 81.1756 17.8824 28.955
      vertex 80.8785 17.8494 28.8536
      vertex 81.209 17.8237 28.7743
    endloop
  endfacet
  facet normal -0.000197879 -0.951031 0.309095
    outer loop
      vertex 81.3938 17.9328 29.1101
      vertex 81.209 17.8237 28.7743
      vertex 81.4537 17.7735 28.62
    endloop
  endfacet
  facet normal 0.000410947 -0.951053 0.309028
    outer loop
      vertex 81.5278 18.0017 29.3222
      vertex 81.4537 17.7735 28.62
      vertex 81.605 17.7026 28.4016
    endloop
  endfacet
  facet normal -0.00115683 -0.951066 0.308986
    outer loop
      vertex 81.6555 17.6143 28.13
      vertex 81.5725 18.0874 29.5859
      vertex 81.605 17.7026 28.4016
    endloop
  endfacet
  facet normal -1.95909e-06 -0.951047 0.309046
    outer loop
      vertex 81.5725 18.0874 29.5859
      vertex 81.6555 17.6143 28.13
      vertex 92.4581 18.018 29.3724
    endloop
  endfacet
  facet normal -1.25393e-05 -0.951101 0.308882
    outer loop
      vertex 92.4327 17.3347 27.2695
      vertex 81.6555 17.6143 28.13
      vertex 81.5805 17.4893 27.7451
    endloop
  endfacet
  facet normal -7.26115e-07 -0.95105 0.309036
    outer loop
      vertex 81.6555 17.6143 28.13
      vertex 92.4327 17.4836 27.7278
      vertex 92.4581 18.018 29.3724
    endloop
  endfacet
  facet normal 0 -0.95105 0.309036
    outer loop
      vertex 93.2374 17.4836 27.7278
      vertex 92.4581 18.018 29.3724
      vertex 92.4327 17.4836 27.7278
    endloop
  endfacet
  facet normal -4.83573e-05 -0.951057 0.309016
    outer loop
      vertex 92.4581 18.018 29.3724
      vertex 93.2374 17.4836 27.7278
      vertex 93.2374 18.1683 29.8351
    endloop
  endfacet
  facet normal 0.000194156 -0.951016 0.309143
    outer loop
      vertex 45.4139 17.4892 27.745
      vertex 45.68 17.4311 27.5661
      vertex 45.7503 17.4343 27.5759
    endloop
  endfacet
  facet normal 0.000347015 -0.950949 0.309349
    outer loop
      vertex 45.4139 17.4892 27.745
      vertex 45.6074 17.43 27.5628
      vertex 45.68 17.4311 27.5661
    endloop
  endfacet
  facet normal -7.69879e-08 -0.951017 0.309139
    outer loop
      vertex 92.4327 17.3347 27.2695
      vertex 81.5805 17.4893 27.7451
      vertex 81.3557 17.3963 27.459
    endloop
  endfacet
  facet normal -5.68187e-06 -0.951113 0.308842
    outer loop
      vertex 92.4327 17.3347 27.2695
      vertex 81.3557 17.3963 27.459
      vertex 80.9926 17.3386 27.2813
    endloop
  endfacet
  facet normal -2.35494e-06 -0.951063 0.308997
    outer loop
      vertex 81.6555 17.6143 28.13
      vertex 92.4327 17.3347 27.2695
      vertex 92.4327 17.4836 27.7278
    endloop
  endfacet
  facet normal 0 -0.951257 0.308398
    outer loop
      vertex 92.4327 17.3347 27.2695
      vertex 96.0027 17.3205 27.2257
      vertex 94.63 17.3347 27.2695
    endloop
  endfacet
  facet normal -4.37067e-06 -0.95074 0.30999
    outer loop
      vertex 80.5027 17.3193 27.2221
      vertex 92.4327 17.3347 27.2695
      vertex 80.9926 17.3386 27.2813
    endloop
  endfacet
  facet normal 1.98011e-06 -0.95121 0.308545
    outer loop
      vertex 92.4327 17.3347 27.2695
      vertex 80.5027 17.3193 27.2221
      vertex 96.0027 17.3205 27.2257
    endloop
  endfacet
  facet normal -0.000459464 -0.95131 0.308237
    outer loop
      vertex 42.298 17.8872 28.9697
      vertex 42.0743 17.9548 29.178
      vertex 41.8945 17.9637 29.2052
    endloop
  endfacet
  facet normal 4.5506e-05 -0.951024 0.309117
    outer loop
      vertex 42.3464 17.834 28.8061
      vertex 41.8945 17.9637 29.2052
      vertex 41.5192 17.899 29.0062
    endloop
  endfacet
  facet normal 0.000347254 -0.951055 0.309021
    outer loop
      vertex 42.0743 17.9548 29.178
      vertex 42.298 17.8872 28.9697
      vertex 42.208 17.9284 29.0966
    endloop
  endfacet
  facet normal 0.000229842 -0.950963 0.309305
    outer loop
      vertex 41.8945 17.9637 29.2052
      vertex 42.3464 17.834 28.8061
      vertex 42.298 17.8872 28.9697
    endloop
  endfacet
  facet normal -4.53419e-05 -0.951098 0.308891
    outer loop
      vertex 44.733 17.8884 28.9736
      vertex 44.2171 17.7806 28.6416
      vertex 44.7543 17.8226 28.771
    endloop
  endfacet
  facet normal -0.000106866 -0.951022 0.309122
    outer loop
      vertex 44.7543 17.8226 28.771
      vertex 44.2171 17.7806 28.6416
      vertex 44.7543 17.7834 28.6504
    endloop
  endfacet
  facet normal 0.000155709 -0.951071 0.308974
    outer loop
      vertex 44.0211 17.8625 28.8938
      vertex 43.7943 17.7638 28.5901
      vertex 44.2171 17.7806 28.6416
    endloop
  endfacet
  facet normal 2.07721e-06 -0.951007 0.309171
    outer loop
      vertex 42.9988 17.844 28.8368
      vertex 43.485 17.7164 28.4443
      vertex 43.7943 17.7638 28.5901
    endloop
  endfacet
  facet normal 2.6394e-05 -0.951047 0.309045
    outer loop
      vertex 41.3941 17.705 28.4092
      vertex 42.3464 17.834 28.8061
      vertex 41.5192 17.899 29.0062
    endloop
  endfacet
  facet normal 5.66453e-05 -0.951069 0.308979
    outer loop
      vertex 42.3464 17.834 28.8061
      vertex 41.3941 17.705 28.4092
      vertex 42.3671 17.5818 28.0298
    endloop
  endfacet
  facet normal -0.000102736 -0.951036 0.309079
    outer loop
      vertex 42.9988 17.844 28.8368
      vertex 42.3671 17.5818 28.0298
      vertex 43.0173 17.5725 28.0014
    endloop
  endfacet
  facet normal -0.000162818 -0.951067 0.308986
    outer loop
      vertex 42.9988 17.844 28.8368
      vertex 43.2957 17.6395 28.2075
      vertex 43.485 17.7164 28.4443
    endloop
  endfacet
  facet normal 4.11441e-05 -0.95108 0.308943
    outer loop
      vertex 41.5215 17.5052 27.7941
      vertex 42.3671 17.5818 28.0298
      vertex 41.3941 17.705 28.4092
    endloop
  endfacet
  facet normal -0.000104039 -0.950927 0.309415
    outer loop
      vertex 42.3671 17.5818 28.0298
      vertex 41.5215 17.5052 27.7941
      vertex 42.3135 17.5193 27.8377
    endloop
  endfacet
  facet normal -7.04469e-05 -0.951107 0.308862
    outer loop
      vertex 41.9037 17.4386 27.5891
      vertex 42.3135 17.5193 27.8377
      vertex 41.5215 17.5052 27.7941
    endloop
  endfacet
  facet normal 6.21511e-05 -0.951171 0.308665
    outer loop
      vertex 42.0731 17.4476 27.6168
      vertex 42.3135 17.5193 27.8377
      vertex 41.9037 17.4386 27.5891
    endloop
  endfacet
  facet normal -0.00077824 -0.950902 0.309492
    outer loop
      vertex 42.3135 17.5193 27.8377
      vertex 42.0731 17.4476 27.6168
      vertex 42.2126 17.4745 27.6998
    endloop
  endfacet
  facet normal -3.65831e-08 -0.951069 0.308978
    outer loop
      vertex 80.9915 17.6264 28.1672
      vertex 80.6399 17.7557 28.5652
      vertex 80.7073 17.4907 27.7495
    endloop
  endfacet
  facet normal -0.000554503 -0.951146 0.308742
    outer loop
      vertex 80.8347 17.729 28.483
      vertex 80.9915 17.6264 28.1672
      vertex 80.9523 17.6855 28.3492
    endloop
  endfacet
  facet normal 5.19951e-06 -0.95107 0.308976
    outer loop
      vertex 80.3689 17.7646 28.5926
      vertex 80.5004 17.4818 27.7221
      vertex 80.6399 17.7557 28.5652
    endloop
  endfacet
  facet normal 3.6377e-05 -0.95106 0.309007
    outer loop
      vertex 80.6399 17.7557 28.5652
      vertex 80.9915 17.6264 28.1672
      vertex 80.8347 17.729 28.483
    endloop
  endfacet
  facet normal 0.000330127 -0.951135 0.308775
    outer loop
      vertex 80.9915 17.6264 28.1672
      vertex 80.7073 17.4907 27.7495
      vertex 80.9592 17.5625 27.9704
    endloop
  endfacet
  facet normal -0.000276145 -0.950932 0.3094
    outer loop
      vertex 80.9592 17.5625 27.9704
      vertex 80.7073 17.4907 27.7495
      vertex 80.8623 17.5174 27.8317
    endloop
  endfacet
  facet normal 6.2963e-05 -0.951035 0.309082
    outer loop
      vertex 42.9988 17.844 28.8368
      vertex 43.0173 17.5725 28.0014
      vertex 43.2957 17.6395 28.2075
    endloop
  endfacet
  facet normal 5.71625e-05 -0.951033 0.309089
    outer loop
      vertex 43.0173 17.5725 28.0014
      vertex 43.2326 17.534 27.8829
      vertex 43.2957 17.6395 28.2075
    endloop
  endfacet
  facet normal -4.58368e-05 -0.951088 0.30892
    outer loop
      vertex 42.9542 17.4977 27.7711
      vertex 43.2326 17.534 27.8829
      vertex 43.0173 17.5725 28.0014
    endloop
  endfacet
  facet normal -4.97492e-05 -0.951085 0.308929
    outer loop
      vertex 42.9542 17.4977 27.7711
      vertex 43.2833 17.436 27.5812
      vertex 43.2326 17.534 27.8829
    endloop
  endfacet
  facet normal 3.77404e-05 -0.951041 0.309066
    outer loop
      vertex 42.834 17.4314 27.5671
      vertex 43.2833 17.436 27.5812
      vertex 42.9542 17.4977 27.7711
    endloop
  endfacet
  facet normal -4.00796e-05 -0.951117 0.30883
    outer loop
      vertex 43.4355 17.3627 27.3556
      vertex 42.834 17.4314 27.5671
      vertex 42.6619 17.3765 27.398
    endloop
  endfacet
  facet normal 3.8866e-05 -0.951051 0.309034
    outer loop
      vertex 42.834 17.4314 27.5671
      vertex 43.4355 17.3627 27.3556
      vertex 43.2833 17.436 27.5812
    endloop
  endfacet
  facet normal -1.6773e-05 -0.950992 0.309215
    outer loop
      vertex 42.4432 17.3356 27.2722
      vertex 43.4355 17.3627 27.3556
      vertex 42.6619 17.3765 27.398
    endloop
  endfacet
  facet normal -6.6676e-06 -0.951028 0.309106
    outer loop
      vertex 42.4432 17.3356 27.2722
      vertex 43.6781 17.317 27.215
      vertex 43.4355 17.3627 27.3556
    endloop
  endfacet
  facet normal 1.88224e-06 -0.950973 0.309273
    outer loop
      vertex 42.1861 17.3102 27.1941
      vertex 43.6781 17.317 27.215
      vertex 42.4432 17.3356 27.2722
    endloop
  endfacet
  facet normal 0 -0.951571 0.30743
    outer loop
      vertex 44.0003 17.3018 27.1681
      vertex 42.1861 17.3102 27.1941
      vertex 41.8991 17.3018 27.1681
    endloop
  endfacet
  facet normal 1.53771e-05 -0.951256 0.308402
    outer loop
      vertex 42.1861 17.3102 27.1941
      vertex 44.0003 17.3018 27.1681
      vertex 43.6781 17.317 27.215
    endloop
  endfacet
  facet normal -0.000145361 -0.951086 0.308926
    outer loop
      vertex 44.5978 17.4976 27.7708
      vertex 44.4223 17.6715 28.3061
      vertex 44.2292 17.6663 28.29
    endloop
  endfacet
  facet normal 0.00024684 -0.951107 0.308862
    outer loop
      vertex 43.9081 17.5497 27.9312
      vertex 44.2292 17.6663 28.29
      vertex 44.1018 17.6562 28.259
    endloop
  endfacet
  facet normal -0.00114538 -0.950815 0.309757
    outer loop
      vertex 43.9205 17.5882 28.0496
      vertex 44.1018 17.6562 28.259
      vertex 44.0185 17.6405 28.2105
    endloop
  endfacet
  facet normal 0.000199994 -0.951022 0.309122
    outer loop
      vertex 44.4223 17.6715 28.3061
      vertex 44.7543 17.6338 28.1899
      vertex 44.7543 17.673 28.3105
    endloop
  endfacet
  facet normal 0.00185244 -0.951351 0.308105
    outer loop
      vertex 43.9205 17.5882 28.0496
      vertex 44.0185 17.6405 28.2105
      vertex 43.9577 17.6181 28.1417
    endloop
  endfacet
  facet normal -0.000539254 -0.95097 0.309282
    outer loop
      vertex 43.9081 17.5497 27.9312
      vertex 44.1018 17.6562 28.259
      vertex 43.9205 17.5882 28.0496
    endloop
  endfacet
  facet normal 0.000242051 -0.950987 0.30923
    outer loop
      vertex 44.4223 17.6715 28.3061
      vertex 44.7364 17.5845 28.0383
      vertex 44.7543 17.6338 28.1899
    endloop
  endfacet
  facet normal 1.47511e-05 -0.951046 0.30905
    outer loop
      vertex 44.2292 17.6663 28.29
      vertex 43.9081 17.5497 27.9312
      vertex 44.3534 17.4478 27.6176
    endloop
  endfacet
  facet normal -0.000230719 -0.95115 0.308729
    outer loop
      vertex 44.4223 17.6715 28.3061
      vertex 44.6828 17.538 27.895
      vertex 44.7364 17.5845 28.0383
    endloop
  endfacet
  facet normal -0.000255617 -0.95112 0.30882
    outer loop
      vertex 44.2078 17.4414 27.5979
      vertex 43.9081 17.5497 27.9312
      vertex 43.9286 17.5019 27.784
    endloop
  endfacet
  facet normal 0.000392015 -0.951034 0.309086
    outer loop
      vertex 44.4223 17.6715 28.3061
      vertex 44.5978 17.4976 27.7708
      vertex 44.6828 17.538 27.895
    endloop
  endfacet
  facet normal 0.00115822 -0.950744 0.309974
    outer loop
      vertex 44.0854 17.4481 27.6184
      vertex 43.9286 17.5019 27.784
      vertex 43.99 17.4681 27.6801
    endloop
  endfacet
  facet normal -0.000227403 -0.951103 0.308874
    outer loop
      vertex 44.2292 17.6663 28.29
      vertex 44.4857 17.4671 27.6768
      vertex 44.5978 17.4976 27.7708
    endloop
  endfacet
  facet normal -0.000369202 -0.95117 0.308666
    outer loop
      vertex 43.9286 17.5019 27.784
      vertex 44.0854 17.4481 27.6184
      vertex 44.2078 17.4414 27.5979
    endloop
  endfacet
  facet normal 0.000415914 -0.951024 0.309117
    outer loop
      vertex 44.2292 17.6663 28.29
      vertex 44.3534 17.4478 27.6176
      vertex 44.4857 17.4671 27.6768
    endloop
  endfacet
  facet normal -6.81414e-06 -0.951055 0.309022
    outer loop
      vertex 43.9081 17.5497 27.9312
      vertex 44.2078 17.4414 27.5979
      vertex 44.3534 17.4478 27.6176
    endloop
  endfacet
  facet normal 0.000118489 -0.951094 0.308901
    outer loop
      vertex 48.4496 17.8999 29.0089
      vertex 48.837 17.9651 29.2095
      vertex 48.6098 17.9488 29.1594
    endloop
  endfacet
  facet normal 5.38443e-05 -0.951058 0.309013
    outer loop
      vertex 49.2346 17.8978 29.0023
      vertex 48.837 17.9651 29.2095
      vertex 48.4496 17.8999 29.0089
    endloop
  endfacet
  facet normal -0.000543033 -0.951394 0.307977
    outer loop
      vertex 48.837 17.9651 29.2095
      vertex 49.2346 17.8978 29.0023
      vertex 49.0678 17.9482 29.1577
    endloop
  endfacet
  facet normal 5.47391e-05 -0.951026 0.30911
    outer loop
      vertex 48.3545 17.8175 28.7554
      vertex 49.2346 17.8978 29.0023
      vertex 48.4496 17.8999 29.0089
    endloop
  endfacet
  facet normal 2.95937e-05 -0.951 0.309191
    outer loop
      vertex 48.3545 17.8175 28.7554
      vertex 49.3358 17.8161 28.751
      vertex 49.2346 17.8978 29.0023
    endloop
  endfacet
  facet normal 2.94637e-05 -0.951009 0.309165
    outer loop
      vertex 48.3545 17.8175 28.7554
      vertex 49.3695 17.7057 28.4114
      vertex 49.3358 17.8161 28.751
    endloop
  endfacet
  facet normal -6.31537e-05 -0.951089 0.308918
    outer loop
      vertex 48.3228 17.7008 28.3961
      vertex 49.3695 17.7057 28.4114
      vertex 48.3545 17.8175 28.7554
    endloop
  endfacet
  facet normal -6.24895e-05 -0.951102 0.308876
    outer loop
      vertex 48.3228 17.7008 28.3961
      vertex 49.3344 17.5922 28.0619
      vertex 49.3695 17.7057 28.4114
    endloop
  endfacet
  facet normal 2.60403e-06 -0.951044 0.309055
    outer loop
      vertex 48.4502 17.5041 27.7908
      vertex 49.3344 17.5922 28.0619
      vertex 48.3228 17.7008 28.3961
    endloop
  endfacet
  facet normal -4.13795e-05 -0.951002 0.309184
    outer loop
      vertex 49.3344 17.5922 28.0619
      vertex 48.4502 17.5041 27.7908
      vertex 49.2289 17.508 27.8029
    endloop
  endfacet
  facet normal -3.48244e-05 -0.951126 0.308802
    outer loop
      vertex 48.8323 17.4386 27.5891
      vertex 49.2289 17.508 27.8029
      vertex 48.4502 17.5041 27.7908
    endloop
  endfacet
  facet normal -0.000250818 -0.951008 0.309165
    outer loop
      vertex 49.2289 17.508 27.8029
      vertex 48.8323 17.4386 27.5891
      vertex 49.0594 17.4559 27.6425
    endloop
  endfacet
  facet normal -0.000529598 -0.950891 0.309524
    outer loop
      vertex 95.6343 18.1185 29.6816
      vertex 96.0165 18.1968 29.9228
      vertex 95.8445 18.1884 29.8967
    endloop
  endfacet
  facet normal -0.000173995 -0.951194 0.308595
    outer loop
      vertex 96.0165 18.1968 29.9228
      vertex 96.3814 18.119 29.6832
      vertex 96.179 18.1884 29.897
    endloop
  endfacet
  facet normal 0.000400912 -0.951159 0.308702
    outer loop
      vertex 95.6343 18.1185 29.6816
      vertex 95.8445 18.1884 29.8967
      vertex 95.7202 18.163 29.8186
    endloop
  endfacet
  facet normal -0.000171633 -0.951193 0.308597
    outer loop
      vertex 96.179 18.1884 29.897
      vertex 96.3814 18.119 29.6832
      vertex 96.2978 18.1633 29.8197
    endloop
  endfacet
  facet normal -2.47859e-05 -0.951127 0.308801
    outer loop
      vertex 96.0165 18.1968 29.9228
      vertex 95.6343 18.1185 29.6816
      vertex 96.3814 18.119 29.6832
    endloop
  endfacet
  facet normal -2.53943e-05 -0.951043 0.309058
    outer loop
      vertex 95.6343 18.1185 29.6816
      vertex 96.4384 18.0529 29.4798
      vertex 96.3814 18.119 29.6832
    endloop
  endfacet
  facet normal 4.66075e-05 -0.950959 0.309318
    outer loop
      vertex 95.5773 18.0525 29.4787
      vertex 96.4384 18.0529 29.4798
      vertex 95.6343 18.1185 29.6816
    endloop
  endfacet
  facet normal 4.72016e-05 -0.951094 0.308902
    outer loop
      vertex 95.5773 18.0525 29.4787
      vertex 96.4713 17.9605 29.1953
      vertex 96.4384 18.0529 29.4798
    endloop
  endfacet
  facet normal 3.60004e-05 -0.951104 0.30887
    outer loop
      vertex 95.5453 17.9604 29.1951
      vertex 96.4713 17.9605 29.1953
      vertex 95.5773 18.0525 29.4787
    endloop
  endfacet
  facet normal 3.59479e-05 -0.951036 0.309079
    outer loop
      vertex 95.5346 17.837 28.8154
      vertex 96.4713 17.9605 29.1953
      vertex 95.5453 17.9604 29.1951
    endloop
  endfacet
  facet normal 0 -0.95101 0.30916
    outer loop
      vertex 95.5346 17.837 28.8154
      vertex 96.4822 17.837 28.8154
      vertex 96.4713 17.9605 29.1953
    endloop
  endfacet
  facet normal 0 -0.951089 0.308916
    outer loop
      vertex 95.5346 17.837 28.8154
      vertex 96.471 17.7177 28.4481
      vertex 96.4822 17.837 28.8154
    endloop
  endfacet
  facet normal 1.44018e-05 -0.951078 0.308949
    outer loop
      vertex 95.5459 17.7146 28.4386
      vertex 96.471 17.7177 28.4481
      vertex 95.5346 17.837 28.8154
    endloop
  endfacet
  facet normal 1.12169e-05 -0.950987 0.30923
    outer loop
      vertex 95.5459 17.7146 28.4386
      vertex 96.4373 17.6261 28.1664
      vertex 96.471 17.7177 28.4481
    endloop
  endfacet
  facet normal -3.60942e-05 -0.951033 0.30909
    outer loop
      vertex 95.5796 17.6222 28.1543
      vertex 96.4373 17.6261 28.1664
      vertex 95.5459 17.7146 28.4386
    endloop
  endfacet
  facet normal -3.09642e-05 -0.95114 0.308761
    outer loop
      vertex 95.5796 17.6222 28.1543
      vertex 96.3785 17.5591 27.96
      vertex 96.4373 17.6261 28.1664
    endloop
  endfacet
  facet normal -1.83551e-05 -0.951125 0.308807
    outer loop
      vertex 95.6378 17.5559 27.9501
      vertex 96.3785 17.5591 27.96
      vertex 95.5796 17.6222 28.1543
    endloop
  endfacet
  facet normal -2.53903e-05 -0.95097 0.309284
    outer loop
      vertex 96.0073 17.4779 27.7103
      vertex 96.3785 17.5591 27.96
      vertex 95.6378 17.5559 27.9501
    endloop
  endfacet
  facet normal 0.000592833 -0.950844 0.309669
    outer loop
      vertex 95.8427 17.4863 27.736
      vertex 95.6378 17.5559 27.9501
      vertex 95.7225 17.5114 27.8133
    endloop
  endfacet
  facet normal 0.000129935 -0.951038 0.309075
    outer loop
      vertex 96.3785 17.5591 27.96
      vertex 96.0073 17.4779 27.7103
      vertex 96.292 17.5132 27.8188
    endloop
  endfacet
  facet normal -0.000308413 -0.951098 0.308889
    outer loop
      vertex 95.6378 17.5559 27.9501
      vertex 95.8427 17.4863 27.736
      vertex 96.0073 17.4779 27.7103
    endloop
  endfacet
  facet normal 0.00085718 -0.951597 0.307349
    outer loop
      vertex 96.292 17.5132 27.8188
      vertex 96.0073 17.4779 27.7103
      vertex 96.1707 17.4868 27.7374
    endloop
  endfacet
  facet normal -0 0.309019 0.951056
    outer loop
      vertex 0 27.8578 40.2399
      vertex 119.65 22.1515 42.094
      vertex 119.65 27.8578 40.2399
    endloop
  endfacet
  facet normal 0 0.309019 0.951056
    outer loop
      vertex 119.65 22.1515 42.094
      vertex 0 27.8578 40.2399
      vertex 0 22.1515 42.094
    endloop
  endfacet
  facet normal -4.07375e-05 -0.951064 0.308993
    outer loop
      vertex 95.8445 17.6177 30.0821
      vertex 96.0211 17.7829 30.5906
      vertex 95.6591 17.7694 30.549
    endloop
  endfacet
  facet normal -9.20578e-05 -0.951101 0.308879
    outer loop
      vertex 95.7202 17.5924 30.004
      vertex 95.6591 17.7694 30.549
      vertex 95.3755 17.7288 30.4239
    endloop
  endfacet
  facet normal 1.63866e-05 -0.951075 0.30896
    outer loop
      vertex 95.7202 17.5924 30.004
      vertex 95.3755 17.7288 30.4239
      vertex 95.1617 17.6597 30.2112
    endloop
  endfacet
  facet normal 0.000120876 -0.951081 0.308942
    outer loop
      vertex 96.0211 17.7829 30.5906
      vertex 95.8445 17.6177 30.0821
      vertex 96.0165 17.6262 30.1082
    endloop
  endfacet
  facet normal 5.54585e-05 -0.951065 0.308992
    outer loop
      vertex 96.0211 17.7829 30.5906
      vertex 96.179 17.6178 30.0824
      vertex 96.5203 17.7507 30.4914
    endloop
  endfacet
  facet normal -0.000112663 -0.95108 0.308944
    outer loop
      vertex 96.179 17.6178 30.0824
      vertex 96.0211 17.7829 30.5906
      vertex 96.0165 17.6262 30.1082
    endloop
  endfacet
  facet normal -0.000461684 -0.951113 0.308842
    outer loop
      vertex 95.6591 17.7694 30.549
      vertex 95.7202 17.5924 30.004
      vertex 95.8445 17.6177 30.0821
    endloop
  endfacet
  facet normal 1.49922e-05 -0.951 0.309192
    outer loop
      vertex 95.6343 17.5478 29.867
      vertex 95.1617 17.6597 30.2112
      vertex 95.0089 17.5606 29.9064
    endloop
  endfacet
  facet normal 0.000211936 -0.95092 0.309437
    outer loop
      vertex 95.1617 17.6597 30.2112
      vertex 95.6343 17.5478 29.867
      vertex 95.7202 17.5924 30.004
    endloop
  endfacet
  facet normal 4.56821e-06 -0.951048 0.309042
    outer loop
      vertex 95.0089 17.5606 29.9064
      vertex 95.5773 17.4819 29.6642
      vertex 95.6343 17.5478 29.867
    endloop
  endfacet
  facet normal -5.52657e-05 -0.951089 0.308915
    outer loop
      vertex 94.9173 17.4301 29.5046
      vertex 95.5773 17.4819 29.6642
      vertex 95.0089 17.5606 29.9064
    endloop
  endfacet
  facet normal -0.000101612 -0.951033 0.309089
    outer loop
      vertex 94.9173 17.4301 29.5046
      vertex 95.5453 17.3897 29.3805
      vertex 95.5773 17.4819 29.6642
    endloop
  endfacet
  facet normal -0.000113912 -0.951051 0.309033
    outer loop
      vertex 94.8867 17.2664 29.0008
      vertex 95.5453 17.3897 29.3805
      vertex 94.9173 17.4301 29.5046
    endloop
  endfacet
  facet normal 0 -0.95111 0.308854
    outer loop
      vertex 94.8867 17.2664 29.0008
      vertex 95.5346 17.2664 29.0008
      vertex 95.5453 17.3897 29.3805
    endloop
  endfacet
  facet normal 0 -0.951004 0.309177
    outer loop
      vertex 94.8867 17.2664 29.0008
      vertex 95.5459 17.1439 28.624
      vertex 95.5346 17.2664 29.0008
    endloop
  endfacet
  facet normal -0.000261912 -0.951139 0.308763
    outer loop
      vertex 94.8867 17.2664 29.0008
      vertex 95.5796 17.0516 28.3397
      vertex 95.5459 17.1439 28.624
    endloop
  endfacet
  facet normal 6.07659e-06 -0.951057 0.309017
    outer loop
      vertex 95.1657 16.879 27.8085
      vertex 95.5796 17.0516 28.3397
      vertex 94.8867 17.2664 29.0008
    endloop
  endfacet
  facet normal -0.000220462 -0.951005 0.309177
    outer loop
      vertex 95.5796 17.0516 28.3397
      vertex 95.1657 16.879 27.8085
      vertex 95.6378 16.9852 28.1355
    endloop
  endfacet
  facet normal 9.64743e-05 -0.951139 0.308763
    outer loop
      vertex 95.6378 16.9852 28.1355
      vertex 95.1657 16.879 27.8085
      vertex 95.7225 16.9408 27.9987
    endloop
  endfacet
  facet normal 4.50272e-05 -0.951095 0.308899
    outer loop
      vertex 95.1657 16.879 27.8085
      vertex 95.8427 16.9157 27.9214
      vertex 95.7225 16.9408 27.9987
    endloop
  endfacet
  facet normal 2.40422e-05 -0.951058 0.309013
    outer loop
      vertex 96.0027 16.7499 27.4111
      vertex 95.8427 16.9157 27.9214
      vertex 95.1657 16.879 27.8085
    endloop
  endfacet
  facet normal -0.000303126 -0.951088 0.30892
    outer loop
      vertex 95.8427 16.9157 27.9214
      vertex 96.0027 16.7499 27.4111
      vertex 96.0073 16.9073 27.8957
    endloop
  endfacet
  facet normal -0.000140221 -0.951088 0.308919
    outer loop
      vertex 96.4969 16.7826 27.512
      vertex 96.0073 16.9073 27.8957
      vertex 96.0027 16.7499 27.4111
    endloop
  endfacet
  facet normal -1.35485e-05 -0.951041 0.309065
    outer loop
      vertex 96.0073 16.9073 27.8957
      vertex 96.4969 16.7826 27.512
      vertex 96.85 16.8809 27.8145
    endloop
  endfacet
  facet normal 9.22256e-05 -0.951074 0.308964
    outer loop
      vertex 96.2978 17.5927 30.0051
      vertex 96.5203 17.7507 30.4914
      vertex 96.179 17.6178 30.0824
    endloop
  endfacet
  facet normal 4.632e-05 -0.951068 0.308983
    outer loop
      vertex 96.5203 17.7507 30.4914
      vertex 96.2978 17.5927 30.0051
      vertex 96.865 17.654 30.1937
    endloop
  endfacet
  facet normal 0.000127275 -0.951139 0.308763
    outer loop
      vertex 96.3814 17.5484 29.8686
      vertex 96.865 17.654 30.1937
      vertex 96.2978 17.5927 30.0051
    endloop
  endfacet
  facet normal -0.000167907 -0.95101 0.30916
    outer loop
      vertex 96.4384 17.4823 29.6653
      vertex 96.865 17.654 30.1937
      vertex 96.3814 17.5484 29.8686
    endloop
  endfacet
  facet normal -5.24819e-05 -0.951037 0.309076
    outer loop
      vertex 96.865 17.654 30.1937
      vertex 96.4384 17.4823 29.6653
      vertex 97.0656 17.4926 29.6971
    endloop
  endfacet
  facet normal -5.36039e-05 -0.951031 0.309096
    outer loop
      vertex 96.4713 17.3898 29.3807
      vertex 97.0656 17.4926 29.6971
      vertex 96.4384 17.4823 29.6653
    endloop
  endfacet
  facet normal 0 -0.951084 0.308933
    outer loop
      vertex 97.1324 17.2664 29.0008
      vertex 96.4713 17.3898 29.3807
      vertex 96.4822 17.2664 29.0008
    endloop
  endfacet
  facet normal 2.1779e-05 -0.951073 0.308968
    outer loop
      vertex 96.4713 17.3898 29.3807
      vertex 97.1324 17.2664 29.0008
      vertex 97.0656 17.4926 29.6971
    endloop
  endfacet
  facet normal 0 -0.951065 0.308992
    outer loop
      vertex 96.471 17.1471 28.6336
      vertex 97.1324 17.2664 29.0008
      vertex 96.4822 17.2664 29.0008
    endloop
  endfacet
  facet normal 6.73726e-05 -0.951022 0.309125
    outer loop
      vertex 97.0618 17.0429 28.3129
      vertex 96.471 17.1471 28.6336
      vertex 96.4373 17.0555 28.3518
    endloop
  endfacet
  facet normal -6.05146e-06 -0.951061 0.309002
    outer loop
      vertex 96.471 17.1471 28.6336
      vertex 97.0618 17.0429 28.3129
      vertex 97.1324 17.2664 29.0008
    endloop
  endfacet
  facet normal 6.92323e-05 -0.951013 0.309152
    outer loop
      vertex 96.3785 16.9884 28.1454
      vertex 97.0618 17.0429 28.3129
      vertex 96.4373 17.0555 28.3518
    endloop
  endfacet
  facet normal -0.000237596 -0.951169 0.308669
    outer loop
      vertex 96.85 16.8809 27.8145
      vertex 96.3785 16.9884 28.1454
      vertex 96.292 16.9426 28.0042
    endloop
  endfacet
  facet normal 6.48929e-05 -0.950908 0.309474
    outer loop
      vertex 96.85 16.8809 27.8145
      vertex 96.292 16.9426 28.0042
      vertex 96.1707 16.9161 27.9228
    endloop
  endfacet
  facet normal 8.66616e-05 -0.951034 0.309087
    outer loop
      vertex 96.3785 16.9884 28.1454
      vertex 96.85 16.8809 27.8145
      vertex 97.0618 17.0429 28.3129
    endloop
  endfacet
  facet normal -2.31806e-05 -0.95107 0.308974
    outer loop
      vertex 96.85 16.8809 27.8145
      vertex 96.1707 16.9161 27.9228
      vertex 96.0073 16.9073 27.8957
    endloop
  endfacet
  facet normal 1.61181e-05 -0.951089 0.308917
    outer loop
      vertex 92.4581 17.6048 30.0424
      vertex 92.4581 17.4474 29.5578
      vertex 93.2374 17.5977 30.0205
    endloop
  endfacet
  facet normal 1.9663e-05 -0.951052 0.309032
    outer loop
      vertex 93.2374 17.5977 30.0205
      vertex 93.272 17.768 30.5446
      vertex 92.4581 17.6048 30.0424
    endloop
  endfacet
  facet normal 0 -0.951051 0.309033
    outer loop
      vertex 93.272 17.768 30.5446
      vertex 93.2374 17.5977 30.0205
      vertex 93.8853 17.768 30.5446
    endloop
  endfacet
  facet normal 0 -0.951057 0.309016
    outer loop
      vertex 93.8853 16.913 27.9132
      vertex 93.2374 17.5977 30.0205
      vertex 93.2374 16.913 27.9132
    endloop
  endfacet
  facet normal 1.22279e-05 -0.951056 0.309019
    outer loop
      vertex 93.2374 17.5977 30.0205
      vertex 93.8853 16.913 27.9132
      vertex 93.8853 17.768 30.5446
    endloop
  endfacet
  facet normal 0 -0.951063 0.308997
    outer loop
      vertex 92.4327 16.7641 27.4549
      vertex 93.2374 16.913 27.9132
      vertex 92.4327 16.913 27.9132
    endloop
  endfacet
  facet normal 0 -0.951063 0.308997
    outer loop
      vertex 94.63 16.7641 27.4549
      vertex 93.2374 16.913 27.9132
      vertex 92.4327 16.7641 27.4549
    endloop
  endfacet
  facet normal 0 -0.951063 0.308997
    outer loop
      vertex 93.2374 16.913 27.9132
      vertex 94.63 16.7641 27.4549
      vertex 93.8853 16.913 27.9132
    endloop
  endfacet
  facet normal 0 -0.951063 0.308997
    outer loop
      vertex 93.8853 16.913 27.9132
      vertex 94.63 16.7641 27.4549
      vertex 94.63 16.913 27.9132
    endloop
  endfacet
  facet normal 0.669291 -0.229676 -0.70661
    outer loop
      vertex 96.4969 17.3533 27.3265
      vertex 96.85 16.8809 27.8145
      vertex 96.4969 16.7826 27.512
    endloop
  endfacet
  facet normal 0.669402 -0.229533 -0.706552
    outer loop
      vertex 96.85 16.8809 27.8145
      vertex 96.4969 17.3533 27.3265
      vertex 96.85 17.4516 27.6291
    endloop
  endfacet
  facet normal 0.927137 -0.115796 -0.356381
    outer loop
      vertex 97.0618 17.0429 28.3129
      vertex 96.85 17.4516 27.6291
      vertex 97.0618 17.6135 28.1275
    endloop
  endfacet
  facet normal 0.927145 -0.115772 -0.356369
    outer loop
      vertex 96.85 17.4516 27.6291
      vertex 97.0618 17.0429 28.3129
      vertex 96.85 16.8809 27.8145
    endloop
  endfacet
  facet normal 0.99527 -0.0300202 -0.0923921
    outer loop
      vertex 97.1324 17.2664 29.0008
      vertex 97.0618 17.6135 28.1275
      vertex 97.1324 17.837 28.8154
    endloop
  endfacet
  facet normal 0.99527 -0.0300202 -0.0923921
    outer loop
      vertex 97.0618 17.6135 28.1275
      vertex 97.1324 17.2664 29.0008
      vertex 97.0618 17.0429 28.3129
    endloop
  endfacet
  facet normal 0.995862 0.0280961 0.0864238
    outer loop
      vertex 97.0656 17.4926 29.6971
      vertex 97.1324 17.837 28.8154
      vertex 97.0656 18.0632 29.5116
    endloop
  endfacet
  facet normal 0.995863 0.0280788 0.0864171
    outer loop
      vertex 97.1324 17.837 28.8154
      vertex 97.0656 17.4926 29.6971
      vertex 97.1324 17.2664 29.0008
    endloop
  endfacet
  facet normal 0.933508 0.110801 0.341008
    outer loop
      vertex 96.865 17.654 30.1937
      vertex 97.0656 18.0632 29.5116
      vertex 96.865 18.2246 30.0083
    endloop
  endfacet
  facet normal 0.933486 0.110872 0.341044
    outer loop
      vertex 97.0656 18.0632 29.5116
      vertex 96.865 17.654 30.1937
      vertex 97.0656 17.4926 29.6971
    endloop
  endfacet
  facet normal 0.672259 0.228771 0.704082
    outer loop
      vertex 96.5203 17.7507 30.4914
      vertex 96.865 18.2246 30.0083
      vertex 96.5203 18.3213 30.306
    endloop
  endfacet
  facet normal 0.672259 0.228771 0.704082
    outer loop
      vertex 96.865 18.2246 30.0083
      vertex 96.5203 17.7507 30.4914
      vertex 96.865 17.654 30.1937
    endloop
  endfacet
  facet normal 0.204567 0.302435 0.930959
    outer loop
      vertex 96.0211 17.7829 30.5906
      vertex 96.5203 18.3213 30.306
      vertex 96.0211 18.3536 30.4052
    endloop
  endfacet
  facet normal 0.204509 0.302487 0.930955
    outer loop
      vertex 96.5203 18.3213 30.306
      vertex 96.0211 17.7829 30.5906
      vertex 96.5203 17.7507 30.4914
    endloop
  endfacet
  facet normal -0.120285 0.306726 0.944167
    outer loop
      vertex 95.6591 18.34 30.3635
      vertex 96.0211 17.7829 30.5906
      vertex 96.0211 18.3536 30.4052
    endloop
  endfacet
  facet normal -0.119945 0.306937 0.944141
    outer loop
      vertex 96.0211 17.7829 30.5906
      vertex 95.6591 18.34 30.3635
      vertex 95.6591 17.7694 30.549
    endloop
  endfacet
  facet normal -0.420471 0.280511 0.862854
    outer loop
      vertex 95.3755 18.2994 30.2385
      vertex 95.6591 17.7694 30.549
      vertex 95.6591 18.34 30.3635
    endloop
  endfacet
  facet normal -0.420721 0.280338 0.862789
    outer loop
      vertex 95.6591 17.7694 30.549
      vertex 95.3755 18.2994 30.2385
      vertex 95.3755 17.7288 30.4239
    endloop
  endfacet
  facet normal -0.722834 0.213538 0.6572
    outer loop
      vertex 95.1617 18.2303 30.0258
      vertex 95.3755 17.7288 30.4239
      vertex 95.3755 18.2994 30.2385
    endloop
  endfacet
  facet normal -0.722834 0.213538 0.6572
    outer loop
      vertex 95.3755 17.7288 30.4239
      vertex 95.1617 18.2303 30.0258
      vertex 95.1617 17.6597 30.2112
    endloop
  endfacet
  facet normal -0.902649 0.132994 0.409312
    outer loop
      vertex 95.0089 18.1313 29.721
      vertex 95.1617 17.6597 30.2112
      vertex 95.1617 18.2303 30.0258
    endloop
  endfacet
  facet normal -0.902666 0.132963 0.409287
    outer loop
      vertex 95.1617 17.6597 30.2112
      vertex 95.0089 18.1313 29.721
      vertex 95.0089 17.5606 29.9064
    endloop
  endfacet
  facet normal -0.977294 0.0654663 0.201519
    outer loop
      vertex 94.9173 18.0007 29.3192
      vertex 95.0089 17.5606 29.9064
      vertex 95.0089 18.1313 29.721
    endloop
  endfacet
  facet normal -0.977291 0.0654812 0.20153
    outer loop
      vertex 95.0089 17.5606 29.9064
      vertex 94.9173 18.0007 29.3192
      vertex 94.9173 17.4301 29.5046
    endloop
  endfacet
  facet normal -0.998336 0.0178209 0.0548468
    outer loop
      vertex 94.8867 17.837 28.8154
      vertex 94.9173 17.4301 29.5046
      vertex 94.9173 18.0007 29.3192
    endloop
  endfacet
  facet normal -0.998336 0.0178209 0.0548468
    outer loop
      vertex 94.9173 17.4301 29.5046
      vertex 94.8867 17.837 28.8154
      vertex 94.8867 17.2664 29.0008
    endloop
  endfacet
  facet normal -0.97612 -0.0671293 -0.206602
    outer loop
      vertex 95.1657 17.4496 27.6231
      vertex 94.8867 17.2664 29.0008
      vertex 94.8867 17.837 28.8154
    endloop
  endfacet
  facet normal -0.97612 -0.0671293 -0.206602
    outer loop
      vertex 94.8867 17.2664 29.0008
      vertex 95.1657 17.4496 27.6231
      vertex 95.1657 16.879 27.8085
    endloop
  endfacet
  facet normal -0.446652 -0.276481 -0.850917
    outer loop
      vertex 95.1657 16.879 27.8085
      vertex 96.0027 17.3205 27.2257
      vertex 96.0027 16.7499 27.4111
    endloop
  endfacet
  facet normal -0.446652 -0.276481 -0.850917
    outer loop
      vertex 96.0027 17.3205 27.2257
      vertex 95.1657 16.879 27.8085
      vertex 95.1657 17.4496 27.6231
    endloop
  endfacet
  facet normal 0.209844 -0.302138 -0.929881
    outer loop
      vertex 96.0027 17.3205 27.2257
      vertex 96.4969 16.7826 27.512
      vertex 96.0027 16.7499 27.4111
    endloop
  endfacet
  facet normal 0.209723 -0.302245 -0.929873
    outer loop
      vertex 96.4969 16.7826 27.512
      vertex 96.0027 17.3205 27.2257
      vertex 96.4969 17.3533 27.3265
    endloop
  endfacet
  facet normal 0.560126 0.255993 0.787862
    outer loop
      vertex 95.7225 16.9408 27.9987
      vertex 95.8427 17.4863 27.736
      vertex 95.7225 17.5114 27.8133
    endloop
  endfacet
  facet normal 0.560126 0.255993 0.787862
    outer loop
      vertex 95.8427 17.4863 27.736
      vertex 95.7225 16.9408 27.9987
      vertex 95.8427 16.9157 27.9214
    endloop
  endfacet
  facet normal 0.861727 0.156762 0.482547
    outer loop
      vertex 95.6378 16.9852 28.1355
      vertex 95.7225 17.5114 27.8133
      vertex 95.6378 17.5559 27.9501
    endloop
  endfacet
  facet normal 0.86168 0.156812 0.482616
    outer loop
      vertex 95.7225 17.5114 27.8133
      vertex 95.6378 16.9852 28.1355
      vertex 95.7225 16.9408 27.9987
    endloop
  endfacet
  facet normal 0.965165 0.0808518 0.248835
    outer loop
      vertex 95.5796 17.0516 28.3397
      vertex 95.6378 17.5559 27.9501
      vertex 95.5796 17.6222 28.1543
    endloop
  endfacet
  facet normal 0.965175 0.0808282 0.248806
    outer loop
      vertex 95.6378 17.5559 27.9501
      vertex 95.5796 17.0516 28.3397
      vertex 95.6378 16.9852 28.1355
    endloop
  endfacet
  facet normal 0.993706 0.0346115 0.106542
    outer loop
      vertex 95.5459 17.1439 28.624
      vertex 95.5796 17.6222 28.1543
      vertex 95.5459 17.7146 28.4386
    endloop
  endfacet
  facet normal 0.993704 0.0346206 0.106551
    outer loop
      vertex 95.5796 17.6222 28.1543
      vertex 95.5459 17.1439 28.624
      vertex 95.5796 17.0516 28.3397
    endloop
  endfacet
  facet normal 0.999593 0.00881032 0.0271152
    outer loop
      vertex 95.5346 17.2664 29.0008
      vertex 95.5459 17.7146 28.4386
      vertex 95.5346 17.837 28.8154
    endloop
  endfacet
  facet normal 0.999594 0.00880823 0.0271136
    outer loop
      vertex 95.5459 17.7146 28.4386
      vertex 95.5346 17.2664 29.0008
      vertex 95.5459 17.1439 28.624
    endloop
  endfacet
  facet normal 0.999641 -0.00827751 -0.0254799
    outer loop
      vertex 95.5453 17.3897 29.3805
      vertex 95.5346 17.837 28.8154
      vertex 95.5453 17.9604 29.1951
    endloop
  endfacet
  facet normal 0.999641 -0.00827946 -0.0254814
    outer loop
      vertex 95.5346 17.837 28.8154
      vertex 95.5453 17.3897 29.3805
      vertex 95.5346 17.2664 29.0008
    endloop
  endfacet
  facet normal 0.994291 -0.0329899 -0.101477
    outer loop
      vertex 95.5773 17.4819 29.6642
      vertex 95.5453 17.9604 29.1951
      vertex 95.5773 18.0525 29.4787
    endloop
  endfacet
  facet normal 0.994296 -0.0329548 -0.101442
    outer loop
      vertex 95.5453 17.9604 29.1951
      vertex 95.5773 17.4819 29.6642
      vertex 95.5453 17.3897 29.3805
    endloop
  endfacet
  facet normal 0.966119 -0.0797441 -0.245469
    outer loop
      vertex 95.6343 17.5478 29.867
      vertex 95.5773 18.0525 29.4787
      vertex 95.6343 18.1185 29.6816
    endloop
  endfacet
  facet normal 0.966081 -0.0798397 -0.245588
    outer loop
      vertex 95.5773 18.0525 29.4787
      vertex 95.6343 17.5478 29.867
      vertex 95.5773 17.4819 29.6642
    endloop
  endfacet
  facet normal 0.858878 -0.158273 -0.487113
    outer loop
      vertex 95.7202 17.5924 30.004
      vertex 95.6343 18.1185 29.6816
      vertex 95.7202 18.163 29.8186
    endloop
  endfacet
  facet normal 0.858926 -0.158223 -0.487044
    outer loop
      vertex 95.6343 18.1185 29.6816
      vertex 95.7202 17.5924 30.004
      vertex 95.6343 17.5478 29.867
    endloop
  endfacet
  facet normal 0.551112 -0.257855 -0.793591
    outer loop
      vertex 95.7202 18.163 29.8186
      vertex 95.8445 17.6177 30.0821
      vertex 95.7202 17.5924 30.004
    endloop
  endfacet
  facet normal 0.551256 -0.257784 -0.793514
    outer loop
      vertex 95.8445 17.6177 30.0821
      vertex 95.7202 18.163 29.8186
      vertex 95.8445 18.1884 29.8967
    endloop
  endfacet
  facet normal 0.157594 -0.305108 -0.939187
    outer loop
      vertex 95.8445 18.1884 29.8967
      vertex 96.0165 17.6262 30.1082
      vertex 95.8445 17.6177 30.0821
    endloop
  endfacet
  facet normal 0.157421 -0.305165 -0.939198
    outer loop
      vertex 96.0165 17.6262 30.1082
      vertex 95.8445 18.1884 29.8967
      vertex 96.0165 18.1968 29.9228
    endloop
  endfacet
  facet normal -0.164692 -0.304799 -0.938069
    outer loop
      vertex 96.0165 17.6262 30.1082
      vertex 96.179 18.1884 29.897
      vertex 96.179 17.6178 30.0824
    endloop
  endfacet
  facet normal -0.164692 -0.304799 -0.938069
    outer loop
      vertex 96.179 18.1884 29.897
      vertex 96.0165 17.6262 30.1082
      vertex 96.0165 18.1968 29.9228
    endloop
  endfacet
  facet normal -0.564631 -0.255046 -0.784948
    outer loop
      vertex 96.179 17.6178 30.0824
      vertex 96.2978 18.1633 29.8197
      vertex 96.2978 17.5927 30.0051
    endloop
  endfacet
  facet normal -0.564631 -0.255046 -0.784948
    outer loop
      vertex 96.2978 18.1633 29.8197
      vertex 96.179 17.6178 30.0824
      vertex 96.179 18.1884 29.897
    endloop
  endfacet
  facet normal -0.864076 -0.155548 -0.478725
    outer loop
      vertex 96.3814 18.119 29.6832
      vertex 96.2978 17.5927 30.0051
      vertex 96.2978 18.1633 29.8197
    endloop
  endfacet
  facet normal -0.864076 -0.155548 -0.478725
    outer loop
      vertex 96.2978 17.5927 30.0051
      vertex 96.3814 18.119 29.6832
      vertex 96.3814 17.5484 29.8686
    endloop
  endfacet
  facet normal -0.966271 -0.0795804 -0.244922
    outer loop
      vertex 96.4384 18.0529 29.4798
      vertex 96.3814 17.5484 29.8686
      vertex 96.3814 18.119 29.6832
    endloop
  endfacet
  facet normal -0.966243 -0.0796523 -0.245011
    outer loop
      vertex 96.3814 17.5484 29.8686
      vertex 96.4384 18.0529 29.4798
      vertex 96.4384 17.4823 29.6653
    endloop
  endfacet
  facet normal -0.994006 -0.0338005 -0.103971
    outer loop
      vertex 96.4713 17.9605 29.1953
      vertex 96.4384 17.4823 29.6653
      vertex 96.4384 18.0529 29.4798
    endloop
  endfacet
  facet normal -0.994011 -0.0337646 -0.103934
    outer loop
      vertex 96.4384 17.4823 29.6653
      vertex 96.4713 17.9605 29.1953
      vertex 96.4713 17.3898 29.3807
    endloop
  endfacet
  facet normal -0.999628 -0.00842745 -0.0259414
    outer loop
      vertex 96.4822 17.837 28.8154
      vertex 96.4713 17.3898 29.3807
      vertex 96.4713 17.9605 29.1953
    endloop
  endfacet
  facet normal -0.999628 -0.00842943 -0.025943
    outer loop
      vertex 96.4713 17.3898 29.3807
      vertex 96.4822 17.837 28.8154
      vertex 96.4822 17.2664 29.0008
    endloop
  endfacet
  facet normal -0.99958 0.00895818 0.0275703
    outer loop
      vertex 96.471 17.7177 28.4481
      vertex 96.4822 17.2664 29.0008
      vertex 96.4822 17.837 28.8154
    endloop
  endfacet
  facet normal -0.99958 0.00896476 0.0275757
    outer loop
      vertex 96.4822 17.2664 29.0008
      vertex 96.471 17.7177 28.4481
      vertex 96.471 17.1471 28.6336
    endloop
  endfacet
  facet normal -0.993591 0.0349479 0.1075
    outer loop
      vertex 96.4373 17.6261 28.1664
      vertex 96.471 17.1471 28.6336
      vertex 96.471 17.7177 28.4481
    endloop
  endfacet
  facet normal -0.993595 0.0349198 0.107472
    outer loop
      vertex 96.471 17.1471 28.6336
      vertex 96.4373 17.6261 28.1664
      vertex 96.4373 17.0555 28.3518
    endloop
  endfacet
  facet normal -0.965194 0.0808187 0.248733
    outer loop
      vertex 96.3785 17.5591 27.96
      vertex 96.4373 17.0555 28.3518
      vertex 96.4373 17.6261 28.1664
    endloop
  endfacet
  facet normal -0.965204 0.0807952 0.248705
    outer loop
      vertex 96.4373 17.0555 28.3518
      vertex 96.3785 17.5591 27.96
      vertex 96.3785 16.9884 28.1454
    endloop
  endfacet
  facet normal -0.864056 0.155534 0.478766
    outer loop
      vertex 96.292 17.5132 27.8188
      vertex 96.3785 16.9884 28.1454
      vertex 96.3785 17.5591 27.96
    endloop
  endfacet
  facet normal -0.86401 0.155583 0.478833
    outer loop
      vertex 96.3785 16.9884 28.1454
      vertex 96.292 17.5132 27.8188
      vertex 96.292 16.9426 28.0042
    endloop
  endfacet
  facet normal -0.576461 0.252506 0.777132
    outer loop
      vertex 96.1707 17.4868 27.7374
      vertex 96.292 16.9426 28.0042
      vertex 96.292 17.5132 27.8188
    endloop
  endfacet
  facet normal -0.5766 0.252436 0.777051
    outer loop
      vertex 96.292 16.9426 28.0042
      vertex 96.1707 17.4868 27.7374
      vertex 96.1707 16.9161 27.9228
    endloop
  endfacet
  facet normal -0.171964 0.304367 0.936904
    outer loop
      vertex 96.0073 17.4779 27.7103
      vertex 96.1707 16.9161 27.9228
      vertex 96.1707 17.4868 27.7374
    endloop
  endfacet
  facet normal -0.171784 0.304425 0.936918
    outer loop
      vertex 96.1707 16.9161 27.9228
      vertex 96.0073 17.4779 27.7103
      vertex 96.0073 16.9073 27.8957
    endloop
  endfacet
  facet normal 0.162092 0.304932 0.938479
    outer loop
      vertex 95.8427 16.9157 27.9214
      vertex 96.0073 17.4779 27.7103
      vertex 95.8427 17.4863 27.736
    endloop
  endfacet
  facet normal 0.162092 0.304932 0.938479
    outer loop
      vertex 96.0073 17.4779 27.7103
      vertex 95.8427 16.9157 27.9214
      vertex 96.0073 16.9073 27.8957
    endloop
  endfacet
  facet normal -0 0.309018 0.951056
    outer loop
      vertex 93.8853 17.4836 27.7278
      vertex 94.63 16.913 27.9132
      vertex 94.63 17.4836 27.7278
    endloop
  endfacet
  facet normal 0 0.309018 0.951056
    outer loop
      vertex 94.63 16.913 27.9132
      vertex 93.8853 17.4836 27.7278
      vertex 93.8853 16.913 27.9132
    endloop
  endfacet
  facet normal 1 0 0
    outer loop
      vertex 93.8853 17.768 30.5446
      vertex 93.8853 17.4836 27.7278
      vertex 93.8853 18.3386 30.3592
    endloop
  endfacet
  facet normal 1 0 -0
    outer loop
      vertex 93.8853 17.4836 27.7278
      vertex 93.8853 17.768 30.5446
      vertex 93.8853 16.913 27.9132
    endloop
  endfacet
  facet normal -0 0.309018 0.951056
    outer loop
      vertex 93.272 18.3386 30.3592
      vertex 93.8853 17.768 30.5446
      vertex 93.8853 18.3386 30.3592
    endloop
  endfacet
  facet normal 0 0.309018 0.951056
    outer loop
      vertex 93.8853 17.768 30.5446
      vertex 93.272 18.3386 30.3592
      vertex 93.272 17.768 30.5446
    endloop
  endfacet
  facet normal -0.544254 0.259242 0.797861
    outer loop
      vertex 92.4581 18.1755 29.857
      vertex 93.272 17.768 30.5446
      vertex 93.272 18.3386 30.3592
    endloop
  endfacet
  facet normal -0.544276 0.259196 0.79786
    outer loop
      vertex 93.272 17.768 30.5446
      vertex 92.4581 18.1755 29.857
      vertex 92.4581 17.6048 30.0424
    endloop
  endfacet
  facet normal -1 0 0
    outer loop
      vertex 92.4581 18.018 29.3724
      vertex 92.4581 17.6048 30.0424
      vertex 92.4581 18.1755 29.857
    endloop
  endfacet
  facet normal -1 0 -0
    outer loop
      vertex 92.4581 17.6048 30.0424
      vertex 92.4581 18.018 29.3724
      vertex 92.4581 17.4474 29.5578
    endloop
  endfacet
  facet normal 0.529558 -0.262132 -0.806756
    outer loop
      vertex 92.4581 18.018 29.3724
      vertex 93.2374 17.5977 30.0205
      vertex 92.4581 17.4474 29.5578
    endloop
  endfacet
  facet normal 0.529558 -0.262132 -0.806756
    outer loop
      vertex 93.2374 17.5977 30.0205
      vertex 92.4581 18.018 29.3724
      vertex 93.2374 18.1683 29.8351
    endloop
  endfacet
  facet normal -1 0 0
    outer loop
      vertex 93.2374 17.4836 27.7278
      vertex 93.2374 17.5977 30.0205
      vertex 93.2374 18.1683 29.8351
    endloop
  endfacet
  facet normal -1 0 0
    outer loop
      vertex 93.2374 17.5977 30.0205
      vertex 93.2374 17.4836 27.7278
      vertex 93.2374 16.913 27.9132
    endloop
  endfacet
  facet normal -0 0.309018 0.951056
    outer loop
      vertex 92.4327 17.4836 27.7278
      vertex 93.2374 16.913 27.9132
      vertex 93.2374 17.4836 27.7278
    endloop
  endfacet
  facet normal 0 0.309018 0.951056
    outer loop
      vertex 93.2374 16.913 27.9132
      vertex 92.4327 17.4836 27.7278
      vertex 92.4327 16.913 27.9132
    endloop
  endfacet
  facet normal -1 0 0
    outer loop
      vertex 92.4327 17.3347 27.2695
      vertex 92.4327 16.913 27.9132
      vertex 92.4327 17.4836 27.7278
    endloop
  endfacet
  facet normal -1 0 -0
    outer loop
      vertex 92.4327 16.913 27.9132
      vertex 92.4327 17.3347 27.2695
      vertex 92.4327 16.7641 27.4549
    endloop
  endfacet
  facet normal 0 -0.309018 -0.951056
    outer loop
      vertex 92.4327 16.7641 27.4549
      vertex 94.63 17.3347 27.2695
      vertex 94.63 16.7641 27.4549
    endloop
  endfacet
  facet normal -0 -0.309018 -0.951056
    outer loop
      vertex 94.63 17.3347 27.2695
      vertex 92.4327 16.7641 27.4549
      vertex 92.4327 17.3347 27.2695
    endloop
  endfacet
  facet normal 1 0 0
    outer loop
      vertex 94.63 16.913 27.9132
      vertex 94.63 17.3347 27.2695
      vertex 94.63 17.4836 27.7278
    endloop
  endfacet
  facet normal 1 0 0
    outer loop
      vertex 94.63 17.3347 27.2695
      vertex 94.63 16.913 27.9132
      vertex 94.63 16.7641 27.4549
    endloop
  endfacet
  facet normal -9.51478e-06 -0.951051 0.309033
    outer loop
      vertex 79.4254 16.9141 27.9165
      vertex 79.9678 17.0558 28.3526
      vertex 79.3083 17.038 28.2978
    endloop
  endfacet
  facet normal -6.54571e-05 -0.951031 0.309096
    outer loop
      vertex 79.9678 17.0558 28.3526
      vertex 79.4254 16.9141 27.9165
      vertex 80.132 16.9473 28.0188
    endloop
  endfacet
  facet normal -8.51264e-05 -0.950991 0.309218
    outer loop
      vertex 79.6703 16.8231 27.6367
      vertex 80.132 16.9473 28.0188
      vertex 79.4254 16.9141 27.9165
    endloop
  endfacet
  facet normal 0.000125694 -0.951066 0.308988
    outer loop
      vertex 80.0329 16.7673 27.4648
      vertex 80.132 16.9473 28.0188
      vertex 79.6703 16.8231 27.6367
    endloop
  endfacet
  facet normal -9.19562e-05 -0.951054 0.309023
    outer loop
      vertex 80.132 16.9473 28.0188
      vertex 80.0329 16.7673 27.4648
      vertex 80.5004 16.9111 27.9075
    endloop
  endfacet
  facet normal -5.46393e-05 -0.95109 0.308914
    outer loop
      vertex 80.9926 16.7679 27.4667
      vertex 80.5004 16.9111 27.9075
      vertex 80.5027 16.7487 27.4075
    endloop
  endfacet
  facet normal 2.23626e-05 -0.95109 0.308914
    outer loop
      vertex 80.5004 16.9111 27.9075
      vertex 80.0329 16.7673 27.4648
      vertex 80.5027 16.7487 27.4075
    endloop
  endfacet
  facet normal -4.79543e-05 -0.951088 0.308921
    outer loop
      vertex 80.5004 16.9111 27.9075
      vertex 80.9926 16.7679 27.4667
      vertex 81.3557 16.8256 27.6444
    endloop
  endfacet
  facet normal 0 -0.951082 0.308939
    outer loop
      vertex 80.143 17.194 28.778
      vertex 80.3551 17.3557 29.2758
      vertex 80.143 17.3557 29.2758
    endloop
  endfacet
  facet normal -2.66628e-05 -0.951092 0.308908
    outer loop
      vertex 80.3551 17.3557 29.2758
      vertex 80.8785 17.2816 29.0477
      vertex 81.1756 17.3117 29.1404
    endloop
  endfacet
  facet normal 1.13118e-06 -0.951082 0.308939
    outer loop
      vertex 80.6399 17.1851 28.7506
      vertex 80.3551 17.3557 29.2758
      vertex 80.3689 17.194 28.778
    endloop
  endfacet
  facet normal -0.000103898 -0.951064 0.308993
    outer loop
      vertex 80.8347 17.1584 28.6684
      vertex 81.209 17.253 28.9597
      vertex 80.8785 17.2788 29.039
    endloop
  endfacet
  facet normal -1.56757e-05 -0.951084 0.308931
    outer loop
      vertex 80.3551 17.3557 29.2758
      vertex 80.6399 17.1851 28.7506
      vertex 80.8785 17.2816 29.0477
    endloop
  endfacet
  facet normal 0 -0.951082 0.308939
    outer loop
      vertex 80.3551 17.3557 29.2758
      vertex 80.143 17.194 28.778
      vertex 80.3689 17.194 28.778
    endloop
  endfacet
  facet normal 0.00351723 -0.951909 0.306361
    outer loop
      vertex 80.8785 17.2816 29.0477
      vertex 80.6399 17.1851 28.7506
      vertex 80.8785 17.2788 29.039
    endloop
  endfacet
  facet normal 2.33397e-05 -0.951069 0.308979
    outer loop
      vertex 80.8347 17.1584 28.6684
      vertex 80.8785 17.2788 29.039
      vertex 80.6399 17.1851 28.7506
    endloop
  endfacet
  facet normal -0.000158661 -0.951044 0.309056
    outer loop
      vertex 80.9523 17.1149 28.5346
      vertex 81.209 17.253 28.9597
      vertex 80.8347 17.1584 28.6684
    endloop
  endfacet
  facet normal 7.49581e-05 -0.951085 0.308929
    outer loop
      vertex 81.209 17.253 28.9597
      vertex 80.9523 17.1149 28.5346
      vertex 81.4537 17.2029 28.8054
    endloop
  endfacet
  facet normal -4.80319e-05 -0.951018 0.309135
    outer loop
      vertex 81.4537 17.2029 28.8054
      vertex 80.9523 17.1149 28.5346
      vertex 81.605 17.1319 28.587
    endloop
  endfacet
  facet normal -2.23522e-05 -0.951112 0.308845
    outer loop
      vertex 80.9915 17.0558 28.3526
      vertex 81.605 17.1319 28.587
      vertex 80.9523 17.1149 28.5346
    endloop
  endfacet
  facet normal -2.83525e-05 -0.951108 0.30886
    outer loop
      vertex 80.9915 17.0558 28.3526
      vertex 81.6555 17.0437 28.3154
      vertex 81.605 17.1319 28.587
    endloop
  endfacet
  facet normal -3.46133e-06 -0.950977 0.309261
    outer loop
      vertex 80.9592 16.9918 28.1558
      vertex 81.6555 17.0437 28.3154
      vertex 80.9915 17.0558 28.3526
    endloop
  endfacet
  facet normal -0.00035425 -0.951117 0.308829
    outer loop
      vertex 81.3557 16.8256 27.6444
      vertex 80.9592 16.9918 28.1558
      vertex 80.8623 16.9468 28.0171
    endloop
  endfacet
  facet normal 0.000248731 -0.950883 0.309551
    outer loop
      vertex 81.3557 16.8256 27.6444
      vertex 80.8623 16.9468 28.0171
      vertex 80.7073 16.92 27.9349
    endloop
  endfacet
  facet normal 3.84445e-05 -0.951031 0.309096
    outer loop
      vertex 80.9592 16.9918 28.1558
      vertex 81.5805 16.9186 27.9305
      vertex 81.6555 17.0437 28.3154
    endloop
  endfacet
  facet normal -1.35567e-05 -0.951055 0.309022
    outer loop
      vertex 81.3557 16.8256 27.6444
      vertex 80.7073 16.92 27.9349
      vertex 80.5004 16.9111 27.9075
    endloop
  endfacet
  facet normal 4.32207e-05 -0.951027 0.309108
    outer loop
      vertex 80.9592 16.9918 28.1558
      vertex 81.3557 16.8256 27.6444
      vertex 81.5805 16.9186 27.9305
    endloop
  endfacet
  facet normal -5.52802e-05 -0.951058 0.309013
    outer loop
      vertex 80.296 17.6158 30.0762
      vertex 80.4888 17.7839 30.5936
      vertex 80.0548 17.7656 30.5372
    endloop
  endfacet
  facet normal 0.000198729 -0.95104 0.309069
    outer loop
      vertex 80.6661 17.6155 30.0753
      vertex 80.4888 17.7839 30.5936
      vertex 80.4773 17.6243 30.1025
    endloop
  endfacet
  facet normal 0.00011445 -0.951028 0.309105
    outer loop
      vertex 80.1534 17.5901 29.9972
      vertex 80.0548 17.7656 30.5372
      vertex 79.7118 17.7105 30.3678
    endloop
  endfacet
  facet normal 1.63995e-05 -0.951058 0.309012
    outer loop
      vertex 80.4888 17.7839 30.5936
      vertex 80.6661 17.6155 30.0753
      vertex 80.9427 17.7662 30.5391
    endloop
  endfacet
  facet normal 0.000249768 -0.951099 0.308886
    outer loop
      vertex 80.8036 17.5891 29.9939
      vertex 80.9427 17.7662 30.5391
      vertex 80.6661 17.6155 30.0753
    endloop
  endfacet
  facet normal -9.92562e-05 -0.951102 0.308877
    outer loop
      vertex 80.0562 17.5488 29.87
      vertex 79.7118 17.7105 30.3678
      vertex 79.4761 17.6231 30.0986
    endloop
  endfacet
  facet normal -0.000247904 -0.951037 0.309078
    outer loop
      vertex 80.4888 17.7839 30.5936
      vertex 80.296 17.6158 30.0762
      vertex 80.4773 17.6243 30.1025
    endloop
  endfacet
  facet normal 0.000151413 -0.951026 0.309111
    outer loop
      vertex 80.0548 17.7656 30.5372
      vertex 80.1534 17.5901 29.9972
      vertex 80.296 17.6158 30.0762
    endloop
  endfacet
  facet normal -9.38785e-05 -0.951101 0.30888
    outer loop
      vertex 79.7118 17.7105 30.3678
      vertex 80.0562 17.5488 29.87
      vertex 80.1534 17.5901 29.9972
    endloop
  endfacet
  facet normal -4.71491e-05 -0.951032 0.309094
    outer loop
      vertex 80.0116 17.4932 29.699
      vertex 79.4761 17.6231 30.0986
      vertex 79.3637 17.5075 29.7429
    endloop
  endfacet
  facet normal 4.225e-05 -0.950996 0.309202
    outer loop
      vertex 79.4761 17.6231 30.0986
      vertex 80.0116 17.4932 29.699
      vertex 80.0562 17.5488 29.87
    endloop
  endfacet
  facet normal -6.06643e-05 -0.951076 0.308958
    outer loop
      vertex 80.9427 17.7662 30.5391
      vertex 80.8036 17.5891 29.9939
      vertex 81.2854 17.713 30.3754
    endloop
  endfacet
  facet normal -0.000277815 -0.950995 0.309206
    outer loop
      vertex 80.8874 17.5471 29.8648
      vertex 81.2854 17.713 30.3754
      vertex 80.8036 17.5891 29.9939
    endloop
  endfacet
  facet normal 2.1788e-05 -0.951064 0.308995
    outer loop
      vertex 81.2854 17.713 30.3754
      vertex 80.8874 17.5471 29.8648
      vertex 81.5007 17.6285 30.1153
    endloop
  endfacet
  facet normal -1.78609e-05 -0.951035 0.309083
    outer loop
      vertex 80.8874 17.5471 29.8648
      vertex 81.5725 17.5167 29.7713
      vertex 81.5007 17.6285 30.1153
    endloop
  endfacet
  facet normal -2.94531e-05 -0.95106 0.309006
    outer loop
      vertex 80.9154 17.4918 29.6946
      vertex 81.5725 17.5167 29.7713
      vertex 80.8874 17.5471 29.8648
    endloop
  endfacet
  facet normal 8.91735e-05 -0.951008 0.309167
    outer loop
      vertex 81.3938 17.3621 29.2955
      vertex 80.9154 17.4918 29.6946
      vertex 80.8802 17.4338 29.5162
    endloop
  endfacet
  facet normal -1.05316e-05 -0.951108 0.308859
    outer loop
      vertex 80.9154 17.4918 29.6946
      vertex 81.5278 17.4311 29.5077
      vertex 81.5725 17.5167 29.7713
    endloop
  endfacet
  facet normal -0.000251058 -0.951118 0.308827
    outer loop
      vertex 81.1756 17.3117 29.1404
      vertex 80.8802 17.4338 29.5162
      vertex 80.7747 17.391 29.3843
    endloop
  endfacet
  facet normal 0.000105108 -0.950946 0.309357
    outer loop
      vertex 81.1756 17.3117 29.1404
      vertex 80.7747 17.391 29.3843
      vertex 80.5995 17.3645 29.3029
    endloop
  endfacet
  facet normal 9.54712e-05 -0.951006 0.309173
    outer loop
      vertex 80.9154 17.4918 29.6946
      vertex 81.3938 17.3621 29.2955
      vertex 81.5278 17.4311 29.5077
    endloop
  endfacet
  facet normal -1.51271e-05 -0.951071 0.308971
    outer loop
      vertex 81.1756 17.3117 29.1404
      vertex 80.5995 17.3645 29.3029
      vertex 80.3551 17.3557 29.2758
    endloop
  endfacet
  facet normal 1.94205e-05 -0.951056 0.30902
    outer loop
      vertex 80.8802 17.4338 29.5162
      vertex 81.1756 17.3117 29.1404
      vertex 81.3938 17.3621 29.2955
    endloop
  endfacet
  facet normal 2.16322e-05 -0.951031 0.309095
    outer loop
      vertex 76.9581 17.6058 30.0454
      vertex 76.9581 17.4483 29.5608
      vertex 77.7374 17.5987 30.0235
    endloop
  endfacet
  facet normal 1.9663e-05 -0.951052 0.309032
    outer loop
      vertex 77.7374 17.5987 30.0235
      vertex 77.772 17.769 30.5476
      vertex 76.9581 17.6058 30.0454
    endloop
  endfacet
  facet normal 0 -0.951051 0.309033
    outer loop
      vertex 77.772 17.769 30.5476
      vertex 77.7374 17.5987 30.0235
      vertex 78.3853 17.769 30.5476
    endloop
  endfacet
  facet normal 0 -0.951053 0.309029
    outer loop
      vertex 78.3853 16.914 27.9163
      vertex 77.7374 17.5987 30.0235
      vertex 77.7374 16.914 27.9163
    endloop
  endfacet
  facet normal 2.72794e-06 -0.951052 0.30903
    outer loop
      vertex 77.7374 17.5987 30.0235
      vertex 78.3853 16.914 27.9163
      vertex 78.3853 17.769 30.5476
    endloop
  endfacet
  facet normal 0 -0.951063 0.308997
    outer loop
      vertex 76.9327 16.7651 27.458
      vertex 77.7374 16.914 27.9163
      vertex 76.9327 16.914 27.9163
    endloop
  endfacet
  facet normal 0 -0.951063 0.308997
    outer loop
      vertex 79.13 16.7651 27.458
      vertex 77.7374 16.914 27.9163
      vertex 76.9327 16.7651 27.458
    endloop
  endfacet
  facet normal 0 -0.951063 0.308997
    outer loop
      vertex 77.7374 16.914 27.9163
      vertex 79.13 16.7651 27.458
      vertex 78.3853 16.914 27.9163
    endloop
  endfacet
  facet normal 0 -0.951063 0.308997
    outer loop
      vertex 78.3853 16.914 27.9163
      vertex 79.13 16.7651 27.458
      vertex 79.13 16.914 27.9163
    endloop
  endfacet
  facet normal 0.457534 -0.274733 -0.845686
    outer loop
      vertex 80.9926 17.3386 27.2813
      vertex 81.3557 16.8256 27.6444
      vertex 80.9926 16.7679 27.4667
    endloop
  endfacet
  facet normal 0.457534 -0.274733 -0.845686
    outer loop
      vertex 81.3557 16.8256 27.6444
      vertex 80.9926 17.3386 27.2813
      vertex 81.3557 17.3963 27.459
    endloop
  endfacet
  facet normal 0.801056 -0.184946 -0.569302
    outer loop
      vertex 81.5805 16.9186 27.9305
      vertex 81.3557 17.3963 27.459
      vertex 81.5805 17.4893 27.7451
    endloop
  endfacet
  facet normal 0.801056 -0.184946 -0.569302
    outer loop
      vertex 81.3557 17.3963 27.459
      vertex 81.5805 16.9186 27.9305
      vertex 81.3557 16.8256 27.6444
    endloop
  endfacet
  facet normal 0.983257 -0.0563107 -0.173306
    outer loop
      vertex 81.6555 17.0437 28.3154
      vertex 81.5805 17.4893 27.7451
      vertex 81.6555 17.6143 28.13
    endloop
  endfacet
  facet normal 0.983259 -0.0562977 -0.173296
    outer loop
      vertex 81.5805 17.4893 27.7451
      vertex 81.6555 17.0437 28.3154
      vertex 81.5805 16.9186 27.9305
    endloop
  endfacet
  facet normal 0.984724 0.0537989 0.165604
    outer loop
      vertex 81.605 17.1319 28.587
      vertex 81.6555 17.6143 28.13
      vertex 81.605 17.7026 28.4016
    endloop
  endfacet
  facet normal 0.984721 0.0538131 0.165619
    outer loop
      vertex 81.6555 17.6143 28.13
      vertex 81.605 17.1319 28.587
      vertex 81.6555 17.0437 28.3154
    endloop
  endfacet
  facet normal 0.835026 0.170025 0.523281
    outer loop
      vertex 81.4537 17.2029 28.8054
      vertex 81.605 17.7026 28.4016
      vertex 81.4537 17.7735 28.62
    endloop
  endfacet
  facet normal 0.83506 0.169982 0.523241
    outer loop
      vertex 81.605 17.7026 28.4016
      vertex 81.4537 17.2029 28.8054
      vertex 81.605 17.1319 28.587
    endloop
  endfacet
  facet normal 0.552641 0.257501 0.792642
    outer loop
      vertex 81.209 17.253 28.9597
      vertex 81.4537 17.7735 28.62
      vertex 81.209 17.8237 28.7743
    endloop
  endfacet
  facet normal 0.552568 0.257557 0.792675
    outer loop
      vertex 81.4537 17.7735 28.62
      vertex 81.209 17.253 28.9597
      vertex 81.4537 17.2029 28.8054
    endloop
  endfacet
  facet normal 0.244566 0.299634 0.922175
    outer loop
      vertex 80.8785 17.2788 29.039
      vertex 81.209 17.8237 28.7743
      vertex 80.8785 17.8494 28.8536
    endloop
  endfacet
  facet normal 0.244651 0.29958 0.92217
    outer loop
      vertex 81.209 17.8237 28.7743
      vertex 80.8785 17.2788 29.039
      vertex 81.209 17.253 28.9597
    endloop
  endfacet
  facet normal 1 0 0
    outer loop
      vertex 80.8785 17.2816 29.0477
      vertex 80.8785 17.8494 28.8536
      vertex 80.8785 17.8523 28.8623
    endloop
  endfacet
  facet normal 1 0 0
    outer loop
      vertex 80.8785 17.8494 28.8536
      vertex 80.8785 17.2816 29.0477
      vertex 80.8785 17.2788 29.039
    endloop
  endfacet
  facet normal 0.311708 -0.293576 -0.903688
    outer loop
      vertex 80.8785 17.8523 28.8623
      vertex 81.1756 17.3117 29.1404
      vertex 80.8785 17.2816 29.0477
    endloop
  endfacet
  facet normal 0.311708 -0.293576 -0.903688
    outer loop
      vertex 81.1756 17.3117 29.1404
      vertex 80.8785 17.8523 28.8623
      vertex 81.1756 17.8824 28.955
    endloop
  endfacet
  facet normal 0.598668 -0.247484 -0.761806
    outer loop
      vertex 81.1756 17.8824 28.955
      vertex 81.3938 17.3621 29.2955
      vertex 81.1756 17.3117 29.1404
    endloop
  endfacet
  facet normal 0.598668 -0.247484 -0.761806
    outer loop
      vertex 81.3938 17.3621 29.2955
      vertex 81.1756 17.8824 28.955
      vertex 81.3938 17.9328 29.1101
    endloop
  endfacet
  facet normal 0.857164 -0.159235 -0.48981
    outer loop
      vertex 81.5278 17.4311 29.5077
      vertex 81.3938 17.9328 29.1101
      vertex 81.5278 18.0017 29.3222
    endloop
  endfacet
  facet normal 0.857293 -0.159067 -0.48964
    outer loop
      vertex 81.3938 17.9328 29.1101
      vertex 81.5278 17.4311 29.5077
      vertex 81.3938 17.3621 29.2955
    endloop
  endfacet
  facet normal 0.987253 -0.0491743 -0.151369
    outer loop
      vertex 81.5725 17.5167 29.7713
      vertex 81.5278 18.0017 29.3222
      vertex 81.5725 18.0874 29.5859
    endloop
  endfacet
  facet normal 0.987242 -0.0492279 -0.151426
    outer loop
      vertex 81.5278 18.0017 29.3222
      vertex 81.5725 17.5167 29.7713
      vertex 81.5278 17.4311 29.5077
    endloop
  endfacet
  facet normal 0.980859 0.0601714 0.185188
    outer loop
      vertex 81.5007 17.6285 30.1153
      vertex 81.5725 18.0874 29.5859
      vertex 81.5007 18.1991 29.9299
    endloop
  endfacet
  facet normal 0.980862 0.0601569 0.185176
    outer loop
      vertex 81.5725 18.0874 29.5859
      vertex 81.5007 17.6285 30.1153
      vertex 81.5725 17.5167 29.7713
    endloop
  endfacet
  facet normal 0.785764 0.191106 0.588264
    outer loop
      vertex 81.2854 17.713 30.3754
      vertex 81.5007 18.1991 29.9299
      vertex 81.2854 18.2837 30.19
    endloop
  endfacet
  facet normal 0.78573 0.191149 0.588295
    outer loop
      vertex 81.5007 18.1991 29.9299
      vertex 81.2854 17.713 30.3754
      vertex 81.5007 17.6285 30.1153
    endloop
  endfacet
  facet normal 0.448771 0.276153 0.849908
    outer loop
      vertex 80.9427 17.7662 30.5391
      vertex 81.2854 18.2837 30.19
      vertex 80.9427 18.3368 30.3537
    endloop
  endfacet
  facet normal 0.448835 0.276099 0.849892
    outer loop
      vertex 81.2854 18.2837 30.19
      vertex 80.9427 17.7662 30.5391
      vertex 81.2854 17.713 30.3754
    endloop
  endfacet
  facet normal 0.125316 0.306534 0.943575
    outer loop
      vertex 80.4888 17.7839 30.5936
      vertex 80.9427 18.3368 30.3537
      vertex 80.4888 18.3546 30.4082
    endloop
  endfacet
  facet normal 0.12525 0.306585 0.943567
    outer loop
      vertex 80.9427 18.3368 30.3537
      vertex 80.4888 17.7839 30.5936
      vertex 80.9427 17.7662 30.5391
    endloop
  endfacet
  facet normal -0.135435 0.306122 0.942309
    outer loop
      vertex 80.0548 18.3362 30.3518
      vertex 80.4888 17.7839 30.5936
      vertex 80.4888 18.3546 30.4082
    endloop
  endfacet
  facet normal -0.135366 0.306174 0.942302
    outer loop
      vertex 80.4888 17.7839 30.5936
      vertex 80.0548 18.3362 30.3518
      vertex 80.0548 17.7656 30.5372
    endloop
  endfacet
  facet normal -0.460833 0.27425 0.84405
    outer loop
      vertex 79.7118 18.2812 30.1824
      vertex 80.0548 17.7656 30.5372
      vertex 80.0548 18.3362 30.3518
    endloop
  endfacet
  facet normal -0.460896 0.274196 0.844033
    outer loop
      vertex 80.0548 17.7656 30.5372
      vertex 79.7118 18.2812 30.1824
      vertex 79.7118 17.7105 30.3678
    endloop
  endfacet
  facet normal -0.76847 0.197705 0.608578
    outer loop
      vertex 79.4761 18.1937 29.9132
      vertex 79.7118 17.7105 30.3678
      vertex 79.7118 18.2812 30.1824
    endloop
  endfacet
  facet normal -0.768435 0.197749 0.608607
    outer loop
      vertex 79.7118 17.7105 30.3678
      vertex 79.4761 18.1937 29.9132
      vertex 79.4761 17.6231 30.0986
    endloop
  endfacet
  facet normal -0.957708 0.0889173 0.273658
    outer loop
      vertex 79.3637 18.0781 29.5574
      vertex 79.4761 17.6231 30.0986
      vertex 79.4761 18.1937 29.9132
    endloop
  endfacet
  facet normal -0.957688 0.0889814 0.273708
    outer loop
      vertex 79.4761 17.6231 30.0986
      vertex 79.3637 18.0781 29.5574
      vertex 79.3637 17.5075 29.7429
    endloop
  endfacet
  facet normal -0.0710812 -0.308188 -0.948666
    outer loop
      vertex 79.3637 17.5075 29.7429
      vertex 80.0116 18.0639 29.5136
      vertex 80.0116 17.4932 29.699
    endloop
  endfacet
  facet normal -0.0708882 -0.308391 -0.948615
    outer loop
      vertex 80.0116 18.0639 29.5136
      vertex 79.3637 17.5075 29.7429
      vertex 79.3637 18.0781 29.5574
    endloop
  endfacet
  facet normal 0.97058 -0.0744057 -0.228996
    outer loop
      vertex 80.0562 17.5488 29.87
      vertex 80.0116 18.0639 29.5136
      vertex 80.0562 18.1194 29.6846
    endloop
  endfacet
  facet normal 0.970589 -0.0743818 -0.228963
    outer loop
      vertex 80.0116 18.0639 29.5136
      vertex 80.0562 17.5488 29.87
      vertex 80.0116 17.4932 29.699
    endloop
  endfacet
  facet normal 0.808982 -0.181622 -0.559072
    outer loop
      vertex 80.1534 17.5901 29.9972
      vertex 80.0562 18.1194 29.6846
      vertex 80.1534 18.1608 29.8118
    endloop
  endfacet
  facet normal 0.808918 -0.181679 -0.559147
    outer loop
      vertex 80.0562 18.1194 29.6846
      vertex 80.1534 17.5901 29.9972
      vertex 80.0562 17.5488 29.87
    endloop
  endfacet
  facet normal 0.503382 -0.266969 -0.821787
    outer loop
      vertex 80.1534 18.1608 29.8118
      vertex 80.296 17.6158 30.0762
      vertex 80.1534 17.5901 29.9972
    endloop
  endfacet
  facet normal 0.502812 -0.267244 -0.822047
    outer loop
      vertex 80.296 17.6158 30.0762
      vertex 80.1534 18.1608 29.8118
      vertex 80.296 18.1864 29.8907
    endloop
  endfacet
  facet normal 0.15071 -0.305638 -0.940145
    outer loop
      vertex 80.296 18.1864 29.8907
      vertex 80.4773 17.6243 30.1025
      vertex 80.296 17.6158 30.0762
    endloop
  endfacet
  facet normal 0.150875 -0.305581 -0.940137
    outer loop
      vertex 80.4773 17.6243 30.1025
      vertex 80.296 18.1864 29.8907
      vertex 80.4773 18.195 29.917
    endloop
  endfacet
  facet normal -0.149713 -0.305535 -0.940337
    outer loop
      vertex 80.4773 17.6243 30.1025
      vertex 80.6661 18.1861 29.8899
      vertex 80.6661 17.6155 30.0753
    endloop
  endfacet
  facet normal -0.149385 -0.305651 -0.940352
    outer loop
      vertex 80.6661 18.1861 29.8899
      vertex 80.4773 17.6243 30.1025
      vertex 80.4773 18.195 29.917
    endloop
  endfacet
  facet normal -0.528384 -0.262358 -0.807452
    outer loop
      vertex 80.6661 17.6155 30.0753
      vertex 80.8036 18.1597 29.8085
      vertex 80.8036 17.5891 29.9939
    endloop
  endfacet
  facet normal -0.528384 -0.262358 -0.807452
    outer loop
      vertex 80.8036 18.1597 29.8085
      vertex 80.6661 17.6155 30.0753
      vertex 80.6661 18.1861 29.8899
    endloop
  endfacet
  facet normal -0.850943 -0.162314 -0.49955
    outer loop
      vertex 80.8874 18.1177 29.6794
      vertex 80.8036 17.5891 29.9939
      vertex 80.8036 18.1597 29.8085
    endloop
  endfacet
  facet normal -0.850943 -0.162314 -0.49955
    outer loop
      vertex 80.8036 17.5891 29.9939
      vertex 80.8874 18.1177 29.6794
      vertex 80.8874 17.5471 29.8648
    endloop
  endfacet
  facet normal -0.98798 -0.0477681 -0.147015
    outer loop
      vertex 80.9154 18.0624 29.5092
      vertex 80.8874 17.5471 29.8648
      vertex 80.8874 18.1177 29.6794
    endloop
  endfacet
  facet normal -0.98798 -0.0477681 -0.147015
    outer loop
      vertex 80.8874 17.5471 29.8648
      vertex 80.9154 18.0624 29.5092
      vertex 80.9154 17.4918 29.6946
    endloop
  endfacet
  facet normal -0.982841 0.0569992 0.175425
    outer loop
      vertex 80.8802 18.0045 29.3308
      vertex 80.9154 17.4918 29.6946
      vertex 80.9154 18.0624 29.5092
    endloop
  endfacet
  facet normal -0.982847 0.0569811 0.1754
    outer loop
      vertex 80.9154 17.4918 29.6946
      vertex 80.8802 18.0045 29.3308
      vertex 80.8802 17.4338 29.5162
    endloop
  endfacet
  facet normal -0.795921 0.18705 0.575779
    outer loop
      vertex 80.7747 17.9616 29.1989
      vertex 80.8802 17.4338 29.5162
      vertex 80.8802 18.0045 29.3308
    endloop
  endfacet
  facet normal -0.795856 0.187106 0.575851
    outer loop
      vertex 80.8802 17.4338 29.5162
      vertex 80.7747 17.9616 29.1989
      vertex 80.7747 17.391 29.3843
    endloop
  endfacet
  facet normal -0.438882 0.277667 0.854566
    outer loop
      vertex 80.5995 17.9352 29.1175
      vertex 80.7747 17.391 29.3843
      vertex 80.7747 17.9616 29.1989
    endloop
  endfacet
  facet normal -0.43901 0.277603 0.854521
    outer loop
      vertex 80.7747 17.391 29.3843
      vertex 80.5995 17.9352 29.1175
      vertex 80.5995 17.3645 29.3029
    endloop
  endfacet
  facet normal -0.115799 0.306891 0.944674
    outer loop
      vertex 80.3551 17.9264 29.0904
      vertex 80.5995 17.3645 29.3029
      vertex 80.5995 17.9352 29.1175
    endloop
  endfacet
  facet normal -0.115799 0.306891 0.944674
    outer loop
      vertex 80.5995 17.3645 29.3029
      vertex 80.3551 17.9264 29.0904
      vertex 80.3551 17.3557 29.2758
    endloop
  endfacet
  facet normal -0 0.308969 0.951072
    outer loop
      vertex 80.143 17.9264 29.0904
      vertex 80.3551 17.3557 29.2758
      vertex 80.3551 17.9264 29.0904
    endloop
  endfacet
  facet normal 0 0.308969 0.951072
    outer loop
      vertex 80.3551 17.3557 29.2758
      vertex 80.143 17.9264 29.0904
      vertex 80.143 17.3557 29.2758
    endloop
  endfacet
  facet normal -1 0 0
    outer loop
      vertex 80.143 17.7646 28.5926
      vertex 80.143 17.3557 29.2758
      vertex 80.143 17.9264 29.0904
    endloop
  endfacet
  facet normal -1 0 -0
    outer loop
      vertex 80.143 17.3557 29.2758
      vertex 80.143 17.7646 28.5926
      vertex 80.143 17.194 28.778
    endloop
  endfacet
  facet normal 0 -0.309018 -0.951056
    outer loop
      vertex 80.143 17.194 28.778
      vertex 80.3689 17.7646 28.5926
      vertex 80.3689 17.194 28.778
    endloop
  endfacet
  facet normal -0 -0.309018 -0.951056
    outer loop
      vertex 80.3689 17.7646 28.5926
      vertex 80.143 17.194 28.778
      vertex 80.143 17.7646 28.5926
    endloop
  endfacet
  facet normal -0.105711 -0.307287 -0.945727
    outer loop
      vertex 80.3689 17.194 28.778
      vertex 80.6399 17.7557 28.5652
      vertex 80.6399 17.1851 28.7506
    endloop
  endfacet
  facet normal -0.105711 -0.307287 -0.945727
    outer loop
      vertex 80.6399 17.7557 28.5652
      vertex 80.3689 17.194 28.778
      vertex 80.3689 17.7646 28.5926
    endloop
  endfacet
  facet normal -0.40555 -0.282465 -0.869335
    outer loop
      vertex 80.6399 17.1851 28.7506
      vertex 80.8347 17.729 28.483
      vertex 80.8347 17.1584 28.6684
    endloop
  endfacet
  facet normal -0.40555 -0.282465 -0.869335
    outer loop
      vertex 80.8347 17.729 28.483
      vertex 80.6399 17.1851 28.7506
      vertex 80.6399 17.7557 28.5652
    endloop
  endfacet
  facet normal -0.767267 -0.198182 -0.609938
    outer loop
      vertex 80.9523 17.6855 28.3492
      vertex 80.8347 17.1584 28.6684
      vertex 80.8347 17.729 28.483
    endloop
  endfacet
  facet normal -0.767267 -0.198182 -0.609938
    outer loop
      vertex 80.8347 17.1584 28.6684
      vertex 80.9523 17.6855 28.3492
      vertex 80.9523 17.1149 28.5346
    endloop
  endfacet
  facet normal -0.979655 -0.0620159 -0.190865
    outer loop
      vertex 80.9915 17.6264 28.1672
      vertex 80.9523 17.1149 28.5346
      vertex 80.9523 17.6855 28.3492
    endloop
  endfacet
  facet normal -0.979655 -0.0620159 -0.190865
    outer loop
      vertex 80.9523 17.1149 28.5346
      vertex 80.9915 17.6264 28.1672
      vertex 80.9915 17.0558 28.3526
    endloop
  endfacet
  facet normal -0.988034 0.0476616 0.146687
    outer loop
      vertex 80.9592 17.5625 27.9704
      vertex 80.9915 17.0558 28.3526
      vertex 80.9915 17.6264 28.1672
    endloop
  endfacet
  facet normal -0.988038 0.0476471 0.146668
    outer loop
      vertex 80.9915 17.0558 28.3526
      vertex 80.9592 17.5625 27.9704
      vertex 80.9592 16.9918 28.1558
    endloop
  endfacet
  facet normal -0.832925 0.170979 0.52631
    outer loop
      vertex 80.8623 17.5174 27.8317
      vertex 80.9592 16.9918 28.1558
      vertex 80.9592 17.5625 27.9704
    endloop
  endfacet
  facet normal -0.832871 0.171032 0.526379
    outer loop
      vertex 80.9592 16.9918 28.1558
      vertex 80.8623 17.5174 27.8317
      vertex 80.8623 16.9468 28.0171
    endloop
  endfacet
  facet normal -0.487005 0.269896 0.830652
    outer loop
      vertex 80.7073 17.4907 27.7495
      vertex 80.8623 16.9468 28.0171
      vertex 80.8623 17.5174 27.8317
    endloop
  endfacet
  facet normal -0.487138 0.269831 0.830595
    outer loop
      vertex 80.8623 16.9468 28.0171
      vertex 80.7073 17.4907 27.7495
      vertex 80.7073 16.92 27.9349
    endloop
  endfacet
  facet normal -0.137912 0.306017 0.941984
    outer loop
      vertex 80.5004 17.4818 27.7221
      vertex 80.7073 16.92 27.9349
      vertex 80.7073 17.4907 27.7495
    endloop
  endfacet
  facet normal -0.137912 0.306017 0.941984
    outer loop
      vertex 80.7073 16.92 27.9349
      vertex 80.5004 17.4818 27.7221
      vertex 80.5004 16.9111 27.9075
    endloop
  endfacet
  facet normal 0.30271 0.29452 0.906435
    outer loop
      vertex 80.132 16.9473 28.0188
      vertex 80.5004 17.4818 27.7221
      vertex 80.132 17.5179 27.8334
    endloop
  endfacet
  facet normal 0.302783 0.294466 0.906428
    outer loop
      vertex 80.5004 17.4818 27.7221
      vertex 80.132 16.9473 28.0188
      vertex 80.5004 16.9111 27.9075
    endloop
  endfacet
  facet normal 0.905783 0.130944 0.403002
    outer loop
      vertex 79.9678 17.0558 28.3526
      vertex 80.132 17.5179 27.8334
      vertex 79.9678 17.6264 28.1672
    endloop
  endfacet
  facet normal 0.905783 0.130944 0.403002
    outer loop
      vertex 80.132 17.5179 27.8334
      vertex 79.9678 17.0558 28.3526
      vertex 80.132 16.9473 28.0188
    endloop
  endfacet
  facet normal -0.0870353 0.307846 0.947447
    outer loop
      vertex 79.3083 17.6086 28.1124
      vertex 79.9678 17.0558 28.3526
      vertex 79.9678 17.6264 28.1672
    endloop
  endfacet
  facet normal -0.0870353 0.307846 0.947447
    outer loop
      vertex 79.9678 17.0558 28.3526
      vertex 79.3083 17.6086 28.1124
      vertex 79.3083 17.038 28.2978
    endloop
  endfacet
  facet normal -0.959895 -0.0866366 -0.266639
    outer loop
      vertex 79.4254 17.4847 27.7311
      vertex 79.3083 17.038 28.2978
      vertex 79.3083 17.6086 28.1124
    endloop
  endfacet
  facet normal -0.959895 -0.0866366 -0.266639
    outer loop
      vertex 79.3083 17.038 28.2978
      vertex 79.4254 17.4847 27.7311
      vertex 79.4254 16.9141 27.9165
    endloop
  endfacet
  facet normal -0.76866 -0.197666 -0.60835
    outer loop
      vertex 79.6703 17.3938 27.4512
      vertex 79.4254 16.9141 27.9165
      vertex 79.4254 17.4847 27.7311
    endloop
  endfacet
  facet normal -0.768592 -0.197756 -0.608407
    outer loop
      vertex 79.4254 16.9141 27.9165
      vertex 79.6703 17.3938 27.4512
      vertex 79.6703 16.8231 27.6367
    endloop
  endfacet
  facet normal -0.446087 -0.276568 -0.851185
    outer loop
      vertex 79.6703 16.8231 27.6367
      vertex 80.0329 17.3379 27.2794
      vertex 80.0329 16.7673 27.4648
    endloop
  endfacet
  facet normal -0.44596 -0.276679 -0.851216
    outer loop
      vertex 80.0329 17.3379 27.2794
      vertex 79.6703 16.8231 27.6367
      vertex 79.6703 17.3938 27.4512
    endloop
  endfacet
  facet normal -0.12719 -0.306508 -0.943332
    outer loop
      vertex 80.0329 16.7673 27.4648
      vertex 80.5027 17.3193 27.2221
      vertex 80.5027 16.7487 27.4075
    endloop
  endfacet
  facet normal -0.12719 -0.306508 -0.943332
    outer loop
      vertex 80.5027 17.3193 27.2221
      vertex 80.0329 16.7673 27.4648
      vertex 80.0329 17.3379 27.2794
    endloop
  endfacet
  facet normal 0.126025 -0.306554 -0.943473
    outer loop
      vertex 80.5027 17.3193 27.2221
      vertex 80.9926 16.7679 27.4667
      vertex 80.5027 16.7487 27.4075
    endloop
  endfacet
  facet normal 0.126086 -0.306503 -0.943482
    outer loop
      vertex 80.9926 16.7679 27.4667
      vertex 80.5027 17.3193 27.2221
      vertex 80.9926 17.3386 27.2813
    endloop
  endfacet
  facet normal -0 0.309018 0.951056
    outer loop
      vertex 78.3853 17.4846 27.7309
      vertex 79.13 16.914 27.9163
      vertex 79.13 17.4846 27.7309
    endloop
  endfacet
  facet normal 0 0.309018 0.951056
    outer loop
      vertex 79.13 16.914 27.9163
      vertex 78.3853 17.4846 27.7309
      vertex 78.3853 16.914 27.9163
    endloop
  endfacet
  facet normal 1 0 0
    outer loop
      vertex 78.3853 17.769 30.5476
      vertex 78.3853 17.4846 27.7309
      vertex 78.3853 18.3396 30.3622
    endloop
  endfacet
  facet normal 1 0 -0
    outer loop
      vertex 78.3853 17.4846 27.7309
      vertex 78.3853 17.769 30.5476
      vertex 78.3853 16.914 27.9163
    endloop
  endfacet
  facet normal -0 0.309018 0.951056
    outer loop
      vertex 77.772 18.3396 30.3622
      vertex 78.3853 17.769 30.5476
      vertex 78.3853 18.3396 30.3622
    endloop
  endfacet
  facet normal 0 0.309018 0.951056
    outer loop
      vertex 78.3853 17.769 30.5476
      vertex 77.772 18.3396 30.3622
      vertex 77.772 17.769 30.5476
    endloop
  endfacet
  facet normal -0.544276 0.259237 0.797847
    outer loop
      vertex 76.9581 18.1764 29.86
      vertex 77.772 17.769 30.5476
      vertex 77.772 18.3396 30.3622
    endloop
  endfacet
  facet normal -0.544276 0.259237 0.797847
    outer loop
      vertex 77.772 17.769 30.5476
      vertex 76.9581 18.1764 29.86
      vertex 76.9581 17.6058 30.0454
    endloop
  endfacet
  facet normal -1 0 0
    outer loop
      vertex 76.9581 18.019 29.3754
      vertex 76.9581 17.6058 30.0454
      vertex 76.9581 18.1764 29.86
    endloop
  endfacet
  facet normal -1 0 -0
    outer loop
      vertex 76.9581 17.6058 30.0454
      vertex 76.9581 18.019 29.3754
      vertex 76.9581 17.4483 29.5608
    endloop
  endfacet
  facet normal 0.529582 -0.262086 -0.806755
    outer loop
      vertex 76.9581 18.019 29.3754
      vertex 77.7374 17.5987 30.0235
      vertex 76.9581 17.4483 29.5608
    endloop
  endfacet
  facet normal 0.529558 -0.262132 -0.806756
    outer loop
      vertex 77.7374 17.5987 30.0235
      vertex 76.9581 18.019 29.3754
      vertex 77.7374 18.1693 29.8381
    endloop
  endfacet
  facet normal -1 0 0
    outer loop
      vertex 77.7374 17.4846 27.7309
      vertex 77.7374 17.5987 30.0235
      vertex 77.7374 18.1693 29.8381
    endloop
  endfacet
  facet normal -1 0 0
    outer loop
      vertex 77.7374 17.5987 30.0235
      vertex 77.7374 17.4846 27.7309
      vertex 77.7374 16.914 27.9163
    endloop
  endfacet
  facet normal -0 0.309018 0.951056
    outer loop
      vertex 76.9327 17.4846 27.7309
      vertex 77.7374 16.914 27.9163
      vertex 77.7374 17.4846 27.7309
    endloop
  endfacet
  facet normal 0 0.309018 0.951056
    outer loop
      vertex 77.7374 16.914 27.9163
      vertex 76.9327 17.4846 27.7309
      vertex 76.9327 16.914 27.9163
    endloop
  endfacet
  facet normal -1 0 0
    outer loop
      vertex 76.9327 17.3357 27.2726
      vertex 76.9327 16.914 27.9163
      vertex 76.9327 17.4846 27.7309
    endloop
  endfacet
  facet normal -1 0 -0
    outer loop
      vertex 76.9327 16.914 27.9163
      vertex 76.9327 17.3357 27.2726
      vertex 76.9327 16.7651 27.458
    endloop
  endfacet
  facet normal 0 -0.309018 -0.951056
    outer loop
      vertex 76.9327 16.7651 27.458
      vertex 79.13 17.3357 27.2726
      vertex 79.13 16.7651 27.458
    endloop
  endfacet
  facet normal -0 -0.309018 -0.951056
    outer loop
      vertex 79.13 17.3357 27.2726
      vertex 76.9327 16.7651 27.458
      vertex 76.9327 17.3357 27.2726
    endloop
  endfacet
  facet normal 1 0 0
    outer loop
      vertex 79.13 16.914 27.9163
      vertex 79.13 17.3357 27.2726
      vertex 79.13 17.4846 27.7309
    endloop
  endfacet
  facet normal 1 0 0
    outer loop
      vertex 79.13 17.3357 27.2726
      vertex 79.13 16.914 27.9163
      vertex 79.13 16.7651 27.458
    endloop
  endfacet
  facet normal 8.42983e-05 -0.951049 0.309041
    outer loop
      vertex 48.6064 17.5305 29.8138
      vertex 48.6098 17.3781 29.3448
      vertex 48.837 17.3944 29.3949
    endloop
  endfacet
  facet normal -4.30362e-05 -0.951044 0.309056
    outer loop
      vertex 48.1997 17.5044 29.7334
      vertex 48.4496 17.3292 29.1943
      vertex 48.6098 17.3781 29.3448
    endloop
  endfacet
  facet normal 7.87151e-05 -0.951067 0.308985
    outer loop
      vertex 48.3545 17.2469 28.9408
      vertex 47.8974 17.4261 29.4925
      vertex 47.7098 17.2999 29.1041
    endloop
  endfacet
  facet normal -0.000125937 -0.951117 0.308832
    outer loop
      vertex 47.8974 17.4261 29.4925
      vertex 48.3545 17.2469 28.9408
      vertex 48.4496 17.3292 29.1943
    endloop
  endfacet
  facet normal 8.36699e-05 -0.951061 0.309003
    outer loop
      vertex 47.6472 17.1301 28.5815
      vertex 48.3545 17.2469 28.9408
      vertex 47.7098 17.2999 29.1041
    endloop
  endfacet
  facet normal 0 -0.951013 0.309152
    outer loop
      vertex 47.6472 17.1301 28.5815
      vertex 48.3228 17.1301 28.5815
      vertex 48.3545 17.2469 28.9408
    endloop
  endfacet
  facet normal 0 -0.951049 0.30904
    outer loop
      vertex 47.7066 16.9622 28.0648
      vertex 48.3228 17.1301 28.5815
      vertex 47.6472 17.1301 28.5815
    endloop
  endfacet
  facet normal 6.47268e-05 -0.951072 0.30897
    outer loop
      vertex 47.7066 16.9622 28.0648
      vertex 48.4502 16.9335 27.9763
      vertex 48.3228 17.1301 28.5815
    endloop
  endfacet
  facet normal 6.37234e-05 -0.951074 0.308963
    outer loop
      vertex 47.8847 16.8362 27.6769
      vertex 48.4502 16.9335 27.9763
      vertex 47.7066 16.9622 28.0648
    endloop
  endfacet
  facet normal 5.22527e-05 -0.951068 0.308982
    outer loop
      vertex 48.1718 16.7574 27.4343
      vertex 48.4502 16.9335 27.9763
      vertex 47.8847 16.8362 27.6769
    endloop
  endfacet
  facet normal -6.00456e-05 -0.951049 0.30904
    outer loop
      vertex 48.6098 17.3781 29.3448
      vertex 48.6064 17.5305 29.8138
      vertex 48.1997 17.5044 29.7334
    endloop
  endfacet
  facet normal 0.000316319 -0.951011 0.309156
    outer loop
      vertex 48.6064 17.5305 29.8138
      vertex 48.837 17.3944 29.3949
      vertex 48.8534 17.522 29.7874
    endloop
  endfacet
  facet normal -0.000222135 -0.951005 0.309177
    outer loop
      vertex 48.8534 17.522 29.7874
      vertex 48.837 17.3944 29.3949
      vertex 49.064 17.4963 29.7085
    endloop
  endfacet
  facet normal 2.49296e-05 -0.951035 0.309085
    outer loop
      vertex 48.4496 17.3292 29.1943
      vertex 48.1997 17.5044 29.7334
      vertex 47.8974 17.4261 29.4925
    endloop
  endfacet
  facet normal -2.82665e-06 -0.951051 0.309033
    outer loop
      vertex 49.0678 17.3776 29.3432
      vertex 49.064 17.4963 29.7085
      vertex 48.837 17.3944 29.3949
    endloop
  endfacet
  facet normal 0.000376574 -0.95105 0.309037
    outer loop
      vertex 49.064 17.4963 29.7085
      vertex 49.0678 17.3776 29.3432
      vertex 49.2344 17.4538 29.5775
    endloop
  endfacet
  facet normal -5.23731e-05 -0.95096 0.309312
    outer loop
      vertex 49.2344 17.4538 29.5775
      vertex 49.0678 17.3776 29.3432
      vertex 49.3603 17.3944 29.3949
    endloop
  endfacet
  facet normal 2.72457e-05 -0.951093 0.308905
    outer loop
      vertex 49.2346 17.3271 29.1877
      vertex 49.3603 17.3944 29.3949
      vertex 49.0678 17.3776 29.3432
    endloop
  endfacet
  facet normal 0 -0.951061 0.309004
    outer loop
      vertex 49.3603 17.5213 29.7853
      vertex 50.0082 17.8027 30.6514
      vertex 49.3603 17.8027 30.6514
    endloop
  endfacet
  facet normal -0.000183338 -0.95102 0.309128
    outer loop
      vertex 49.3649 17.3944 29.3949
      vertex 50.0082 17.8027 30.6514
      vertex 49.3603 17.5213 29.7853
    endloop
  endfacet
  facet normal 0 -0.951088 0.30892
    outer loop
      vertex 49.3603 17.3944 29.3949
      vertex 49.2346 17.3271 29.1877
      vertex 49.3649 17.3944 29.3949
    endloop
  endfacet
  facet normal 8.80045e-05 -0.951104 0.30887
    outer loop
      vertex 49.3358 17.2455 28.9364
      vertex 49.3649 17.3944 29.3949
      vertex 49.2346 17.3271 29.1877
    endloop
  endfacet
  facet normal -0.000339475 -0.951096 0.308894
    outer loop
      vertex 50.0082 16.9135 27.9149
      vertex 49.3649 17.3944 29.3949
      vertex 49.3358 17.2455 28.9364
    endloop
  endfacet
  facet normal 0.000129467 -0.951006 0.309174
    outer loop
      vertex 50.0082 16.9135 27.9149
      vertex 49.3358 17.2455 28.9364
      vertex 49.3695 17.1351 28.5968
    endloop
  endfacet
  facet normal -0.000206066 -0.951098 0.308889
    outer loop
      vertex 50.0082 16.9135 27.9149
      vertex 49.3695 17.1351 28.5968
      vertex 49.3344 17.0216 28.2473
    endloop
  endfacet
  facet normal 1.79093e-05 -0.951051 0.309035
    outer loop
      vertex 49.3649 17.3944 29.3949
      vertex 50.0082 16.9135 27.9149
      vertex 50.0082 17.8027 30.6514
    endloop
  endfacet
  facet normal 0.000194049 -0.95103 0.309098
    outer loop
      vertex 49.3649 16.8708 27.7833
      vertex 49.3344 17.0216 28.2473
      vertex 49.2289 16.9374 27.9883
    endloop
  endfacet
  facet normal 7.8055e-05 -0.951054 0.309025
    outer loop
      vertex 49.3557 16.8708 27.7833
      vertex 49.2289 16.9374 27.9883
      vertex 49.0594 16.8853 27.828
    endloop
  endfacet
  facet normal 0 -0.951068 0.308981
    outer loop
      vertex 49.2289 16.9374 27.9883
      vertex 49.3557 16.8708 27.7833
      vertex 49.3649 16.8708 27.7833
    endloop
  endfacet
  facet normal -0.000102113 -0.951036 0.30908
    outer loop
      vertex 49.3344 17.0216 28.2473
      vertex 49.3649 16.8708 27.7833
      vertex 50.0082 16.9135 27.9149
    endloop
  endfacet
  facet normal 9.53972e-05 -0.950963 0.309306
    outer loop
      vertex 50.0128 16.8359 27.6758
      vertex 49.3649 16.8708 27.7833
      vertex 49.3681 16.8386 27.6843
    endloop
  endfacet
  facet normal -1.59534e-05 -0.95116 0.308699
    outer loop
      vertex 49.3649 16.8708 27.7833
      vertex 50.0128 16.8359 27.6758
      vertex 50.0082 16.9135 27.9149
    endloop
  endfacet
  facet normal 8.66174e-05 -0.951159 0.308702
    outer loop
      vertex 49.3776 16.7992 27.5629
      vertex 50.0128 16.8359 27.6758
      vertex 49.3681 16.8386 27.6843
    endloop
  endfacet
  facet normal 1.48636e-05 -0.95104 0.309068
    outer loop
      vertex 49.3894 16.7642 27.4552
      vertex 50.0128 16.8359 27.6758
      vertex 49.3776 16.7992 27.5629
    endloop
  endfacet
  facet normal 0 -0.951119 0.308826
    outer loop
      vertex 50.0266 16.7454 27.3973
      vertex 49.3894 16.7642 27.4552
      vertex 49.3995 16.7454 27.3973
    endloop
  endfacet
  facet normal 2.23413e-05 -0.951046 0.309048
    outer loop
      vertex 49.3894 16.7642 27.4552
      vertex 50.0266 16.7454 27.3973
      vertex 50.0128 16.8359 27.6758
    endloop
  endfacet
  facet normal 5.72218e-05 -0.95104 0.309067
    outer loop
      vertex 49.0513 16.766 27.4609
      vertex 49.0594 16.8853 27.828
      vertex 48.8323 16.8679 27.7745
    endloop
  endfacet
  facet normal -0.000105543 -0.951044 0.309056
    outer loop
      vertex 48.5579 16.7311 27.3535
      vertex 48.4502 16.9335 27.9763
      vertex 48.1718 16.7574 27.4343
    endloop
  endfacet
  facet normal 3.09457e-06 -0.951051 0.309033
    outer loop
      vertex 49.0513 16.766 27.4609
      vertex 48.8323 16.8679 27.7745
      vertex 48.5579 16.7311 27.3535
    endloop
  endfacet
  facet normal -4.99627e-05 -0.951041 0.309064
    outer loop
      vertex 48.4502 16.9335 27.9763
      vertex 48.5579 16.7311 27.3535
      vertex 48.8323 16.8679 27.7745
    endloop
  endfacet
  facet normal 8.5053e-05 -0.95104 0.309067
    outer loop
      vertex 49.0594 16.8853 27.828
      vertex 49.0513 16.766 27.4609
      vertex 49.3557 16.8708 27.7833
    endloop
  endfacet
  facet normal 0 -0.950944 0.309364
    outer loop
      vertex 45.9768 17.4811 29.6617
      vertex 46.5881 17.5163 29.7699
      vertex 45.9702 17.5163 29.7699
    endloop
  endfacet
  facet normal 5.86766e-05 -0.951041 0.309064
    outer loop
      vertex 46.5881 17.5163 29.7699
      vertex 45.9768 17.4811 29.6617
      vertex 46.5962 17.4904 29.6902
    endloop
  endfacet
  facet normal 6.01102e-05 -0.95105 0.309036
    outer loop
      vertex 45.9828 17.4411 29.5386
      vertex 46.5962 17.4904 29.6902
      vertex 45.9768 17.4811 29.6617
    endloop
  endfacet
  facet normal 8.90653e-05 -0.951085 0.30893
    outer loop
      vertex 45.9828 17.4411 29.5386
      vertex 46.6065 17.4383 29.5298
      vertex 46.5962 17.4904 29.6902
    endloop
  endfacet
  facet normal 8.44495e-05 -0.951181 0.308634
    outer loop
      vertex 45.9872 17.3935 29.3919
      vertex 46.6065 17.4383 29.5298
      vertex 45.9828 17.4411 29.5386
    endloop
  endfacet
  facet normal -9.86764e-05 -0.950939 0.309378
    outer loop
      vertex 45.9872 17.3935 29.3919
      vertex 46.6152 17.384 29.3629
      vertex 46.6065 17.4383 29.5298
    endloop
  endfacet
  facet normal -0.000130321 -0.95114 0.308758
    outer loop
      vertex 45.9872 17.3935 29.3919
      vertex 46.6181 17.3517 29.2634
      vertex 46.6152 17.384 29.3629
    endloop
  endfacet
  facet normal 0 -0.950954 0.309331
    outer loop
      vertex 46.7714 17.3032 29.1143
      vertex 46.6273 17.3517 29.2634
      vertex 46.6181 17.3517 29.2634
    endloop
  endfacet
  facet normal 5.73833e-06 -0.950944 0.309363
    outer loop
      vertex 45.9886 17.3353 29.213
      vertex 46.6181 17.3517 29.2634
      vertex 45.9872 17.3935 29.3919
    endloop
  endfacet
  facet normal 4.22613e-05 -0.951078 0.30895
    outer loop
      vertex 46.6702 17.2281 28.8829
      vertex 46.6181 17.3517 29.2634
      vertex 45.9886 17.3353 29.213
    endloop
  endfacet
  facet normal 8.05789e-05 -0.950931 0.309402
    outer loop
      vertex 46.6273 17.3517 29.2634
      vertex 46.7714 17.3032 29.1143
      vertex 46.9331 17.3487 29.2541
    endloop
  endfacet
  facet normal -0.000479476 -0.951099 0.308885
    outer loop
      vertex 46.6181 17.3517 29.2634
      vertex 46.6702 17.2281 28.8829
      vertex 46.7714 17.3032 29.1143
    endloop
  endfacet
  facet normal 0.000123191 -0.951029 0.309101
    outer loop
      vertex 45.9886 17.3353 29.213
      vertex 46.6365 17.1237 28.5617
      vertex 46.6702 17.2281 28.8829
    endloop
  endfacet
  facet normal -2.02115e-07 -0.951065 0.30899
    outer loop
      vertex 45.9886 16.7454 27.3973
      vertex 46.6365 17.1237 28.5617
      vertex 45.9886 17.3353 29.213
    endloop
  endfacet
  facet normal 0 -0.951065 0.30899
    outer loop
      vertex 46.6365 17.1237 28.5617
      vertex 45.9886 16.7454 27.3973
      vertex 46.6365 16.7454 27.3973
    endloop
  endfacet
  facet normal 6.57446e-05 -0.951075 0.30896
    outer loop
      vertex 46.9331 17.3487 29.2541
      vertex 46.7166 17.4209 29.4764
      vertex 46.6273 17.3517 29.2634
    endloop
  endfacet
  facet normal -0.000127857 -0.95113 0.30879
    outer loop
      vertex 46.7166 17.4209 29.4764
      vertex 46.9331 17.3487 29.2541
      vertex 47.1484 17.3638 29.3007
    endloop
  endfacet
  facet normal -0.000195198 -0.951065 0.308991
    outer loop
      vertex 47.1484 17.3638 29.3007
      vertex 47.2245 17.5312 29.816
      vertex 47.085 17.5272 29.8036
    endloop
  endfacet
  facet normal -2.67661e-05 -0.951072 0.308969
    outer loop
      vertex 47.2775 17.3611 29.2924
      vertex 47.2245 17.5312 29.816
      vertex 47.1484 17.3638 29.3007
    endloop
  endfacet
  facet normal -0.000175012 -0.951064 0.308993
    outer loop
      vertex 47.1484 17.3638 29.3007
      vertex 47.085 17.5272 29.8036
      vertex 46.9708 17.5152 29.7666
    endloop
  endfacet
  facet normal -8.16014e-05 -0.951054 0.309026
    outer loop
      vertex 47.1484 17.3638 29.3007
      vertex 46.9708 17.5152 29.7666
      vertex 46.8763 17.4949 29.7041
    endloop
  endfacet
  facet normal 0.000278 -0.950982 0.309245
    outer loop
      vertex 47.1484 17.3638 29.3007
      vertex 46.8763 17.4949 29.7041
      vertex 46.7956 17.466 29.6153
    endloop
  endfacet
  facet normal -9.16884e-05 -0.951104 0.30887
    outer loop
      vertex 47.1484 17.3638 29.3007
      vertex 46.7956 17.466 29.6153
      vertex 46.7166 17.4209 29.4764
    endloop
  endfacet
  facet normal 0.000821727 -0.951047 0.309046
    outer loop
      vertex 47.2245 17.5312 29.816
      vertex 47.2775 17.3611 29.2924
      vertex 47.3369 17.5286 29.8077
    endloop
  endfacet
  facet normal -3.85609e-05 -0.951018 0.309136
    outer loop
      vertex 47.3369 17.5286 29.8077
      vertex 47.2775 17.3611 29.2924
      vertex 47.425 17.5206 29.7831
    endloop
  endfacet
  facet normal -2.37734e-05 -0.951019 0.309132
    outer loop
      vertex 47.425 17.5206 29.7831
      vertex 47.2775 17.3611 29.2924
      vertex 47.425 17.3531 29.2678
    endloop
  endfacet
  facet normal -0.000115993 -0.951075 0.30896
    outer loop
      vertex 41.4016 17.5039 29.7318
      vertex 41.5192 17.3284 29.1916
      vertex 41.8945 17.393 29.3906
    endloop
  endfacet
  facet normal 3.82331e-05 -0.95106 0.309005
    outer loop
      vertex 40.7918 17.2964 29.0932
      vertex 41.5192 17.3284 29.1916
      vertex 41.0252 17.424 29.4859
    endloop
  endfacet
  facet normal 3.24568e-05 -0.951048 0.309044
    outer loop
      vertex 40.7918 17.2964 29.0932
      vertex 41.3941 17.1344 28.5946
      vertex 41.5192 17.3284 29.1916
    endloop
  endfacet
  facet normal -4.06666e-05 -0.951074 0.308964
    outer loop
      vertex 40.714 17.1266 28.5705
      vertex 41.3941 17.1344 28.5946
      vertex 40.7918 17.2964 29.0932
    endloop
  endfacet
  facet normal -4.25833e-05 -0.951058 0.309013
    outer loop
      vertex 40.7912 16.9605 28.0593
      vertex 41.3941 17.1344 28.5946
      vertex 40.714 17.1266 28.5705
    endloop
  endfacet
  facet normal -8.79037e-05 -0.951043 0.309059
    outer loop
      vertex 40.7912 16.9605 28.0593
      vertex 41.5215 16.9345 27.9795
      vertex 41.3941 17.1344 28.5946
    endloop
  endfacet
  facet normal -8.91661e-05 -0.951046 0.309049
    outer loop
      vertex 41.0229 16.8355 27.6747
      vertex 41.5215 16.9345 27.9795
      vertex 40.7912 16.9605 28.0593
    endloop
  endfacet
  facet normal -6.805e-05 -0.951056 0.309017
    outer loop
      vertex 41.3964 16.7572 27.4338
      vertex 41.5215 16.9345 27.9795
      vertex 41.0229 16.8355 27.6747
    endloop
  endfacet
  facet normal 1.16948e-05 -0.951062 0.309001
    outer loop
      vertex 41.5215 16.9345 27.9795
      vertex 41.3964 16.7572 27.4338
      vertex 41.9037 16.8679 27.7745
    endloop
  endfacet
  facet normal 0.000170974 -0.951051 0.309033
    outer loop
      vertex 42.1861 16.7396 27.3795
      vertex 41.9037 16.8679 27.7745
      vertex 41.8991 16.7311 27.3535
    endloop
  endfacet
  facet normal -4.6155e-07 -0.951087 0.308922
    outer loop
      vertex 42.4432 16.765 27.4577
      vertex 41.9037 16.8679 27.7745
      vertex 42.1861 16.7396 27.3795
    endloop
  endfacet
  facet normal -1.3727e-05 -0.951051 0.309035
    outer loop
      vertex 41.9037 16.8679 27.7745
      vertex 41.3964 16.7572 27.4338
      vertex 41.8991 16.7311 27.3535
    endloop
  endfacet
  facet normal 8.52903e-05 -0.951044 0.309055
    outer loop
      vertex 42.6619 16.8059 27.5835
      vertex 41.9037 16.8679 27.7745
      vertex 42.4432 16.765 27.4577
    endloop
  endfacet
  facet normal 1.00379e-05 -0.951132 0.308784
    outer loop
      vertex 41.9037 16.8679 27.7745
      vertex 42.6619 16.8059 27.5835
      vertex 42.834 16.8608 27.7526
    endloop
  endfacet
  facet normal -7.97217e-05 -0.95106 0.309007
    outer loop
      vertex 41.8945 17.393 29.3906
      vertex 41.9083 17.5305 29.8138
      vertex 41.4016 17.5039 29.7318
    endloop
  endfacet
  facet normal 0.000197012 -0.951062 0.308999
    outer loop
      vertex 42.0743 17.3842 29.3634
      vertex 41.9083 17.5305 29.8138
      vertex 41.8945 17.393 29.3906
    endloop
  endfacet
  facet normal 2.67405e-05 -0.951066 0.308988
    outer loop
      vertex 41.5192 17.3284 29.1916
      vertex 41.4016 17.5039 29.7318
      vertex 41.0252 17.424 29.4859
    endloop
  endfacet
  facet normal 4.5059e-05 -0.951079 0.308948
    outer loop
      vertex 41.9083 17.5305 29.8138
      vertex 42.0743 17.3842 29.3634
      vertex 42.3106 17.5134 29.7611
    endloop
  endfacet
  facet normal 0.000231186 -0.951111 0.308848
    outer loop
      vertex 42.208 17.3578 29.282
      vertex 42.3106 17.5134 29.7611
      vertex 42.0743 17.3842 29.3634
    endloop
  endfacet
  facet normal -4.73664e-05 -0.951094 0.308902
    outer loop
      vertex 42.3106 17.5134 29.7611
      vertex 42.208 17.3578 29.282
      vertex 42.6368 17.4621 29.6032
    endloop
  endfacet
  facet normal -0.00034114 -0.950978 0.309257
    outer loop
      vertex 42.298 17.3165 29.1551
      vertex 42.6368 17.4621 29.6032
      vertex 42.208 17.3578 29.282
    endloop
  endfacet
  facet normal -1.27115e-05 -0.951052 0.309032
    outer loop
      vertex 42.6368 17.4621 29.6032
      vertex 42.298 17.3165 29.1551
      vertex 42.8715 17.3807 29.3527
    endloop
  endfacet
  facet normal 9.71491e-05 -0.951145 0.308744
    outer loop
      vertex 42.3464 17.2634 28.9915
      vertex 42.8715 17.3807 29.3527
      vertex 42.298 17.3165 29.1551
    endloop
  endfacet
  facet normal -0.000109304 -0.951057 0.309015
    outer loop
      vertex 42.8715 17.3807 29.3527
      vertex 42.3464 17.2634 28.9915
      vertex 42.9988 17.2733 29.0222
    endloop
  endfacet
  facet normal 3.24269e-05 -0.951131 0.308787
    outer loop
      vertex 42.9542 16.9271 27.9565
      vertex 42.3671 17.0111 28.2153
      vertex 42.3135 16.9487 28.0231
    endloop
  endfacet
  facet normal 8.18422e-05 -0.951098 0.308888
    outer loop
      vertex 42.3671 17.0111 28.2153
      vertex 42.9542 16.9271 27.9565
      vertex 43.0173 17.0019 28.1868
    endloop
  endfacet
  facet normal -2.88956e-05 -0.951063 0.308996
    outer loop
      vertex 42.834 16.8608 27.7526
      vertex 42.3135 16.9487 28.0231
      vertex 42.2126 16.9039 27.8852
    endloop
  endfacet
  facet normal 3.93558e-05 -0.950969 0.309285
    outer loop
      vertex 42.834 16.8608 27.7526
      vertex 42.2126 16.9039 27.8852
      vertex 42.0731 16.8769 27.8022
    endloop
  endfacet
  facet normal 7.77846e-05 -0.951003 0.309182
    outer loop
      vertex 42.3135 16.9487 28.0231
      vertex 42.834 16.8608 27.7526
      vertex 42.9542 16.9271 27.9565
    endloop
  endfacet
  facet normal 1.38731e-05 -0.951084 0.308932
    outer loop
      vertex 42.834 16.8608 27.7526
      vertex 42.0731 16.8769 27.8022
      vertex 41.9037 16.8679 27.7745
    endloop
  endfacet
  facet normal -0.000829338 -0.950948 0.309351
    outer loop
      vertex 45.4494 16.884 27.8238
      vertex 45.3353 16.7368 27.371
      vertex 45.5125 16.8655 27.7671
    endloop
  endfacet
  facet normal 0.000629927 -0.95114 0.308761
    outer loop
      vertex 45.4001 16.7372 27.3721
      vertex 45.5125 16.8655 27.7671
      vertex 45.3353 16.7368 27.371
    endloop
  endfacet
  facet normal -8.22548e-05 -0.951035 0.309083
    outer loop
      vertex 45.1229 16.7461 27.3995
      vertex 44.8814 16.8197 27.6259
      vertex 44.9745 16.7739 27.485
    endloop
  endfacet
  facet normal 0.000484102 -0.951127 0.308798
    outer loop
      vertex 45.4563 16.7383 27.3754
      vertex 45.5125 16.8655 27.7671
      vertex 45.4001 16.7372 27.3721
    endloop
  endfacet
  facet normal 0.00156472 -0.951052 0.309028
    outer loop
      vertex 45.68 16.8604 27.7515
      vertex 45.7503 16.7554 27.428
      vertex 45.7503 16.8637 27.7613
    endloop
  endfacet
  facet normal 0.000171183 -0.951142 0.308754
    outer loop
      vertex 45.7503 16.7554 27.428
      vertex 45.68 16.8604 27.7515
      vertex 45.6955 16.7513 27.4154
    endloop
  endfacet
  facet normal 0.000167739 -0.951114 0.308839
    outer loop
      vertex 45.5068 16.7399 27.3803
      vertex 45.5125 16.8655 27.7671
      vertex 45.4563 16.7383 27.3754
    endloop
  endfacet
  facet normal -0.000930851 -0.951156 0.308708
    outer loop
      vertex 45.6074 16.8594 27.7482
      vertex 45.6955 16.7513 27.4154
      vertex 45.68 16.8604 27.7515
    endloop
  endfacet
  facet normal 0.00117993 -0.950992 0.309213
    outer loop
      vertex 45.6955 16.7513 27.4154
      vertex 45.6074 16.8594 27.7482
      vertex 45.6465 16.7475 27.4039
    endloop
  endfacet
  facet normal -0.000353878 -0.951044 0.309056
    outer loop
      vertex 45.6465 16.7475 27.4039
      vertex 45.6074 16.8594 27.7482
      vertex 45.6004 16.7443 27.394
    endloop
  endfacet
  facet normal 0.000627589 -0.951049 0.309038
    outer loop
      vertex 45.6004 16.7443 27.394
      vertex 45.6074 16.8594 27.7482
      vertex 45.5543 16.7418 27.3864
    endloop
  endfacet
  facet normal 0.000421448 -0.951041 0.309066
    outer loop
      vertex 45.5125 16.8655 27.7671
      vertex 45.5543 16.7418 27.3864
      vertex 45.6074 16.8594 27.7482
    endloop
  endfacet
  facet normal -0.00162025 -0.951105 0.308863
    outer loop
      vertex 45.5543 16.7418 27.3864
      vertex 45.5125 16.8655 27.7671
      vertex 45.5068 16.7399 27.3803
    endloop
  endfacet
  facet normal -8.71395e-05 -0.951007 0.309168
    outer loop
      vertex 44.7543 17.2128 28.8358
      vertex 44.4223 17.1009 28.4915
      vertex 44.7543 17.1023 28.4959
    endloop
  endfacet
  facet normal -0.000135161 -0.951122 0.308816
    outer loop
      vertex 43.7943 17.1932 28.7755
      vertex 44.2292 17.0957 28.4754
      vertex 44.4223 17.1009 28.4915
    endloop
  endfacet
  facet normal 0.000156493 -0.950998 0.309198
    outer loop
      vertex 43.7943 17.1932 28.7755
      vertex 44.1018 17.0856 28.4444
      vertex 44.2292 17.0957 28.4754
    endloop
  endfacet
  facet normal 0.000285998 -0.950962 0.309307
    outer loop
      vertex 43.7943 17.1932 28.7755
      vertex 44.0185 17.0698 28.3959
      vertex 44.1018 17.0856 28.4444
    endloop
  endfacet
  facet normal 5.59339e-05 -0.951 0.309191
    outer loop
      vertex 43.9205 17.0175 28.235
      vertex 43.485 17.1458 28.6297
      vertex 43.2957 17.0688 28.3929
    endloop
  endfacet
  facet normal -0.000613583 -0.951118 0.308826
    outer loop
      vertex 43.7943 17.1932 28.7755
      vertex 43.9577 17.0475 28.3271
      vertex 44.0185 17.0698 28.3959
    endloop
  endfacet
  facet normal 0.000426393 -0.95088 0.309561
    outer loop
      vertex 43.485 17.1458 28.6297
      vertex 43.9205 17.0175 28.235
      vertex 43.9577 17.0475 28.3271
    endloop
  endfacet
  facet normal -0.000132284 -0.951219 0.308517
    outer loop
      vertex 43.2957 17.0688 28.3929
      vertex 43.9081 16.9791 28.1166
      vertex 43.9205 17.0175 28.235
    endloop
  endfacet
  facet normal 2.37538e-05 -0.951117 0.30883
    outer loop
      vertex 43.2326 16.9634 28.0683
      vertex 43.9081 16.9791 28.1166
      vertex 43.2957 17.0688 28.3929
    endloop
  endfacet
  facet normal 2.17832e-05 -0.951109 0.308855
    outer loop
      vertex 43.2326 16.9634 28.0683
      vertex 43.9286 16.9313 27.9694
      vertex 43.9081 16.9791 28.1166
    endloop
  endfacet
  facet normal 3.54041e-05 -0.951081 0.308942
    outer loop
      vertex 43.2833 16.8654 27.7666
      vertex 43.9286 16.9313 27.9694
      vertex 43.2326 16.9634 28.0683
    endloop
  endfacet
  facet normal 9.70214e-06 -0.951057 0.309016
    outer loop
      vertex 43.4355 16.7921 27.541
      vertex 43.9286 16.9313 27.9694
      vertex 43.2833 16.8654 27.7666
    endloop
  endfacet
  facet normal -6.31867e-05 -0.951056 0.309018
    outer loop
      vertex 43.6781 16.7464 27.4004
      vertex 43.99 16.8975 27.8655
      vertex 43.4355 16.7921 27.541
    endloop
  endfacet
  facet normal -0.000208994 -0.950983 0.309243
    outer loop
      vertex 43.9286 16.9313 27.9694
      vertex 43.4355 16.7921 27.541
      vertex 43.99 16.8975 27.8655
    endloop
  endfacet
  facet normal -5.40688e-05 -0.951057 0.309015
    outer loop
      vertex 44.2341 17.3945 29.3952
      vertex 44.4177 17.5305 29.8138
      vertex 43.9989 17.516 29.7691
    endloop
  endfacet
  facet normal -0.0001382 -0.951109 0.308855
    outer loop
      vertex 44.126 17.3756 29.3368
      vertex 43.9989 17.516 29.7691
      vertex 43.6787 17.4725 29.635
    endloop
  endfacet
  facet normal 0.000416965 -0.951118 0.308828
    outer loop
      vertex 44.4177 17.5305 29.8138
      vertex 44.2341 17.3945 29.3952
      vertex 44.39 17.4009 29.4147
    endloop
  endfacet
  facet normal -1.0451e-05 -0.951082 0.308937
    outer loop
      vertex 44.4177 17.5305 29.8138
      vertex 44.5566 17.3917 29.3865
      vertex 44.8361 17.5125 29.7584
    endloop
  endfacet
  facet normal -4.16106e-06 -0.951027 0.309109
    outer loop
      vertex 44.0577 17.342 29.2335
      vertex 43.6787 17.4725 29.635
      vertex 43.46 17.4008 29.4144
    endloop
  endfacet
  facet normal -0.000240352 -0.951104 0.308869
    outer loop
      vertex 44.5566 17.3917 29.3865
      vertex 44.4177 17.5305 29.8138
      vertex 44.39 17.4009 29.4147
    endloop
  endfacet
  facet normal -0.000507411 -0.951141 0.308757
    outer loop
      vertex 43.9989 17.516 29.7691
      vertex 44.126 17.3756 29.3368
      vertex 44.2341 17.3945 29.3952
    endloop
  endfacet
  facet normal 0.000139277 -0.950987 0.309232
    outer loop
      vertex 43.6787 17.4725 29.635
      vertex 44.0577 17.342 29.2335
      vertex 44.126 17.3756 29.3368
    endloop
  endfacet
  facet normal -2.59113e-05 -0.950997 0.309201
    outer loop
      vertex 44.0211 17.2918 29.0792
      vertex 43.46 17.4008 29.4144
      vertex 43.3456 17.3018 29.1099
    endloop
  endfacet
  facet normal 8.02346e-05 -0.950945 0.309361
    outer loop
      vertex 43.46 17.4008 29.4144
      vertex 44.0211 17.2918 29.0792
      vertex 44.0577 17.342 29.2335
    endloop
  endfacet
  facet normal 6.55127e-05 -0.951099 0.308885
    outer loop
      vertex 44.669 17.3642 29.3018
      vertex 44.8361 17.5125 29.7584
      vertex 44.5566 17.3917 29.3865
    endloop
  endfacet
  facet normal 0.000122941 -0.951105 0.308866
    outer loop
      vertex 44.8361 17.5125 29.7584
      vertex 44.669 17.3642 29.3018
      vertex 45.1462 17.4586 29.5923
    endloop
  endfacet
  facet normal 1.22807e-05 -0.951052 0.309031
    outer loop
      vertex 44.733 17.3178 29.159
      vertex 45.1462 17.4586 29.5923
      vertex 44.669 17.3642 29.3018
    endloop
  endfacet
  facet normal 3.94697e-05 -0.95106 0.309007
    outer loop
      vertex 45.1462 17.4586 29.5923
      vertex 44.733 17.3178 29.159
      vertex 45.3382 17.3715 29.3242
    endloop
  endfacet
  facet normal 8.1343e-06 -0.951026 0.309111
    outer loop
      vertex 44.733 17.3178 29.159
      vertex 45.4021 17.2541 28.963
      vertex 45.3382 17.3715 29.3242
    endloop
  endfacet
  facet normal -6.38482e-05 -0.951098 0.308889
    outer loop
      vertex 44.7543 17.252 28.9564
      vertex 45.4021 17.2541 28.963
      vertex 44.733 17.3178 29.159
    endloop
  endfacet
  facet normal -6.64653e-05 -0.951022 0.309122
    outer loop
      vertex 44.7543 17.2128 28.8358
      vertex 45.4021 17.2541 28.963
      vertex 44.7543 17.252 28.9564
    endloop
  endfacet
  facet normal -6.64556e-05 -0.951077 0.308953
    outer loop
      vertex 44.4223 17.1009 28.4915
      vertex 44.2171 17.2099 28.827
      vertex 43.7943 17.1932 28.7755
    endloop
  endfacet
  facet normal 6.49582e-05 -0.951046 0.30905
    outer loop
      vertex 43.9577 17.0475 28.3271
      vertex 43.7943 17.1932 28.7755
      vertex 43.485 17.1458 28.6297
    endloop
  endfacet
  facet normal 7.18371e-05 -0.951052 0.30903
    outer loop
      vertex 44.4223 17.1009 28.4915
      vertex 44.7543 17.2128 28.8358
      vertex 44.2171 17.2099 28.827
    endloop
  endfacet
  facet normal -7.65774e-05 -0.951007 0.309168
    outer loop
      vertex 44.7543 17.1023 28.4959
      vertex 45.4021 17.2541 28.963
      vertex 44.7543 17.2128 28.8358
    endloop
  endfacet
  facet normal 0.000159955 -0.951022 0.309122
    outer loop
      vertex 45.4021 16.9734 28.099
      vertex 44.7543 17.1023 28.4959
      vertex 44.7543 17.0631 28.3753
    endloop
  endfacet
  facet normal 4.06875e-05 -0.951105 0.308869
    outer loop
      vertex 45.4021 16.9734 28.099
      vertex 44.7543 17.0631 28.3753
      vertex 44.7364 17.0139 28.2238
    endloop
  endfacet
  facet normal 6.83607e-05 -0.951066 0.308987
    outer loop
      vertex 44.7543 17.1023 28.4959
      vertex 45.4021 16.9734 28.099
      vertex 45.4021 17.2541 28.963
    endloop
  endfacet
  facet normal 9.89608e-05 -0.951055 0.309023
    outer loop
      vertex 44.835 16.8829 27.8206
      vertex 44.7364 17.0139 28.2238
      vertex 44.6828 16.9673 28.0804
    endloop
  endfacet
  facet normal -0.000303701 -0.951119 0.308824
    outer loop
      vertex 44.8212 16.8829 27.8206
      vertex 44.6828 16.9673 28.0804
      vertex 44.5978 16.927 27.9562
    endloop
  endfacet
  facet normal 7.13e-05 -0.951057 0.309017
    outer loop
      vertex 44.7364 17.0139 28.2238
      vertex 44.835 16.8829 27.8206
      vertex 45.4021 16.9734 28.099
    endloop
  endfacet
  facet normal 0.000104022 -0.950922 0.309431
    outer loop
      vertex 44.8212 16.8829 27.8206
      vertex 44.5978 16.927 27.9562
      vertex 44.4857 16.8964 27.8622
    endloop
  endfacet
  facet normal -6.80219e-05 -0.950973 0.309273
    outer loop
      vertex 45.4021 16.9734 28.099
      vertex 44.835 16.8829 27.8206
      vertex 45.4139 16.9186 27.9305
    endloop
  endfacet
  facet normal 0 -0.951072 0.30897
    outer loop
      vertex 44.6828 16.9673 28.0804
      vertex 44.8212 16.8829 27.8206
      vertex 44.835 16.8829 27.8206
    endloop
  endfacet
  facet normal -0.000215681 -0.951081 0.308941
    outer loop
      vertex 44.4799 16.7691 27.4703
      vertex 44.4857 16.8964 27.8622
      vertex 44.3534 16.8772 27.803
    endloop
  endfacet
  facet normal -5.41507e-06 -0.951058 0.309013
    outer loop
      vertex 44.4799 16.7691 27.4703
      vertex 44.3534 16.8772 27.803
      vertex 44.2078 16.8708 27.7833
    endloop
  endfacet
  facet normal -0.000170221 -0.951035 0.309083
    outer loop
      vertex 44.0003 16.7311 27.3535
      vertex 43.99 16.8975 27.8655
      vertex 43.6781 16.7464 27.4004
    endloop
  endfacet
  facet normal 0.000530265 -0.951031 0.309096
    outer loop
      vertex 43.99 16.8975 27.8655
      vertex 44.0003 16.7311 27.3535
      vertex 44.0854 16.8775 27.8038
    endloop
  endfacet
  facet normal 8.07274e-05 -0.951036 0.309081
    outer loop
      vertex 44.4799 16.7691 27.4703
      vertex 44.2078 16.8708 27.7833
      vertex 44.0003 16.7311 27.3535
    endloop
  endfacet
  facet normal -0.000264417 -0.950987 0.309232
    outer loop
      vertex 44.0854 16.8775 27.8038
      vertex 44.0003 16.7311 27.3535
      vertex 44.2078 16.8708 27.7833
    endloop
  endfacet
  facet normal 3.6318e-05 -0.951082 0.308937
    outer loop
      vertex 44.4857 16.8964 27.8622
      vertex 44.4799 16.7691 27.4703
      vertex 44.8212 16.8829 27.8206
    endloop
  endfacet
  facet normal 4.12553e-05 -0.951142 0.308753
    outer loop
      vertex 44.8814 16.8197 27.6259
      vertex 45.4139 16.9186 27.9305
      vertex 44.835 16.8829 27.8206
    endloop
  endfacet
  facet normal 0.000189453 -0.951218 0.308518
    outer loop
      vertex 45.4139 16.9186 27.9305
      vertex 44.8814 16.8197 27.6259
      vertex 45.4494 16.884 27.8238
    endloop
  endfacet
  facet normal -4.27019e-05 -0.951023 0.309121
    outer loop
      vertex 45.1229 16.7461 27.3995
      vertex 45.4494 16.884 27.8238
      vertex 44.8814 16.8197 27.6259
    endloop
  endfacet
  facet normal -0.000151507 -0.950998 0.309197
    outer loop
      vertex 45.3353 16.7368 27.371
      vertex 45.4494 16.884 27.8238
      vertex 45.1229 16.7461 27.3995
    endloop
  endfacet
  facet normal 0.744033 -0.206468 -0.635442
    outer loop
      vertex 49.3557 16.8708 27.7833
      vertex 49.0513 17.3367 27.2755
      vertex 49.3557 17.4414 27.5979
    endloop
  endfacet
  facet normal 0.744063 -0.206425 -0.63542
    outer loop
      vertex 49.0513 17.3367 27.2755
      vertex 49.3557 16.8708 27.7833
      vertex 49.0513 16.766 27.4609
    endloop
  endfacet
  facet normal 0 -0.309018 -0.951056
    outer loop
      vertex 49.3557 16.8708 27.7833
      vertex 49.3649 17.4414 27.5979
      vertex 49.3649 16.8708 27.7833
    endloop
  endfacet
  facet normal -0 -0.309018 -0.951056
    outer loop
      vertex 49.3649 17.4414 27.5979
      vertex 49.3557 16.8708 27.7833
      vertex 49.3557 17.4414 27.5979
    endloop
  endfacet
  facet normal -0.999528 -0.009497 -0.0292286
    outer loop
      vertex 49.3681 17.4093 27.4989
      vertex 49.3649 16.8708 27.7833
      vertex 49.3649 17.4414 27.5979
    endloop
  endfacet
  facet normal -0.999528 -0.00949268 -0.0292205
    outer loop
      vertex 49.3649 16.8708 27.7833
      vertex 49.3681 17.4093 27.4989
      vertex 49.3681 16.8386 27.6843
    endloop
  endfacet
  facet normal -0.997243 -0.0229282 -0.0705778
    outer loop
      vertex 49.3776 17.3698 27.3775
      vertex 49.3681 16.8386 27.6843
      vertex 49.3681 17.4093 27.4989
    endloop
  endfacet
  facet normal -0.997241 -0.0229373 -0.0705936
    outer loop
      vertex 49.3681 16.8386 27.6843
      vertex 49.3776 17.3698 27.3775
      vertex 49.3776 16.7992 27.5629
    endloop
  endfacet
  facet normal -0.994615 -0.0320261 -0.0985659
    outer loop
      vertex 49.3894 17.3348 27.2698
      vertex 49.3776 16.7992 27.5629
      vertex 49.3776 17.3698 27.3775
    endloop
  endfacet
  facet normal -0.994615 -0.0320261 -0.0985659
    outer loop
      vertex 49.3776 16.7992 27.5629
      vertex 49.3894 17.3348 27.2698
      vertex 49.3894 16.7642 27.4552
    endloop
  endfacet
  facet normal -0.986514 -0.0505784 -0.155664
    outer loop
      vertex 49.3995 17.316 27.2119
      vertex 49.3894 16.7642 27.4552
      vertex 49.3894 17.3348 27.2698
    endloop
  endfacet
  facet normal -0.986514 -0.0505784 -0.155664
    outer loop
      vertex 49.3894 16.7642 27.4552
      vertex 49.3995 17.316 27.2119
      vertex 49.3995 16.7454 27.3973
    endloop
  endfacet
  facet normal 0 -0.309018 -0.951056
    outer loop
      vertex 49.3995 16.7454 27.3973
      vertex 50.0266 17.316 27.2119
      vertex 50.0266 16.7454 27.3973
    endloop
  endfacet
  facet normal -0 -0.309018 -0.951056
    outer loop
      vertex 50.0266 17.316 27.2119
      vertex 49.3995 16.7454 27.3973
      vertex 49.3995 17.316 27.2119
    endloop
  endfacet
  facet normal 0.998891 0.0145465 0.0447693
    outer loop
      vertex 50.0128 16.8359 27.6758
      vertex 50.0266 17.316 27.2119
      vertex 50.0128 17.4065 27.4904
    endloop
  endfacet
  facet normal 0.998891 0.0145465 0.0447693
    outer loop
      vertex 50.0266 17.316 27.2119
      vertex 50.0128 16.8359 27.6758
      vertex 50.0266 16.7454 27.3973
    endloop
  endfacet
  facet normal 0.999833 0.00565714 0.0174045
    outer loop
      vertex 50.0082 16.9135 27.9149
      vertex 50.0128 17.4065 27.4904
      vertex 50.0082 17.4842 27.7294
    endloop
  endfacet
  facet normal 0.999833 0.00565383 0.0174006
    outer loop
      vertex 50.0128 17.4065 27.4904
      vertex 50.0082 16.9135 27.9149
      vertex 50.0128 16.8359 27.6758
    endloop
  endfacet
  facet normal 1 0 0
    outer loop
      vertex 50.0082 17.8027 30.6514
      vertex 50.0082 17.4842 27.7294
      vertex 50.0082 18.3733 30.466
    endloop
  endfacet
  facet normal 1 0 -0
    outer loop
      vertex 50.0082 17.4842 27.7294
      vertex 50.0082 17.8027 30.6514
      vertex 50.0082 16.9135 27.9149
    endloop
  endfacet
  facet normal -0 0.309018 0.951056
    outer loop
      vertex 49.3603 18.3733 30.466
      vertex 50.0082 17.8027 30.6514
      vertex 50.0082 18.3733 30.466
    endloop
  endfacet
  facet normal 0 0.309018 0.951056
    outer loop
      vertex 50.0082 17.8027 30.6514
      vertex 49.3603 18.3733 30.466
      vertex 49.3603 17.8027 30.6514
    endloop
  endfacet
  facet normal -1 0 0
    outer loop
      vertex 49.3603 18.0919 29.5999
      vertex 49.3603 17.8027 30.6514
      vertex 49.3603 18.3733 30.466
    endloop
  endfacet
  facet normal -1 0 -0
    outer loop
      vertex 49.3603 17.8027 30.6514
      vertex 49.3603 18.0919 29.5999
      vertex 49.3603 17.5213 29.7853
    endloop
  endfacet
  facet normal -0.999937 -0.0034628 -0.0106573
    outer loop
      vertex 49.3649 17.9651 29.2095
      vertex 49.3603 17.5213 29.7853
      vertex 49.3603 18.0919 29.5999
    endloop
  endfacet
  facet normal -0.999937 -0.00346199 -0.0106567
    outer loop
      vertex 49.3603 17.5213 29.7853
      vertex 49.3649 17.9651 29.2095
      vertex 49.3649 17.3944 29.3949
    endloop
  endfacet
  facet normal -0 0.308969 0.951072
    outer loop
      vertex 49.3603 17.9651 29.2095
      vertex 49.3649 17.3944 29.3949
      vertex 49.3649 17.9651 29.2095
    endloop
  endfacet
  facet normal 0 0.308969 0.951072
    outer loop
      vertex 49.3649 17.3944 29.3949
      vertex 49.3603 17.9651 29.2095
      vertex 49.3603 17.3944 29.3949
    endloop
  endfacet
  facet normal 0.836231 0.169458 0.521537
    outer loop
      vertex 49.2344 17.4538 29.5775
      vertex 49.3603 17.9651 29.2095
      vertex 49.2344 18.0244 29.3921
    endloop
  endfacet
  facet normal 0.836272 0.169412 0.521487
    outer loop
      vertex 49.3603 17.9651 29.2095
      vertex 49.2344 17.4538 29.5775
      vertex 49.3603 17.3944 29.3949
    endloop
  endfacet
  facet normal 0.628673 0.240276 0.73962
    outer loop
      vertex 49.064 17.4963 29.7085
      vertex 49.2344 18.0244 29.3921
      vertex 49.064 18.067 29.5231
    endloop
  endfacet
  facet normal 0.628588 0.240335 0.739673
    outer loop
      vertex 49.2344 18.0244 29.3921
      vertex 49.064 17.4963 29.7085
      vertex 49.2344 17.4538 29.5775
    endloop
  endfacet
  facet normal 0.366469 0.28752 0.884891
    outer loop
      vertex 48.8534 17.522 29.7874
      vertex 49.064 18.067 29.5231
      vertex 48.8534 18.0926 29.602
    endloop
  endfacet
  facet normal 0.366587 0.28746 0.884862
    outer loop
      vertex 49.064 18.067 29.5231
      vertex 48.8534 17.522 29.7874
      vertex 49.064 17.4963 29.7085
    endloop
  endfacet
  facet normal 0.111329 0.307198 0.945111
    outer loop
      vertex 48.6064 17.5305 29.8138
      vertex 48.8534 18.0926 29.602
      vertex 48.6064 18.1012 29.6283
    endloop
  endfacet
  facet normal 0.111584 0.307088 0.945117
    outer loop
      vertex 48.8534 18.0926 29.602
      vertex 48.6064 17.5305 29.8138
      vertex 48.8534 17.522 29.7874
    endloop
  endfacet
  facet normal -0.203276 0.302666 0.931167
    outer loop
      vertex 48.1997 18.0751 29.548
      vertex 48.6064 17.5305 29.8138
      vertex 48.6064 18.1012 29.6283
    endloop
  endfacet
  facet normal -0.203495 0.302504 0.931172
    outer loop
      vertex 48.6064 17.5305 29.8138
      vertex 48.1997 18.0751 29.548
      vertex 48.1997 17.5044 29.7334
    endloop
  endfacet
  facet normal -0.64226 0.236821 0.728984
    outer loop
      vertex 47.8974 17.9968 29.3071
      vertex 48.1997 17.5044 29.7334
      vertex 48.1997 18.0751 29.548
    endloop
  endfacet
  facet normal -0.64226 0.236821 0.728984
    outer loop
      vertex 48.1997 17.5044 29.7334
      vertex 47.8974 17.9968 29.3071
      vertex 47.8974 17.4261 29.4925
    endloop
  endfacet
  facet normal -0.908709 0.128973 0.397007
    outer loop
      vertex 47.7098 17.8706 28.9187
      vertex 47.8974 17.4261 29.4925
      vertex 47.8974 17.9968 29.3071
    endloop
  endfacet
  facet normal -0.908709 0.128973 0.397007
    outer loop
      vertex 47.8974 17.4261 29.4925
      vertex 47.7098 17.8706 28.9187
      vertex 47.7098 17.2999 29.1041
    endloop
  endfacet
  facet normal -0.993573 0.0349725 0.107653
    outer loop
      vertex 47.6472 17.7008 28.3961
      vertex 47.7098 17.2999 29.1041
      vertex 47.7098 17.8706 28.9187
    endloop
  endfacet
  facet normal -0.993573 0.0349725 0.107653
    outer loop
      vertex 47.7098 17.2999 29.1041
      vertex 47.6472 17.7008 28.3961
      vertex 47.6472 17.1301 28.5815
    endloop
  endfacet
  facet normal -0.994076 -0.0335804 -0.103367
    outer loop
      vertex 47.7066 17.5329 27.8794
      vertex 47.6472 17.1301 28.5815
      vertex 47.6472 17.7008 28.3961
    endloop
  endfacet
  facet normal -0.994076 -0.0335804 -0.103367
    outer loop
      vertex 47.6472 17.1301 28.5815
      vertex 47.7066 17.5329 27.8794
      vertex 47.7066 16.9622 28.0648
    endloop
  endfacet
  facet normal -0.916433 -0.123646 -0.380607
    outer loop
      vertex 47.8847 17.4069 27.4915
      vertex 47.7066 16.9622 28.0648
      vertex 47.7066 17.5329 27.8794
    endloop
  endfacet
  facet normal -0.916433 -0.123646 -0.380607
    outer loop
      vertex 47.7066 16.9622 28.0648
      vertex 47.8847 17.4069 27.4915
      vertex 47.8847 16.8362 27.6769
    endloop
  endfacet
  facet normal -0.664185 -0.231012 -0.71098
    outer loop
      vertex 47.8847 16.8362 27.6769
      vertex 48.1718 17.328 27.2489
      vertex 48.1718 16.7574 27.4343
    endloop
  endfacet
  facet normal -0.66423 -0.230963 -0.710954
    outer loop
      vertex 48.1718 17.328 27.2489
      vertex 47.8847 16.8362 27.6769
      vertex 47.8847 17.4069 27.4915
    endloop
  endfacet
  facet normal -0.214935 -0.301748 -0.928844
    outer loop
      vertex 48.1718 16.7574 27.4343
      vertex 48.5579 17.3018 27.1681
      vertex 48.5579 16.7311 27.3535
    endloop
  endfacet
  facet normal -0.214861 -0.301801 -0.928844
    outer loop
      vertex 48.5579 17.3018 27.1681
      vertex 48.1718 16.7574 27.4343
      vertex 48.1718 17.328 27.2489
    endloop
  endfacet
  facet normal 0.223108 -0.301181 -0.927099
    outer loop
      vertex 48.5579 17.3018 27.1681
      vertex 49.0513 16.766 27.4609
      vertex 48.5579 16.7311 27.3535
    endloop
  endfacet
  facet normal 0.223108 -0.301181 -0.927099
    outer loop
      vertex 49.0513 16.766 27.4609
      vertex 48.5579 17.3018 27.1681
      vertex 49.0513 17.3367 27.2755
    endloop
  endfacet
  facet normal 0.980549 0.0606435 0.186673
    outer loop
      vertex 48.3228 17.1301 28.5815
      vertex 48.4502 17.5041 27.7908
      vertex 48.3228 17.7008 28.3961
    endloop
  endfacet
  facet normal 0.980541 0.0606942 0.186696
    outer loop
      vertex 48.4502 17.5041 27.7908
      vertex 48.3228 17.1301 28.5815
      vertex 48.4502 16.9335 27.9763
    endloop
  endfacet
  facet normal 0.996498 -0.0258395 -0.0795255
    outer loop
      vertex 48.3545 17.2469 28.9408
      vertex 48.3228 17.7008 28.3961
      vertex 48.3545 17.8175 28.7554
    endloop
  endfacet
  facet normal 0.996498 -0.0258333 -0.0795204
    outer loop
      vertex 48.3228 17.7008 28.3961
      vertex 48.3545 17.2469 28.9408
      vertex 48.3228 17.1301 28.5815
    endloop
  endfacet
  facet normal 0.941852 -0.103822 -0.319587
    outer loop
      vertex 48.4496 17.3292 29.1943
      vertex 48.3545 17.8175 28.7554
      vertex 48.4496 17.8999 29.0089
    endloop
  endfacet
  facet normal 0.94184 -0.103849 -0.319614
    outer loop
      vertex 48.3545 17.8175 28.7554
      vertex 48.4496 17.3292 29.1943
      vertex 48.3545 17.2469 28.9408
    endloop
  endfacet
  facet normal 0.702752 -0.219811 -0.676626
    outer loop
      vertex 48.6098 17.3781 29.3448
      vertex 48.4496 17.8999 29.0089
      vertex 48.6098 17.9488 29.1594
    endloop
  endfacet
  facet normal 0.702752 -0.219811 -0.676626
    outer loop
      vertex 48.4496 17.8999 29.0089
      vertex 48.6098 17.3781 29.3448
      vertex 48.4496 17.3292 29.1943
    endloop
  endfacet
  facet normal 0.225894 -0.300983 -0.926489
    outer loop
      vertex 48.6098 17.9488 29.1594
      vertex 48.837 17.3944 29.3949
      vertex 48.6098 17.3781 29.3448
    endloop
  endfacet
  facet normal 0.225894 -0.300983 -0.926489
    outer loop
      vertex 48.837 17.3944 29.3949
      vertex 48.6098 17.9488 29.1594
      vertex 48.837 17.9651 29.2095
    endloop
  endfacet
  facet normal -0.22926 -0.300934 -0.925677
    outer loop
      vertex 48.837 17.3944 29.3949
      vertex 49.0678 17.9482 29.1577
      vertex 49.0678 17.3776 29.3432
    endloop
  endfacet
  facet normal -0.229763 -0.300703 -0.925628
    outer loop
      vertex 49.0678 17.9482 29.1577
      vertex 48.837 17.3944 29.3949
      vertex 48.837 17.9651 29.2095
    endloop
  endfacet
  facet normal -0.69972 -0.220876 -0.679416
    outer loop
      vertex 49.2346 17.8978 29.0023
      vertex 49.0678 17.3776 29.3432
      vertex 49.0678 17.9482 29.1577
    endloop
  endfacet
  facet normal -0.699996 -0.22065 -0.679205
    outer loop
      vertex 49.0678 17.3776 29.3432
      vertex 49.2346 17.8978 29.0023
      vertex 49.2346 17.3271 29.1877
    endloop
  endfacet
  facet normal -0.933858 -0.110501 -0.340145
    outer loop
      vertex 49.3358 17.8161 28.751
      vertex 49.2346 17.3271 29.1877
      vertex 49.2346 17.8978 29.0023
    endloop
  endfacet
  facet normal -0.933844 -0.11053 -0.340174
    outer loop
      vertex 49.2346 17.3271 29.1877
      vertex 49.3358 17.8161 28.751
      vertex 49.3358 17.2455 28.9364
    endloop
  endfacet
  facet normal -0.995576 -0.0290339 -0.0893568
    outer loop
      vertex 49.3695 17.7057 28.4114
      vertex 49.3358 17.2455 28.9364
      vertex 49.3358 17.8161 28.751
    endloop
  endfacet
  facet normal -0.995576 -0.0290339 -0.0893568
    outer loop
      vertex 49.3358 17.2455 28.9364
      vertex 49.3695 17.7057 28.4114
      vertex 49.3695 17.1351 28.5968
    endloop
  endfacet
  facet normal -0.995469 0.0293833 0.0904319
    outer loop
      vertex 49.3344 17.5922 28.0619
      vertex 49.3695 17.1351 28.5968
      vertex 49.3695 17.7057 28.4114
    endloop
  endfacet
  facet normal -0.995469 0.0293833 0.0904319
    outer loop
      vertex 49.3695 17.1351 28.5968
      vertex 49.3344 17.5922 28.0619
      vertex 49.3344 17.0216 28.2473
    endloop
  endfacet
  facet normal -0.932479 0.111625 0.343544
    outer loop
      vertex 49.2289 17.508 27.8029
      vertex 49.3344 17.0216 28.2473
      vertex 49.3344 17.5922 28.0619
    endloop
  endfacet
  facet normal -0.932479 0.111625 0.343544
    outer loop
      vertex 49.3344 17.0216 28.2473
      vertex 49.2289 17.508 27.8029
      vertex 49.2289 16.9374 27.9883
    endloop
  endfacet
  facet normal -0.705326 0.219058 0.674188
    outer loop
      vertex 49.0594 17.4559 27.6425
      vertex 49.2289 16.9374 27.9883
      vertex 49.2289 17.508 27.8029
    endloop
  endfacet
  facet normal -0.705126 0.219226 0.674342
    outer loop
      vertex 49.2289 16.9374 27.9883
      vertex 49.0594 17.4559 27.6425
      vertex 49.0594 16.8853 27.828
    endloop
  endfacet
  facet normal -0.239949 0.300137 0.923224
    outer loop
      vertex 48.8323 17.4386 27.5891
      vertex 49.0594 16.8853 27.828
      vertex 49.0594 17.4559 27.6425
    endloop
  endfacet
  facet normal -0.240457 0.299904 0.923167
    outer loop
      vertex 49.0594 16.8853 27.828
      vertex 48.8323 17.4386 27.5891
      vertex 48.8323 16.8679 27.7745
    endloop
  endfacet
  facet normal 0.485277 0.270325 0.831523
    outer loop
      vertex 48.4502 16.9335 27.9763
      vertex 48.8323 17.4386 27.5891
      vertex 48.4502 17.5041 27.7908
    endloop
  endfacet
  facet normal 0.485498 0.270113 0.831463
    outer loop
      vertex 48.8323 17.4386 27.5891
      vertex 48.4502 16.9335 27.9763
      vertex 48.8323 16.8679 27.7745
    endloop
  endfacet
  facet normal 0.995059 -0.0306817 -0.0944281
    outer loop
      vertex 46.6702 17.2281 28.8829
      vertex 46.6365 17.6943 28.3763
      vertex 46.6702 17.7987 28.6975
    endloop
  endfacet
  facet normal 0.995059 -0.0306817 -0.0944281
    outer loop
      vertex 46.6365 17.6943 28.3763
      vertex 46.6702 17.2281 28.8829
      vertex 46.6365 17.1237 28.5617
    endloop
  endfacet
  facet normal 0.92332 -0.118654 -0.365243
    outer loop
      vertex 46.7714 17.3032 29.1143
      vertex 46.6702 17.7987 28.6975
      vertex 46.7714 17.8739 28.9289
    endloop
  endfacet
  facet normal 0.923302 -0.118686 -0.365276
    outer loop
      vertex 46.6702 17.7987 28.6975
      vertex 46.7714 17.3032 29.1143
      vertex 46.6702 17.2281 28.8829
    endloop
  endfacet
  facet normal 0.672718 -0.228606 -0.703697
    outer loop
      vertex 46.7714 17.8739 28.9289
      vertex 46.9331 17.3487 29.2541
      vertex 46.7714 17.3032 29.1143
    endloop
  endfacet
  facet normal 0.67264 -0.228664 -0.703753
    outer loop
      vertex 46.9331 17.3487 29.2541
      vertex 46.7714 17.8739 28.9289
      vertex 46.9331 17.9193 29.0687
    endloop
  endfacet
  facet normal 0.221852 -0.301318 -0.927356
    outer loop
      vertex 46.9331 17.9193 29.0687
      vertex 47.1484 17.3638 29.3007
      vertex 46.9331 17.3487 29.2541
    endloop
  endfacet
  facet normal 0.221442 -0.301493 -0.927397
    outer loop
      vertex 47.1484 17.3638 29.3007
      vertex 46.9331 17.9193 29.0687
      vertex 47.1484 17.9344 29.1152
    endloop
  endfacet
  facet normal -0.0674534 -0.308266 -0.948906
    outer loop
      vertex 47.1484 17.3638 29.3007
      vertex 47.2775 17.9318 29.107
      vertex 47.2775 17.3611 29.2924
    endloop
  endfacet
  facet normal -0.0664839 -0.308485 -0.948903
    outer loop
      vertex 47.2775 17.9318 29.107
      vertex 47.1484 17.3638 29.3007
      vertex 47.1484 17.9344 29.1152
    endloop
  endfacet
  facet normal -0.172741 -0.304325 -0.936775
    outer loop
      vertex 47.2775 17.3611 29.2924
      vertex 47.425 17.9238 29.0824
      vertex 47.425 17.3531 29.2678
    endloop
  endfacet
  facet normal -0.172741 -0.304325 -0.936775
    outer loop
      vertex 47.425 17.9238 29.0824
      vertex 47.2775 17.3611 29.2924
      vertex 47.2775 17.9318 29.107
    endloop
  endfacet
  facet normal 1 0 0
    outer loop
      vertex 47.425 17.5206 29.7831
      vertex 47.425 17.9238 29.0824
      vertex 47.425 18.0912 29.5977
    endloop
  endfacet
  facet normal 1 0 0
    outer loop
      vertex 47.425 17.9238 29.0824
      vertex 47.425 17.5206 29.7831
      vertex 47.425 17.3531 29.2678
    endloop
  endfacet
  facet normal 0.281729 0.296501 0.912533
    outer loop
      vertex 47.3369 17.5286 29.8077
      vertex 47.425 18.0912 29.5977
      vertex 47.3369 18.0992 29.6223
    endloop
  endfacet
  facet normal 0.281729 0.296501 0.912533
    outer loop
      vertex 47.425 18.0912 29.5977
      vertex 47.3369 17.5286 29.8077
      vertex 47.425 17.5206 29.7831
    endloop
  endfacet
  facet normal 0.0774192 0.308042 0.948218
    outer loop
      vertex 47.2245 17.5312 29.816
      vertex 47.3369 18.0992 29.6223
      vertex 47.2245 18.1019 29.6306
    endloop
  endfacet
  facet normal 0.0771467 0.308097 0.948222
    outer loop
      vertex 47.3369 18.0992 29.6223
      vertex 47.2245 17.5312 29.816
      vertex 47.3369 17.5286 29.8077
    endloop
  endfacet
  facet normal -0.0929943 0.30763 0.946951
    outer loop
      vertex 47.085 18.0979 29.6182
      vertex 47.2245 17.5312 29.816
      vertex 47.2245 18.1019 29.6306
    endloop
  endfacet
  facet normal -0.0929943 0.30763 0.946951
    outer loop
      vertex 47.2245 17.5312 29.816
      vertex 47.085 18.0979 29.6182
      vertex 47.085 17.5272 29.8036
    endloop
  endfacet
  facet normal -0.322647 0.292445 0.900208
    outer loop
      vertex 46.9708 18.0858 29.5812
      vertex 47.085 17.5272 29.8036
      vertex 47.085 18.0979 29.6182
    endloop
  endfacet
  facet normal -0.322418 0.292516 0.900267
    outer loop
      vertex 47.085 17.5272 29.8036
      vertex 46.9708 18.0858 29.5812
      vertex 46.9708 17.5152 29.7666
    endloop
  endfacet
  facet normal -0.570918 0.253706 0.780824
    outer loop
      vertex 46.8763 18.0655 29.5187
      vertex 46.9708 17.5152 29.7666
      vertex 46.9708 18.0858 29.5812
    endloop
  endfacet
  facet normal -0.570918 0.253706 0.780824
    outer loop
      vertex 46.9708 17.5152 29.7666
      vertex 46.8763 18.0655 29.5187
      vertex 46.8763 17.4949 29.7041
    endloop
  endfacet
  facet normal -0.756516 0.20209 0.621967
    outer loop
      vertex 46.7956 18.0367 29.4299
      vertex 46.8763 17.4949 29.7041
      vertex 46.8763 18.0655 29.5187
    endloop
  endfacet
  facet normal -0.756623 0.20202 0.621859
    outer loop
      vertex 46.8763 17.4949 29.7041
      vertex 46.7956 18.0367 29.4299
      vertex 46.7956 17.466 29.6153
    endloop
  endfacet
  facet normal -0.879726 0.146909 0.452216
    outer loop
      vertex 46.7166 17.9915 29.2909
      vertex 46.7956 17.466 29.6153
      vertex 46.7956 18.0367 29.4299
    endloop
  endfacet
  facet normal -0.879555 0.147102 0.452487
    outer loop
      vertex 46.7956 17.466 29.6153
      vertex 46.7166 17.9915 29.2909
      vertex 46.7166 17.4209 29.4764
    endloop
  endfacet
  facet normal -0.928828 0.114551 0.35236
    outer loop
      vertex 46.6273 17.9223 29.078
      vertex 46.7166 17.4209 29.4764
      vertex 46.7166 17.9915 29.2909
    endloop
  endfacet
  facet normal -0.928882 0.114453 0.352249
    outer loop
      vertex 46.7166 17.4209 29.4764
      vertex 46.6273 17.9223 29.078
      vertex 46.6273 17.3517 29.2634
    endloop
  endfacet
  facet normal -0 0.309018 0.951056
    outer loop
      vertex 46.6181 17.9223 29.078
      vertex 46.6273 17.3517 29.2634
      vertex 46.6273 17.9223 29.078
    endloop
  endfacet
  facet normal 0 0.309018 0.951056
    outer loop
      vertex 46.6273 17.3517 29.2634
      vertex 46.6181 17.9223 29.078
      vertex 46.6181 17.3517 29.2634
    endloop
  endfacet
  facet normal 0.999616 0.00855932 0.0263474
    outer loop
      vertex 46.6152 17.384 29.3629
      vertex 46.6181 17.9223 29.078
      vertex 46.6152 17.9547 29.1775
    endloop
  endfacet
  facet normal 0.999616 0.00856321 0.0263547
    outer loop
      vertex 46.6181 17.9223 29.078
      vertex 46.6152 17.384 29.3629
      vertex 46.6181 17.3517 29.2634
    endloop
  endfacet
  facet normal 0.998773 0.0153018 0.0470939
    outer loop
      vertex 46.6065 17.4383 29.5298
      vertex 46.6152 17.9547 29.1775
      vertex 46.6065 18.0089 29.3444
    endloop
  endfacet
  facet normal 0.998774 0.0152967 0.0470864
    outer loop
      vertex 46.6152 17.9547 29.1775
      vertex 46.6065 17.4383 29.5298
      vertex 46.6152 17.384 29.3629
    endloop
  endfacet
  facet normal 0.99814 0.0188377 0.0579763
    outer loop
      vertex 46.5962 17.4904 29.6902
      vertex 46.6065 18.0089 29.3444
      vertex 46.5962 18.061 29.5048
    endloop
  endfacet
  facet normal 0.99814 0.0188377 0.0579763
    outer loop
      vertex 46.6065 18.0089 29.3444
      vertex 46.5962 17.4904 29.6902
      vertex 46.6065 17.4383 29.5298
    endloop
  endfacet
  facet normal 0.995361 0.0297298 0.0914984
    outer loop
      vertex 46.5881 17.5163 29.7699
      vertex 46.5962 18.061 29.5048
      vertex 46.5881 18.0869 29.5845
    endloop
  endfacet
  facet normal 0.995361 0.0297298 0.0914984
    outer loop
      vertex 46.5962 18.061 29.5048
      vertex 46.5881 17.5163 29.7699
      vertex 46.5962 17.4904 29.6902
    endloop
  endfacet
  facet normal -0 0.309018 0.951056
    outer loop
      vertex 45.9702 18.0869 29.5845
      vertex 46.5881 17.5163 29.7699
      vertex 46.5881 18.0869 29.5845
    endloop
  endfacet
  facet normal 0 0.309018 0.951056
    outer loop
      vertex 46.5881 17.5163 29.7699
      vertex 45.9702 18.0869 29.5845
      vertex 45.9702 17.5163 29.7699
    endloop
  endfacet
  facet normal -0.998325 -0.0178799 -0.0550284
    outer loop
      vertex 45.9768 18.0517 29.4762
      vertex 45.9702 17.5163 29.7699
      vertex 45.9702 18.0869 29.5845
    endloop
  endfacet
  facet normal -0.998322 -0.0179035 -0.0550714
    outer loop
      vertex 45.9702 17.5163 29.7699
      vertex 45.9768 18.0517 29.4762
      vertex 45.9768 17.4811 29.6617
    endloop
  endfacet
  facet normal -0.998926 -0.0143267 -0.044069
    outer loop
      vertex 45.9828 18.0117 29.3532
      vertex 45.9768 17.4811 29.6617
      vertex 45.9768 18.0517 29.4762
    endloop
  endfacet
  facet normal -0.998927 -0.0143092 -0.044039
    outer loop
      vertex 45.9768 17.4811 29.6617
      vertex 45.9828 18.0117 29.3532
      vertex 45.9828 17.4411 29.5386
    endloop
  endfacet
  facet normal -0.999593 -0.00881239 -0.0271216
    outer loop
      vertex 45.9872 17.9641 29.2065
      vertex 45.9828 17.4411 29.5386
      vertex 45.9828 18.0117 29.3532
    endloop
  endfacet
  facet normal -0.999593 -0.00881239 -0.0271216
    outer loop
      vertex 45.9828 17.4411 29.5386
      vertex 45.9872 17.9641 29.2065
      vertex 45.9872 17.3935 29.3919
    endloop
  endfacet
  facet normal -0.999972 -0.00229956 -0.00707729
    outer loop
      vertex 45.9886 17.9059 29.0276
      vertex 45.9872 17.3935 29.3919
      vertex 45.9872 17.9641 29.2065
    endloop
  endfacet
  facet normal -0.999972 -0.00229956 -0.00707729
    outer loop
      vertex 45.9872 17.3935 29.3919
      vertex 45.9886 17.9059 29.0276
      vertex 45.9886 17.3353 29.213
    endloop
  endfacet
  facet normal -1 0 0
    outer loop
      vertex 45.9886 17.316 27.2119
      vertex 45.9886 17.3353 29.213
      vertex 45.9886 17.9059 29.0276
    endloop
  endfacet
  facet normal -1 0 0
    outer loop
      vertex 45.9886 17.3353 29.213
      vertex 45.9886 17.316 27.2119
      vertex 45.9886 16.7454 27.3973
    endloop
  endfacet
  facet normal 0 -0.309018 -0.951056
    outer loop
      vertex 45.9886 16.7454 27.3973
      vertex 46.6365 17.316 27.2119
      vertex 46.6365 16.7454 27.3973
    endloop
  endfacet
  facet normal -0 -0.309018 -0.951056
    outer loop
      vertex 46.6365 17.316 27.2119
      vertex 45.9886 16.7454 27.3973
      vertex 45.9886 17.316 27.2119
    endloop
  endfacet
  facet normal 1 0 0
    outer loop
      vertex 46.6365 17.1237 28.5617
      vertex 46.6365 17.316 27.2119
      vertex 46.6365 17.6943 28.3763
    endloop
  endfacet
  facet normal 1 0 0
    outer loop
      vertex 46.6365 17.316 27.2119
      vertex 46.6365 17.1237 28.5617
      vertex 46.6365 16.7454 27.3973
    endloop
  endfacet
  facet normal 0.304607 -0.294333 -0.90586
    outer loop
      vertex 42.1861 17.3102 27.1941
      vertex 42.4432 16.765 27.4577
      vertex 42.1861 16.7396 27.3795
    endloop
  endfacet
  facet normal 0.304287 -0.294508 -0.905911
    outer loop
      vertex 42.4432 16.765 27.4577
      vertex 42.1861 17.3102 27.1941
      vertex 42.4432 17.3356 27.2722
    endloop
  endfacet
  facet normal 0.517547 -0.264542 -0.813734
    outer loop
      vertex 42.4432 17.3356 27.2722
      vertex 42.6619 16.8059 27.5835
      vertex 42.4432 16.765 27.4577
    endloop
  endfacet
  facet normal 0.517547 -0.264542 -0.813734
    outer loop
      vertex 42.6619 16.8059 27.5835
      vertex 42.4432 17.3356 27.2722
      vertex 42.6619 17.3765 27.398
    endloop
  endfacet
  facet normal 0.718508 -0.215033 -0.661443
    outer loop
      vertex 42.834 16.8608 27.7526
      vertex 42.6619 17.3765 27.398
      vertex 42.834 17.4314 27.5671
    endloop
  endfacet
  facet normal 0.718508 -0.215033 -0.661443
    outer loop
      vertex 42.6619 17.3765 27.398
      vertex 42.834 16.8608 27.7526
      vertex 42.6619 16.8059 27.5835
    endloop
  endfacet
  facet normal 0.872371 -0.151062 -0.464919
    outer loop
      vertex 42.9542 16.9271 27.9565
      vertex 42.834 17.4314 27.5671
      vertex 42.9542 17.4977 27.7711
    endloop
  endfacet
  facet normal 0.872278 -0.151187 -0.465052
    outer loop
      vertex 42.834 17.4314 27.5671
      vertex 42.9542 16.9271 27.9565
      vertex 42.834 16.8608 27.7526
    endloop
  endfacet
  facet normal 0.967683 -0.0779247 -0.239827
    outer loop
      vertex 43.0173 17.0019 28.1868
      vertex 42.9542 17.4977 27.7711
      vertex 43.0173 17.5725 28.0014
    endloop
  endfacet
  facet normal 0.967683 -0.0779247 -0.239827
    outer loop
      vertex 42.9542 17.4977 27.7711
      vertex 43.0173 17.0019 28.1868
      vertex 42.9542 16.9271 27.9565
    endloop
  endfacet
  facet normal 0.0459126 0.308794 0.95002
    outer loop
      vertex 42.3671 17.0111 28.2153
      vertex 43.0173 17.5725 28.0014
      vertex 42.3671 17.5818 28.0298
    endloop
  endfacet
  facet normal 0.046011 0.308691 0.950049
    outer loop
      vertex 43.0173 17.5725 28.0014
      vertex 42.3671 17.0111 28.2153
      vertex 43.0173 17.0019 28.1868
    endloop
  endfacet
  facet normal -0.966556 0.0792761 0.243897
    outer loop
      vertex 42.3135 17.5193 27.8377
      vertex 42.3671 17.0111 28.2153
      vertex 42.3671 17.5818 28.0298
    endloop
  endfacet
  facet normal -0.966576 0.0792265 0.243833
    outer loop
      vertex 42.3671 17.0111 28.2153
      vertex 42.3135 17.5193 27.8377
      vertex 42.3135 16.9487 28.0231
    endloop
  endfacet
  facet normal -0.820815 0.17651 0.543238
    outer loop
      vertex 42.2126 17.4745 27.6998
      vertex 42.3135 16.9487 28.0231
      vertex 42.3135 17.5193 27.8377
    endloop
  endfacet
  facet normal -0.820815 0.17651 0.543238
    outer loop
      vertex 42.3135 16.9487 28.0231
      vertex 42.2126 17.4745 27.6998
      vertex 42.2126 16.9039 27.8852
    endloop
  endfacet
  facet normal -0.530273 0.261994 0.806331
    outer loop
      vertex 42.0731 17.4476 27.6168
      vertex 42.2126 16.9039 27.8852
      vertex 42.2126 17.4745 27.6998
    endloop
  endfacet
  facet normal -0.530408 0.261926 0.806264
    outer loop
      vertex 42.2126 16.9039 27.8852
      vertex 42.0731 17.4476 27.6168
      vertex 42.0731 16.8769 27.8022
    endloop
  endfacet
  facet normal -0.169447 0.304501 0.937319
    outer loop
      vertex 41.9037 17.4386 27.5891
      vertex 42.0731 16.8769 27.8022
      vertex 42.0731 17.4476 27.6168
    endloop
  endfacet
  facet normal -0.169447 0.304501 0.937319
    outer loop
      vertex 42.0731 16.8769 27.8022
      vertex 41.9037 17.4386 27.5891
      vertex 41.9037 16.8679 27.7745
    endloop
  endfacet
  facet normal 0.49123 0.269122 0.828412
    outer loop
      vertex 41.5215 16.9345 27.9795
      vertex 41.9037 17.4386 27.5891
      vertex 41.5215 17.5052 27.7941
    endloop
  endfacet
  facet normal 0.49123 0.269122 0.828412
    outer loop
      vertex 41.9037 17.4386 27.5891
      vertex 41.5215 16.9345 27.9795
      vertex 41.9037 16.8679 27.7745
    endloop
  endfacet
  facet normal 0.981145 0.0597254 0.183815
    outer loop
      vertex 41.3941 17.1344 28.5946
      vertex 41.5215 17.5052 27.7941
      vertex 41.3941 17.705 28.4092
    endloop
  endfacet
  facet normal 0.981146 0.0597132 0.18381
    outer loop
      vertex 41.5215 17.5052 27.7941
      vertex 41.3941 17.1344 28.5946
      vertex 41.5215 16.9345 27.9795
    endloop
  endfacet
  facet normal 0.980714 -0.0603964 -0.18588
    outer loop
      vertex 41.5192 17.3284 29.1916
      vertex 41.3941 17.705 28.4092
      vertex 41.5192 17.899 29.0062
    endloop
  endfacet
  facet normal 0.980714 -0.0603964 -0.18588
    outer loop
      vertex 41.3941 17.705 28.4092
      vertex 41.5192 17.3284 29.1916
      vertex 41.3941 17.1344 28.5946
    endloop
  endfacet
  facet normal 0.486928 -0.26991 -0.830693
    outer loop
      vertex 41.5192 17.899 29.0062
      vertex 41.8945 17.393 29.3906
      vertex 41.5192 17.3284 29.1916
    endloop
  endfacet
  facet normal 0.486983 -0.269857 -0.830677
    outer loop
      vertex 41.8945 17.393 29.3906
      vertex 41.5192 17.899 29.0062
      vertex 41.8945 17.9637 29.2052
    endloop
  endfacet
  facet normal -0.157027 -0.305185 -0.939258
    outer loop
      vertex 41.8945 17.393 29.3906
      vertex 42.0743 17.9548 29.178
      vertex 42.0743 17.3842 29.3634
    endloop
  endfacet
  facet normal -0.157192 -0.305128 -0.939248
    outer loop
      vertex 42.0743 17.9548 29.178
      vertex 41.8945 17.393 29.3906
      vertex 41.8945 17.9637 29.2052
    endloop
  endfacet
  facet normal -0.539081 -0.260272 -0.801031
    outer loop
      vertex 42.0743 17.3842 29.3634
      vertex 42.208 17.9284 29.0966
      vertex 42.208 17.3578 29.282
    endloop
  endfacet
  facet normal -0.539081 -0.260272 -0.801031
    outer loop
      vertex 42.208 17.9284 29.0966
      vertex 42.0743 17.3842 29.3634
      vertex 42.0743 17.9548 29.178
    endloop
  endfacet
  facet normal -0.829018 -0.17281 -0.531851
    outer loop
      vertex 42.298 17.8872 28.9697
      vertex 42.208 17.3578 29.282
      vertex 42.208 17.9284 29.0966
    endloop
  endfacet
  facet normal -0.829078 -0.172755 -0.531775
    outer loop
      vertex 42.208 17.3578 29.282
      vertex 42.298 17.8872 28.9697
      vertex 42.298 17.3165 29.1551
    endloop
  endfacet
  facet normal -0.962628 -0.0836774 -0.257577
    outer loop
      vertex 42.3464 17.834 28.8061
      vertex 42.298 17.3165 29.1551
      vertex 42.298 17.8872 28.9697
    endloop
  endfacet
  facet normal -0.962615 -0.0837046 -0.257615
    outer loop
      vertex 42.298 17.3165 29.1551
      vertex 42.3464 17.834 28.8061
      vertex 42.3464 17.2634 28.9915
    endloop
  endfacet
  facet normal 0.0493828 -0.308641 -0.949896
    outer loop
      vertex 42.3464 17.834 28.8061
      vertex 42.9988 17.2733 29.0222
      vertex 42.3464 17.2634 28.9915
    endloop
  endfacet
  facet normal 0.04943 -0.308592 -0.949909
    outer loop
      vertex 42.9988 17.2733 29.0222
      vertex 42.3464 17.834 28.8061
      vertex 42.9988 17.844 28.8368
    endloop
  endfacet
  facet normal 0.938982 0.106275 0.327136
    outer loop
      vertex 42.8715 17.3807 29.3527
      vertex 42.9988 17.844 28.8368
      vertex 42.8715 17.9514 29.1673
    endloop
  endfacet
  facet normal 0.938982 0.106275 0.327136
    outer loop
      vertex 42.9988 17.844 28.8368
      vertex 42.8715 17.3807 29.3527
      vertex 42.9988 17.2733 29.0222
    endloop
  endfacet
  facet normal 0.746603 0.205548 0.632719
    outer loop
      vertex 42.6368 17.4621 29.6032
      vertex 42.8715 17.9514 29.1673
      vertex 42.6368 18.0328 29.4178
    endloop
  endfacet
  facet normal 0.746603 0.205548 0.632719
    outer loop
      vertex 42.8715 17.9514 29.1673
      vertex 42.6368 17.4621 29.6032
      vertex 42.8715 17.3807 29.3527
    endloop
  endfacet
  facet normal 0.453594 0.275356 0.847603
    outer loop
      vertex 42.3106 17.5134 29.7611
      vertex 42.6368 18.0328 29.4178
      vertex 42.3106 18.0841 29.5757
    endloop
  endfacet
  facet normal 0.453594 0.275356 0.847603
    outer loop
      vertex 42.6368 18.0328 29.4178
      vertex 42.3106 17.5134 29.7611
      vertex 42.6368 17.4621 29.6032
    endloop
  endfacet
  facet normal 0.136203 0.306239 0.94216
    outer loop
      vertex 41.9083 17.5305 29.8138
      vertex 42.3106 18.0841 29.5757
      vertex 41.9083 18.1012 29.6283
    endloop
  endfacet
  facet normal 0.136433 0.30608 0.942179
    outer loop
      vertex 42.3106 18.0841 29.5757
      vertex 41.9083 17.5305 29.8138
      vertex 42.3106 17.5134 29.7611
    endloop
  endfacet
  facet normal -0.167602 0.304747 0.937571
    outer loop
      vertex 41.4016 18.0745 29.5464
      vertex 41.9083 17.5305 29.8138
      vertex 41.9083 18.1012 29.6283
    endloop
  endfacet
  facet normal -0.167723 0.304641 0.937584
    outer loop
      vertex 41.9083 17.5305 29.8138
      vertex 41.4016 18.0745 29.5464
      vertex 41.4016 17.5039 29.7318
    endloop
  endfacet
  facet normal -0.566202 0.254713 0.783924
    outer loop
      vertex 41.0252 17.9946 29.3005
      vertex 41.4016 17.5039 29.7318
      vertex 41.4016 18.0745 29.5464
    endloop
  endfacet
  facet normal -0.566202 0.254713 0.783924
    outer loop
      vertex 41.4016 17.5039 29.7318
      vertex 41.0252 17.9946 29.3005
      vertex 41.0252 17.424 29.4859
    endloop
  endfacet
  facet normal -0.870549 0.152062 0.467998
    outer loop
      vertex 40.7918 17.867 28.9078
      vertex 41.0252 17.424 29.4859
      vertex 41.0252 17.9946 29.3005
    endloop
  endfacet
  facet normal -0.870549 0.152062 0.467998
    outer loop
      vertex 41.0252 17.424 29.4859
      vertex 40.7918 17.867 28.9078
      vertex 40.7918 17.2964 29.0932
    endloop
  endfacet
  facet normal -0.990128 0.0433129 0.133303
    outer loop
      vertex 40.714 17.6972 28.3851
      vertex 40.7918 17.2964 29.0932
      vertex 40.7918 17.867 28.9078
    endloop
  endfacet
  facet normal -0.990128 0.0433129 0.133303
    outer loop
      vertex 40.7918 17.2964 29.0932
      vertex 40.714 17.6972 28.3851
      vertex 40.714 17.1266 28.5705
    endloop
  endfacet
  facet normal -0.989843 -0.0439322 -0.135209
    outer loop
      vertex 40.7912 17.5311 27.8739
      vertex 40.714 17.1266 28.5705
      vertex 40.714 17.6972 28.3851
    endloop
  endfacet
  facet normal -0.989843 -0.0439322 -0.135209
    outer loop
      vertex 40.714 17.1266 28.5705
      vertex 40.7912 17.5311 27.8739
      vertex 40.7912 16.9605 28.0593
    endloop
  endfacet
  facet normal -0.867677 -0.153622 -0.472798
    outer loop
      vertex 41.0229 17.4061 27.4893
      vertex 40.7912 16.9605 28.0593
      vertex 40.7912 17.5311 27.8739
    endloop
  endfacet
  facet normal -0.867677 -0.153622 -0.472798
    outer loop
      vertex 40.7912 16.9605 28.0593
      vertex 41.0229 17.4061 27.4893
      vertex 41.0229 16.8355 27.6747
    endloop
  endfacet
  facet normal -0.561288 -0.255709 -0.787127
    outer loop
      vertex 41.0229 16.8355 27.6747
      vertex 41.3964 17.3279 27.2484
      vertex 41.3964 16.7572 27.4338
    endloop
  endfacet
  facet normal -0.561241 -0.25576 -0.787144
    outer loop
      vertex 41.3964 17.3279 27.2484
      vertex 41.0229 16.8355 27.6747
      vertex 41.0229 17.4061 27.4893
    endloop
  endfacet
  facet normal -0.165643 -0.304701 -0.937934
    outer loop
      vertex 41.3964 16.7572 27.4338
      vertex 41.8991 17.3018 27.1681
      vertex 41.8991 16.7311 27.3535
    endloop
  endfacet
  facet normal -0.165643 -0.304701 -0.937934
    outer loop
      vertex 41.8991 17.3018 27.1681
      vertex 41.3964 16.7572 27.4338
      vertex 41.3964 17.3279 27.2484
    endloop
  endfacet
  facet normal 0.0948805 -0.307575 -0.946781
    outer loop
      vertex 41.8991 17.3018 27.1681
      vertex 42.1861 16.7396 27.3795
      vertex 41.8991 16.7311 27.3535
    endloop
  endfacet
  facet normal 0.0947743 -0.307627 -0.946775
    outer loop
      vertex 42.1861 16.7396 27.3795
      vertex 41.8991 17.3018 27.1681
      vertex 42.1861 17.3102 27.1941
    endloop
  endfacet
  facet normal 0.733413 -0.210168 -0.646479
    outer loop
      vertex 44.8212 16.8829 27.8206
      vertex 44.4799 17.3397 27.2849
      vertex 44.8212 17.4535 27.6351
    endloop
  endfacet
  facet normal 0.733501 -0.210036 -0.646422
    outer loop
      vertex 44.4799 17.3397 27.2849
      vertex 44.8212 16.8829 27.8206
      vertex 44.4799 16.7691 27.4703
    endloop
  endfacet
  facet normal 0 -0.309169 -0.951007
    outer loop
      vertex 44.8212 16.8829 27.8206
      vertex 44.835 17.4535 27.6351
      vertex 44.835 16.8829 27.8206
    endloop
  endfacet
  facet normal -0 -0.309169 -0.951007
    outer loop
      vertex 44.835 17.4535 27.6351
      vertex 44.8212 16.8829 27.8206
      vertex 44.8212 17.4535 27.6351
    endloop
  endfacet
  facet normal -0.975237 -0.0683765 -0.210327
    outer loop
      vertex 44.8814 17.3903 27.4405
      vertex 44.835 16.8829 27.8206
      vertex 44.835 17.4535 27.6351
    endloop
  endfacet
  facet normal -0.975259 -0.068313 -0.210245
    outer loop
      vertex 44.835 16.8829 27.8206
      vertex 44.8814 17.3903 27.4405
      vertex 44.8814 16.8197 27.6259
    endloop
  endfacet
  facet normal -0.846706 -0.164416 -0.506019
    outer loop
      vertex 44.9745 17.3445 27.2996
      vertex 44.8814 16.8197 27.6259
      vertex 44.8814 17.3903 27.4405
    endloop
  endfacet
  facet normal -0.846706 -0.164416 -0.506019
    outer loop
      vertex 44.8814 16.8197 27.6259
      vertex 44.9745 17.3445 27.2996
      vertex 44.9745 16.7739 27.485
    endloop
  endfacet
  facet normal -0.518161 -0.264298 -0.813422
    outer loop
      vertex 44.9745 16.7739 27.485
      vertex 45.1229 17.3167 27.2141
      vertex 45.1229 16.7461 27.3995
    endloop
  endfacet
  facet normal -0.518161 -0.264298 -0.813422
    outer loop
      vertex 45.1229 17.3167 27.2141
      vertex 44.9745 16.7739 27.485
      vertex 44.9745 17.3445 27.2996
    endloop
  endfacet
  facet normal -0.139759 -0.305937 -0.941738
    outer loop
      vertex 45.1229 16.7461 27.3995
      vertex 45.3353 17.3075 27.1856
      vertex 45.3353 16.7368 27.371
    endloop
  endfacet
  facet normal -0.139617 -0.305992 -0.941741
    outer loop
      vertex 45.3353 17.3075 27.1856
      vertex 45.1229 16.7461 27.3995
      vertex 45.1229 17.3167 27.2141
    endloop
  endfacet
  facet normal 0.018049 -0.308919 -0.950917
    outer loop
      vertex 45.3353 17.3075 27.1856
      vertex 45.4001 16.7372 27.3721
      vertex 45.3353 16.7368 27.371
    endloop
  endfacet
  facet normal 0.0175724 -0.308971 -0.950909
    outer loop
      vertex 45.4001 16.7372 27.3721
      vertex 45.3353 17.3075 27.1856
      vertex 45.4001 17.3078 27.1867
    endloop
  endfacet
  facet normal 0.0617751 -0.308428 -0.94924
    outer loop
      vertex 45.4001 17.3078 27.1867
      vertex 45.4563 16.7383 27.3754
      vertex 45.4001 16.7372 27.3721
    endloop
  endfacet
  facet normal 0.0617751 -0.308428 -0.94924
    outer loop
      vertex 45.4563 16.7383 27.3754
      vertex 45.4001 17.3078 27.1867
      vertex 45.4563 17.3089 27.19
    endloop
  endfacet
  facet normal 0.101544 -0.307421 -0.94614
    outer loop
      vertex 45.4563 17.3089 27.19
      vertex 45.5068 16.7399 27.3803
      vertex 45.4563 16.7383 27.3754
    endloop
  endfacet
  facet normal 0.101544 -0.307421 -0.94614
    outer loop
      vertex 45.5068 16.7399 27.3803
      vertex 45.4563 17.3089 27.19
      vertex 45.5068 17.3105 27.1949
    endloop
  endfacet
  facet normal 0.133296 -0.306261 -0.942569
    outer loop
      vertex 45.5068 17.3105 27.1949
      vertex 45.5543 16.7418 27.3864
      vertex 45.5068 16.7399 27.3803
    endloop
  endfacet
  facet normal 0.133929 -0.306186 -0.942504
    outer loop
      vertex 45.5543 16.7418 27.3864
      vertex 45.5068 17.3105 27.1949
      vertex 45.5543 17.3125 27.201
    endloop
  endfacet
  facet normal 0.170992 -0.304419 -0.937065
    outer loop
      vertex 45.5543 17.3125 27.201
      vertex 45.6004 16.7443 27.394
      vertex 45.5543 16.7418 27.3864
    endloop
  endfacet
  facet normal 0.170351 -0.304501 -0.937155
    outer loop
      vertex 45.6004 16.7443 27.394
      vertex 45.5543 17.3125 27.201
      vertex 45.6004 17.3149 27.2086
    endloop
  endfacet
  facet normal 0.220153 -0.301437 -0.927722
    outer loop
      vertex 45.6004 17.3149 27.2086
      vertex 45.6465 16.7475 27.4039
      vertex 45.6004 16.7443 27.394
    endloop
  endfacet
  facet normal 0.220775 -0.301345 -0.927604
    outer loop
      vertex 45.6465 16.7475 27.4039
      vertex 45.6004 17.3149 27.2086
      vertex 45.6465 17.3182 27.2185
    endloop
  endfacet
  facet normal 0.239951 -0.299943 -0.923287
    outer loop
      vertex 45.6465 17.3182 27.2185
      vertex 45.6955 16.7513 27.4154
      vertex 45.6465 16.7475 27.4039
    endloop
  endfacet
  facet normal 0.239374 -0.300034 -0.923407
    outer loop
      vertex 45.6955 16.7513 27.4154
      vertex 45.6465 17.3182 27.2185
      vertex 45.6955 17.3219 27.23
    endloop
  endfacet
  facet normal 0.235021 -0.300363 -0.924417
    outer loop
      vertex 45.6955 17.3219 27.23
      vertex 45.7503 16.7554 27.428
      vertex 45.6955 16.7513 27.4154
    endloop
  endfacet
  facet normal 0.235021 -0.300363 -0.924417
    outer loop
      vertex 45.7503 16.7554 27.428
      vertex 45.6955 17.3219 27.23
      vertex 45.7503 17.326 27.2426
    endloop
  endfacet
  facet normal 1 0 0
    outer loop
      vertex 45.7503 16.8637 27.7613
      vertex 45.7503 17.326 27.2426
      vertex 45.7503 17.4343 27.5759
    endloop
  endfacet
  facet normal 1 0 0
    outer loop
      vertex 45.7503 17.326 27.2426
      vertex 45.7503 16.8637 27.7613
      vertex 45.7503 16.7554 27.428
    endloop
  endfacet
  facet normal -0.145094 0.305748 0.940992
    outer loop
      vertex 45.68 17.4311 27.5661
      vertex 45.7503 16.8637 27.7613
      vertex 45.7503 17.4343 27.5759
    endloop
  endfacet
  facet normal -0.14552 0.30568 0.940948
    outer loop
      vertex 45.7503 16.8637 27.7613
      vertex 45.68 17.4311 27.5661
      vertex 45.68 16.8604 27.7515
    endloop
  endfacet
  facet normal -0.047857 0.308615 0.949982
    outer loop
      vertex 45.6074 17.43 27.5628
      vertex 45.68 16.8604 27.7515
      vertex 45.68 17.4311 27.5661
    endloop
  endfacet
  facet normal -0.0474328 0.30867 0.949986
    outer loop
      vertex 45.68 16.8604 27.7515
      vertex 45.6074 17.43 27.5628
      vertex 45.6074 16.8594 27.7482
    endloop
  endfacet
  facet normal 0.205141 0.302398 0.930845
    outer loop
      vertex 45.5125 16.8655 27.7671
      vertex 45.6074 17.43 27.5628
      vertex 45.5125 17.4362 27.5817
    endloop
  endfacet
  facet normal 0.204835 0.302466 0.93089
    outer loop
      vertex 45.6074 17.43 27.5628
      vertex 45.5125 16.8655 27.7671
      vertex 45.6074 16.8594 27.7482
    endloop
  endfacet
  facet normal 0.686723 0.224631 0.691341
    outer loop
      vertex 45.4494 16.884 27.8238
      vertex 45.5125 17.4362 27.5817
      vertex 45.4494 17.4546 27.6384
    endloop
  endfacet
  facet normal 0.686911 0.224541 0.691183
    outer loop
      vertex 45.5125 17.4362 27.5817
      vertex 45.4494 16.884 27.8238
      vertex 45.5125 16.8655 27.7671
    endloop
  endfacet
  facet normal 0.953318 0.0933588 0.287173
    outer loop
      vertex 45.4139 16.9186 27.9305
      vertex 45.4494 17.4546 27.6384
      vertex 45.4139 17.4892 27.745
    endloop
  endfacet
  facet normal 0.953392 0.0932413 0.286966
    outer loop
      vertex 45.4494 17.4546 27.6384
      vertex 45.4139 16.9186 27.9305
      vertex 45.4494 16.884 27.8238
    endloop
  endfacet
  facet normal 0.997792 0.020523 0.063163
    outer loop
      vertex 45.4021 16.9734 28.099
      vertex 45.4139 17.4892 27.745
      vertex 45.4021 17.544 27.9136
    endloop
  endfacet
  facet normal 0.99779 0.020544 0.0631935
    outer loop
      vertex 45.4139 17.4892 27.745
      vertex 45.4021 16.9734 28.099
      vertex 45.4139 16.9186 27.9305
    endloop
  endfacet
  facet normal 1 0 0
    outer loop
      vertex 45.4021 17.2541 28.963
      vertex 45.4021 17.544 27.9136
      vertex 45.4021 17.8247 28.7776
    endloop
  endfacet
  facet normal 1 0 0
    outer loop
      vertex 45.4021 17.544 27.9136
      vertex 45.4021 17.2541 28.963
      vertex 45.4021 16.9734 28.099
    endloop
  endfacet
  facet normal 0.98614 0.0512706 0.157794
    outer loop
      vertex 45.3382 17.3715 29.3242
      vertex 45.4021 17.8247 28.7776
      vertex 45.3382 17.9421 29.1388
    endloop
  endfacet
  facet normal 0.98614 0.0512706 0.157794
    outer loop
      vertex 45.4021 17.8247 28.7776
      vertex 45.3382 17.3715 29.3242
      vertex 45.4021 17.2541 28.963
    endloop
  endfacet
  facet normal 0.8265 0.173958 0.535384
    outer loop
      vertex 45.1462 17.4586 29.5923
      vertex 45.3382 17.9421 29.1388
      vertex 45.1462 18.0292 29.4069
    endloop
  endfacet
  facet normal 0.8265 0.173958 0.535384
    outer loop
      vertex 45.3382 17.9421 29.1388
      vertex 45.1462 17.4586 29.5923
      vertex 45.3382 17.3715 29.3242
    endloop
  endfacet
  facet normal 0.490744 0.269206 0.828673
    outer loop
      vertex 44.8361 17.5125 29.7584
      vertex 45.1462 18.0292 29.4069
      vertex 44.8361 18.0832 29.573
    endloop
  endfacet
  facet normal 0.490678 0.26926 0.828694
    outer loop
      vertex 45.1462 18.0292 29.4069
      vertex 44.8361 17.5125 29.7584
      vertex 45.1462 17.4586 29.5923
    endloop
  endfacet
  facet normal 0.137672 0.306177 0.941967
    outer loop
      vertex 44.4177 17.5305 29.8138
      vertex 44.8361 18.0832 29.573
      vertex 44.4177 18.1012 29.6283
    endloop
  endfacet
  facet normal 0.137893 0.306018 0.941987
    outer loop
      vertex 44.8361 18.0832 29.573
      vertex 44.4177 17.5305 29.8138
      vertex 44.8361 17.5125 29.7584
    endloop
  endfacet
  facet normal -0.111358 0.307197 0.945108
    outer loop
      vertex 43.9989 18.0866 29.5837
      vertex 44.4177 17.5305 29.8138
      vertex 44.4177 18.1012 29.6283
    endloop
  endfacet
  facet normal -0.111509 0.307091 0.945125
    outer loop
      vertex 44.4177 17.5305 29.8138
      vertex 43.9989 18.0866 29.5837
      vertex 43.9989 17.516 29.7691
    endloop
  endfacet
  facet normal -0.402956 0.282819 0.870425
    outer loop
      vertex 43.6787 18.0431 29.4496
      vertex 43.9989 17.516 29.7691
      vertex 43.9989 18.0866 29.5837
    endloop
  endfacet
  facet normal -0.402956 0.282819 0.870425
    outer loop
      vertex 43.9989 17.516 29.7691
      vertex 43.6787 18.0431 29.4496
      vertex 43.6787 17.4725 29.635
    endloop
  endfacet
  facet normal -0.727597 0.211988 0.652429
    outer loop
      vertex 43.46 17.9714 29.229
      vertex 43.6787 17.4725 29.635
      vertex 43.6787 18.0431 29.4496
    endloop
  endfacet
  facet normal -0.727597 0.211988 0.652429
    outer loop
      vertex 43.6787 17.4725 29.635
      vertex 43.46 17.9714 29.229
      vertex 43.46 17.4008 29.4144
    endloop
  endfacet
  facet normal -0.941688 0.103981 0.320018
    outer loop
      vertex 43.3456 17.8725 28.9245
      vertex 43.46 17.4008 29.4144
      vertex 43.46 17.9714 29.229
    endloop
  endfacet
  facet normal -0.941698 0.103955 0.319996
    outer loop
      vertex 43.46 17.4008 29.4144
      vertex 43.3456 17.8725 28.9245
      vertex 43.3456 17.3018 29.1099
    endloop
  endfacet
  facet normal -0.0477436 -0.308617 -0.949987
    outer loop
      vertex 43.3456 17.3018 29.1099
      vertex 44.0211 17.8625 28.8938
      vertex 44.0211 17.2918 29.0792
    endloop
  endfacet
  facet normal -0.0477436 -0.308617 -0.949987
    outer loop
      vertex 44.0211 17.8625 28.8938
      vertex 43.3456 17.3018 29.1099
      vertex 43.3456 17.8725 28.9245
    endloop
  endfacet
  facet normal 0.975483 -0.0680071 -0.209303
    outer loop
      vertex 44.0577 17.342 29.2335
      vertex 44.0211 17.8625 28.8938
      vertex 44.0577 17.9126 29.0481
    endloop
  endfacet
  facet normal 0.975492 -0.067984 -0.209269
    outer loop
      vertex 44.0211 17.8625 28.8938
      vertex 44.0577 17.342 29.2335
      vertex 44.0211 17.2918 29.0792
    endloop
  endfacet
  facet normal 0.846566 -0.164485 -0.506232
    outer loop
      vertex 44.126 17.3756 29.3368
      vertex 44.0577 17.9126 29.0481
      vertex 44.126 17.9462 29.1514
    endloop
  endfacet
  facet normal 0.846566 -0.164485 -0.506232
    outer loop
      vertex 44.0577 17.9126 29.0481
      vertex 44.126 17.3756 29.3368
      vertex 44.0577 17.342 29.2335
    endloop
  endfacet
  facet normal 0.493776 -0.268719 -0.827028
    outer loop
      vertex 44.126 17.9462 29.1514
      vertex 44.2341 17.3945 29.3952
      vertex 44.126 17.3756 29.3368
    endloop
  endfacet
  facet normal 0.493964 -0.268643 -0.82694
    outer loop
      vertex 44.2341 17.3945 29.3952
      vertex 44.126 17.9462 29.1514
      vertex 44.2341 17.9652 29.2098
    endloop
  endfacet
  facet normal 0.130518 -0.306326 -0.942937
    outer loop
      vertex 44.2341 17.9652 29.2098
      vertex 44.39 17.4009 29.4147
      vertex 44.2341 17.3945 29.3952
    endloop
  endfacet
  facet normal 0.130325 -0.306383 -0.942945
    outer loop
      vertex 44.39 17.4009 29.4147
      vertex 44.2341 17.9652 29.2098
      vertex 44.39 17.9715 29.2293
    endloop
  endfacet
  facet normal -0.175291 -0.304234 -0.936331
    outer loop
      vertex 44.39 17.4009 29.4147
      vertex 44.5566 17.9623 29.2011
      vertex 44.5566 17.3917 29.3865
    endloop
  endfacet
  facet normal -0.175291 -0.304234 -0.936331
    outer loop
      vertex 44.5566 17.9623 29.2011
      vertex 44.39 17.4009 29.4147
      vertex 44.39 17.9715 29.2293
    endloop
  endfacet
  facet normal -0.620999 -0.242212 -0.745448
    outer loop
      vertex 44.5566 17.3917 29.3865
      vertex 44.669 17.9348 29.1164
      vertex 44.669 17.3642 29.3018
    endloop
  endfacet
  facet normal -0.620999 -0.242212 -0.745448
    outer loop
      vertex 44.669 17.9348 29.1164
      vertex 44.5566 17.3917 29.3865
      vertex 44.5566 17.9623 29.2011
    endloop
  endfacet
  facet normal -0.919919 -0.121169 -0.372917
    outer loop
      vertex 44.733 17.8884 28.9736
      vertex 44.669 17.3642 29.3018
      vertex 44.669 17.9348 29.1164
    endloop
  endfacet
  facet normal -0.919919 -0.121169 -0.372917
    outer loop
      vertex 44.669 17.3642 29.3018
      vertex 44.733 17.8884 28.9736
      vertex 44.733 17.3178 29.159
    endloop
  endfacet
  facet normal -0.995038 -0.030746 -0.094626
    outer loop
      vertex 44.7543 17.8226 28.771
      vertex 44.733 17.3178 29.159
      vertex 44.733 17.8884 28.9736
    endloop
  endfacet
  facet normal -0.995038 -0.030746 -0.094626
    outer loop
      vertex 44.733 17.3178 29.159
      vertex 44.7543 17.8226 28.771
      vertex 44.7543 17.252 28.9564
    endloop
  endfacet
  facet normal -1 0 0
    outer loop
      vertex 44.7543 17.7834 28.6504
      vertex 44.7543 17.252 28.9564
      vertex 44.7543 17.8226 28.771
    endloop
  endfacet
  facet normal -1 0 -0
    outer loop
      vertex 44.7543 17.252 28.9564
      vertex 44.7543 17.7834 28.6504
      vertex 44.7543 17.2128 28.8358
    endloop
  endfacet
  facet normal -0.0171876 0.308973 0.950916
    outer loop
      vertex 44.2171 17.7806 28.6416
      vertex 44.7543 17.2128 28.8358
      vertex 44.7543 17.7834 28.6504
    endloop
  endfacet
  facet normal -0.0172451 0.308923 0.950931
    outer loop
      vertex 44.7543 17.2128 28.8358
      vertex 44.2171 17.7806 28.6416
      vertex 44.2171 17.2099 28.827
    endloop
  endfacet
  facet normal -0.127085 0.306464 0.943361
    outer loop
      vertex 43.7943 17.7638 28.5901
      vertex 44.2171 17.2099 28.827
      vertex 44.2171 17.7806 28.6416
    endloop
  endfacet
  facet normal -0.127014 0.306515 0.943353
    outer loop
      vertex 44.2171 17.2099 28.827
      vertex 43.7943 17.7638 28.5901
      vertex 43.7943 17.1932 28.7755
    endloop
  endfacet
  facet normal -0.444109 0.276872 0.85212
    outer loop
      vertex 43.485 17.7164 28.4443
      vertex 43.7943 17.1932 28.7755
      vertex 43.7943 17.7638 28.5901
    endloop
  endfacet
  facet normal -0.444109 0.276872 0.85212
    outer loop
      vertex 43.7943 17.1932 28.7755
      vertex 43.485 17.7164 28.4443
      vertex 43.485 17.1458 28.6297
    endloop
  endfacet
  facet normal -0.796039 0.187032 0.575622
    outer loop
      vertex 43.2957 17.6395 28.2075
      vertex 43.485 17.1458 28.6297
      vertex 43.485 17.7164 28.4443
    endloop
  endfacet
  facet normal -0.796075 0.186988 0.575587
    outer loop
      vertex 43.485 17.1458 28.6297
      vertex 43.2957 17.6395 28.2075
      vertex 43.2957 17.0688 28.3929
    endloop
  endfacet
  facet normal -0.983337 0.0561685 0.172898
    outer loop
      vertex 43.2326 17.534 27.8829
      vertex 43.2957 17.0688 28.3929
      vertex 43.2957 17.6395 28.2075
    endloop
  endfacet
  facet normal -0.983334 0.0561823 0.172911
    outer loop
      vertex 43.2957 17.0688 28.3929
      vertex 43.2326 17.534 27.8829
      vertex 43.2326 16.9634 28.0683
    endloop
  endfacet
  facet normal -0.987467 -0.0487706 -0.1501
    outer loop
      vertex 43.2833 17.436 27.5812
      vertex 43.2326 16.9634 28.0683
      vertex 43.2326 17.534 27.8829
    endloop
  endfacet
  facet normal -0.987467 -0.0487706 -0.1501
    outer loop
      vertex 43.2326 16.9634 28.0683
      vertex 43.2833 17.436 27.5812
      vertex 43.2833 16.8654 27.7666
    endloop
  endfacet
  facet normal -0.841649 -0.166878 -0.513594
    outer loop
      vertex 43.4355 17.3627 27.3556
      vertex 43.2833 16.8654 27.7666
      vertex 43.2833 17.436 27.5812
    endloop
  endfacet
  facet normal -0.841649 -0.166878 -0.513594
    outer loop
      vertex 43.2833 16.8654 27.7666
      vertex 43.4355 17.3627 27.3556
      vertex 43.4355 16.7921 27.541
    endloop
  endfacet
  facet normal -0.520386 -0.26388 -0.812136
    outer loop
      vertex 43.4355 16.7921 27.541
      vertex 43.6781 17.317 27.215
      vertex 43.6781 16.7464 27.4004
    endloop
  endfacet
  facet normal -0.520386 -0.26388 -0.812136
    outer loop
      vertex 43.6781 17.317 27.215
      vertex 43.4355 16.7921 27.541
      vertex 43.4355 17.3627 27.3556
    endloop
  endfacet
  facet normal -0.151348 -0.30541 -0.940116
    outer loop
      vertex 43.6781 16.7464 27.4004
      vertex 44.0003 17.3018 27.1681
      vertex 44.0003 16.7311 27.3535
    endloop
  endfacet
  facet normal -0.151255 -0.305463 -0.940114
    outer loop
      vertex 44.0003 17.3018 27.1681
      vertex 43.6781 16.7464 27.4004
      vertex 43.6781 17.317 27.215
    endloop
  endfacet
  facet normal 0.248094 -0.29931 -0.921338
    outer loop
      vertex 44.0003 17.3018 27.1681
      vertex 44.4799 16.7691 27.4703
      vertex 44.0003 16.7311 27.3535
    endloop
  endfacet
  facet normal 0.248036 -0.299362 -0.921336
    outer loop
      vertex 44.4799 16.7691 27.4703
      vertex 44.0003 17.3018 27.1681
      vertex 44.4799 17.3397 27.2849
    endloop
  endfacet
  facet normal 0.562242 0.25555 0.786497
    outer loop
      vertex 43.99 16.8975 27.8655
      vertex 44.0854 17.4481 27.6184
      vertex 43.99 17.4681 27.6801
    endloop
  endfacet
  facet normal 0.562242 0.25555 0.786497
    outer loop
      vertex 44.0854 17.4481 27.6184
      vertex 43.99 16.8975 27.8655
      vertex 44.0854 16.8775 27.8038
    endloop
  endfacet
  facet normal 0.871775 0.15139 0.465929
    outer loop
      vertex 43.9286 16.9313 27.9694
      vertex 43.99 17.4681 27.6801
      vertex 43.9286 17.5019 27.784
    endloop
  endfacet
  facet normal 0.871775 0.15139 0.465929
    outer loop
      vertex 43.99 17.4681 27.6801
      vertex 43.9286 16.9313 27.9694
      vertex 43.99 16.8975 27.8655
    endloop
  endfacet
  facet normal 0.991341 0.0405774 0.124884
    outer loop
      vertex 43.9081 16.9791 28.1166
      vertex 43.9286 17.5019 27.784
      vertex 43.9081 17.5497 27.9312
    endloop
  endfacet
  facet normal 0.991341 0.0405774 0.124884
    outer loop
      vertex 43.9286 17.5019 27.784
      vertex 43.9081 16.9791 28.1166
      vertex 43.9286 16.9313 27.9694
    endloop
  endfacet
  facet normal 0.995077 -0.0306208 -0.0942572
    outer loop
      vertex 43.9205 17.0175 28.235
      vertex 43.9081 17.5497 27.9312
      vertex 43.9205 17.5882 28.0496
    endloop
  endfacet
  facet normal 0.995074 -0.0306332 -0.0942788
    outer loop
      vertex 43.9081 17.5497 27.9312
      vertex 43.9205 17.0175 28.235
      vertex 43.9081 16.9791 28.1166
    endloop
  endfacet
  facet normal 0.933485 -0.110819 -0.341065
    outer loop
      vertex 43.9577 17.0475 28.3271
      vertex 43.9205 17.5882 28.0496
      vertex 43.9577 17.6181 28.1417
    endloop
  endfacet
  facet normal 0.933523 -0.110771 -0.340976
    outer loop
      vertex 43.9205 17.5882 28.0496
      vertex 43.9577 17.0475 28.3271
      vertex 43.9205 17.0175 28.235
    endloop
  endfacet
  facet normal 0.76559 -0.198769 -0.611852
    outer loop
      vertex 44.0185 17.0698 28.3959
      vertex 43.9577 17.6181 28.1417
      vertex 44.0185 17.6405 28.2105
    endloop
  endfacet
  facet normal 0.765454 -0.19885 -0.611995
    outer loop
      vertex 43.9577 17.6181 28.1417
      vertex 44.0185 17.0698 28.3959
      vertex 43.9577 17.0475 28.3271
    endloop
  endfacet
  facet normal 0.522219 -0.263493 -0.811085
    outer loop
      vertex 44.0185 17.6405 28.2105
      vertex 44.1018 17.0856 28.4444
      vertex 44.0185 17.0698 28.3959
    endloop
  endfacet
  facet normal 0.521989 -0.263578 -0.811206
    outer loop
      vertex 44.1018 17.0856 28.4444
      vertex 44.0185 17.6405 28.2105
      vertex 44.1018 17.6562 28.259
    endloop
  endfacet
  facet normal 0.247927 -0.29937 -0.921363
    outer loop
      vertex 44.1018 17.6562 28.259
      vertex 44.2292 17.0957 28.4754
      vertex 44.1018 17.0856 28.4444
    endloop
  endfacet
  facet normal 0.247927 -0.29937 -0.921363
    outer loop
      vertex 44.2292 17.0957 28.4754
      vertex 44.1018 17.6562 28.259
      vertex 44.2292 17.6663 28.29
    endloop
  endfacet
  facet normal 0.0872829 -0.307839 -0.947426
    outer loop
      vertex 44.2292 17.6663 28.29
      vertex 44.4223 17.1009 28.4915
      vertex 44.2292 17.0957 28.4754
    endloop
  endfacet
  facet normal 0.0872829 -0.307839 -0.947426
    outer loop
      vertex 44.4223 17.1009 28.4915
      vertex 44.2292 17.6663 28.29
      vertex 44.4223 17.6715 28.3061
    endloop
  endfacet
  facet normal 0.0139061 -0.308939 -0.95098
    outer loop
      vertex 44.4223 17.1009 28.4915
      vertex 44.7543 17.673 28.3105
      vertex 44.7543 17.1023 28.4959
    endloop
  endfacet
  facet normal 0.0139992 -0.308988 -0.950963
    outer loop
      vertex 44.7543 17.673 28.3105
      vertex 44.4223 17.1009 28.4915
      vertex 44.4223 17.6715 28.3061
    endloop
  endfacet
  facet normal -1 0 0
    outer loop
      vertex 44.7543 17.6338 28.1899
      vertex 44.7543 17.1023 28.4959
      vertex 44.7543 17.673 28.3105
    endloop
  endfacet
  facet normal -1 0 -0
    outer loop
      vertex 44.7543 17.1023 28.4959
      vertex 44.7543 17.6338 28.1899
      vertex 44.7543 17.0631 28.3753
    endloop
  endfacet
  facet normal -0.993755 0.0344762 0.106125
    outer loop
      vertex 44.7364 17.5845 28.0383
      vertex 44.7543 17.0631 28.3753
      vertex 44.7543 17.6338 28.1899
    endloop
  endfacet
  facet normal -0.993745 0.0345254 0.106201
    outer loop
      vertex 44.7543 17.0631 28.3753
      vertex 44.7364 17.5845 28.0383
      vertex 44.7364 17.0139 28.2238
    endloop
  endfacet
  facet normal -0.942148 0.103632 0.318774
    outer loop
      vertex 44.6828 17.538 27.895
      vertex 44.7364 17.0139 28.2238
      vertex 44.7364 17.5845 28.0383
    endloop
  endfacet
  facet normal -0.942237 0.103488 0.318559
    outer loop
      vertex 44.7364 17.0139 28.2238
      vertex 44.6828 17.538 27.895
      vertex 44.6828 16.9673 28.0804
    endloop
  endfacet
  facet normal -0.838131 0.168533 0.51878
    outer loop
      vertex 44.5978 17.4976 27.7708
      vertex 44.6828 16.9673 28.0804
      vertex 44.6828 17.538 27.895
    endloop
  endfacet
  facet normal -0.838072 0.168588 0.518857
    outer loop
      vertex 44.6828 16.9673 28.0804
      vertex 44.5978 17.4976 27.7708
      vertex 44.5978 16.927 27.9562
    endloop
  endfacet
  facet normal -0.661293 0.231803 0.713414
    outer loop
      vertex 44.4857 17.4671 27.6768
      vertex 44.5978 16.927 27.9562
      vertex 44.5978 17.4976 27.7708
    endloop
  endfacet
  facet normal -0.661409 0.231735 0.713328
    outer loop
      vertex 44.5978 16.927 27.9562
      vertex 44.4857 17.4671 27.6768
      vertex 44.4857 16.8964 27.8622
    endloop
  endfacet
  facet normal -0.42584 0.279555 0.860528
    outer loop
      vertex 44.3534 17.4478 27.6176
      vertex 44.4857 16.8964 27.8622
      vertex 44.4857 17.4671 27.6768
    endloop
  endfacet
  facet normal -0.425667 0.279624 0.860591
    outer loop
      vertex 44.4857 16.8964 27.8622
      vertex 44.3534 17.4478 27.6176
      vertex 44.3534 16.8772 27.803
    endloop
  endfacet
  facet normal -0.140845 0.305938 0.941576
    outer loop
      vertex 44.2078 17.4414 27.5979
      vertex 44.3534 16.8772 27.803
      vertex 44.3534 17.4478 27.6176
    endloop
  endfacet
  facet normal -0.140845 0.305938 0.941576
    outer loop
      vertex 44.3534 16.8772 27.803
      vertex 44.2078 17.4414 27.5979
      vertex 44.2078 16.8708 27.7833
    endloop
  endfacet
  facet normal 0.173528 0.30433 0.936628
    outer loop
      vertex 44.0854 16.8775 27.8038
      vertex 44.2078 17.4414 27.5979
      vertex 44.0854 17.4481 27.6184
    endloop
  endfacet
  facet normal 0.173528 0.30433 0.936628
    outer loop
      vertex 44.2078 17.4414 27.5979
      vertex 44.0854 16.8775 27.8038
      vertex 44.2078 16.8708 27.7833
    endloop
  endfacet
  facet normal 0 0.951057 -0.309017
    outer loop
      vertex 119.65 34.2058 8
      vertex 0 88.1912 174.15
      vertex 119.65 88.1912 174.15
    endloop
  endfacet
  facet normal 0 0.951057 -0.309017
    outer loop
      vertex 0 88.1912 174.15
      vertex 119.65 34.2058 8
      vertex 0 34.2058 8
    endloop
  endfacet
  facet normal -0 0.309004 0.951061
    outer loop
      vertex 0 88.1912 174.15
      vertex 119.65 84.387 175.386
      vertex 119.65 88.1912 174.15
    endloop
  endfacet
  facet normal 0 0.309004 0.951061
    outer loop
      vertex 119.65 84.387 175.386
      vertex 0 88.1912 174.15
      vertex 0 84.387 175.386
    endloop
  endfacet
  facet normal -0 0 1
    outer loop
      vertex 131.667 12.3317 8
      vertex 138 0 8
      vertex 131.667 23.6683 8
    endloop
  endfacet
  facet normal 0 0 1
    outer loop
      vertex 138 0 8
      vertex 131.667 12.3317 8
      vertex 131.7 12 8
    endloop
  endfacet
  facet normal -0 0 1
    outer loop
      vertex 131.571 23.3494 8
      vertex 131.667 12.3317 8
      vertex 131.667 23.6683 8
    endloop
  endfacet
  facet normal 0 0 1
    outer loop
      vertex 131.571 23.3494 8
      vertex 131.571 12.6506 8
      vertex 131.667 12.3317 8
    endloop
  endfacet
  facet normal -0 0 1
    outer loop
      vertex 131.413 23.0555 8
      vertex 131.571 12.6506 8
      vertex 131.571 23.3494 8
    endloop
  endfacet
  facet normal 0 0 1
    outer loop
      vertex 131.413 23.0555 8
      vertex 131.413 12.9445 8
      vertex 131.571 12.6506 8
    endloop
  endfacet
  facet normal -0 0 1
    outer loop
      vertex 131.202 22.7979 8
      vertex 131.413 12.9445 8
      vertex 131.413 23.0555 8
    endloop
  endfacet
  facet normal 0 0 1
    outer loop
      vertex 131.202 22.7979 8
      vertex 131.202 13.2021 8
      vertex 131.413 12.9445 8
    endloop
  endfacet
  facet normal -0 0 1
    outer loop
      vertex 130.944 22.5865 8
      vertex 131.202 13.2021 8
      vertex 131.202 22.7979 8
    endloop
  endfacet
  facet normal 0 0 1
    outer loop
      vertex 130.944 22.5865 8
      vertex 130.944 13.4135 8
      vertex 131.202 13.2021 8
    endloop
  endfacet
  facet normal -0 0 1
    outer loop
      vertex 130.651 22.4294 8
      vertex 130.944 13.4135 8
      vertex 130.944 22.5865 8
    endloop
  endfacet
  facet normal 0 0 1
    outer loop
      vertex 130.651 22.4294 8
      vertex 130.651 13.5706 8
      vertex 130.944 13.4135 8
    endloop
  endfacet
  facet normal -0 0 1
    outer loop
      vertex 130.332 22.3327 8
      vertex 130.651 13.5706 8
      vertex 130.651 22.4294 8
    endloop
  endfacet
  facet normal 0 0 1
    outer loop
      vertex 130.332 22.3327 8
      vertex 130.332 13.6673 8
      vertex 130.651 13.5706 8
    endloop
  endfacet
  facet normal -0 0 1
    outer loop
      vertex 130 22.3 8
      vertex 130.332 13.6673 8
      vertex 130.332 22.3327 8
    endloop
  endfacet
  facet normal 0 0 1
    outer loop
      vertex 130 22.3 8
      vertex 130 13.7 8
      vertex 130.332 13.6673 8
    endloop
  endfacet
  facet normal 0 0 1
    outer loop
      vertex 129.668 22.3327 8
      vertex 130 13.7 8
      vertex 130 22.3 8
    endloop
  endfacet
  facet normal 0 0 1
    outer loop
      vertex 129.668 22.3327 8
      vertex 129.668 13.6673 8
      vertex 130 13.7 8
    endloop
  endfacet
  facet normal 0 0 1
    outer loop
      vertex 129.349 22.4294 8
      vertex 129.668 13.6673 8
      vertex 129.668 22.3327 8
    endloop
  endfacet
  facet normal 0 0 1
    outer loop
      vertex 129.349 22.4294 8
      vertex 129.349 13.5706 8
      vertex 129.668 13.6673 8
    endloop
  endfacet
  facet normal 0 0 1
    outer loop
      vertex 129.056 22.5865 8
      vertex 129.349 13.5706 8
      vertex 129.349 22.4294 8
    endloop
  endfacet
  facet normal 0 0 1
    outer loop
      vertex 129.056 22.5865 8
      vertex 129.056 13.4135 8
      vertex 129.349 13.5706 8
    endloop
  endfacet
  facet normal 0 0 1
    outer loop
      vertex 128.798 22.7979 8
      vertex 129.056 13.4135 8
      vertex 129.056 22.5865 8
    endloop
  endfacet
  facet normal 0 0 1
    outer loop
      vertex 128.798 22.7979 8
      vertex 128.798 13.2021 8
      vertex 129.056 13.4135 8
    endloop
  endfacet
  facet normal 0 0 1
    outer loop
      vertex 128.587 23.0555 8
      vertex 128.798 13.2021 8
      vertex 128.798 22.7979 8
    endloop
  endfacet
  facet normal 0 0 1
    outer loop
      vertex 128.587 23.0555 8
      vertex 128.587 12.9445 8
      vertex 128.798 13.2021 8
    endloop
  endfacet
  facet normal 0 0 1
    outer loop
      vertex 128.429 23.3494 8
      vertex 128.587 12.9445 8
      vertex 128.587 23.0555 8
    endloop
  endfacet
  facet normal 0 0 1
    outer loop
      vertex 128.429 23.3494 8
      vertex 128.429 12.6506 8
      vertex 128.587 12.9445 8
    endloop
  endfacet
  facet normal 0 0 1
    outer loop
      vertex 119.65 30 8
      vertex 128.429 23.3494 8
      vertex 128.333 23.6683 8
    endloop
  endfacet
  facet normal 0 0 1
    outer loop
      vertex 128.429 23.3494 8
      vertex 119.65 30 8
      vertex 128.429 12.6506 8
    endloop
  endfacet
  facet normal 0 0 1
    outer loop
      vertex 119.65 30 8
      vertex 128.333 23.6683 8
      vertex 128.3 24 8
    endloop
  endfacet
  facet normal 0 0 1
    outer loop
      vertex 128.429 12.6506 8
      vertex 119.65 30 8
      vertex 128.333 12.3317 8
    endloop
  endfacet
  facet normal 0 0 1
    outer loop
      vertex 138 64 8
      vertex 131.7 24 8
      vertex 138 0 8
    endloop
  endfacet
  facet normal 0 0 1
    outer loop
      vertex 138 64 8
      vertex 131.667 24.3317 8
      vertex 131.7 24 8
    endloop
  endfacet
  facet normal 0 0 1
    outer loop
      vertex 138 64 8
      vertex 131.571 24.6506 8
      vertex 131.667 24.3317 8
    endloop
  endfacet
  facet normal 0 0 1
    outer loop
      vertex 138 64 8
      vertex 131.413 24.9445 8
      vertex 131.571 24.6506 8
    endloop
  endfacet
  facet normal 0 0 1
    outer loop
      vertex 138 64 8
      vertex 131.202 25.2021 8
      vertex 131.413 24.9445 8
    endloop
  endfacet
  facet normal 0 0 1
    outer loop
      vertex 138 64 8
      vertex 130.944 25.4135 8
      vertex 131.202 25.2021 8
    endloop
  endfacet
  facet normal 0 0 1
    outer loop
      vertex 138 64 8
      vertex 130.651 25.5706 8
      vertex 130.944 25.4135 8
    endloop
  endfacet
  facet normal -0 0 1
    outer loop
      vertex 119.65 34.2058 8
      vertex 130.651 25.5706 8
      vertex 138 64 8
    endloop
  endfacet
  facet normal 0 0 1
    outer loop
      vertex 130.651 25.5706 8
      vertex 119.65 34.2058 8
      vertex 130.332 25.6673 8
    endloop
  endfacet
  facet normal 0 0 1
    outer loop
      vertex 130.332 25.6673 8
      vertex 119.65 34.2058 8
      vertex 130 25.7 8
    endloop
  endfacet
  facet normal 0 0 1
    outer loop
      vertex 130 25.7 8
      vertex 119.65 34.2058 8
      vertex 129.668 25.6673 8
    endloop
  endfacet
  facet normal 0 0 1
    outer loop
      vertex 129.668 25.6673 8
      vertex 119.65 34.2058 8
      vertex 129.349 25.5706 8
    endloop
  endfacet
  facet normal -0 0 1
    outer loop
      vertex 119.65 30 8
      vertex 129.349 25.5706 8
      vertex 119.65 34.2058 8
    endloop
  endfacet
  facet normal 0 0 1
    outer loop
      vertex 129.349 25.5706 8
      vertex 119.65 30 8
      vertex 129.056 25.4135 8
    endloop
  endfacet
  facet normal 0 0 1
    outer loop
      vertex 129.056 25.4135 8
      vertex 119.65 30 8
      vertex 128.798 25.2021 8
    endloop
  endfacet
  facet normal 0 0 1
    outer loop
      vertex 128.798 25.2021 8
      vertex 119.65 30 8
      vertex 128.587 24.9445 8
    endloop
  endfacet
  facet normal 0 0 1
    outer loop
      vertex 128.333 24.3317 8
      vertex 119.65 30 8
      vertex 128.3 24 8
    endloop
  endfacet
  facet normal 0 0 1
    outer loop
      vertex 128.429 24.6506 8
      vertex 119.65 30 8
      vertex 128.333 24.3317 8
    endloop
  endfacet
  facet normal 0 0 1
    outer loop
      vertex 128.587 24.9445 8
      vertex 119.65 30 8
      vertex 128.429 24.6506 8
    endloop
  endfacet
  facet normal -0 0 1
    outer loop
      vertex 0 64 8
      vertex 119.65 34.2058 8
      vertex 138 64 8
    endloop
  endfacet
  facet normal 0 0 1
    outer loop
      vertex 119.65 34.2058 8
      vertex 0 64 8
      vertex 0 34.2058 8
    endloop
  endfacet
  facet normal -0 0 1
    outer loop
      vertex 131.667 23.6683 8
      vertex 138 0 8
      vertex 131.7 24 8
    endloop
  endfacet
  facet normal -0 0 1
    outer loop
      vertex 131.667 11.6683 8
      vertex 138 0 8
      vertex 131.7 12 8
    endloop
  endfacet
  facet normal -0 0 1
    outer loop
      vertex 131.571 11.3494 8
      vertex 138 0 8
      vertex 131.667 11.6683 8
    endloop
  endfacet
  facet normal -0 0 1
    outer loop
      vertex 131.413 11.0555 8
      vertex 138 0 8
      vertex 131.571 11.3494 8
    endloop
  endfacet
  facet normal -0 0 1
    outer loop
      vertex 131.202 10.7979 8
      vertex 138 0 8
      vertex 131.413 11.0555 8
    endloop
  endfacet
  facet normal -0 0 1
    outer loop
      vertex 130.944 10.5865 8
      vertex 138 0 8
      vertex 131.202 10.7979 8
    endloop
  endfacet
  facet normal -0 0 1
    outer loop
      vertex 130.651 10.4294 8
      vertex 138 0 8
      vertex 130.944 10.5865 8
    endloop
  endfacet
  facet normal -0 0 1
    outer loop
      vertex 130.332 10.3327 8
      vertex 138 0 8
      vertex 130.651 10.4294 8
    endloop
  endfacet
  facet normal -0 0 1
    outer loop
      vertex 130 10.3 8
      vertex 138 0 8
      vertex 130.332 10.3327 8
    endloop
  endfacet
  facet normal 0 0 1
    outer loop
      vertex 129.668 10.3327 8
      vertex 138 0 8
      vertex 130 10.3 8
    endloop
  endfacet
  facet normal 0 0 1
    outer loop
      vertex 129.349 10.4294 8
      vertex 138 0 8
      vertex 129.668 10.3327 8
    endloop
  endfacet
  facet normal 0 0 1
    outer loop
      vertex 129.056 10.5865 8
      vertex 138 0 8
      vertex 129.349 10.4294 8
    endloop
  endfacet
  facet normal 0 0 1
    outer loop
      vertex 128.798 10.7979 8
      vertex 138 0 8
      vertex 129.056 10.5865 8
    endloop
  endfacet
  facet normal 0 0 1
    outer loop
      vertex 128.333 12.3317 8
      vertex 119.65 30 8
      vertex 128.3 12 8
    endloop
  endfacet
  facet normal 0 0 1
    outer loop
      vertex 128.3 12 8
      vertex 119.65 30 8
      vertex 128.333 11.6683 8
    endloop
  endfacet
  facet normal 0 0 1
    outer loop
      vertex 128.333 11.6683 8
      vertex 119.65 30 8
      vertex 128.429 11.3494 8
    endloop
  endfacet
  facet normal 0 0 1
    outer loop
      vertex 0 0 8
      vertex 119.65 30 8
      vertex 0 30 8
    endloop
  endfacet
  facet normal 0 0 1
    outer loop
      vertex 119.65 30 8
      vertex 0 0 8
      vertex 128.429 11.3494 8
    endloop
  endfacet
  facet normal 0 0 1
    outer loop
      vertex 128.429 11.3494 8
      vertex 0 0 8
      vertex 128.587 11.0555 8
    endloop
  endfacet
  facet normal 0 0 1
    outer loop
      vertex 128.587 11.0555 8
      vertex 0 0 8
      vertex 128.798 10.7979 8
    endloop
  endfacet
  facet normal 0 0 1
    outer loop
      vertex 128.798 10.7979 8
      vertex 0 0 8
      vertex 138 0 8
    endloop
  endfacet
  facet normal 0 0 -1
    outer loop
      vertex 0 0 0
      vertex 119.65 64 0
      vertex 119.65 0 0
    endloop
  endfacet
  facet normal -0 0 -1
    outer loop
      vertex 119.65 64 0
      vertex 0 0 0
      vertex 0 64 0
    endloop
  endfacet
  facet normal 0 1 0
    outer loop
      vertex 119.65 64 5
      vertex 138 64 8
      vertex 138 64 5
    endloop
  endfacet
  facet normal 0 1 0
    outer loop
      vertex 138 64 8
      vertex 119.65 64 5
      vertex 0 64 8
    endloop
  endfacet
  facet normal 0 1 0
    outer loop
      vertex 0 64 0
      vertex 119.65 64 5
      vertex 119.65 64 0
    endloop
  endfacet
  facet normal 0 1 0
    outer loop
      vertex 119.65 64 5
      vertex 0 64 0
      vertex 0 64 8
    endloop
  endfacet
  facet normal 0 -1 0
    outer loop
      vertex 0 0 8
      vertex 119.65 0 5
      vertex 138 0 8
    endloop
  endfacet
  facet normal 0 -1 0
    outer loop
      vertex 0 0 0
      vertex 119.65 0 5
      vertex 0 0 8
    endloop
  endfacet
  facet normal 0 -1 -0
    outer loop
      vertex 119.65 0 5
      vertex 0 0 0
      vertex 119.65 0 0
    endloop
  endfacet
  facet normal 0 -1 -0
    outer loop
      vertex 138 0 8
      vertex 119.65 0 5
      vertex 138 0 5
    endloop
  endfacet
  facet normal 1 -0 0
    outer loop
      vertex 138 0 8
      vertex 138 64 5
      vertex 138 64 8
    endloop
  endfacet
  facet normal 1 0 0
    outer loop
      vertex 138 64 5
      vertex 138 0 8
      vertex 138 0 5
    endloop
  endfacet
  facet normal 0 0 -1
    outer loop
      vertex 131.667 23.6683 5
      vertex 138 0 5
      vertex 131.667 12.3317 5
    endloop
  endfacet
  facet normal 0 0 -1
    outer loop
      vertex 138 0 5
      vertex 131.667 23.6683 5
      vertex 131.7 24 5
    endloop
  endfacet
  facet normal 0 0 -1
    outer loop
      vertex 131.571 12.6506 5
      vertex 131.667 23.6683 5
      vertex 131.667 12.3317 5
    endloop
  endfacet
  facet normal 0 0 -1
    outer loop
      vertex 131.571 12.6506 5
      vertex 131.571 23.3494 5
      vertex 131.667 23.6683 5
    endloop
  endfacet
  facet normal 0 0 -1
    outer loop
      vertex 131.413 12.9445 5
      vertex 131.571 23.3494 5
      vertex 131.571 12.6506 5
    endloop
  endfacet
  facet normal 0 0 -1
    outer loop
      vertex 131.413 12.9445 5
      vertex 131.413 23.0555 5
      vertex 131.571 23.3494 5
    endloop
  endfacet
  facet normal 0 0 -1
    outer loop
      vertex 131.202 13.2021 5
      vertex 131.413 23.0555 5
      vertex 131.413 12.9445 5
    endloop
  endfacet
  facet normal 0 0 -1
    outer loop
      vertex 131.202 13.2021 5
      vertex 131.202 22.7979 5
      vertex 131.413 23.0555 5
    endloop
  endfacet
  facet normal 0 0 -1
    outer loop
      vertex 130.944 13.4135 5
      vertex 131.202 22.7979 5
      vertex 131.202 13.2021 5
    endloop
  endfacet
  facet normal 0 0 -1
    outer loop
      vertex 130.944 13.4135 5
      vertex 130.944 22.5865 5
      vertex 131.202 22.7979 5
    endloop
  endfacet
  facet normal 0 0 -1
    outer loop
      vertex 130.651 13.5706 5
      vertex 130.944 22.5865 5
      vertex 130.944 13.4135 5
    endloop
  endfacet
  facet normal 0 0 -1
    outer loop
      vertex 130.651 13.5706 5
      vertex 130.651 22.4294 5
      vertex 130.944 22.5865 5
    endloop
  endfacet
  facet normal 0 0 -1
    outer loop
      vertex 130.332 13.6673 5
      vertex 130.651 22.4294 5
      vertex 130.651 13.5706 5
    endloop
  endfacet
  facet normal 0 0 -1
    outer loop
      vertex 130.332 13.6673 5
      vertex 130.332 22.3327 5
      vertex 130.651 22.4294 5
    endloop
  endfacet
  facet normal 0 0 -1
    outer loop
      vertex 130 13.7 5
      vertex 130.332 22.3327 5
      vertex 130.332 13.6673 5
    endloop
  endfacet
  facet normal 0 0 -1
    outer loop
      vertex 130 13.7 5
      vertex 130 22.3 5
      vertex 130.332 22.3327 5
    endloop
  endfacet
  facet normal 0 0 -1
    outer loop
      vertex 129.668 13.6673 5
      vertex 130 22.3 5
      vertex 130 13.7 5
    endloop
  endfacet
  facet normal 0 0 -1
    outer loop
      vertex 129.668 13.6673 5
      vertex 129.668 22.3327 5
      vertex 130 22.3 5
    endloop
  endfacet
  facet normal 0 0 -1
    outer loop
      vertex 129.349 13.5706 5
      vertex 129.668 22.3327 5
      vertex 129.668 13.6673 5
    endloop
  endfacet
  facet normal 0 0 -1
    outer loop
      vertex 129.349 13.5706 5
      vertex 129.349 22.4294 5
      vertex 129.668 22.3327 5
    endloop
  endfacet
  facet normal 0 0 -1
    outer loop
      vertex 129.056 13.4135 5
      vertex 129.349 22.4294 5
      vertex 129.349 13.5706 5
    endloop
  endfacet
  facet normal 0 0 -1
    outer loop
      vertex 129.056 13.4135 5
      vertex 129.056 22.5865 5
      vertex 129.349 22.4294 5
    endloop
  endfacet
  facet normal 0 0 -1
    outer loop
      vertex 128.798 13.2021 5
      vertex 129.056 22.5865 5
      vertex 129.056 13.4135 5
    endloop
  endfacet
  facet normal 0 0 -1
    outer loop
      vertex 128.798 13.2021 5
      vertex 128.798 22.7979 5
      vertex 129.056 22.5865 5
    endloop
  endfacet
  facet normal 0 0 -1
    outer loop
      vertex 128.587 12.9445 5
      vertex 128.798 22.7979 5
      vertex 128.798 13.2021 5
    endloop
  endfacet
  facet normal 0 0 -1
    outer loop
      vertex 128.587 12.9445 5
      vertex 128.587 23.0555 5
      vertex 128.798 22.7979 5
    endloop
  endfacet
  facet normal 0 0 -1
    outer loop
      vertex 128.429 12.6506 5
      vertex 128.587 23.0555 5
      vertex 128.587 12.9445 5
    endloop
  endfacet
  facet normal 0 0 -1
    outer loop
      vertex 128.429 12.6506 5
      vertex 128.429 23.3494 5
      vertex 128.587 23.0555 5
    endloop
  endfacet
  facet normal 0 0 -1
    outer loop
      vertex 128.333 12.3317 5
      vertex 128.429 23.3494 5
      vertex 128.429 12.6506 5
    endloop
  endfacet
  facet normal 0 0 -1
    outer loop
      vertex 128.333 12.3317 5
      vertex 128.333 23.6683 5
      vertex 128.429 23.3494 5
    endloop
  endfacet
  facet normal 0 0 -1
    outer loop
      vertex 119.65 0 5
      vertex 128.333 12.3317 5
      vertex 128.3 12 5
    endloop
  endfacet
  facet normal -0 0 -1
    outer loop
      vertex 128.333 12.3317 5
      vertex 119.65 0 5
      vertex 128.333 23.6683 5
    endloop
  endfacet
  facet normal 0 0 -1
    outer loop
      vertex 131.667 12.3317 5
      vertex 138 0 5
      vertex 131.7 12 5
    endloop
  endfacet
  facet normal 0 0 -1
    outer loop
      vertex 138 0 5
      vertex 131.667 11.6683 5
      vertex 131.7 12 5
    endloop
  endfacet
  facet normal 0 0 -1
    outer loop
      vertex 138 0 5
      vertex 131.571 11.3494 5
      vertex 131.667 11.6683 5
    endloop
  endfacet
  facet normal 0 0 -1
    outer loop
      vertex 138 0 5
      vertex 131.413 11.0555 5
      vertex 131.571 11.3494 5
    endloop
  endfacet
  facet normal 0 0 -1
    outer loop
      vertex 138 0 5
      vertex 131.202 10.7979 5
      vertex 131.413 11.0555 5
    endloop
  endfacet
  facet normal 0 0 -1
    outer loop
      vertex 138 0 5
      vertex 130.944 10.5865 5
      vertex 131.202 10.7979 5
    endloop
  endfacet
  facet normal 0 0 -1
    outer loop
      vertex 138 0 5
      vertex 130.651 10.4294 5
      vertex 130.944 10.5865 5
    endloop
  endfacet
  facet normal 0 0 -1
    outer loop
      vertex 138 0 5
      vertex 130.332 10.3327 5
      vertex 130.651 10.4294 5
    endloop
  endfacet
  facet normal 0 0 -1
    outer loop
      vertex 138 0 5
      vertex 130 10.3 5
      vertex 130.332 10.3327 5
    endloop
  endfacet
  facet normal 0 0 -1
    outer loop
      vertex 138 0 5
      vertex 129.668 10.3327 5
      vertex 130 10.3 5
    endloop
  endfacet
  facet normal 0 0 -1
    outer loop
      vertex 119.65 0 5
      vertex 129.668 10.3327 5
      vertex 138 0 5
    endloop
  endfacet
  facet normal -0 0 -1
    outer loop
      vertex 129.668 10.3327 5
      vertex 119.65 0 5
      vertex 129.349 10.4294 5
    endloop
  endfacet
  facet normal -0 0 -1
    outer loop
      vertex 129.349 10.4294 5
      vertex 119.65 0 5
      vertex 129.056 10.5865 5
    endloop
  endfacet
  facet normal -0 0 -1
    outer loop
      vertex 128.333 23.6683 5
      vertex 119.65 0 5
      vertex 128.3 24 5
    endloop
  endfacet
  facet normal -0 0 -1
    outer loop
      vertex 128.333 11.6683 5
      vertex 119.65 0 5
      vertex 128.3 12 5
    endloop
  endfacet
  facet normal -0 0 -1
    outer loop
      vertex 128.429 11.3494 5
      vertex 119.65 0 5
      vertex 128.333 11.6683 5
    endloop
  endfacet
  facet normal -0 0 -1
    outer loop
      vertex 128.587 11.0555 5
      vertex 119.65 0 5
      vertex 128.429 11.3494 5
    endloop
  endfacet
  facet normal -0 0 -1
    outer loop
      vertex 128.798 10.7979 5
      vertex 119.65 0 5
      vertex 128.587 11.0555 5
    endloop
  endfacet
  facet normal -0 0 -1
    outer loop
      vertex 129.056 10.5865 5
      vertex 119.65 0 5
      vertex 128.798 10.7979 5
    endloop
  endfacet
  facet normal 0 0 -1
    outer loop
      vertex 138 0 5
      vertex 131.7 24 5
      vertex 138 64 5
    endloop
  endfacet
  facet normal 0 0 -1
    outer loop
      vertex 131.667 24.3317 5
      vertex 138 64 5
      vertex 131.7 24 5
    endloop
  endfacet
  facet normal 0 0 -1
    outer loop
      vertex 131.571 24.6506 5
      vertex 138 64 5
      vertex 131.667 24.3317 5
    endloop
  endfacet
  facet normal 0 0 -1
    outer loop
      vertex 131.413 24.9445 5
      vertex 138 64 5
      vertex 131.571 24.6506 5
    endloop
  endfacet
  facet normal 0 0 -1
    outer loop
      vertex 131.202 25.2021 5
      vertex 138 64 5
      vertex 131.413 24.9445 5
    endloop
  endfacet
  facet normal 0 0 -1
    outer loop
      vertex 130.944 25.4135 5
      vertex 138 64 5
      vertex 131.202 25.2021 5
    endloop
  endfacet
  facet normal 0 0 -1
    outer loop
      vertex 130.651 25.5706 5
      vertex 138 64 5
      vertex 130.944 25.4135 5
    endloop
  endfacet
  facet normal 0 0 -1
    outer loop
      vertex 130.332 25.6673 5
      vertex 138 64 5
      vertex 130.651 25.5706 5
    endloop
  endfacet
  facet normal 0 0 -1
    outer loop
      vertex 130 25.7 5
      vertex 138 64 5
      vertex 130.332 25.6673 5
    endloop
  endfacet
  facet normal 0 0 -1
    outer loop
      vertex 119.65 64 5
      vertex 130 25.7 5
      vertex 129.668 25.6673 5
    endloop
  endfacet
  facet normal 0 0 -1
    outer loop
      vertex 119.65 64 5
      vertex 129.668 25.6673 5
      vertex 129.349 25.5706 5
    endloop
  endfacet
  facet normal 0 0 -1
    outer loop
      vertex 119.65 64 5
      vertex 129.349 25.5706 5
      vertex 129.056 25.4135 5
    endloop
  endfacet
  facet normal 0 0 -1
    outer loop
      vertex 119.65 64 5
      vertex 129.056 25.4135 5
      vertex 128.798 25.2021 5
    endloop
  endfacet
  facet normal 0 0 -1
    outer loop
      vertex 119.65 64 5
      vertex 128.798 25.2021 5
      vertex 128.587 24.9445 5
    endloop
  endfacet
  facet normal 0 0 -1
    outer loop
      vertex 119.65 64 5
      vertex 128.587 24.9445 5
      vertex 128.429 24.6506 5
    endloop
  endfacet
  facet normal 0 0 -1
    outer loop
      vertex 119.65 64 5
      vertex 128.429 24.6506 5
      vertex 128.333 24.3317 5
    endloop
  endfacet
  facet normal 0 0 -1
    outer loop
      vertex 119.65 0 5
      vertex 128.333 24.3317 5
      vertex 128.3 24 5
    endloop
  endfacet
  facet normal 0 0 -1
    outer loop
      vertex 119.65 64 5
      vertex 128.333 24.3317 5
      vertex 119.65 0 5
    endloop
  endfacet
  facet normal 0 0 -1
    outer loop
      vertex 130 25.7 5
      vertex 119.65 64 5
      vertex 138 64 5
    endloop
  endfacet
  facet normal 0.0980197 0.995184 -0
    outer loop
      vertex 130 10.3 5
      vertex 129.668 10.3327 8
      vertex 130 10.3 8
    endloop
  endfacet
  facet normal 0.0980197 0.995184 0
    outer loop
      vertex 129.668 10.3327 8
      vertex 130 10.3 5
      vertex 129.668 10.3327 5
    endloop
  endfacet
  facet normal -0.773609 0.633663 0
    outer loop
      vertex 131.202 10.7979 5
      vertex 131.413 11.0555 8
      vertex 131.413 11.0555 5
    endloop
  endfacet
  facet normal -0.773609 0.633663 0
    outer loop
      vertex 131.413 11.0555 8
      vertex 131.202 10.7979 5
      vertex 131.202 10.7979 8
    endloop
  endfacet
  facet normal -0.957553 -0.288257 0
    outer loop
      vertex 131.667 12.3317 5
      vertex 131.571 12.6506 8
      vertex 131.571 12.6506 5
    endloop
  endfacet
  facet normal -0.957553 -0.288257 0
    outer loop
      vertex 131.571 12.6506 8
      vertex 131.667 12.3317 5
      vertex 131.667 12.3317 8
    endloop
  endfacet
  facet normal -0.995088 -0.0989988 0
    outer loop
      vertex 131.7 12 5
      vertex 131.667 12.3317 8
      vertex 131.667 12.3317 5
    endloop
  endfacet
  facet normal -0.995088 -0.0989988 0
    outer loop
      vertex 131.667 12.3317 8
      vertex 131.7 12 5
      vertex 131.7 12 8
    endloop
  endfacet
  facet normal -0.880788 -0.47351 0
    outer loop
      vertex 131.571 12.6506 5
      vertex 131.413 12.9445 8
      vertex 131.413 12.9445 5
    endloop
  endfacet
  facet normal -0.880788 -0.47351 0
    outer loop
      vertex 131.413 12.9445 8
      vertex 131.571 12.6506 5
      vertex 131.571 12.6506 8
    endloop
  endfacet
  facet normal 0.880788 0.47351 0
    outer loop
      vertex 128.587 11.0555 8
      vertex 128.429 11.3494 5
      vertex 128.429 11.3494 8
    endloop
  endfacet
  facet normal 0.880788 0.47351 0
    outer loop
      vertex 128.429 11.3494 5
      vertex 128.587 11.0555 8
      vertex 128.587 11.0555 5
    endloop
  endfacet
  facet normal -0.995088 0.0989988 0
    outer loop
      vertex 131.667 11.6683 5
      vertex 131.7 12 8
      vertex 131.7 12 5
    endloop
  endfacet
  facet normal -0.995088 0.0989988 0
    outer loop
      vertex 131.7 12 8
      vertex 131.667 11.6683 5
      vertex 131.667 11.6683 8
    endloop
  endfacet
  facet normal -0.290099 0.956997 0
    outer loop
      vertex 130.651 10.4294 5
      vertex 130.332 10.3327 8
      vertex 130.651 10.4294 8
    endloop
  endfacet
  facet normal -0.290099 0.956997 0
    outer loop
      vertex 130.332 10.3327 8
      vertex 130.651 10.4294 5
      vertex 130.332 10.3327 5
    endloop
  endfacet
  facet normal 0.995088 0.0989988 0
    outer loop
      vertex 128.333 11.6683 8
      vertex 128.3 12 5
      vertex 128.3 12 8
    endloop
  endfacet
  facet normal 0.995088 0.0989988 0
    outer loop
      vertex 128.3 12 5
      vertex 128.333 11.6683 8
      vertex 128.333 11.6683 5
    endloop
  endfacet
  facet normal -0.0980197 -0.995184 0
    outer loop
      vertex 130 13.7 5
      vertex 130.332 13.6673 8
      vertex 130 13.7 8
    endloop
  endfacet
  facet normal -0.0980197 -0.995184 -0
    outer loop
      vertex 130.332 13.6673 8
      vertex 130 13.7 5
      vertex 130.332 13.6673 5
    endloop
  endfacet
  facet normal -0.957553 0.288257 0
    outer loop
      vertex 131.571 11.3494 5
      vertex 131.667 11.6683 8
      vertex 131.667 11.6683 5
    endloop
  endfacet
  facet normal -0.957553 0.288257 0
    outer loop
      vertex 131.667 11.6683 8
      vertex 131.571 11.3494 5
      vertex 131.571 11.3494 8
    endloop
  endfacet
  facet normal 0.290099 0.956997 -0
    outer loop
      vertex 129.668 10.3327 5
      vertex 129.349 10.4294 8
      vertex 129.668 10.3327 8
    endloop
  endfacet
  facet normal 0.290099 0.956997 0
    outer loop
      vertex 129.349 10.4294 8
      vertex 129.668 10.3327 5
      vertex 129.349 10.4294 5
    endloop
  endfacet
  facet normal 0.995088 -0.0989988 0
    outer loop
      vertex 128.3 12 8
      vertex 128.333 12.3317 5
      vertex 128.333 12.3317 8
    endloop
  endfacet
  facet normal 0.995088 -0.0989988 0
    outer loop
      vertex 128.333 12.3317 5
      vertex 128.3 12 8
      vertex 128.3 12 5
    endloop
  endfacet
  facet normal -0.290099 -0.956997 0
    outer loop
      vertex 130.332 13.6673 5
      vertex 130.651 13.5706 8
      vertex 130.332 13.6673 8
    endloop
  endfacet
  facet normal -0.290099 -0.956997 -0
    outer loop
      vertex 130.651 13.5706 8
      vertex 130.332 13.6673 5
      vertex 130.651 13.5706 5
    endloop
  endfacet
  facet normal 0.0980197 -0.995184 0
    outer loop
      vertex 129.668 13.6673 5
      vertex 130 13.7 8
      vertex 129.668 13.6673 8
    endloop
  endfacet
  facet normal 0.0980197 -0.995184 0
    outer loop
      vertex 130 13.7 8
      vertex 129.668 13.6673 5
      vertex 130 13.7 5
    endloop
  endfacet
  facet normal 0.957553 -0.288257 0
    outer loop
      vertex 128.333 12.3317 8
      vertex 128.429 12.6506 5
      vertex 128.429 12.6506 8
    endloop
  endfacet
  facet normal 0.957553 -0.288257 0
    outer loop
      vertex 128.429 12.6506 5
      vertex 128.333 12.3317 8
      vertex 128.333 12.3317 5
    endloop
  endfacet
  facet normal 0.633793 -0.773503 0
    outer loop
      vertex 128.798 13.2021 5
      vertex 129.056 13.4135 8
      vertex 128.798 13.2021 8
    endloop
  endfacet
  facet normal 0.633793 -0.773503 0
    outer loop
      vertex 129.056 13.4135 8
      vertex 128.798 13.2021 5
      vertex 129.056 13.4135 5
    endloop
  endfacet
  facet normal -0.773609 -0.633663 0
    outer loop
      vertex 131.413 12.9445 5
      vertex 131.202 13.2021 8
      vertex 131.202 13.2021 5
    endloop
  endfacet
  facet normal -0.773609 -0.633663 0
    outer loop
      vertex 131.202 13.2021 8
      vertex 131.413 12.9445 5
      vertex 131.413 12.9445 8
    endloop
  endfacet
  facet normal 0.472539 -0.88131 0
    outer loop
      vertex 129.056 13.4135 5
      vertex 129.349 13.5706 8
      vertex 129.056 13.4135 8
    endloop
  endfacet
  facet normal 0.472539 -0.88131 0
    outer loop
      vertex 129.349 13.5706 8
      vertex 129.056 13.4135 5
      vertex 129.349 13.5706 5
    endloop
  endfacet
  facet normal -0.472539 0.88131 0
    outer loop
      vertex 130.944 10.5865 5
      vertex 130.651 10.4294 8
      vertex 130.944 10.5865 8
    endloop
  endfacet
  facet normal -0.472539 0.88131 0
    outer loop
      vertex 130.651 10.4294 8
      vertex 130.944 10.5865 5
      vertex 130.651 10.4294 5
    endloop
  endfacet
  facet normal -0.880788 0.47351 0
    outer loop
      vertex 131.413 11.0555 5
      vertex 131.571 11.3494 8
      vertex 131.571 11.3494 5
    endloop
  endfacet
  facet normal -0.880788 0.47351 0
    outer loop
      vertex 131.571 11.3494 8
      vertex 131.413 11.0555 5
      vertex 131.413 11.0555 8
    endloop
  endfacet
  facet normal -0.633793 -0.773503 0
    outer loop
      vertex 130.944 13.4135 5
      vertex 131.202 13.2021 8
      vertex 130.944 13.4135 8
    endloop
  endfacet
  facet normal -0.633793 -0.773503 -0
    outer loop
      vertex 131.202 13.2021 8
      vertex 130.944 13.4135 5
      vertex 131.202 13.2021 5
    endloop
  endfacet
  facet normal -0.633793 0.773503 0
    outer loop
      vertex 131.202 10.7979 5
      vertex 130.944 10.5865 8
      vertex 131.202 10.7979 8
    endloop
  endfacet
  facet normal -0.633793 0.773503 0
    outer loop
      vertex 130.944 10.5865 8
      vertex 131.202 10.7979 5
      vertex 130.944 10.5865 5
    endloop
  endfacet
  facet normal -0.472539 -0.88131 0
    outer loop
      vertex 130.651 13.5706 5
      vertex 130.944 13.4135 8
      vertex 130.651 13.5706 8
    endloop
  endfacet
  facet normal -0.472539 -0.88131 -0
    outer loop
      vertex 130.944 13.4135 8
      vertex 130.651 13.5706 5
      vertex 130.944 13.4135 5
    endloop
  endfacet
  facet normal 0.290099 -0.956997 0
    outer loop
      vertex 129.349 13.5706 5
      vertex 129.668 13.6673 8
      vertex 129.349 13.5706 8
    endloop
  endfacet
  facet normal 0.290099 -0.956997 0
    outer loop
      vertex 129.668 13.6673 8
      vertex 129.349 13.5706 5
      vertex 129.668 13.6673 5
    endloop
  endfacet
  facet normal -0.0980197 0.995184 0
    outer loop
      vertex 130.332 10.3327 5
      vertex 130 10.3 8
      vertex 130.332 10.3327 8
    endloop
  endfacet
  facet normal -0.0980197 0.995184 0
    outer loop
      vertex 130 10.3 8
      vertex 130.332 10.3327 5
      vertex 130 10.3 5
    endloop
  endfacet
  facet normal 0.957553 0.288257 0
    outer loop
      vertex 128.429 11.3494 8
      vertex 128.333 11.6683 5
      vertex 128.333 11.6683 8
    endloop
  endfacet
  facet normal 0.957553 0.288257 0
    outer loop
      vertex 128.333 11.6683 5
      vertex 128.429 11.3494 8
      vertex 128.429 11.3494 5
    endloop
  endfacet
  facet normal 0.773609 -0.633663 0
    outer loop
      vertex 128.587 12.9445 8
      vertex 128.798 13.2021 5
      vertex 128.798 13.2021 8
    endloop
  endfacet
  facet normal 0.773609 -0.633663 0
    outer loop
      vertex 128.798 13.2021 5
      vertex 128.587 12.9445 8
      vertex 128.587 12.9445 5
    endloop
  endfacet
  facet normal 0.773609 0.633663 0
    outer loop
      vertex 128.798 10.7979 8
      vertex 128.587 11.0555 5
      vertex 128.587 11.0555 8
    endloop
  endfacet
  facet normal 0.773609 0.633663 0
    outer loop
      vertex 128.587 11.0555 5
      vertex 128.798 10.7979 8
      vertex 128.798 10.7979 5
    endloop
  endfacet
  facet normal 0.633793 0.773503 -0
    outer loop
      vertex 129.056 10.5865 5
      vertex 128.798 10.7979 8
      vertex 129.056 10.5865 8
    endloop
  endfacet
  facet normal 0.633793 0.773503 0
    outer loop
      vertex 128.798 10.7979 8
      vertex 129.056 10.5865 5
      vertex 128.798 10.7979 5
    endloop
  endfacet
  facet normal 0.472539 0.88131 -0
    outer loop
      vertex 129.349 10.4294 5
      vertex 129.056 10.5865 8
      vertex 129.349 10.4294 8
    endloop
  endfacet
  facet normal 0.472539 0.88131 0
    outer loop
      vertex 129.056 10.5865 8
      vertex 129.349 10.4294 5
      vertex 129.056 10.5865 5
    endloop
  endfacet
  facet normal 0.880788 -0.47351 0
    outer loop
      vertex 128.429 12.6506 8
      vertex 128.587 12.9445 5
      vertex 128.587 12.9445 8
    endloop
  endfacet
  facet normal 0.880788 -0.47351 0
    outer loop
      vertex 128.587 12.9445 5
      vertex 128.429 12.6506 8
      vertex 128.429 12.6506 5
    endloop
  endfacet
  facet normal 0.0980197 0.995184 -0
    outer loop
      vertex 130 22.3 5
      vertex 129.668 22.3327 8
      vertex 130 22.3 8
    endloop
  endfacet
  facet normal 0.0980197 0.995184 0
    outer loop
      vertex 129.668 22.3327 8
      vertex 130 22.3 5
      vertex 129.668 22.3327 5
    endloop
  endfacet
  facet normal -0.773609 0.633663 0
    outer loop
      vertex 131.202 22.7979 5
      vertex 131.413 23.0555 8
      vertex 131.413 23.0555 5
    endloop
  endfacet
  facet normal -0.773609 0.633663 0
    outer loop
      vertex 131.413 23.0555 8
      vertex 131.202 22.7979 5
      vertex 131.202 22.7979 8
    endloop
  endfacet
  facet normal -0.957553 -0.288257 0
    outer loop
      vertex 131.667 24.3317 5
      vertex 131.571 24.6506 8
      vertex 131.571 24.6506 5
    endloop
  endfacet
  facet normal -0.957553 -0.288257 0
    outer loop
      vertex 131.571 24.6506 8
      vertex 131.667 24.3317 5
      vertex 131.667 24.3317 8
    endloop
  endfacet
  facet normal -0.995088 -0.0989988 0
    outer loop
      vertex 131.7 24 5
      vertex 131.667 24.3317 8
      vertex 131.667 24.3317 5
    endloop
  endfacet
  facet normal -0.995088 -0.0989988 0
    outer loop
      vertex 131.667 24.3317 8
      vertex 131.7 24 5
      vertex 131.7 24 8
    endloop
  endfacet
  facet normal -0.880788 -0.47351 0
    outer loop
      vertex 131.571 24.6506 5
      vertex 131.413 24.9445 8
      vertex 131.413 24.9445 5
    endloop
  endfacet
  facet normal -0.880788 -0.47351 0
    outer loop
      vertex 131.413 24.9445 8
      vertex 131.571 24.6506 5
      vertex 131.571 24.6506 8
    endloop
  endfacet
  facet normal 0.880788 0.47351 0
    outer loop
      vertex 128.587 23.0555 8
      vertex 128.429 23.3494 5
      vertex 128.429 23.3494 8
    endloop
  endfacet
  facet normal 0.880788 0.47351 0
    outer loop
      vertex 128.429 23.3494 5
      vertex 128.587 23.0555 8
      vertex 128.587 23.0555 5
    endloop
  endfacet
  facet normal -0.995088 0.0989988 0
    outer loop
      vertex 131.667 23.6683 5
      vertex 131.7 24 8
      vertex 131.7 24 5
    endloop
  endfacet
  facet normal -0.995088 0.0989988 0
    outer loop
      vertex 131.7 24 8
      vertex 131.667 23.6683 5
      vertex 131.667 23.6683 8
    endloop
  endfacet
  facet normal -0.290099 0.956997 0
    outer loop
      vertex 130.651 22.4294 5
      vertex 130.332 22.3327 8
      vertex 130.651 22.4294 8
    endloop
  endfacet
  facet normal -0.290099 0.956997 0
    outer loop
      vertex 130.332 22.3327 8
      vertex 130.651 22.4294 5
      vertex 130.332 22.3327 5
    endloop
  endfacet
  facet normal 0.995088 0.0989988 0
    outer loop
      vertex 128.333 23.6683 8
      vertex 128.3 24 5
      vertex 128.3 24 8
    endloop
  endfacet
  facet normal 0.995088 0.0989988 0
    outer loop
      vertex 128.3 24 5
      vertex 128.333 23.6683 8
      vertex 128.333 23.6683 5
    endloop
  endfacet
  facet normal -0.0980197 -0.995184 0
    outer loop
      vertex 130 25.7 5
      vertex 130.332 25.6673 8
      vertex 130 25.7 8
    endloop
  endfacet
  facet normal -0.0980197 -0.995184 -0
    outer loop
      vertex 130.332 25.6673 8
      vertex 130 25.7 5
      vertex 130.332 25.6673 5
    endloop
  endfacet
  facet normal -0.957553 0.288257 0
    outer loop
      vertex 131.571 23.3494 5
      vertex 131.667 23.6683 8
      vertex 131.667 23.6683 5
    endloop
  endfacet
  facet normal -0.957553 0.288257 0
    outer loop
      vertex 131.667 23.6683 8
      vertex 131.571 23.3494 5
      vertex 131.571 23.3494 8
    endloop
  endfacet
  facet normal 0.290099 0.956997 -0
    outer loop
      vertex 129.668 22.3327 5
      vertex 129.349 22.4294 8
      vertex 129.668 22.3327 8
    endloop
  endfacet
  facet normal 0.290099 0.956997 0
    outer loop
      vertex 129.349 22.4294 8
      vertex 129.668 22.3327 5
      vertex 129.349 22.4294 5
    endloop
  endfacet
  facet normal 0.995088 -0.0989988 0
    outer loop
      vertex 128.3 24 8
      vertex 128.333 24.3317 5
      vertex 128.333 24.3317 8
    endloop
  endfacet
  facet normal 0.995088 -0.0989988 0
    outer loop
      vertex 128.333 24.3317 5
      vertex 128.3 24 8
      vertex 128.3 24 5
    endloop
  endfacet
  facet normal -0.290099 -0.956997 0
    outer loop
      vertex 130.332 25.6673 5
      vertex 130.651 25.5706 8
      vertex 130.332 25.6673 8
    endloop
  endfacet
  facet normal -0.290099 -0.956997 -0
    outer loop
      vertex 130.651 25.5706 8
      vertex 130.332 25.6673 5
      vertex 130.651 25.5706 5
    endloop
  endfacet
  facet normal 0.0980197 -0.995184 0
    outer loop
      vertex 129.668 25.6673 5
      vertex 130 25.7 8
      vertex 129.668 25.6673 8
    endloop
  endfacet
  facet normal 0.0980197 -0.995184 0
    outer loop
      vertex 130 25.7 8
      vertex 129.668 25.6673 5
      vertex 130 25.7 5
    endloop
  endfacet
  facet normal 0.957553 -0.288257 0
    outer loop
      vertex 128.333 24.3317 8
      vertex 128.429 24.6506 5
      vertex 128.429 24.6506 8
    endloop
  endfacet
  facet normal 0.957553 -0.288257 0
    outer loop
      vertex 128.429 24.6506 5
      vertex 128.333 24.3317 8
      vertex 128.333 24.3317 5
    endloop
  endfacet
  facet normal 0.633793 -0.773503 0
    outer loop
      vertex 128.798 25.2021 5
      vertex 129.056 25.4135 8
      vertex 128.798 25.2021 8
    endloop
  endfacet
  facet normal 0.633793 -0.773503 0
    outer loop
      vertex 129.056 25.4135 8
      vertex 128.798 25.2021 5
      vertex 129.056 25.4135 5
    endloop
  endfacet
  facet normal -0.773609 -0.633663 0
    outer loop
      vertex 131.413 24.9445 5
      vertex 131.202 25.2021 8
      vertex 131.202 25.2021 5
    endloop
  endfacet
  facet normal -0.773609 -0.633663 0
    outer loop
      vertex 131.202 25.2021 8
      vertex 131.413 24.9445 5
      vertex 131.413 24.9445 8
    endloop
  endfacet
  facet normal 0.472539 -0.88131 0
    outer loop
      vertex 129.056 25.4135 5
      vertex 129.349 25.5706 8
      vertex 129.056 25.4135 8
    endloop
  endfacet
  facet normal 0.472539 -0.88131 0
    outer loop
      vertex 129.349 25.5706 8
      vertex 129.056 25.4135 5
      vertex 129.349 25.5706 5
    endloop
  endfacet
  facet normal -0.472539 0.88131 0
    outer loop
      vertex 130.944 22.5865 5
      vertex 130.651 22.4294 8
      vertex 130.944 22.5865 8
    endloop
  endfacet
  facet normal -0.472539 0.88131 0
    outer loop
      vertex 130.651 22.4294 8
      vertex 130.944 22.5865 5
      vertex 130.651 22.4294 5
    endloop
  endfacet
  facet normal -0.880788 0.47351 0
    outer loop
      vertex 131.413 23.0555 5
      vertex 131.571 23.3494 8
      vertex 131.571 23.3494 5
    endloop
  endfacet
  facet normal -0.880788 0.47351 0
    outer loop
      vertex 131.571 23.3494 8
      vertex 131.413 23.0555 5
      vertex 131.413 23.0555 8
    endloop
  endfacet
  facet normal -0.633793 -0.773503 0
    outer loop
      vertex 130.944 25.4135 5
      vertex 131.202 25.2021 8
      vertex 130.944 25.4135 8
    endloop
  endfacet
  facet normal -0.633793 -0.773503 -0
    outer loop
      vertex 131.202 25.2021 8
      vertex 130.944 25.4135 5
      vertex 131.202 25.2021 5
    endloop
  endfacet
  facet normal -0.633793 0.773503 0
    outer loop
      vertex 131.202 22.7979 5
      vertex 130.944 22.5865 8
      vertex 131.202 22.7979 8
    endloop
  endfacet
  facet normal -0.633793 0.773503 0
    outer loop
      vertex 130.944 22.5865 8
      vertex 131.202 22.7979 5
      vertex 130.944 22.5865 5
    endloop
  endfacet
  facet normal -0.472539 -0.88131 0
    outer loop
      vertex 130.651 25.5706 5
      vertex 130.944 25.4135 8
      vertex 130.651 25.5706 8
    endloop
  endfacet
  facet normal -0.472539 -0.88131 -0
    outer loop
      vertex 130.944 25.4135 8
      vertex 130.651 25.5706 5
      vertex 130.944 25.4135 5
    endloop
  endfacet
  facet normal 0.290099 -0.956997 0
    outer loop
      vertex 129.349 25.5706 5
      vertex 129.668 25.6673 8
      vertex 129.349 25.5706 8
    endloop
  endfacet
  facet normal 0.290099 -0.956997 0
    outer loop
      vertex 129.668 25.6673 8
      vertex 129.349 25.5706 5
      vertex 129.668 25.6673 5
    endloop
  endfacet
  facet normal -0.0980197 0.995184 0
    outer loop
      vertex 130.332 22.3327 5
      vertex 130 22.3 8
      vertex 130.332 22.3327 8
    endloop
  endfacet
  facet normal -0.0980197 0.995184 0
    outer loop
      vertex 130 22.3 8
      vertex 130.332 22.3327 5
      vertex 130 22.3 5
    endloop
  endfacet
  facet normal 0.957553 0.288257 0
    outer loop
      vertex 128.429 23.3494 8
      vertex 128.333 23.6683 5
      vertex 128.333 23.6683 8
    endloop
  endfacet
  facet normal 0.957553 0.288257 0
    outer loop
      vertex 128.333 23.6683 5
      vertex 128.429 23.3494 8
      vertex 128.429 23.3494 5
    endloop
  endfacet
  facet normal 0.773609 -0.633663 0
    outer loop
      vertex 128.587 24.9445 8
      vertex 128.798 25.2021 5
      vertex 128.798 25.2021 8
    endloop
  endfacet
  facet normal 0.773609 -0.633663 0
    outer loop
      vertex 128.798 25.2021 5
      vertex 128.587 24.9445 8
      vertex 128.587 24.9445 5
    endloop
  endfacet
  facet normal 0.773609 0.633663 0
    outer loop
      vertex 128.798 22.7979 8
      vertex 128.587 23.0555 5
      vertex 128.587 23.0555 8
    endloop
  endfacet
  facet normal 0.773609 0.633663 0
    outer loop
      vertex 128.587 23.0555 5
      vertex 128.798 22.7979 8
      vertex 128.798 22.7979 5
    endloop
  endfacet
  facet normal 0.633793 0.773503 -0
    outer loop
      vertex 129.056 22.5865 5
      vertex 128.798 22.7979 8
      vertex 129.056 22.5865 8
    endloop
  endfacet
  facet normal 0.633793 0.773503 0
    outer loop
      vertex 128.798 22.7979 8
      vertex 129.056 22.5865 5
      vertex 128.798 22.7979 5
    endloop
  endfacet
  facet normal 0.472539 0.88131 -0
    outer loop
      vertex 129.349 22.4294 5
      vertex 129.056 22.5865 8
      vertex 129.349 22.4294 8
    endloop
  endfacet
  facet normal 0.472539 0.88131 0
    outer loop
      vertex 129.056 22.5865 8
      vertex 129.349 22.4294 5
      vertex 129.056 22.5865 5
    endloop
  endfacet
  facet normal 0.880788 -0.47351 0
    outer loop
      vertex 128.429 24.6506 8
      vertex 128.587 24.9445 5
      vertex 128.587 24.9445 8
    endloop
  endfacet
  facet normal 0.880788 -0.47351 0
    outer loop
      vertex 128.587 24.9445 5
      vertex 128.429 24.6506 8
      vertex 128.429 24.6506 5
    endloop
  endfacet
endsolid OpenSCAD_Model
