solid OpenSCAD_Model
  facet normal 0.00913198 -0.990242 0.139059
    outer loop
      vertex 0 114 48.8566
      vertex 0.170752 115.384 58.7009
      vertex 0.0513306 114.783 54.429
    endloop
  endfacet
  facet normal 0.00167555 -0.990264 0.139191
    outer loop
      vertex 0 114 48.8566
      vertex 0.170752 109.905 19.721
      vertex 0.170752 115.384 58.7009
    endloop
  endfacet
  facet normal -0.000828391 -0.990267 0.139177
    outer loop
      vertex 0 108.047 6.5
      vertex 0.170752 109.905 19.721
      vertex 0 114 48.8566
    endloop
  endfacet
  facet normal 0 -0.990269 0.139166
    outer loop
      vertex 0.170752 109.905 19.721
      vertex 0 108.047 6.5
      vertex 0.170752 108.047 6.5
    endloop
  endfacet
  facet normal -0.00903807 -0.990243 0.13906
    outer loop
      vertex 199.829 115.384 58.7009
      vertex 200 114 48.8566
      vertex 199.949 114.783 54.429
    endloop
  endfacet
  facet normal -0.00167312 -0.990264 0.139191
    outer loop
      vertex 199.829 109.905 19.721
      vertex 200 114 48.8566
      vertex 199.829 115.384 58.7009
    endloop
  endfacet
  facet normal 0 -0.990269 0.139166
    outer loop
      vertex 200 108.047 6.5
      vertex 199.829 109.905 19.721
      vertex 199.829 108.047 6.5
    endloop
  endfacet
  facet normal 0.000827189 -0.990267 0.139177
    outer loop
      vertex 199.829 109.905 19.721
      vertex 200 108.047 6.5
      vertex 200 114 48.8566
    endloop
  endfacet
  facet normal 1 0 0
    outer loop
      vertex 200 127.17 162.684
      vertex 200 107.239 6.5
      vertex 200 129.15 162.406
    endloop
  endfacet
  facet normal 1 0 -0
    outer loop
      vertex 200 107.239 6.5
      vertex 200 127.17 162.684
      vertex 200 105.22 6.5
    endloop
  endfacet
  facet normal 1 -0 0
    outer loop
      vertex 200 108.047 6.5
      vertex 200 114 0
      vertex 200 114 48.8566
    endloop
  endfacet
  facet normal 1 -0 0
    outer loop
      vertex 200 107.239 6.5
      vertex 200 114 0
      vertex 200 108.047 6.5
    endloop
  endfacet
  facet normal 1 -0 0
    outer loop
      vertex 200 105.22 6.5
      vertex 200 114 0
      vertex 200 107.239 6.5
    endloop
  endfacet
  facet normal 1 0 0
    outer loop
      vertex 200 93.3 0
      vertex 200 105.22 6.5
      vertex 200 93.3 6.5
    endloop
  endfacet
  facet normal 1 0 0
    outer loop
      vertex 200 105.22 6.5
      vertex 200 93.3 0
      vertex 200 114 0
    endloop
  endfacet
  facet normal -1 0 0
    outer loop
      vertex 0 114 0
      vertex 0 108.047 6.5
      vertex 0 114 48.8566
    endloop
  endfacet
  facet normal -1 0 0
    outer loop
      vertex 0 114 0
      vertex 0 107.239 6.5
      vertex 0 108.047 6.5
    endloop
  endfacet
  facet normal -1 0 0
    outer loop
      vertex 0 114 0
      vertex 0 105.22 6.5
      vertex 0 107.239 6.5
    endloop
  endfacet
  facet normal -1 0 0
    outer loop
      vertex 0 93.3 0
      vertex 0 105.22 6.5
      vertex 0 114 0
    endloop
  endfacet
  facet normal -1 -0 0
    outer loop
      vertex 0 105.22 6.5
      vertex 0 93.3 0
      vertex 0 93.3 6.5
    endloop
  endfacet
  facet normal -1 0 0
    outer loop
      vertex 0 107.239 6.5
      vertex 0 127.17 162.684
      vertex 0 129.15 162.406
    endloop
  endfacet
  facet normal -1 0 0
    outer loop
      vertex 0 127.17 162.684
      vertex 0 107.239 6.5
      vertex 0 105.22 6.5
    endloop
  endfacet
  facet normal 0.0649964 0.997886 0
    outer loop
      vertex 194 120 0
      vertex 194.783 119.949 82.5612
      vertex 194.783 119.949 0
    endloop
  endfacet
  facet normal 0.0649964 0.997886 0
    outer loop
      vertex 194.783 119.949 82.5612
      vertex 194 120 0
      vertex 194 120 82.9264
    endloop
  endfacet
  facet normal 0.555288 0.831658 0
    outer loop
      vertex 197 119.196 0
      vertex 197.653 118.76 74.1042
      vertex 197.653 118.76 0
    endloop
  endfacet
  facet normal 0.555288 0.831658 0
    outer loop
      vertex 197.653 118.76 74.1042
      vertex 197 119.196 0
      vertex 197 119.196 77.2067
    endloop
  endfacet
  facet normal 0 1 -0
    outer loop
      vertex 194 120 0
      vertex 6 120 82.9264
      vertex 194 120 82.9264
    endloop
  endfacet
  facet normal 0 1 0
    outer loop
      vertex 6 120 82.9264
      vertex 194 120 0
      vertex 6 120 0
    endloop
  endfacet
  facet normal 0.94651 0.322674 0
    outer loop
      vertex 199.663 115.944 60.4503
      vertex 199.543 116.296 0
      vertex 199.543 116.296 61.9109
    endloop
  endfacet
  facet normal 0.946785 0.321867 -5.24629e-06
    outer loop
      vertex 199.783 115.591 59.5493
      vertex 199.543 116.296 0
      vertex 199.663 115.944 60.4503
    endloop
  endfacet
  facet normal 0.946178 0.323646 1.82689e-05
    outer loop
      vertex 199.796 115.553 59.4532
      vertex 199.543 116.296 0
      vertex 199.783 115.591 59.5493
    endloop
  endfacet
  facet normal 0.946625 0.322337 0
    outer loop
      vertex 199.543 116.296 0
      vertex 199.796 115.553 59.4532
      vertex 199.796 115.553 0
    endloop
  endfacet
  facet normal 0.44211 0.896961 0
    outer loop
      vertex 196.296 119.543 0
      vertex 197 119.196 77.2067
      vertex 197 119.196 0
    endloop
  endfacet
  facet normal 0.44211 0.896961 0
    outer loop
      vertex 197 119.196 77.2067
      vertex 196.296 119.543 0
      vertex 196.296 119.543 79.6767
    endloop
  endfacet
  facet normal 0.982801 0.18466 0.00162817
    outer loop
      vertex 199.949 114.783 54.429
      vertex 199.796 115.553 59.4532
      vertex 199.829 115.384 58.7009
    endloop
  endfacet
  facet normal 0.980825 0.194891 0
    outer loop
      vertex 199.796 115.553 59.4532
      vertex 199.949 114.783 54.429
      vertex 199.796 115.553 0
    endloop
  endfacet
  facet normal 0.980825 0.194891 0
    outer loop
      vertex 199.796 115.553 0
      vertex 199.949 114.783 54.429
      vertex 199.949 114.783 0
    endloop
  endfacet
  facet normal -0.0649832 0.997886 0
    outer loop
      vertex 6 120 0
      vertex 5.21684 119.949 82.5612
      vertex 6 120 82.9264
    endloop
  endfacet
  facet normal -0.0649832 0.997886 0
    outer loop
      vertex 5.21684 119.949 82.5612
      vertex 6 120 0
      vertex 5.21684 119.949 0
    endloop
  endfacet
  facet normal -0.555541 0.831489 0
    outer loop
      vertex 3 119.196 0
      vertex 2.34743 118.76 74.1042
      vertex 3 119.196 77.2067
    endloop
  endfacet
  facet normal -0.555541 0.831489 0
    outer loop
      vertex 2.34743 118.76 74.1042
      vertex 3 119.196 0
      vertex 2.34743 118.76 0
    endloop
  endfacet
  facet normal 0.322337 0.946625 0
    outer loop
      vertex 195.553 119.796 0
      vertex 196.296 119.543 79.6767
      vertex 196.296 119.543 0
    endloop
  endfacet
  facet normal 0.322337 0.946625 0
    outer loop
      vertex 196.296 119.543 79.6767
      vertex 195.553 119.796 0
      vertex 195.553 119.796 81.4717
    endloop
  endfacet
  facet normal 0.87301 -0.432032 0.226277
    outer loop
      vertex 198.243 118.243 70.5939
      vertex 198 118.455 71.9362
      vertex 198.166 118.31 71.0189
    endloop
  endfacet
  facet normal 0.659046 0.752103 0
    outer loop
      vertex 197.653 118.76 0
      vertex 198.243 118.243 70.5939
      vertex 198.243 118.243 0
    endloop
  endfacet
  facet normal 0.657479 0.753473 2.31337e-05
    outer loop
      vertex 198.243 118.243 70.5939
      vertex 197.653 118.76 0
      vertex 198 118.455 71.9362
    endloop
  endfacet
  facet normal 0.660189 0.7511 0
    outer loop
      vertex 198 118.455 71.9362
      vertex 197.653 118.76 0
      vertex 197.653 118.76 74.1042
    endloop
  endfacet
  facet normal -0.836048 0.548656 0
    outer loop
      vertex 1.23988 117.653 0
      vertex 1.23463 117.645 67.2616
      vertex 1.23988 117.653 67.306
    endloop
  endfacet
  facet normal -0.831728 0.555183 1.11345e-06
    outer loop
      vertex 1.23988 117.653 0
      vertex 0.888859 117.127 64.9075
      vertex 1.23463 117.645 67.2616
    endloop
  endfacet
  facet normal -0.831639 0.555317 0
    outer loop
      vertex 0.803847 117 64.5035
      vertex 1.23988 117.653 0
      vertex 0.803847 117 0
    endloop
  endfacet
  facet normal -0.831026 0.556234 1.34294e-05
    outer loop
      vertex 1.23988 117.653 0
      vertex 0.803847 117 64.5035
      vertex 0.888859 117.127 64.9075
    endloop
  endfacet
  facet normal -0.997858 0.0654159 0
    outer loop
      vertex 0 114 48.8566
      vertex 0.0513306 114.783 0
      vertex 0 114 0
    endloop
  endfacet
  facet normal -0.997858 0.0654159 0
    outer loop
      vertex 0.0513306 114.783 0
      vertex 0 114 48.8566
      vertex 0.0513306 114.783 54.429
    endloop
  endfacet
  facet normal -0.946787 0.321859 0
    outer loop
      vertex 0.456722 116.296 0
      vertex 0.33706 115.944 60.4503
      vertex 0.456722 116.296 61.9109
    endloop
  endfacet
  facet normal -0.946922 0.321464 -2.56957e-06
    outer loop
      vertex 0.456722 116.296 0
      vertex 0.217225 115.591 59.5493
      vertex 0.33706 115.944 60.4503
    endloop
  endfacet
  facet normal -0.946906 0.321511 0
    outer loop
      vertex 0.204445 115.553 59.4532
      vertex 0.456722 116.296 0
      vertex 0.204445 115.553 0
    endloop
  endfacet
  facet normal -0.947804 0.318855 -3.70016e-05
    outer loop
      vertex 0.456722 116.296 0
      vertex 0.204445 115.553 59.4532
      vertex 0.217225 115.591 59.5493
    endloop
  endfacet
  facet normal -0.659727 0.751505 0
    outer loop
      vertex 2.34743 118.76 0
      vertex 2 118.455 71.9362
      vertex 2.34743 118.76 74.1042
    endloop
  endfacet
  facet normal -0.658327 0.752732 1.19673e-05
    outer loop
      vertex 2.34743 118.76 0
      vertex 1.83419 118.31 71.0189
      vertex 2 118.455 71.9362
    endloop
  endfacet
  facet normal -0.657324 0.753608 2.47577e-05
    outer loop
      vertex 2.34743 118.76 0
      vertex 1.75736 118.243 70.5939
      vertex 1.83419 118.31 71.0189
    endloop
  endfacet
  facet normal -0.659002 0.752141 0
    outer loop
      vertex 1.75736 118.243 70.5939
      vertex 2.34743 118.76 0
      vertex 1.75736 118.243 0
    endloop
  endfacet
  facet normal 0.997886 0.0649964 0
    outer loop
      vertex 200 114 48.8566
      vertex 199.949 114.783 0
      vertex 199.949 114.783 54.429
    endloop
  endfacet
  facet normal 0.997886 0.0649964 0
    outer loop
      vertex 199.949 114.783 0
      vertex 200 114 48.8566
      vertex 200 114 0
    endloop
  endfacet
  facet normal -0.194952 0.980813 0
    outer loop
      vertex 5.21684 119.949 0
      vertex 4.44709 119.796 81.4717
      vertex 5.21684 119.949 82.5612
    endloop
  endfacet
  facet normal -0.194952 0.980813 0
    outer loop
      vertex 4.44709 119.796 81.4717
      vertex 5.21684 119.949 0
      vertex 4.44709 119.796 0
    endloop
  endfacet
  facet normal -0.322263 0.94665 0
    outer loop
      vertex 4.44709 119.796 0
      vertex 3.7039 119.543 79.6767
      vertex 4.44709 119.796 81.4717
    endloop
  endfacet
  facet normal -0.322263 0.94665 0
    outer loop
      vertex 3.7039 119.543 79.6767
      vertex 4.44709 119.796 0
      vertex 3.7039 119.543 0
    endloop
  endfacet
  facet normal 0.896849 0.442337 0
    outer loop
      vertex 199.414 116.558 62.6431
      vertex 199.196 117 0
      vertex 199.196 117 64.5035
    endloop
  endfacet
  facet normal 0.897144 0.441738 -5.25331e-06
    outer loop
      vertex 199.543 116.296 61.9109
      vertex 199.196 117 0
      vertex 199.414 116.558 62.6431
    endloop
  endfacet
  facet normal 0.896961 0.44211 0
    outer loop
      vertex 199.196 117 0
      vertex 199.543 116.296 61.9109
      vertex 199.543 116.296 0
    endloop
  endfacet
  facet normal 0.194891 0.980825 0
    outer loop
      vertex 194.783 119.949 0
      vertex 195.553 119.796 81.4717
      vertex 195.553 119.796 0
    endloop
  endfacet
  facet normal 0.194891 0.980825 0
    outer loop
      vertex 195.553 119.796 81.4717
      vertex 194.783 119.949 0
      vertex 194.783 119.949 82.5612
    endloop
  endfacet
  facet normal -0.753316 0.657658 0
    outer loop
      vertex 1.75736 118.243 0
      vertex 1.60982 118.074 69.5012
      vertex 1.75736 118.243 70.5939
    endloop
  endfacet
  facet normal -0.75144 0.659802 9.19593e-06
    outer loop
      vertex 1.75736 118.243 0
      vertex 1.45615 117.899 68.5894
      vertex 1.60982 118.074 69.5012
    endloop
  endfacet
  facet normal -0.751799 0.659392 0
    outer loop
      vertex 1.23988 117.653 67.306
      vertex 1.75736 118.243 0
      vertex 1.23988 117.653 0
    endloop
  endfacet
  facet normal -0.751065 0.660228 1.29795e-05
    outer loop
      vertex 1.75736 118.243 0
      vertex 1.23988 117.653 67.306
      vertex 1.45615 117.899 68.5894
    endloop
  endfacet
  facet normal -0.8968 0.442437 0
    outer loop
      vertex 0.803847 117 0
      vertex 0.585786 116.558 62.6431
      vertex 0.803847 117 64.5035
    endloop
  endfacet
  facet normal -0.896898 0.442238 0
    outer loop
      vertex 0.456722 116.296 61.9109
      vertex 0.803847 117 0
      vertex 0.456722 116.296 0
    endloop
  endfacet
  facet normal -0.897058 0.441913 -4.59321e-06
    outer loop
      vertex 0.803847 117 0
      vertex 0.456722 116.296 61.9109
      vertex 0.585786 116.558 62.6431
    endloop
  endfacet
  facet normal -0.44216 0.896936 0
    outer loop
      vertex 3.7039 119.543 0
      vertex 3 119.196 77.2067
      vertex 3.7039 119.543 79.6767
    endloop
  endfacet
  facet normal -0.44216 0.896936 0
    outer loop
      vertex 3 119.196 77.2067
      vertex 3.7039 119.543 0
      vertex 3 119.196 0
    endloop
  endfacet
  facet normal -0.980797 0.195031 0
    outer loop
      vertex 0.0513306 114.783 54.429
      vertex 0.204445 115.553 59.4532
      vertex 0.204445 115.553 0
    endloop
  endfacet
  facet normal -0.980797 0.195031 0
    outer loop
      vertex 0.0513306 114.783 54.429
      vertex 0.204445 115.553 0
      vertex 0.0513306 114.783 0
    endloop
  endfacet
  facet normal -0.980491 0.196566 -0.000244475
    outer loop
      vertex 0.204445 115.553 59.4532
      vertex 0.0513306 114.783 54.429
      vertex 0.170752 115.384 58.7009
    endloop
  endfacet
  facet normal 0.847998 0.529999 0
    outer loop
      vertex 198.765 117.645 67.2616
      vertex 198.76 117.653 0
      vertex 198.76 117.653 67.306
    endloop
  endfacet
  facet normal 0.831565 0.555428 4.24604e-06
    outer loop
      vertex 199.111 117.127 64.9075
      vertex 198.76 117.653 0
      vertex 198.765 117.645 67.2616
    endloop
  endfacet
  facet normal 0.831061 0.556181 1.30717e-05
    outer loop
      vertex 199.196 117 64.5035
      vertex 198.76 117.653 0
      vertex 199.111 117.127 64.9075
    endloop
  endfacet
  facet normal 0.831658 0.555288 0
    outer loop
      vertex 198.76 117.653 0
      vertex 199.196 117 64.5035
      vertex 199.196 117 0
    endloop
  endfacet
  facet normal 0.754509 0.656289 0
    outer loop
      vertex 198.39 118.074 69.5012
      vertex 198.243 118.243 0
      vertex 198.243 118.243 70.5939
    endloop
  endfacet
  facet normal 0.750761 0.660574 1.83472e-05
    outer loop
      vertex 198.544 117.899 68.5894
      vertex 198.243 118.243 0
      vertex 198.39 118.074 69.5012
    endloop
  endfacet
  facet normal 0.751469 0.659768 1.11975e-05
    outer loop
      vertex 198.76 117.653 67.306
      vertex 198.243 118.243 0
      vertex 198.544 117.899 68.5894
    endloop
  endfacet
  facet normal 0.752103 0.659046 0
    outer loop
      vertex 198.243 118.243 0
      vertex 198.76 117.653 67.306
      vertex 198.76 117.653 0
    endloop
  endfacet
  facet normal -0.980782 -0.195104 0
    outer loop
      vertex 0.204445 91.7471 0
      vertex 0.0513306 92.5168 6.5
      vertex 0.0513306 92.5168 0
    endloop
  endfacet
  facet normal -0.980782 -0.195104 0
    outer loop
      vertex 0.0513306 92.5168 6.5
      vertex 0.204445 91.7471 0
      vertex 0.204445 91.7471 6.5
    endloop
  endfacet
  facet normal 0.0653771 -0.997861 0
    outer loop
      vertex 194 87.3 0
      vertex 194.783 87.3513 6.5
      vertex 194 87.3 6.5
    endloop
  endfacet
  facet normal 0.0653771 -0.997861 0
    outer loop
      vertex 194.783 87.3513 6.5
      vertex 194 87.3 0
      vertex 194.783 87.3513 0
    endloop
  endfacet
  facet normal 0.321537 -0.946897 0
    outer loop
      vertex 195.553 87.5044 0
      vertex 196.296 87.7567 6.5
      vertex 195.553 87.5044 6.5
    endloop
  endfacet
  facet normal 0.321537 -0.946897 0
    outer loop
      vertex 196.296 87.7567 6.5
      vertex 195.553 87.5044 0
      vertex 196.296 87.7567 0
    endloop
  endfacet
  facet normal 0.195014 -0.980801 0
    outer loop
      vertex 194.783 87.3513 0
      vertex 195.553 87.5044 6.5
      vertex 194.783 87.3513 6.5
    endloop
  endfacet
  facet normal 0.195014 -0.980801 0
    outer loop
      vertex 195.553 87.5044 6.5
      vertex 194.783 87.3513 0
      vertex 195.553 87.5044 0
    endloop
  endfacet
  facet normal 0.896936 -0.44216 0
    outer loop
      vertex 199.196 90.3 6.5
      vertex 199.543 91.0039 0
      vertex 199.543 91.0039 6.5
    endloop
  endfacet
  facet normal 0.896936 -0.44216 0
    outer loop
      vertex 199.543 91.0039 0
      vertex 199.196 90.3 6.5
      vertex 199.196 90.3 0
    endloop
  endfacet
  facet normal 0 -1 0
    outer loop
      vertex 6 87.3 0
      vertex 7.2 87.3 6.5
      vertex 6 87.3 6.5
    endloop
  endfacet
  facet normal 0 -1 -0
    outer loop
      vertex 7.2 87.3 6.5
      vertex 6 87.3 0
      vertex 192.8 87.3 6.5
    endloop
  endfacet
  facet normal 0 -1 0
    outer loop
      vertex 194 87.3 0
      vertex 192.8 87.3 6.5
      vertex 6 87.3 0
    endloop
  endfacet
  facet normal 0 -1 0
    outer loop
      vertex 192.8 87.3 6.5
      vertex 194 87.3 0
      vertex 194 87.3 6.5
    endloop
  endfacet
  facet normal 0 -1 0
    outer loop
      vertex 7.2 87.3 6.5
      vertex 192.8 87.3 14.5
      vertex 7.2 87.3 14.5
    endloop
  endfacet
  facet normal 0 -1 -0
    outer loop
      vertex 192.8 87.3 14.5
      vertex 7.2 87.3 6.5
      vertex 192.8 87.3 6.5
    endloop
  endfacet
  facet normal -0.0653638 -0.997862 0
    outer loop
      vertex 5.21684 87.3513 0
      vertex 6 87.3 6.5
      vertex 5.21684 87.3513 6.5
    endloop
  endfacet
  facet normal -0.0653638 -0.997862 -0
    outer loop
      vertex 6 87.3 6.5
      vertex 5.21684 87.3513 0
      vertex 6 87.3 0
    endloop
  endfacet
  facet normal -0.659362 -0.751826 0
    outer loop
      vertex 1.75736 89.0574 0
      vertex 2.34743 88.5399 6.5
      vertex 1.75736 89.0574 6.5
    endloop
  endfacet
  facet normal -0.659362 -0.751826 -0
    outer loop
      vertex 2.34743 88.5399 6.5
      vertex 1.75736 89.0574 0
      vertex 2.34743 88.5399 0
    endloop
  endfacet
  facet normal 0.946652 -0.322259 0
    outer loop
      vertex 199.543 91.0039 6.5
      vertex 199.796 91.7471 0
      vertex 199.796 91.7471 6.5
    endloop
  endfacet
  facet normal 0.946652 -0.322259 0
    outer loop
      vertex 199.796 91.7471 0
      vertex 199.543 91.0039 6.5
      vertex 199.543 91.0039 0
    endloop
  endfacet
  facet normal 0.997887 -0.0649798 0
    outer loop
      vertex 199.949 92.5168 6.5
      vertex 200 93.3 0
      vertex 200 93.3 6.5
    endloop
  endfacet
  facet normal 0.997887 -0.0649798 0
    outer loop
      vertex 200 93.3 0
      vertex 199.949 92.5168 6.5
      vertex 199.949 92.5168 0
    endloop
  endfacet
  facet normal -0.896873 -0.442289 0
    outer loop
      vertex 0.803847 90.3 0
      vertex 0.456722 91.0039 6.5
      vertex 0.456722 91.0039 0
    endloop
  endfacet
  facet normal -0.896873 -0.442289 0
    outer loop
      vertex 0.456722 91.0039 6.5
      vertex 0.803847 90.3 0
      vertex 0.803847 90.3 6.5
    endloop
  endfacet
  facet normal -0.555629 -0.83143 0
    outer loop
      vertex 2.34743 88.5399 0
      vertex 3 88.1038 6.5
      vertex 2.34743 88.5399 6.5
    endloop
  endfacet
  facet normal -0.555629 -0.83143 -0
    outer loop
      vertex 3 88.1038 6.5
      vertex 2.34743 88.5399 0
      vertex 3 88.1038 0
    endloop
  endfacet
  facet normal -0.997859 -0.0653993 0
    outer loop
      vertex 0.0513306 92.5168 0
      vertex 0 93.3 6.5
      vertex 0 93.3 0
    endloop
  endfacet
  facet normal -0.997859 -0.0653993 0
    outer loop
      vertex 0 93.3 6.5
      vertex 0.0513306 92.5168 0
      vertex 0.0513306 92.5168 6.5
    endloop
  endfacet
  facet normal -0.946932 -0.321433 0
    outer loop
      vertex 0.456722 91.0039 0
      vertex 0.204445 91.7471 6.5
      vertex 0.204445 91.7471 0
    endloop
  endfacet
  facet normal -0.946932 -0.321433 0
    outer loop
      vertex 0.204445 91.7471 6.5
      vertex 0.456722 91.0039 0
      vertex 0.456722 91.0039 6.5
    endloop
  endfacet
  facet normal -0 0 1
    outer loop
      vertex 199.962 104.826 6.5
      vertex 200 93.3 6.5
      vertex 200 105.22 6.5
    endloop
  endfacet
  facet normal -0 0 1
    outer loop
      vertex 199.96 104.82 6.5
      vertex 200 93.3 6.5
      vertex 199.962 104.826 6.5
    endloop
  endfacet
  facet normal -0 0 1
    outer loop
      vertex 199.848 104.447 6.5
      vertex 200 93.3 6.5
      vertex 199.96 104.82 6.5
    endloop
  endfacet
  facet normal -0 0 1
    outer loop
      vertex 199.665 104.102 6.5
      vertex 200 93.3 6.5
      vertex 199.848 104.447 6.5
    endloop
  endfacet
  facet normal -0 0 1
    outer loop
      vertex 199.663 104.098 6.5
      vertex 200 93.3 6.5
      vertex 199.665 104.102 6.5
    endloop
  endfacet
  facet normal -0 0 1
    outer loop
      vertex 199.414 103.792 6.5
      vertex 200 93.3 6.5
      vertex 199.663 104.098 6.5
    endloop
  endfacet
  facet normal -0 0 1
    outer loop
      vertex 199.111 103.54 6.5
      vertex 200 93.3 6.5
      vertex 199.414 103.792 6.5
    endloop
  endfacet
  facet normal -0 0 1
    outer loop
      vertex 198.765 103.354 6.5
      vertex 200 93.3 6.5
      vertex 199.111 103.54 6.5
    endloop
  endfacet
  facet normal -0 0 1
    outer loop
      vertex 198.395 103.24 6.5
      vertex 200 93.3 6.5
      vertex 198.765 103.354 6.5
    endloop
  endfacet
  facet normal -0 0 1
    outer loop
      vertex 198.39 103.239 6.5
      vertex 200 93.3 6.5
      vertex 198.395 103.24 6.5
    endloop
  endfacet
  facet normal -0 0 1
    outer loop
      vertex 198.385 103.238 6.5
      vertex 200 93.3 6.5
      vertex 198.39 103.239 6.5
    endloop
  endfacet
  facet normal -0 0 1
    outer loop
      vertex 198 103.2 6.5
      vertex 200 93.3 6.5
      vertex 198.385 103.238 6.5
    endloop
  endfacet
  facet normal 0 0 1
    outer loop
      vertex 192.8 89.7 6.5
      vertex 200 93.3 6.5
      vertex 198 103.2 6.5
    endloop
  endfacet
  facet normal 0 -0 1
    outer loop
      vertex 193.259 89.6087 6.5
      vertex 200 93.3 6.5
      vertex 193.034 89.6769 6.5
    endloop
  endfacet
  facet normal 0 -0 1
    outer loop
      vertex 193.467 89.4978 6.5
      vertex 200 93.3 6.5
      vertex 193.259 89.6087 6.5
    endloop
  endfacet
  facet normal 0 0 1
    outer loop
      vertex 200 93.3 6.5
      vertex 193.467 89.4978 6.5
      vertex 199.949 92.5168 6.5
    endloop
  endfacet
  facet normal 0 0 1
    outer loop
      vertex 199.796 91.7471 6.5
      vertex 193.467 89.4978 6.5
      vertex 199.543 91.0039 6.5
    endloop
  endfacet
  facet normal 0 -0 1
    outer loop
      vertex 193.649 89.3485 6.5
      vertex 199.543 91.0039 6.5
      vertex 193.467 89.4978 6.5
    endloop
  endfacet
  facet normal 0 0 1
    outer loop
      vertex 199.543 91.0039 6.5
      vertex 193.649 89.3485 6.5
      vertex 199.196 90.3 6.5
    endloop
  endfacet
  facet normal 0 0 1
    outer loop
      vertex 198.76 89.6474 6.5
      vertex 193.649 89.3485 6.5
      vertex 198.243 89.0574 6.5
    endloop
  endfacet
  facet normal -0 -0 1
    outer loop
      vertex 193.798 89.1667 6.5
      vertex 198.243 89.0574 6.5
      vertex 193.649 89.3485 6.5
    endloop
  endfacet
  facet normal 0 0 1
    outer loop
      vertex 197.653 88.5399 6.5
      vertex 193.798 89.1667 6.5
      vertex 197 88.1038 6.5
    endloop
  endfacet
  facet normal 0 0 1
    outer loop
      vertex 197 88.1038 6.5
      vertex 193.909 88.9592 6.5
      vertex 196.296 87.7567 6.5
    endloop
  endfacet
  facet normal 0 0 1
    outer loop
      vertex 196.296 87.7567 6.5
      vertex 193.977 88.7341 6.5
      vertex 195.553 87.5044 6.5
    endloop
  endfacet
  facet normal 0 0 1
    outer loop
      vertex 195.553 87.5044 6.5
      vertex 194 88.5 6.5
      vertex 194.783 87.3513 6.5
    endloop
  endfacet
  facet normal -0 -0 1
    outer loop
      vertex 194 88.5 6.5
      vertex 195.553 87.5044 6.5
      vertex 193.977 88.7341 6.5
    endloop
  endfacet
  facet normal -0 -0 1
    outer loop
      vertex 193.977 88.7341 6.5
      vertex 196.296 87.7567 6.5
      vertex 193.909 88.9592 6.5
    endloop
  endfacet
  facet normal -0 -0 1
    outer loop
      vertex 193.909 88.9592 6.5
      vertex 197 88.1038 6.5
      vertex 193.798 89.1667 6.5
    endloop
  endfacet
  facet normal 0 0 1
    outer loop
      vertex 198.243 89.0574 6.5
      vertex 193.798 89.1667 6.5
      vertex 197.653 88.5399 6.5
    endloop
  endfacet
  facet normal 0 0 1
    outer loop
      vertex 199.196 90.3 6.5
      vertex 193.649 89.3485 6.5
      vertex 198.76 89.6474 6.5
    endloop
  endfacet
  facet normal 0 0 1
    outer loop
      vertex 199.949 92.5168 6.5
      vertex 193.467 89.4978 6.5
      vertex 199.796 91.7471 6.5
    endloop
  endfacet
  facet normal 0 0 1
    outer loop
      vertex 200 93.3 6.5
      vertex 192.8 89.7 6.5
      vertex 193.034 89.6769 6.5
    endloop
  endfacet
  facet normal -0 0 1
    outer loop
      vertex 174.864 95.1863 6.5
      vertex 192.8 89.7 6.5
      vertex 198 103.2 6.5
    endloop
  endfacet
  facet normal 0 0 1
    outer loop
      vertex 192.8 89.7 6.5
      vertex 175.04 94.6048 6.5
      vertex 175.1 94 6.5
    endloop
  endfacet
  facet normal 0 0 1
    outer loop
      vertex 192.8 89.7 6.5
      vertex 174.864 95.1863 6.5
      vertex 175.04 94.6048 6.5
    endloop
  endfacet
  facet normal 0 0 1
    outer loop
      vertex 198 103.2 6.5
      vertex 174.578 95.7223 6.5
      vertex 174.864 95.1863 6.5
    endloop
  endfacet
  facet normal 0 0 1
    outer loop
      vertex 198 103.2 6.5
      vertex 174.192 96.192 6.5
      vertex 174.578 95.7223 6.5
    endloop
  endfacet
  facet normal 0 0 1
    outer loop
      vertex 198 103.2 6.5
      vertex 173.722 96.5776 6.5
      vertex 174.192 96.192 6.5
    endloop
  endfacet
  facet normal 0 0 1
    outer loop
      vertex 198 103.2 6.5
      vertex 173.186 96.864 6.5
      vertex 173.722 96.5776 6.5
    endloop
  endfacet
  facet normal 0 0 1
    outer loop
      vertex 198 103.2 6.5
      vertex 172.605 97.0404 6.5
      vertex 173.186 96.864 6.5
    endloop
  endfacet
  facet normal 0 0 1
    outer loop
      vertex 198 103.2 6.5
      vertex 172 97.1 6.5
      vertex 172.605 97.0404 6.5
    endloop
  endfacet
  facet normal 0 0 1
    outer loop
      vertex 198 103.2 6.5
      vertex 171.395 97.0404 6.5
      vertex 172 97.1 6.5
    endloop
  endfacet
  facet normal 0 0 1
    outer loop
      vertex 168.96 94.6048 6.5
      vertex 139.1 94 6.5
      vertex 168.9 94 6.5
    endloop
  endfacet
  facet normal 0 0 1
    outer loop
      vertex 139.04 94.6048 6.5
      vertex 168.96 94.6048 6.5
      vertex 169.136 95.1863 6.5
    endloop
  endfacet
  facet normal 0 0 1
    outer loop
      vertex 138.864 95.1863 6.5
      vertex 169.136 95.1863 6.5
      vertex 169.422 95.7223 6.5
    endloop
  endfacet
  facet normal 0 0 1
    outer loop
      vertex 138.578 95.7223 6.5
      vertex 169.422 95.7223 6.5
      vertex 169.808 96.192 6.5
    endloop
  endfacet
  facet normal 0 0 1
    outer loop
      vertex 138.192 96.192 6.5
      vertex 169.808 96.192 6.5
      vertex 170.278 96.5776 6.5
    endloop
  endfacet
  facet normal 0 0 1
    outer loop
      vertex 137.722 96.5776 6.5
      vertex 170.278 96.5776 6.5
      vertex 170.814 96.864 6.5
    endloop
  endfacet
  facet normal 0 0 1
    outer loop
      vertex 137.186 96.864 6.5
      vertex 170.814 96.864 6.5
      vertex 171.395 97.0404 6.5
    endloop
  endfacet
  facet normal -0 0 1
    outer loop
      vertex 120 101 6.5
      vertex 171.395 97.0404 6.5
      vertex 198 103.2 6.5
    endloop
  endfacet
  facet normal 0 0 1
    outer loop
      vertex 168.96 94.6048 6.5
      vertex 139.04 94.6048 6.5
      vertex 139.1 94 6.5
    endloop
  endfacet
  facet normal 0 0 1
    outer loop
      vertex 169.136 95.1863 6.5
      vertex 138.864 95.1863 6.5
      vertex 139.04 94.6048 6.5
    endloop
  endfacet
  facet normal 0 0 1
    outer loop
      vertex 169.422 95.7223 6.5
      vertex 138.578 95.7223 6.5
      vertex 138.864 95.1863 6.5
    endloop
  endfacet
  facet normal 0 0 1
    outer loop
      vertex 169.808 96.192 6.5
      vertex 138.192 96.192 6.5
      vertex 138.578 95.7223 6.5
    endloop
  endfacet
  facet normal 0 0 1
    outer loop
      vertex 170.278 96.5776 6.5
      vertex 137.722 96.5776 6.5
      vertex 138.192 96.192 6.5
    endloop
  endfacet
  facet normal 0 0 1
    outer loop
      vertex 170.814 96.864 6.5
      vertex 137.186 96.864 6.5
      vertex 137.722 96.5776 6.5
    endloop
  endfacet
  facet normal 0 0 1
    outer loop
      vertex 171.395 97.0404 6.5
      vertex 136.605 97.0404 6.5
      vertex 137.186 96.864 6.5
    endloop
  endfacet
  facet normal 0 0 1
    outer loop
      vertex 171.395 97.0404 6.5
      vertex 120 101 6.5
      vertex 136.605 97.0404 6.5
    endloop
  endfacet
  facet normal 0 0 1
    outer loop
      vertex 120 91 6.5
      vertex 132.96 94.6048 6.5
      vertex 120 101 6.5
    endloop
  endfacet
  facet normal 0 0 1
    outer loop
      vertex 133.136 95.1863 6.5
      vertex 120 101 6.5
      vertex 132.96 94.6048 6.5
    endloop
  endfacet
  facet normal 0 0 1
    outer loop
      vertex 133.422 95.7223 6.5
      vertex 120 101 6.5
      vertex 133.136 95.1863 6.5
    endloop
  endfacet
  facet normal 0 0 1
    outer loop
      vertex 133.808 96.192 6.5
      vertex 120 101 6.5
      vertex 133.422 95.7223 6.5
    endloop
  endfacet
  facet normal 0 0 1
    outer loop
      vertex 134.278 96.5776 6.5
      vertex 120 101 6.5
      vertex 133.808 96.192 6.5
    endloop
  endfacet
  facet normal 0 0 1
    outer loop
      vertex 134.814 96.864 6.5
      vertex 120 101 6.5
      vertex 134.278 96.5776 6.5
    endloop
  endfacet
  facet normal 0 0 1
    outer loop
      vertex 135.395 97.0404 6.5
      vertex 120 101 6.5
      vertex 134.814 96.864 6.5
    endloop
  endfacet
  facet normal 0 0 1
    outer loop
      vertex 136 97.1 6.5
      vertex 120 101 6.5
      vertex 135.395 97.0404 6.5
    endloop
  endfacet
  facet normal 0 0 1
    outer loop
      vertex 136.605 97.0404 6.5
      vertex 120 101 6.5
      vertex 136 97.1 6.5
    endloop
  endfacet
  facet normal 0 0 1
    outer loop
      vertex 198 103.2 6.5
      vertex 108 101 6.5
      vertex 120 101 6.5
    endloop
  endfacet
  facet normal 0 0 1
    outer loop
      vertex 108 101 6.5
      vertex 67.1 94 6.5
      vertex 108 91 6.5
    endloop
  endfacet
  facet normal 0 0 1
    outer loop
      vertex 108 101 6.5
      vertex 67.0404 94.6048 6.5
      vertex 67.1 94 6.5
    endloop
  endfacet
  facet normal 0 0 1
    outer loop
      vertex 108 101 6.5
      vertex 66.864 95.1863 6.5
      vertex 67.0404 94.6048 6.5
    endloop
  endfacet
  facet normal 0 0 1
    outer loop
      vertex 108 101 6.5
      vertex 66.5776 95.7223 6.5
      vertex 66.864 95.1863 6.5
    endloop
  endfacet
  facet normal 0 0 1
    outer loop
      vertex 108 101 6.5
      vertex 66.192 96.192 6.5
      vertex 66.5776 95.7223 6.5
    endloop
  endfacet
  facet normal 0 0 1
    outer loop
      vertex 108 101 6.5
      vertex 65.7223 96.5776 6.5
      vertex 66.192 96.192 6.5
    endloop
  endfacet
  facet normal 0 0 1
    outer loop
      vertex 108 101 6.5
      vertex 65.1863 96.864 6.5
      vertex 65.7223 96.5776 6.5
    endloop
  endfacet
  facet normal 0 0 1
    outer loop
      vertex 108 101 6.5
      vertex 64.6048 97.0404 6.5
      vertex 65.1863 96.864 6.5
    endloop
  endfacet
  facet normal 0 0 1
    outer loop
      vertex 108 101 6.5
      vertex 64 97.1 6.5
      vertex 64.6048 97.0404 6.5
    endloop
  endfacet
  facet normal 0 0 1
    outer loop
      vertex 60.9596 94.6048 6.5
      vertex 31.1 94 6.5
      vertex 60.9 94 6.5
    endloop
  endfacet
  facet normal 0 0 1
    outer loop
      vertex 31.0404 94.6048 6.5
      vertex 60.9596 94.6048 6.5
      vertex 61.136 95.1863 6.5
    endloop
  endfacet
  facet normal 0 0 1
    outer loop
      vertex 30.864 95.1863 6.5
      vertex 61.136 95.1863 6.5
      vertex 61.4224 95.7223 6.5
    endloop
  endfacet
  facet normal 0 0 1
    outer loop
      vertex 30.5776 95.7223 6.5
      vertex 61.4224 95.7223 6.5
      vertex 61.808 96.192 6.5
    endloop
  endfacet
  facet normal 0 0 1
    outer loop
      vertex 30.192 96.192 6.5
      vertex 61.808 96.192 6.5
      vertex 62.2777 96.5776 6.5
    endloop
  endfacet
  facet normal 0 0 1
    outer loop
      vertex 29.7223 96.5776 6.5
      vertex 62.2777 96.5776 6.5
      vertex 62.8137 96.864 6.5
    endloop
  endfacet
  facet normal 0 0 1
    outer loop
      vertex 29.1863 96.864 6.5
      vertex 62.8137 96.864 6.5
      vertex 63.3952 97.0404 6.5
    endloop
  endfacet
  facet normal 0 0 1
    outer loop
      vertex 2 103.2 6.5
      vertex 63.3952 97.0404 6.5
      vertex 64 97.1 6.5
    endloop
  endfacet
  facet normal 0 0 1
    outer loop
      vertex 60.9596 94.6048 6.5
      vertex 31.0404 94.6048 6.5
      vertex 31.1 94 6.5
    endloop
  endfacet
  facet normal 0 0 1
    outer loop
      vertex 2 103.2 6.5
      vertex 64 97.1 6.5
      vertex 108 101 6.5
    endloop
  endfacet
  facet normal 0 0 1
    outer loop
      vertex 61.136 95.1863 6.5
      vertex 30.864 95.1863 6.5
      vertex 31.0404 94.6048 6.5
    endloop
  endfacet
  facet normal 0 0 1
    outer loop
      vertex 61.4224 95.7223 6.5
      vertex 30.5776 95.7223 6.5
      vertex 30.864 95.1863 6.5
    endloop
  endfacet
  facet normal 0 0 1
    outer loop
      vertex 61.808 96.192 6.5
      vertex 30.192 96.192 6.5
      vertex 30.5776 95.7223 6.5
    endloop
  endfacet
  facet normal 0 0 1
    outer loop
      vertex 62.2777 96.5776 6.5
      vertex 29.7223 96.5776 6.5
      vertex 30.192 96.192 6.5
    endloop
  endfacet
  facet normal 0 0 1
    outer loop
      vertex 62.8137 96.864 6.5
      vertex 29.1863 96.864 6.5
      vertex 29.7223 96.5776 6.5
    endloop
  endfacet
  facet normal 0 0 1
    outer loop
      vertex 63.3952 97.0404 6.5
      vertex 28.6048 97.0404 6.5
      vertex 29.1863 96.864 6.5
    endloop
  endfacet
  facet normal 0 0 1
    outer loop
      vertex 63.3952 97.0404 6.5
      vertex 2 103.2 6.5
      vertex 28.6048 97.0404 6.5
    endloop
  endfacet
  facet normal 0 0 1
    outer loop
      vertex 24.9596 94.6048 6.5
      vertex 7.2 89.7 6.5
      vertex 24.9 94 6.5
    endloop
  endfacet
  facet normal 0 0 1
    outer loop
      vertex 25.136 95.1863 6.5
      vertex 7.2 89.7 6.5
      vertex 24.9596 94.6048 6.5
    endloop
  endfacet
  facet normal 0 0 1
    outer loop
      vertex 2 103.2 6.5
      vertex 25.136 95.1863 6.5
      vertex 25.4224 95.7223 6.5
    endloop
  endfacet
  facet normal 0 0 1
    outer loop
      vertex 2 103.2 6.5
      vertex 25.4224 95.7223 6.5
      vertex 25.808 96.192 6.5
    endloop
  endfacet
  facet normal 0 0 1
    outer loop
      vertex 2 103.2 6.5
      vertex 25.808 96.192 6.5
      vertex 26.2777 96.5776 6.5
    endloop
  endfacet
  facet normal 0 0 1
    outer loop
      vertex 2 103.2 6.5
      vertex 26.2777 96.5776 6.5
      vertex 26.8137 96.864 6.5
    endloop
  endfacet
  facet normal 0 0 1
    outer loop
      vertex 25.136 95.1863 6.5
      vertex 2 103.2 6.5
      vertex 7.2 89.7 6.5
    endloop
  endfacet
  facet normal -0 0 1
    outer loop
      vertex 0 93.3 6.5
      vertex 7.2 89.7 6.5
      vertex 2 103.2 6.5
    endloop
  endfacet
  facet normal 0 0 1
    outer loop
      vertex 6.09134 88.0408 6.5
      vertex 5.21684 87.3513 6.5
      vertex 6 87.3 6.5
    endloop
  endfacet
  facet normal 0 0 1
    outer loop
      vertex 4.44709 87.5044 6.5
      vertex 6 88.5 6.5
      vertex 6.02306 88.7341 6.5
    endloop
  endfacet
  facet normal 0 0 1
    outer loop
      vertex 3.7039 87.7567 6.5
      vertex 6.02306 88.7341 6.5
      vertex 6.09134 88.9592 6.5
    endloop
  endfacet
  facet normal 0 0 1
    outer loop
      vertex 3 88.1038 6.5
      vertex 6.09134 88.9592 6.5
      vertex 6.20224 89.1667 6.5
    endloop
  endfacet
  facet normal 0 0 1
    outer loop
      vertex 6 88.5 6.5
      vertex 4.44709 87.5044 6.5
      vertex 5.21684 87.3513 6.5
    endloop
  endfacet
  facet normal 0 0 1
    outer loop
      vertex 1.75736 89.0574 6.5
      vertex 6.20224 89.1667 6.5
      vertex 6.35147 89.3485 6.5
    endloop
  endfacet
  facet normal 0 0 1
    outer loop
      vertex 6.02306 88.7341 6.5
      vertex 3.7039 87.7567 6.5
      vertex 4.44709 87.5044 6.5
    endloop
  endfacet
  facet normal 0 0 1
    outer loop
      vertex 0.456722 91.0039 6.5
      vertex 6.35147 89.3485 6.5
      vertex 6.53332 89.4978 6.5
    endloop
  endfacet
  facet normal 0 0 1
    outer loop
      vertex 6.09134 88.9592 6.5
      vertex 3 88.1038 6.5
      vertex 3.7039 87.7567 6.5
    endloop
  endfacet
  facet normal 0 0 1
    outer loop
      vertex 0 93.3 6.5
      vertex 6.53332 89.4978 6.5
      vertex 6.74078 89.6087 6.5
    endloop
  endfacet
  facet normal 0 0 1
    outer loop
      vertex 6.20224 89.1667 6.5
      vertex 2.34743 88.5399 6.5
      vertex 3 88.1038 6.5
    endloop
  endfacet
  facet normal 0 0 1
    outer loop
      vertex 7.2 89.7 6.5
      vertex 0 93.3 6.5
      vertex 6.96589 89.6769 6.5
    endloop
  endfacet
  facet normal -0 0 1
    outer loop
      vertex 2 103.2 6.5
      vertex 108 101 6.5
      vertex 198 103.2 6.5
    endloop
  endfacet
  facet normal 0 0 1
    outer loop
      vertex 28.6048 97.0404 6.5
      vertex 2 103.2 6.5
      vertex 28 97.1 6.5
    endloop
  endfacet
  facet normal 0 0 1
    outer loop
      vertex 2 103.2 6.5
      vertex 27.3952 97.0404 6.5
      vertex 28 97.1 6.5
    endloop
  endfacet
  facet normal 0 0 1
    outer loop
      vertex 2 103.2 6.5
      vertex 26.8137 96.864 6.5
      vertex 27.3952 97.0404 6.5
    endloop
  endfacet
  facet normal 0 0 1
    outer loop
      vertex 6.96589 89.6769 6.5
      vertex 0 93.3 6.5
      vertex 6.74078 89.6087 6.5
    endloop
  endfacet
  facet normal 0 0 1
    outer loop
      vertex 6.53332 89.4978 6.5
      vertex 0 93.3 6.5
      vertex 0.0513306 92.5168 6.5
    endloop
  endfacet
  facet normal 0 0 1
    outer loop
      vertex 0 93.3 6.5
      vertex 2 103.2 6.5
      vertex 1.61471 103.238 6.5
    endloop
  endfacet
  facet normal 0 0 1
    outer loop
      vertex 0 93.3 6.5
      vertex 1.61471 103.238 6.5
      vertex 1.60982 103.239 6.5
    endloop
  endfacet
  facet normal 0 0 1
    outer loop
      vertex 0 93.3 6.5
      vertex 1.60982 103.239 6.5
      vertex 1.60512 103.24 6.5
    endloop
  endfacet
  facet normal 0 0 1
    outer loop
      vertex 6.20224 89.1667 6.5
      vertex 1.75736 89.0574 6.5
      vertex 2.34743 88.5399 6.5
    endloop
  endfacet
  facet normal 0 0 1
    outer loop
      vertex 0 93.3 6.5
      vertex 1.60512 103.24 6.5
      vertex 1.23463 103.354 6.5
    endloop
  endfacet
  facet normal 0 0 1
    outer loop
      vertex 0 93.3 6.5
      vertex 1.23463 103.354 6.5
      vertex 0.888859 103.54 6.5
    endloop
  endfacet
  facet normal 0 0 1
    outer loop
      vertex 6.35147 89.3485 6.5
      vertex 1.23988 89.6474 6.5
      vertex 1.75736 89.0574 6.5
    endloop
  endfacet
  facet normal 0 0 1
    outer loop
      vertex 0 93.3 6.5
      vertex 0.888859 103.54 6.5
      vertex 0.585786 103.792 6.5
    endloop
  endfacet
  facet normal 0 0 1
    outer loop
      vertex 6.35147 89.3485 6.5
      vertex 0.803847 90.3 6.5
      vertex 1.23988 89.6474 6.5
    endloop
  endfacet
  facet normal 0 0 1
    outer loop
      vertex 0 93.3 6.5
      vertex 0.585786 103.792 6.5
      vertex 0.33706 104.098 6.5
    endloop
  endfacet
  facet normal 0 0 1
    outer loop
      vertex 0 93.3 6.5
      vertex 0.33706 104.098 6.5
      vertex 0.334605 104.102 6.5
    endloop
  endfacet
  facet normal 0 0 1
    outer loop
      vertex 6.35147 89.3485 6.5
      vertex 0.456722 91.0039 6.5
      vertex 0.803847 90.3 6.5
    endloop
  endfacet
  facet normal 0 0 1
    outer loop
      vertex 0 93.3 6.5
      vertex 0.334605 104.102 6.5
      vertex 0.152241 104.447 6.5
    endloop
  endfacet
  facet normal 0 0 1
    outer loop
      vertex 6.53332 89.4978 6.5
      vertex 0.204445 91.7471 6.5
      vertex 0.456722 91.0039 6.5
    endloop
  endfacet
  facet normal 0 0 1
    outer loop
      vertex 0 93.3 6.5
      vertex 0.152241 104.447 6.5
      vertex 0.0400123 104.82 6.5
    endloop
  endfacet
  facet normal 0 0 1
    outer loop
      vertex 0 93.3 6.5
      vertex 0.0400123 104.82 6.5
      vertex 0.0384293 104.826 6.5
    endloop
  endfacet
  facet normal 0 0 1
    outer loop
      vertex 0 93.3 6.5
      vertex 0.0384293 104.826 6.5
      vertex 0 105.22 6.5
    endloop
  endfacet
  facet normal 0 0 1
    outer loop
      vertex 6.53332 89.4978 6.5
      vertex 0.0513306 92.5168 6.5
      vertex 0.204445 91.7471 6.5
    endloop
  endfacet
  facet normal -0 0 1
    outer loop
      vertex 193.977 88.2659 6.5
      vertex 194.783 87.3513 6.5
      vertex 194 88.5 6.5
    endloop
  endfacet
  facet normal -0 0 1
    outer loop
      vertex 193.909 88.0408 6.5
      vertex 194.783 87.3513 6.5
      vertex 193.977 88.2659 6.5
    endloop
  endfacet
  facet normal 0 0 1
    outer loop
      vertex 194.783 87.3513 6.5
      vertex 193.909 88.0408 6.5
      vertex 194 87.3 6.5
    endloop
  endfacet
  facet normal -0 0 1
    outer loop
      vertex 193.798 87.8333 6.5
      vertex 194 87.3 6.5
      vertex 193.909 88.0408 6.5
    endloop
  endfacet
  facet normal -0 0 1
    outer loop
      vertex 193.649 87.6515 6.5
      vertex 194 87.3 6.5
      vertex 193.798 87.8333 6.5
    endloop
  endfacet
  facet normal -0 0 1
    outer loop
      vertex 193.467 87.5022 6.5
      vertex 194 87.3 6.5
      vertex 193.649 87.6515 6.5
    endloop
  endfacet
  facet normal -0 0 1
    outer loop
      vertex 193.259 87.3913 6.5
      vertex 194 87.3 6.5
      vertex 193.467 87.5022 6.5
    endloop
  endfacet
  facet normal -0 0 1
    outer loop
      vertex 193.034 87.3231 6.5
      vertex 194 87.3 6.5
      vertex 193.259 87.3913 6.5
    endloop
  endfacet
  facet normal 0 0 1
    outer loop
      vertex 194 87.3 6.5
      vertex 193.034 87.3231 6.5
      vertex 192.8 87.3 6.5
    endloop
  endfacet
  facet normal -0 0 1
    outer loop
      vertex 175.04 93.3952 6.5
      vertex 192.8 89.7 6.5
      vertex 175.1 94 6.5
    endloop
  endfacet
  facet normal -0 0 1
    outer loop
      vertex 174.864 92.8137 6.5
      vertex 192.8 89.7 6.5
      vertex 175.04 93.3952 6.5
    endloop
  endfacet
  facet normal -0 0 1
    outer loop
      vertex 174.578 92.2777 6.5
      vertex 192.8 89.7 6.5
      vertex 174.864 92.8137 6.5
    endloop
  endfacet
  facet normal -0 0 1
    outer loop
      vertex 174.192 91.808 6.5
      vertex 192.8 89.7 6.5
      vertex 174.578 92.2777 6.5
    endloop
  endfacet
  facet normal -0 0 1
    outer loop
      vertex 173.722 91.4224 6.5
      vertex 192.8 89.7 6.5
      vertex 174.192 91.808 6.5
    endloop
  endfacet
  facet normal -0 0 1
    outer loop
      vertex 173.186 91.136 6.5
      vertex 192.8 89.7 6.5
      vertex 173.722 91.4224 6.5
    endloop
  endfacet
  facet normal -0 0 1
    outer loop
      vertex 172.605 90.9596 6.5
      vertex 192.8 89.7 6.5
      vertex 173.186 91.136 6.5
    endloop
  endfacet
  facet normal -0 0 1
    outer loop
      vertex 172 90.9 6.5
      vertex 192.8 89.7 6.5
      vertex 172.605 90.9596 6.5
    endloop
  endfacet
  facet normal -0 0 1
    outer loop
      vertex 139.1 94 6.5
      vertex 168.96 93.3952 6.5
      vertex 168.9 94 6.5
    endloop
  endfacet
  facet normal 0 0 1
    outer loop
      vertex 139.04 93.3952 6.5
      vertex 168.96 93.3952 6.5
      vertex 139.1 94 6.5
    endloop
  endfacet
  facet normal 0 0 1
    outer loop
      vertex 168.96 93.3952 6.5
      vertex 139.04 93.3952 6.5
      vertex 169.136 92.8137 6.5
    endloop
  endfacet
  facet normal 0 0 1
    outer loop
      vertex 138.864 92.8137 6.5
      vertex 169.136 92.8137 6.5
      vertex 139.04 93.3952 6.5
    endloop
  endfacet
  facet normal 0 0 1
    outer loop
      vertex 169.136 92.8137 6.5
      vertex 138.864 92.8137 6.5
      vertex 169.422 92.2777 6.5
    endloop
  endfacet
  facet normal 0 0 1
    outer loop
      vertex 138.578 92.2777 6.5
      vertex 169.422 92.2777 6.5
      vertex 138.864 92.8137 6.5
    endloop
  endfacet
  facet normal 0 0 1
    outer loop
      vertex 169.422 92.2777 6.5
      vertex 138.578 92.2777 6.5
      vertex 169.808 91.808 6.5
    endloop
  endfacet
  facet normal 0 0 1
    outer loop
      vertex 138.192 91.808 6.5
      vertex 169.808 91.808 6.5
      vertex 138.578 92.2777 6.5
    endloop
  endfacet
  facet normal 0 0 1
    outer loop
      vertex 169.808 91.808 6.5
      vertex 138.192 91.808 6.5
      vertex 170.278 91.4224 6.5
    endloop
  endfacet
  facet normal 0 0 1
    outer loop
      vertex 137.722 91.4224 6.5
      vertex 170.278 91.4224 6.5
      vertex 138.192 91.808 6.5
    endloop
  endfacet
  facet normal 0 0 1
    outer loop
      vertex 170.278 91.4224 6.5
      vertex 137.722 91.4224 6.5
      vertex 170.814 91.136 6.5
    endloop
  endfacet
  facet normal 0 0 1
    outer loop
      vertex 137.186 91.136 6.5
      vertex 170.814 91.136 6.5
      vertex 137.722 91.4224 6.5
    endloop
  endfacet
  facet normal 0 0 1
    outer loop
      vertex 170.814 91.136 6.5
      vertex 137.186 91.136 6.5
      vertex 171.395 90.9596 6.5
    endloop
  endfacet
  facet normal 0 0 1
    outer loop
      vertex 136.605 90.9596 6.5
      vertex 171.395 90.9596 6.5
      vertex 137.186 91.136 6.5
    endloop
  endfacet
  facet normal 0 0 1
    outer loop
      vertex 171.395 90.9596 6.5
      vertex 136.605 90.9596 6.5
      vertex 172 90.9 6.5
    endloop
  endfacet
  facet normal 0 0 1
    outer loop
      vertex 136 90.9 6.5
      vertex 172 90.9 6.5
      vertex 136.605 90.9596 6.5
    endloop
  endfacet
  facet normal 0 0 1
    outer loop
      vertex 172 90.9 6.5
      vertex 136 90.9 6.5
      vertex 192.8 89.7 6.5
    endloop
  endfacet
  facet normal 0 0 1
    outer loop
      vertex 132.96 94.6048 6.5
      vertex 120 91 6.5
      vertex 132.9 94 6.5
    endloop
  endfacet
  facet normal 0 0 1
    outer loop
      vertex 132.9 94 6.5
      vertex 120 91 6.5
      vertex 132.96 93.3952 6.5
    endloop
  endfacet
  facet normal 0 0 1
    outer loop
      vertex 132.96 93.3952 6.5
      vertex 120 91 6.5
      vertex 133.136 92.8137 6.5
    endloop
  endfacet
  facet normal 0 0 1
    outer loop
      vertex 133.136 92.8137 6.5
      vertex 120 91 6.5
      vertex 133.422 92.2777 6.5
    endloop
  endfacet
  facet normal 0 0 1
    outer loop
      vertex 133.422 92.2777 6.5
      vertex 120 91 6.5
      vertex 133.808 91.808 6.5
    endloop
  endfacet
  facet normal 0 0 1
    outer loop
      vertex 133.808 91.808 6.5
      vertex 120 91 6.5
      vertex 134.278 91.4224 6.5
    endloop
  endfacet
  facet normal 0 0 1
    outer loop
      vertex 120 91 6.5
      vertex 134.814 91.136 6.5
      vertex 134.278 91.4224 6.5
    endloop
  endfacet
  facet normal -0 0 1
    outer loop
      vertex 120 91 6.5
      vertex 135.395 90.9596 6.5
      vertex 134.814 91.136 6.5
    endloop
  endfacet
  facet normal 0 0 1
    outer loop
      vertex 120 91 6.5
      vertex 136 90.9 6.5
      vertex 135.395 90.9596 6.5
    endloop
  endfacet
  facet normal 0 0 1
    outer loop
      vertex 120 91 6.5
      vertex 192.8 89.7 6.5
      vertex 136 90.9 6.5
    endloop
  endfacet
  facet normal -0 0 1
    outer loop
      vertex 108 91 6.5
      vertex 192.8 89.7 6.5
      vertex 120 91 6.5
    endloop
  endfacet
  facet normal -0 0 1
    outer loop
      vertex 67.0404 93.3952 6.5
      vertex 108 91 6.5
      vertex 67.1 94 6.5
    endloop
  endfacet
  facet normal -0 0 1
    outer loop
      vertex 66.864 92.8137 6.5
      vertex 108 91 6.5
      vertex 67.0404 93.3952 6.5
    endloop
  endfacet
  facet normal -0 0 1
    outer loop
      vertex 66.5776 92.2777 6.5
      vertex 108 91 6.5
      vertex 66.864 92.8137 6.5
    endloop
  endfacet
  facet normal -0 0 1
    outer loop
      vertex 66.192 91.808 6.5
      vertex 108 91 6.5
      vertex 66.5776 92.2777 6.5
    endloop
  endfacet
  facet normal -0 0 1
    outer loop
      vertex 65.7223 91.4224 6.5
      vertex 108 91 6.5
      vertex 66.192 91.808 6.5
    endloop
  endfacet
  facet normal -0 0 1
    outer loop
      vertex 65.1863 91.136 6.5
      vertex 108 91 6.5
      vertex 65.7223 91.4224 6.5
    endloop
  endfacet
  facet normal 0 0 1
    outer loop
      vertex 64.6048 90.9596 6.5
      vertex 108 91 6.5
      vertex 65.1863 91.136 6.5
    endloop
  endfacet
  facet normal 0 0 1
    outer loop
      vertex 64 90.9 6.5
      vertex 108 91 6.5
      vertex 64.6048 90.9596 6.5
    endloop
  endfacet
  facet normal 0 0 1
    outer loop
      vertex 108 91 6.5
      vertex 64 90.9 6.5
      vertex 192.8 89.7 6.5
    endloop
  endfacet
  facet normal -0 0 1
    outer loop
      vertex 31.1 94 6.5
      vertex 60.9596 93.3952 6.5
      vertex 60.9 94 6.5
    endloop
  endfacet
  facet normal 0 0 1
    outer loop
      vertex 31.0404 93.3952 6.5
      vertex 60.9596 93.3952 6.5
      vertex 31.1 94 6.5
    endloop
  endfacet
  facet normal 0 0 1
    outer loop
      vertex 60.9596 93.3952 6.5
      vertex 31.0404 93.3952 6.5
      vertex 61.136 92.8137 6.5
    endloop
  endfacet
  facet normal 0 0 1
    outer loop
      vertex 30.864 92.8137 6.5
      vertex 61.136 92.8137 6.5
      vertex 31.0404 93.3952 6.5
    endloop
  endfacet
  facet normal 0 0 1
    outer loop
      vertex 61.136 92.8137 6.5
      vertex 30.864 92.8137 6.5
      vertex 61.4224 92.2777 6.5
    endloop
  endfacet
  facet normal 0 0 1
    outer loop
      vertex 30.5776 92.2777 6.5
      vertex 61.4224 92.2777 6.5
      vertex 30.864 92.8137 6.5
    endloop
  endfacet
  facet normal 0 0 1
    outer loop
      vertex 61.4224 92.2777 6.5
      vertex 30.5776 92.2777 6.5
      vertex 61.808 91.808 6.5
    endloop
  endfacet
  facet normal 0 0 1
    outer loop
      vertex 30.192 91.808 6.5
      vertex 61.808 91.808 6.5
      vertex 30.5776 92.2777 6.5
    endloop
  endfacet
  facet normal 0 0 1
    outer loop
      vertex 61.808 91.808 6.5
      vertex 30.192 91.808 6.5
      vertex 62.2777 91.4224 6.5
    endloop
  endfacet
  facet normal 0 0 1
    outer loop
      vertex 29.7223 91.4224 6.5
      vertex 62.2777 91.4224 6.5
      vertex 30.192 91.808 6.5
    endloop
  endfacet
  facet normal 0 0 1
    outer loop
      vertex 62.2777 91.4224 6.5
      vertex 29.7223 91.4224 6.5
      vertex 62.8137 91.136 6.5
    endloop
  endfacet
  facet normal 0 0 1
    outer loop
      vertex 29.1863 91.136 6.5
      vertex 62.8137 91.136 6.5
      vertex 29.7223 91.4224 6.5
    endloop
  endfacet
  facet normal 0 0 1
    outer loop
      vertex 62.8137 91.136 6.5
      vertex 29.1863 91.136 6.5
      vertex 63.3952 90.9596 6.5
    endloop
  endfacet
  facet normal 0 0 1
    outer loop
      vertex 28.6048 90.9596 6.5
      vertex 63.3952 90.9596 6.5
      vertex 29.1863 91.136 6.5
    endloop
  endfacet
  facet normal 0 0 1
    outer loop
      vertex 63.3952 90.9596 6.5
      vertex 28.6048 90.9596 6.5
      vertex 64 90.9 6.5
    endloop
  endfacet
  facet normal 0 0 1
    outer loop
      vertex 28 90.9 6.5
      vertex 64 90.9 6.5
      vertex 28.6048 90.9596 6.5
    endloop
  endfacet
  facet normal 0 0 1
    outer loop
      vertex 7.2 89.7 6.5
      vertex 64 90.9 6.5
      vertex 28 90.9 6.5
    endloop
  endfacet
  facet normal 0 0 1
    outer loop
      vertex 64 90.9 6.5
      vertex 7.2 89.7 6.5
      vertex 192.8 89.7 6.5
    endloop
  endfacet
  facet normal 0 0 1
    outer loop
      vertex 27.3952 90.9596 6.5
      vertex 7.2 89.7 6.5
      vertex 28 90.9 6.5
    endloop
  endfacet
  facet normal 0 0 1
    outer loop
      vertex 26.8137 91.136 6.5
      vertex 7.2 89.7 6.5
      vertex 27.3952 90.9596 6.5
    endloop
  endfacet
  facet normal 0 0 1
    outer loop
      vertex 26.2777 91.4224 6.5
      vertex 7.2 89.7 6.5
      vertex 26.8137 91.136 6.5
    endloop
  endfacet
  facet normal 0 0 1
    outer loop
      vertex 25.808 91.808 6.5
      vertex 7.2 89.7 6.5
      vertex 26.2777 91.4224 6.5
    endloop
  endfacet
  facet normal 0 0 1
    outer loop
      vertex 25.4224 92.2777 6.5
      vertex 7.2 89.7 6.5
      vertex 25.808 91.808 6.5
    endloop
  endfacet
  facet normal 0 0 1
    outer loop
      vertex 25.136 92.8137 6.5
      vertex 7.2 89.7 6.5
      vertex 25.4224 92.2777 6.5
    endloop
  endfacet
  facet normal 0 0 1
    outer loop
      vertex 24.9596 93.3952 6.5
      vertex 7.2 89.7 6.5
      vertex 25.136 92.8137 6.5
    endloop
  endfacet
  facet normal 0 0 1
    outer loop
      vertex 7.2 89.7 6.5
      vertex 24.9596 93.3952 6.5
      vertex 24.9 94 6.5
    endloop
  endfacet
  facet normal 0 0 1
    outer loop
      vertex 6.96589 87.3231 6.5
      vertex 6 87.3 6.5
      vertex 7.2 87.3 6.5
    endloop
  endfacet
  facet normal 0 0 1
    outer loop
      vertex 6.74078 87.3913 6.5
      vertex 6 87.3 6.5
      vertex 6.96589 87.3231 6.5
    endloop
  endfacet
  facet normal 0 0 1
    outer loop
      vertex 6.53332 87.5022 6.5
      vertex 6 87.3 6.5
      vertex 6.74078 87.3913 6.5
    endloop
  endfacet
  facet normal 0 0 1
    outer loop
      vertex 6.35147 87.6515 6.5
      vertex 6 87.3 6.5
      vertex 6.53332 87.5022 6.5
    endloop
  endfacet
  facet normal 0 0 1
    outer loop
      vertex 6.20224 87.8333 6.5
      vertex 6 87.3 6.5
      vertex 6.35147 87.6515 6.5
    endloop
  endfacet
  facet normal 0 0 1
    outer loop
      vertex 6.09134 88.0408 6.5
      vertex 6 87.3 6.5
      vertex 6.20224 87.8333 6.5
    endloop
  endfacet
  facet normal 0 0 1
    outer loop
      vertex 5.21684 87.3513 6.5
      vertex 6.09134 88.0408 6.5
      vertex 6.02306 88.2659 6.5
    endloop
  endfacet
  facet normal 0 0 1
    outer loop
      vertex 5.21684 87.3513 6.5
      vertex 6.02306 88.2659 6.5
      vertex 6 88.5 6.5
    endloop
  endfacet
  facet normal -0 0 1
    outer loop
      vertex 0 108.047 6.5
      vertex 0.155326 108.018 6.5
      vertex 0.170752 108.047 6.5
    endloop
  endfacet
  facet normal 0 0 1
    outer loop
      vertex 0 108.047 6.5
      vertex 0.152241 108.012 6.5
      vertex 0.155326 108.018 6.5
    endloop
  endfacet
  facet normal 0 0 1
    outer loop
      vertex 0 108.047 6.5
      vertex 0.150342 108.006 6.5
      vertex 0.152241 108.012 6.5
    endloop
  endfacet
  facet normal 0 0 1
    outer loop
      vertex 0 108.047 6.5
      vertex 0.0384293 107.633 6.5
      vertex 0.150342 108.006 6.5
    endloop
  endfacet
  facet normal 0 0 1
    outer loop
      vertex 0 108.047 6.5
      vertex 0.0378009 107.627 6.5
      vertex 0.0384293 107.633 6.5
    endloop
  endfacet
  facet normal 0 0 1
    outer loop
      vertex 0.0378009 107.627 6.5
      vertex 0 108.047 6.5
      vertex 0 107.239 6.5
    endloop
  endfacet
  facet normal 0 0 1
    outer loop
      vertex 200 108.047 6.5
      vertex 199.962 107.627 6.5
      vertex 200 107.239 6.5
    endloop
  endfacet
  facet normal 0 0 1
    outer loop
      vertex 200 108.047 6.5
      vertex 199.962 107.633 6.5
      vertex 199.962 107.627 6.5
    endloop
  endfacet
  facet normal 0 0 1
    outer loop
      vertex 200 108.047 6.5
      vertex 199.85 108.006 6.5
      vertex 199.962 107.633 6.5
    endloop
  endfacet
  facet normal 0 0 1
    outer loop
      vertex 200 108.047 6.5
      vertex 199.848 108.012 6.5
      vertex 199.85 108.006 6.5
    endloop
  endfacet
  facet normal 0 0 1
    outer loop
      vertex 200 108.047 6.5
      vertex 199.845 108.018 6.5
      vertex 199.848 108.012 6.5
    endloop
  endfacet
  facet normal 0 -0 1
    outer loop
      vertex 199.845 108.018 6.5
      vertex 200 108.047 6.5
      vertex 199.829 108.047 6.5
    endloop
  endfacet
  facet normal 0.752103 -0.659046 0
    outer loop
      vertex 198.243 89.0574 6.5
      vertex 198.76 89.6474 0
      vertex 198.76 89.6474 6.5
    endloop
  endfacet
  facet normal 0.752103 -0.659046 0
    outer loop
      vertex 198.76 89.6474 0
      vertex 198.243 89.0574 6.5
      vertex 198.243 89.0574 0
    endloop
  endfacet
  facet normal 0.659406 -0.751787 0
    outer loop
      vertex 197.653 88.5399 0
      vertex 198.243 89.0574 6.5
      vertex 197.653 88.5399 6.5
    endloop
  endfacet
  facet normal 0.659406 -0.751787 0
    outer loop
      vertex 198.243 89.0574 6.5
      vertex 197.653 88.5399 0
      vertex 198.243 89.0574 0
    endloop
  endfacet
  facet normal 0.442212 -0.89691 0
    outer loop
      vertex 196.296 87.7567 0
      vertex 197 88.1038 6.5
      vertex 196.296 87.7567 6.5
    endloop
  endfacet
  facet normal 0.442212 -0.89691 0
    outer loop
      vertex 197 88.1038 6.5
      vertex 196.296 87.7567 0
      vertex 197 88.1038 0
    endloop
  endfacet
  facet normal -0.442263 -0.896885 0
    outer loop
      vertex 3 88.1038 0
      vertex 3.7039 87.7567 6.5
      vertex 3 88.1038 6.5
    endloop
  endfacet
  facet normal -0.442263 -0.896885 -0
    outer loop
      vertex 3.7039 87.7567 6.5
      vertex 3 88.1038 0
      vertex 3.7039 87.7567 0
    endloop
  endfacet
  facet normal 0.831501 -0.555523 0
    outer loop
      vertex 198.76 89.6474 6.5
      vertex 199.196 90.3 0
      vertex 199.196 90.3 6.5
    endloop
  endfacet
  facet normal 0.831501 -0.555523 0
    outer loop
      vertex 199.196 90.3 0
      vertex 198.76 89.6474 6.5
      vertex 198.76 89.6474 0
    endloop
  endfacet
  facet normal -0.195075 -0.980788 0
    outer loop
      vertex 4.44709 87.5044 0
      vertex 5.21684 87.3513 6.5
      vertex 4.44709 87.5044 6.5
    endloop
  endfacet
  facet normal -0.195075 -0.980788 -0
    outer loop
      vertex 5.21684 87.3513 6.5
      vertex 4.44709 87.5044 0
      vertex 5.21684 87.3513 0
    endloop
  endfacet
  facet normal -0.321463 -0.946922 0
    outer loop
      vertex 3.7039 87.7567 0
      vertex 4.44709 87.5044 6.5
      vertex 3.7039 87.7567 6.5
    endloop
  endfacet
  facet normal -0.321463 -0.946922 -0
    outer loop
      vertex 4.44709 87.5044 6.5
      vertex 3.7039 87.7567 0
      vertex 4.44709 87.5044 0
    endloop
  endfacet
  facet normal -0.831482 -0.555552 0
    outer loop
      vertex 1.23988 89.6474 0
      vertex 0.803847 90.3 6.5
      vertex 0.803847 90.3 0
    endloop
  endfacet
  facet normal -0.831482 -0.555552 0
    outer loop
      vertex 0.803847 90.3 6.5
      vertex 1.23988 89.6474 0
      vertex 1.23988 89.6474 6.5
    endloop
  endfacet
  facet normal 0.555376 -0.831599 0
    outer loop
      vertex 197 88.1038 0
      vertex 197.653 88.5399 6.5
      vertex 197 88.1038 6.5
    endloop
  endfacet
  facet normal 0.555376 -0.831599 0
    outer loop
      vertex 197.653 88.5399 6.5
      vertex 197 88.1038 0
      vertex 197.653 88.5399 0
    endloop
  endfacet
  facet normal 0.98081 -0.194964 0
    outer loop
      vertex 199.796 91.7471 6.5
      vertex 199.949 92.5168 0
      vertex 199.949 92.5168 6.5
    endloop
  endfacet
  facet normal 0.98081 -0.194964 0
    outer loop
      vertex 199.949 92.5168 0
      vertex 199.796 91.7471 6.5
      vertex 199.796 91.7471 0
    endloop
  endfacet
  facet normal -0.751799 -0.659392 0
    outer loop
      vertex 1.75736 89.0574 0
      vertex 1.23988 89.6474 6.5
      vertex 1.23988 89.6474 0
    endloop
  endfacet
  facet normal -0.751799 -0.659392 0
    outer loop
      vertex 1.23988 89.6474 6.5
      vertex 1.75736 89.0574 0
      vertex 1.75736 89.0574 6.5
    endloop
  endfacet
  facet normal 0 0 -1
    outer loop
      vertex 194 87.3 0
      vertex 200 93.3 0
      vertex 199.949 92.5168 0
    endloop
  endfacet
  facet normal 0 0 -1
    outer loop
      vertex 200 93.3 0
      vertex 173.413 94.9445 0
      vertex 200 114 0
    endloop
  endfacet
  facet normal 0 0 -1
    outer loop
      vertex 194 87.3 0
      vertex 199.949 92.5168 0
      vertex 199.796 91.7471 0
    endloop
  endfacet
  facet normal 0 0 -1
    outer loop
      vertex 173.202 95.2021 0
      vertex 200 114 0
      vertex 173.413 94.9445 0
    endloop
  endfacet
  facet normal 0 0 -1
    outer loop
      vertex 194 87.3 0
      vertex 199.796 91.7471 0
      vertex 199.543 91.0039 0
    endloop
  endfacet
  facet normal 0 0 -1
    outer loop
      vertex 200 114 0
      vertex 194 120 0
      vertex 199.949 114.783 0
    endloop
  endfacet
  facet normal 0 0 -1
    outer loop
      vertex 194 87.3 0
      vertex 199.543 91.0039 0
      vertex 199.196 90.3 0
    endloop
  endfacet
  facet normal 0 0 -1
    outer loop
      vertex 199.949 114.783 0
      vertex 194 120 0
      vertex 199.796 115.553 0
    endloop
  endfacet
  facet normal 0 0 -1
    outer loop
      vertex 194 87.3 0
      vertex 199.196 90.3 0
      vertex 198.76 89.6474 0
    endloop
  endfacet
  facet normal -0 0 -1
    outer loop
      vertex 200 93.3 0
      vertex 194 87.3 0
      vertex 173.571 94.6506 0
    endloop
  endfacet
  facet normal 0 0 -1
    outer loop
      vertex 194 87.3 0
      vertex 198.76 89.6474 0
      vertex 198.243 89.0574 0
    endloop
  endfacet
  facet normal 0 0 -1
    outer loop
      vertex 199.796 115.553 0
      vertex 194 120 0
      vertex 199.543 116.296 0
    endloop
  endfacet
  facet normal 0 0 -1
    outer loop
      vertex 194 87.3 0
      vertex 198.243 89.0574 0
      vertex 197.653 88.5399 0
    endloop
  endfacet
  facet normal 0 0 -1
    outer loop
      vertex 199.196 117 0
      vertex 194 120 0
      vertex 198.76 117.653 0
    endloop
  endfacet
  facet normal 0 0 -1
    outer loop
      vertex 194 87.3 0
      vertex 197.653 88.5399 0
      vertex 197 88.1038 0
    endloop
  endfacet
  facet normal 0 0 -1
    outer loop
      vertex 198.76 117.653 0
      vertex 194 120 0
      vertex 198.243 118.243 0
    endloop
  endfacet
  facet normal 0 0 -1
    outer loop
      vertex 194 87.3 0
      vertex 197 88.1038 0
      vertex 196.296 87.7567 0
    endloop
  endfacet
  facet normal 0 0 -1
    outer loop
      vertex 198.243 118.243 0
      vertex 194 120 0
      vertex 197.653 118.76 0
    endloop
  endfacet
  facet normal 0 0 -1
    outer loop
      vertex 194 87.3 0
      vertex 196.296 87.7567 0
      vertex 195.553 87.5044 0
    endloop
  endfacet
  facet normal 0 0 -1
    outer loop
      vertex 197.653 118.76 0
      vertex 194 120 0
      vertex 197 119.196 0
    endloop
  endfacet
  facet normal 0 0 -1
    outer loop
      vertex 194 87.3 0
      vertex 195.553 87.5044 0
      vertex 194.783 87.3513 0
    endloop
  endfacet
  facet normal 0 0 -1
    outer loop
      vertex 197 119.196 0
      vertex 194 120 0
      vertex 196.296 119.543 0
    endloop
  endfacet
  facet normal 0 0 -1
    outer loop
      vertex 196.296 119.543 0
      vertex 194 120 0
      vertex 195.553 119.796 0
    endloop
  endfacet
  facet normal 0 0 -1
    outer loop
      vertex 195.553 119.796 0
      vertex 194 120 0
      vertex 194.783 119.949 0
    endloop
  endfacet
  facet normal 0 0 -1
    outer loop
      vertex 173.667 94.3316 0
      vertex 194 87.3 0
      vertex 173.7 94 0
    endloop
  endfacet
  facet normal 0 0 -1
    outer loop
      vertex 194 87.3 0
      vertex 173.667 93.6684 0
      vertex 173.7 94 0
    endloop
  endfacet
  facet normal 0 0 -1
    outer loop
      vertex 194 87.3 0
      vertex 173.571 93.3494 0
      vertex 173.667 93.6684 0
    endloop
  endfacet
  facet normal 0 0 -1
    outer loop
      vertex 194 87.3 0
      vertex 173.413 93.0555 0
      vertex 173.571 93.3494 0
    endloop
  endfacet
  facet normal 0 0 -1
    outer loop
      vertex 194 87.3 0
      vertex 173.202 92.7979 0
      vertex 173.413 93.0555 0
    endloop
  endfacet
  facet normal 0 0 -1
    outer loop
      vertex 194 87.3 0
      vertex 172.944 92.5865 0
      vertex 173.202 92.7979 0
    endloop
  endfacet
  facet normal 0 0 -1
    outer loop
      vertex 194 87.3 0
      vertex 172.651 92.4294 0
      vertex 172.944 92.5865 0
    endloop
  endfacet
  facet normal 0 0 -1
    outer loop
      vertex 194 87.3 0
      vertex 172.332 92.3327 0
      vertex 172.651 92.4294 0
    endloop
  endfacet
  facet normal 0 0 -1
    outer loop
      vertex 194 87.3 0
      vertex 172 92.3 0
      vertex 172.332 92.3327 0
    endloop
  endfacet
  facet normal 0 0 -1
    outer loop
      vertex 194 87.3 0
      vertex 171.668 92.3327 0
      vertex 172 92.3 0
    endloop
  endfacet
  facet normal 0 0 -1
    outer loop
      vertex 170.333 93.6684 0
      vertex 137.7 94 0
      vertex 170.3 94 0
    endloop
  endfacet
  facet normal 0 0 -1
    outer loop
      vertex 137.667 93.6684 0
      vertex 170.333 93.6684 0
      vertex 170.429 93.3494 0
    endloop
  endfacet
  facet normal 0 0 -1
    outer loop
      vertex 137.571 93.3494 0
      vertex 170.429 93.3494 0
      vertex 170.587 93.0555 0
    endloop
  endfacet
  facet normal 0 0 -1
    outer loop
      vertex 137.413 93.0555 0
      vertex 170.587 93.0555 0
      vertex 170.798 92.7979 0
    endloop
  endfacet
  facet normal 0 0 -1
    outer loop
      vertex 137.202 92.7979 0
      vertex 170.798 92.7979 0
      vertex 171.056 92.5865 0
    endloop
  endfacet
  facet normal 0 0 -1
    outer loop
      vertex 136.944 92.5865 0
      vertex 171.056 92.5865 0
      vertex 171.349 92.4294 0
    endloop
  endfacet
  facet normal 0 0 -1
    outer loop
      vertex 136.651 92.4294 0
      vertex 171.349 92.4294 0
      vertex 171.668 92.3327 0
    endloop
  endfacet
  facet normal 0 0 -1
    outer loop
      vertex 136.332 92.3327 0
      vertex 171.668 92.3327 0
      vertex 194 87.3 0
    endloop
  endfacet
  facet normal 0 0 -1
    outer loop
      vertex 170.333 93.6684 0
      vertex 137.667 93.6684 0
      vertex 137.7 94 0
    endloop
  endfacet
  facet normal 0 0 -1
    outer loop
      vertex 170.429 93.3494 0
      vertex 137.571 93.3494 0
      vertex 137.667 93.6684 0
    endloop
  endfacet
  facet normal 0 0 -1
    outer loop
      vertex 170.587 93.0555 0
      vertex 137.413 93.0555 0
      vertex 137.571 93.3494 0
    endloop
  endfacet
  facet normal 0 0 -1
    outer loop
      vertex 170.798 92.7979 0
      vertex 137.202 92.7979 0
      vertex 137.413 93.0555 0
    endloop
  endfacet
  facet normal 0 0 -1
    outer loop
      vertex 171.056 92.5865 0
      vertex 136.944 92.5865 0
      vertex 137.202 92.7979 0
    endloop
  endfacet
  facet normal 0 0 -1
    outer loop
      vertex 171.349 92.4294 0
      vertex 136.651 92.4294 0
      vertex 136.944 92.5865 0
    endloop
  endfacet
  facet normal 0 0 -1
    outer loop
      vertex 171.668 92.3327 0
      vertex 136.332 92.3327 0
      vertex 136.651 92.4294 0
    endloop
  endfacet
  facet normal 0 0 -1
    outer loop
      vertex 194 87.3 0
      vertex 136 92.3 0
      vertex 136.332 92.3327 0
    endloop
  endfacet
  facet normal -0 0 -1
    outer loop
      vertex 134.333 93.6684 0
      vertex 120 91 0
      vertex 134.3 94 0
    endloop
  endfacet
  facet normal -0 0 -1
    outer loop
      vertex 134.429 93.3494 0
      vertex 120 91 0
      vertex 134.333 93.6684 0
    endloop
  endfacet
  facet normal -0 0 -1
    outer loop
      vertex 134.587 93.0555 0
      vertex 120 91 0
      vertex 134.429 93.3494 0
    endloop
  endfacet
  facet normal -0 0 -1
    outer loop
      vertex 134.798 92.7979 0
      vertex 120 91 0
      vertex 134.587 93.0555 0
    endloop
  endfacet
  facet normal -0 0 -1
    outer loop
      vertex 135.056 92.5865 0
      vertex 120 91 0
      vertex 134.798 92.7979 0
    endloop
  endfacet
  facet normal -0 0 -1
    outer loop
      vertex 135.349 92.4294 0
      vertex 120 91 0
      vertex 135.056 92.5865 0
    endloop
  endfacet
  facet normal -0 0 -1
    outer loop
      vertex 135.668 92.3327 0
      vertex 120 91 0
      vertex 135.349 92.4294 0
    endloop
  endfacet
  facet normal -0 0 -1
    outer loop
      vertex 136 92.3 0
      vertex 120 91 0
      vertex 135.668 92.3327 0
    endloop
  endfacet
  facet normal 0 0 -1
    outer loop
      vertex 194 87.3 0
      vertex 120 91 0
      vertex 136 92.3 0
    endloop
  endfacet
  facet normal 0 0 -1
    outer loop
      vertex 194 87.3 0
      vertex 108 91 0
      vertex 120 91 0
    endloop
  endfacet
  facet normal 0 0 -1
    outer loop
      vertex 108 91 0
      vertex 65.7 94 0
      vertex 108 101 0
    endloop
  endfacet
  facet normal 0 0 -1
    outer loop
      vertex 108 91 0
      vertex 65.6673 93.6684 0
      vertex 65.7 94 0
    endloop
  endfacet
  facet normal 0 0 -1
    outer loop
      vertex 108 91 0
      vertex 65.5706 93.3494 0
      vertex 65.6673 93.6684 0
    endloop
  endfacet
  facet normal 0 0 -1
    outer loop
      vertex 108 91 0
      vertex 65.4135 93.0555 0
      vertex 65.5706 93.3494 0
    endloop
  endfacet
  facet normal 0 0 -1
    outer loop
      vertex 108 91 0
      vertex 65.2021 92.7979 0
      vertex 65.4135 93.0555 0
    endloop
  endfacet
  facet normal 0 0 -1
    outer loop
      vertex 6 87.3 0
      vertex 108 91 0
      vertex 194 87.3 0
    endloop
  endfacet
  facet normal 0 0 -1
    outer loop
      vertex 108 91 0
      vertex 64.9445 92.5865 0
      vertex 65.2021 92.7979 0
    endloop
  endfacet
  facet normal 0 0 -1
    outer loop
      vertex 108 91 0
      vertex 64.6506 92.4294 0
      vertex 64.9445 92.5865 0
    endloop
  endfacet
  facet normal 0 0 -1
    outer loop
      vertex 108 91 0
      vertex 64.3316 92.3327 0
      vertex 64.6506 92.4294 0
    endloop
  endfacet
  facet normal 0 0 -1
    outer loop
      vertex 108 91 0
      vertex 64 92.3 0
      vertex 64.3316 92.3327 0
    endloop
  endfacet
  facet normal 0 0 -1
    outer loop
      vertex 62.3327 93.6684 0
      vertex 29.7 94 0
      vertex 62.3 94 0
    endloop
  endfacet
  facet normal 0 0 -1
    outer loop
      vertex 29.6673 93.6684 0
      vertex 62.3327 93.6684 0
      vertex 62.4294 93.3494 0
    endloop
  endfacet
  facet normal 0 0 -1
    outer loop
      vertex 29.5706 93.3494 0
      vertex 62.4294 93.3494 0
      vertex 62.5865 93.0555 0
    endloop
  endfacet
  facet normal 0 0 -1
    outer loop
      vertex 29.4135 93.0555 0
      vertex 62.5865 93.0555 0
      vertex 62.7979 92.7979 0
    endloop
  endfacet
  facet normal 0 0 -1
    outer loop
      vertex 29.2021 92.7979 0
      vertex 62.7979 92.7979 0
      vertex 63.0555 92.5865 0
    endloop
  endfacet
  facet normal 0 0 -1
    outer loop
      vertex 28.9445 92.5865 0
      vertex 63.0555 92.5865 0
      vertex 63.3494 92.4294 0
    endloop
  endfacet
  facet normal 0 0 -1
    outer loop
      vertex 28.6506 92.4294 0
      vertex 63.3494 92.4294 0
      vertex 63.6683 92.3327 0
    endloop
  endfacet
  facet normal 0 0 -1
    outer loop
      vertex 6 87.3 0
      vertex 63.6683 92.3327 0
      vertex 64 92.3 0
    endloop
  endfacet
  facet normal 0 0 -1
    outer loop
      vertex 62.3327 93.6684 0
      vertex 29.6673 93.6684 0
      vertex 29.7 94 0
    endloop
  endfacet
  facet normal 0 0 -1
    outer loop
      vertex 62.4294 93.3494 0
      vertex 29.5706 93.3494 0
      vertex 29.6673 93.6684 0
    endloop
  endfacet
  facet normal -0 0 -1
    outer loop
      vertex 108 91 0
      vertex 6 87.3 0
      vertex 64 92.3 0
    endloop
  endfacet
  facet normal 0 0 -1
    outer loop
      vertex 62.5865 93.0555 0
      vertex 29.4135 93.0555 0
      vertex 29.5706 93.3494 0
    endloop
  endfacet
  facet normal 0 0 -1
    outer loop
      vertex 62.7979 92.7979 0
      vertex 29.2021 92.7979 0
      vertex 29.4135 93.0555 0
    endloop
  endfacet
  facet normal 0 0 -1
    outer loop
      vertex 63.0555 92.5865 0
      vertex 28.9445 92.5865 0
      vertex 29.2021 92.7979 0
    endloop
  endfacet
  facet normal 0 0 -1
    outer loop
      vertex 63.3494 92.4294 0
      vertex 28.6506 92.4294 0
      vertex 28.9445 92.5865 0
    endloop
  endfacet
  facet normal 0 0 -1
    outer loop
      vertex 63.6683 92.3327 0
      vertex 28.3317 92.3327 0
      vertex 28.6506 92.4294 0
    endloop
  endfacet
  facet normal -0 0 -1
    outer loop
      vertex 63.6683 92.3327 0
      vertex 6 87.3 0
      vertex 28.3317 92.3327 0
    endloop
  endfacet
  facet normal -0 0 -1
    outer loop
      vertex 26.3327 93.6684 0
      vertex 6 87.3 0
      vertex 26.3 94 0
    endloop
  endfacet
  facet normal -0 0 -1
    outer loop
      vertex 26.4294 93.3494 0
      vertex 6 87.3 0
      vertex 26.3327 93.6684 0
    endloop
  endfacet
  facet normal -0 0 -1
    outer loop
      vertex 26.5865 93.0555 0
      vertex 6 87.3 0
      vertex 26.4294 93.3494 0
    endloop
  endfacet
  facet normal -0 0 -1
    outer loop
      vertex 26.7979 92.7979 0
      vertex 6 87.3 0
      vertex 26.5865 93.0555 0
    endloop
  endfacet
  facet normal -0 0 -1
    outer loop
      vertex 27.0555 92.5865 0
      vertex 6 87.3 0
      vertex 26.7979 92.7979 0
    endloop
  endfacet
  facet normal -0 0 -1
    outer loop
      vertex 27.3494 92.4294 0
      vertex 6 87.3 0
      vertex 27.0555 92.5865 0
    endloop
  endfacet
  facet normal -0 0 -1
    outer loop
      vertex 27.6683 92.3327 0
      vertex 6 87.3 0
      vertex 27.3494 92.4294 0
    endloop
  endfacet
  facet normal -0 0 -1
    outer loop
      vertex 28 92.3 0
      vertex 6 87.3 0
      vertex 27.6683 92.3327 0
    endloop
  endfacet
  facet normal 0 0 -1
    outer loop
      vertex 28.3317 92.3327 0
      vertex 6 87.3 0
      vertex 28 92.3 0
    endloop
  endfacet
  facet normal 0 0 -1
    outer loop
      vertex 173.571 94.6506 0
      vertex 194 87.3 0
      vertex 173.667 94.3316 0
    endloop
  endfacet
  facet normal 0 0 -1
    outer loop
      vertex 200 93.3 0
      vertex 173.571 94.6506 0
      vertex 173.413 94.9445 0
    endloop
  endfacet
  facet normal 0 0 -1
    outer loop
      vertex 199.543 116.296 0
      vertex 194 120 0
      vertex 199.196 117 0
    endloop
  endfacet
  facet normal -0 0 -1
    outer loop
      vertex 200 114 0
      vertex 173.202 95.2021 0
      vertex 194 120 0
    endloop
  endfacet
  facet normal 0 0 -1
    outer loop
      vertex 172.944 95.4135 0
      vertex 194 120 0
      vertex 173.202 95.2021 0
    endloop
  endfacet
  facet normal 0 0 -1
    outer loop
      vertex 172.651 95.5706 0
      vertex 194 120 0
      vertex 172.944 95.4135 0
    endloop
  endfacet
  facet normal 0 0 -1
    outer loop
      vertex 172.332 95.6673 0
      vertex 194 120 0
      vertex 172.651 95.5706 0
    endloop
  endfacet
  facet normal 0 0 -1
    outer loop
      vertex 172 95.7 0
      vertex 194 120 0
      vertex 172.332 95.6673 0
    endloop
  endfacet
  facet normal 0 0 -1
    outer loop
      vertex 171.668 95.6673 0
      vertex 194 120 0
      vertex 172 95.7 0
    endloop
  endfacet
  facet normal 0 0 -1
    outer loop
      vertex 171.349 95.5706 0
      vertex 194 120 0
      vertex 171.668 95.6673 0
    endloop
  endfacet
  facet normal 0 0 -1
    outer loop
      vertex 136.651 95.5706 0
      vertex 171.349 95.5706 0
      vertex 171.056 95.4135 0
    endloop
  endfacet
  facet normal 0 0 -1
    outer loop
      vertex 136.944 95.4135 0
      vertex 171.056 95.4135 0
      vertex 170.798 95.2021 0
    endloop
  endfacet
  facet normal 0 0 -1
    outer loop
      vertex 137.7 94 0
      vertex 170.333 94.3316 0
      vertex 170.3 94 0
    endloop
  endfacet
  facet normal 0 0 -1
    outer loop
      vertex 137.667 94.3316 0
      vertex 170.333 94.3316 0
      vertex 137.7 94 0
    endloop
  endfacet
  facet normal 0 0 -1
    outer loop
      vertex 170.333 94.3316 0
      vertex 137.667 94.3316 0
      vertex 170.429 94.6506 0
    endloop
  endfacet
  facet normal 0 0 -1
    outer loop
      vertex 137.571 94.6506 0
      vertex 170.429 94.6506 0
      vertex 137.667 94.3316 0
    endloop
  endfacet
  facet normal 0 0 -1
    outer loop
      vertex 170.429 94.6506 0
      vertex 137.571 94.6506 0
      vertex 170.587 94.9445 0
    endloop
  endfacet
  facet normal 0 0 -1
    outer loop
      vertex 137.413 94.9445 0
      vertex 170.587 94.9445 0
      vertex 137.571 94.6506 0
    endloop
  endfacet
  facet normal 0 0 -1
    outer loop
      vertex 170.587 94.9445 0
      vertex 137.413 94.9445 0
      vertex 170.798 95.2021 0
    endloop
  endfacet
  facet normal 0 0 -1
    outer loop
      vertex 137.202 95.2021 0
      vertex 170.798 95.2021 0
      vertex 137.413 94.9445 0
    endloop
  endfacet
  facet normal 0 0 -1
    outer loop
      vertex 136.944 95.4135 0
      vertex 170.798 95.2021 0
      vertex 137.202 95.2021 0
    endloop
  endfacet
  facet normal 0 0 -1
    outer loop
      vertex 171.056 95.4135 0
      vertex 136.944 95.4135 0
      vertex 136.651 95.5706 0
    endloop
  endfacet
  facet normal 0 0 -1
    outer loop
      vertex 171.349 95.5706 0
      vertex 136.651 95.5706 0
      vertex 194 120 0
    endloop
  endfacet
  facet normal 0 0 -1
    outer loop
      vertex 136.332 95.6673 0
      vertex 194 120 0
      vertex 136.651 95.5706 0
    endloop
  endfacet
  facet normal 0 0 -1
    outer loop
      vertex 120 101 0
      vertex 136.332 95.6673 0
      vertex 136 95.7 0
    endloop
  endfacet
  facet normal 0 0 -1
    outer loop
      vertex 120 101 0
      vertex 136 95.7 0
      vertex 135.668 95.6673 0
    endloop
  endfacet
  facet normal 0 0 -1
    outer loop
      vertex 120 101 0
      vertex 135.668 95.6673 0
      vertex 135.349 95.5706 0
    endloop
  endfacet
  facet normal 0 0 -1
    outer loop
      vertex 120 91 0
      vertex 134.333 94.3316 0
      vertex 134.3 94 0
    endloop
  endfacet
  facet normal 0 0 -1
    outer loop
      vertex 120 101 0
      vertex 134.333 94.3316 0
      vertex 120 91 0
    endloop
  endfacet
  facet normal 0 0 -1
    outer loop
      vertex 134.333 94.3316 0
      vertex 120 101 0
      vertex 134.429 94.6506 0
    endloop
  endfacet
  facet normal 0 0 -1
    outer loop
      vertex 134.429 94.6506 0
      vertex 120 101 0
      vertex 134.587 94.9445 0
    endloop
  endfacet
  facet normal 0 0 -1
    outer loop
      vertex 134.587 94.9445 0
      vertex 120 101 0
      vertex 134.798 95.2021 0
    endloop
  endfacet
  facet normal 0 0 -1
    outer loop
      vertex 134.798 95.2021 0
      vertex 120 101 0
      vertex 135.056 95.4135 0
    endloop
  endfacet
  facet normal 0 0 -1
    outer loop
      vertex 135.056 95.4135 0
      vertex 120 101 0
      vertex 135.349 95.5706 0
    endloop
  endfacet
  facet normal 0 0 -1
    outer loop
      vertex 136.332 95.6673 0
      vertex 120 101 0
      vertex 194 120 0
    endloop
  endfacet
  facet normal 0 0 -1
    outer loop
      vertex 108 101 0
      vertex 194 120 0
      vertex 120 101 0
    endloop
  endfacet
  facet normal 0 0 -1
    outer loop
      vertex 65.6673 94.3316 0
      vertex 108 101 0
      vertex 65.7 94 0
    endloop
  endfacet
  facet normal 0 0 -1
    outer loop
      vertex 65.5706 94.6506 0
      vertex 108 101 0
      vertex 65.6673 94.3316 0
    endloop
  endfacet
  facet normal 0 0 -1
    outer loop
      vertex 65.4135 94.9445 0
      vertex 108 101 0
      vertex 65.5706 94.6506 0
    endloop
  endfacet
  facet normal 0 0 -1
    outer loop
      vertex 65.2021 95.2021 0
      vertex 108 101 0
      vertex 65.4135 94.9445 0
    endloop
  endfacet
  facet normal 0 0 -1
    outer loop
      vertex 64.9445 95.4135 0
      vertex 108 101 0
      vertex 65.2021 95.2021 0
    endloop
  endfacet
  facet normal 0 0 -1
    outer loop
      vertex 64.6506 95.5706 0
      vertex 108 101 0
      vertex 64.9445 95.4135 0
    endloop
  endfacet
  facet normal 0 0 -1
    outer loop
      vertex 64.3316 95.6673 0
      vertex 108 101 0
      vertex 64.6506 95.5706 0
    endloop
  endfacet
  facet normal 0 0 -1
    outer loop
      vertex 6 120 0
      vertex 108 101 0
      vertex 64.3316 95.6673 0
    endloop
  endfacet
  facet normal 0 0 -1
    outer loop
      vertex 6 120 0
      vertex 64.3316 95.6673 0
      vertex 64 95.7 0
    endloop
  endfacet
  facet normal 0 0 -1
    outer loop
      vertex 6 120 0
      vertex 64 95.7 0
      vertex 63.6683 95.6673 0
    endloop
  endfacet
  facet normal 0 0 -1
    outer loop
      vertex 29.7 94 0
      vertex 62.3327 94.3316 0
      vertex 62.3 94 0
    endloop
  endfacet
  facet normal 0 0 -1
    outer loop
      vertex 29.6673 94.3316 0
      vertex 62.3327 94.3316 0
      vertex 29.7 94 0
    endloop
  endfacet
  facet normal 0 0 -1
    outer loop
      vertex 62.3327 94.3316 0
      vertex 29.6673 94.3316 0
      vertex 62.4294 94.6506 0
    endloop
  endfacet
  facet normal 0 0 -1
    outer loop
      vertex 29.5706 94.6506 0
      vertex 62.4294 94.6506 0
      vertex 29.6673 94.3316 0
    endloop
  endfacet
  facet normal 0 0 -1
    outer loop
      vertex 62.4294 94.6506 0
      vertex 29.5706 94.6506 0
      vertex 62.5865 94.9445 0
    endloop
  endfacet
  facet normal 0 0 -1
    outer loop
      vertex 29.4135 94.9445 0
      vertex 62.5865 94.9445 0
      vertex 29.5706 94.6506 0
    endloop
  endfacet
  facet normal 0 0 -1
    outer loop
      vertex 62.5865 94.9445 0
      vertex 29.4135 94.9445 0
      vertex 62.7979 95.2021 0
    endloop
  endfacet
  facet normal 0 0 -1
    outer loop
      vertex 29.2021 95.2021 0
      vertex 62.7979 95.2021 0
      vertex 29.4135 94.9445 0
    endloop
  endfacet
  facet normal 0 0 -1
    outer loop
      vertex 62.7979 95.2021 0
      vertex 29.2021 95.2021 0
      vertex 63.0555 95.4135 0
    endloop
  endfacet
  facet normal 0 0 -1
    outer loop
      vertex 28.9445 95.4135 0
      vertex 63.0555 95.4135 0
      vertex 29.2021 95.2021 0
    endloop
  endfacet
  facet normal 0 0 -1
    outer loop
      vertex 63.0555 95.4135 0
      vertex 28.9445 95.4135 0
      vertex 63.3494 95.5706 0
    endloop
  endfacet
  facet normal 0 0 -1
    outer loop
      vertex 28.6506 95.5706 0
      vertex 63.3494 95.5706 0
      vertex 28.9445 95.4135 0
    endloop
  endfacet
  facet normal 0 0 -1
    outer loop
      vertex 6 120 0
      vertex 63.3494 95.5706 0
      vertex 28.6506 95.5706 0
    endloop
  endfacet
  facet normal 0 0 -1
    outer loop
      vertex 63.3494 95.5706 0
      vertex 6 120 0
      vertex 63.6683 95.6673 0
    endloop
  endfacet
  facet normal 0 0 -1
    outer loop
      vertex 6 120 0
      vertex 28.6506 95.5706 0
      vertex 28.3317 95.6673 0
    endloop
  endfacet
  facet normal 0 0 -1
    outer loop
      vertex 6 120 0
      vertex 28.3317 95.6673 0
      vertex 28 95.7 0
    endloop
  endfacet
  facet normal 0 0 -1
    outer loop
      vertex 6 120 0
      vertex 28 95.7 0
      vertex 27.6683 95.6673 0
    endloop
  endfacet
  facet normal 0 0 -1
    outer loop
      vertex 6 87.3 0
      vertex 26.3327 94.3316 0
      vertex 26.3 94 0
    endloop
  endfacet
  facet normal 0 0 -1
    outer loop
      vertex 6 87.3 0
      vertex 26.4294 94.6506 0
      vertex 26.3327 94.3316 0
    endloop
  endfacet
  facet normal 0 0 -1
    outer loop
      vertex 0 93.3 0
      vertex 26.4294 94.6506 0
      vertex 6 87.3 0
    endloop
  endfacet
  facet normal -0 0 -1
    outer loop
      vertex 26.4294 94.6506 0
      vertex 0 93.3 0
      vertex 26.5865 94.9445 0
    endloop
  endfacet
  facet normal 0 0 -1
    outer loop
      vertex 0 114 0
      vertex 26.5865 94.9445 0
      vertex 0 93.3 0
    endloop
  endfacet
  facet normal 0 0 -1
    outer loop
      vertex 26.5865 94.9445 0
      vertex 0 114 0
      vertex 26.7979 95.2021 0
    endloop
  endfacet
  facet normal 0 0 -1
    outer loop
      vertex 108 101 0
      vertex 6 120 0
      vertex 194 120 0
    endloop
  endfacet
  facet normal 0 0 -1
    outer loop
      vertex 27.3494 95.5706 0
      vertex 6 120 0
      vertex 27.6683 95.6673 0
    endloop
  endfacet
  facet normal 0 -0 -1
    outer loop
      vertex 6 120 0
      vertex 26.7979 95.2021 0
      vertex 0 114 0
    endloop
  endfacet
  facet normal 0 0 -1
    outer loop
      vertex 0 93.3 0
      vertex 6 87.3 0
      vertex 5.21684 87.3513 0
    endloop
  endfacet
  facet normal 0 0 -1
    outer loop
      vertex 26.7979 95.2021 0
      vertex 6 120 0
      vertex 27.0555 95.4135 0
    endloop
  endfacet
  facet normal 0 0 -1
    outer loop
      vertex 0 93.3 0
      vertex 5.21684 87.3513 0
      vertex 4.44709 87.5044 0
    endloop
  endfacet
  facet normal 0 0 -1
    outer loop
      vertex 27.0555 95.4135 0
      vertex 6 120 0
      vertex 27.3494 95.5706 0
    endloop
  endfacet
  facet normal 0 0 -1
    outer loop
      vertex 0 93.3 0
      vertex 4.44709 87.5044 0
      vertex 3.7039 87.7567 0
    endloop
  endfacet
  facet normal 0 0 -1
    outer loop
      vertex 6 120 0
      vertex 0 114 0
      vertex 5.21684 119.949 0
    endloop
  endfacet
  facet normal 0 0 -1
    outer loop
      vertex 0 93.3 0
      vertex 3.7039 87.7567 0
      vertex 3 88.1038 0
    endloop
  endfacet
  facet normal 0 0 -1
    outer loop
      vertex 5.21684 119.949 0
      vertex 0 114 0
      vertex 4.44709 119.796 0
    endloop
  endfacet
  facet normal 0 0 -1
    outer loop
      vertex 0 93.3 0
      vertex 3 88.1038 0
      vertex 2.34743 88.5399 0
    endloop
  endfacet
  facet normal 0 0 -1
    outer loop
      vertex 4.44709 119.796 0
      vertex 0 114 0
      vertex 3.7039 119.543 0
    endloop
  endfacet
  facet normal 0 0 -1
    outer loop
      vertex 0 93.3 0
      vertex 2.34743 88.5399 0
      vertex 1.75736 89.0574 0
    endloop
  endfacet
  facet normal 0 0 -1
    outer loop
      vertex 3.7039 119.543 0
      vertex 0 114 0
      vertex 3 119.196 0
    endloop
  endfacet
  facet normal 0 0 -1
    outer loop
      vertex 0 93.3 0
      vertex 1.75736 89.0574 0
      vertex 1.23988 89.6474 0
    endloop
  endfacet
  facet normal 0 0 -1
    outer loop
      vertex 3 119.196 0
      vertex 0 114 0
      vertex 2.34743 118.76 0
    endloop
  endfacet
  facet normal 0 0 -1
    outer loop
      vertex 0 93.3 0
      vertex 1.23988 89.6474 0
      vertex 0.803847 90.3 0
    endloop
  endfacet
  facet normal 0 0 -1
    outer loop
      vertex 2.34743 118.76 0
      vertex 0 114 0
      vertex 1.75736 118.243 0
    endloop
  endfacet
  facet normal 0 0 -1
    outer loop
      vertex 0 93.3 0
      vertex 0.803847 90.3 0
      vertex 0.456722 91.0039 0
    endloop
  endfacet
  facet normal 0 0 -1
    outer loop
      vertex 1.75736 118.243 0
      vertex 0 114 0
      vertex 1.23988 117.653 0
    endloop
  endfacet
  facet normal 0 0 -1
    outer loop
      vertex 0 93.3 0
      vertex 0.456722 91.0039 0
      vertex 0.204445 91.7471 0
    endloop
  endfacet
  facet normal 0 0 -1
    outer loop
      vertex 1.23988 117.653 0
      vertex 0 114 0
      vertex 0.803847 117 0
    endloop
  endfacet
  facet normal 0 0 -1
    outer loop
      vertex 0 93.3 0
      vertex 0.204445 91.7471 0
      vertex 0.0513306 92.5168 0
    endloop
  endfacet
  facet normal 0 0 -1
    outer loop
      vertex 0.803847 117 0
      vertex 0 114 0
      vertex 0.456722 116.296 0
    endloop
  endfacet
  facet normal 0 0 -1
    outer loop
      vertex 0.456722 116.296 0
      vertex 0 114 0
      vertex 0.204445 115.553 0
    endloop
  endfacet
  facet normal 0 0 -1
    outer loop
      vertex 0.204445 115.553 0
      vertex 0 114 0
      vertex 0.0513306 114.783 0
    endloop
  endfacet
  facet normal 0.0982404 -0.995163 0
    outer loop
      vertex 192.8 87.3 6.5
      vertex 193.034 87.3231 14.5
      vertex 192.8 87.3 14.5
    endloop
  endfacet
  facet normal 0.0982404 -0.995163 0
    outer loop
      vertex 193.034 87.3231 14.5
      vertex 192.8 87.3 6.5
      vertex 193.034 87.3231 6.5
    endloop
  endfacet
  facet normal 0.773426 0.633886 0
    outer loop
      vertex 193.798 89.1667 14.5
      vertex 193.649 89.3485 6.5
      vertex 193.649 89.3485 14.5
    endloop
  endfacet
  facet normal 0.773426 0.633886 0
    outer loop
      vertex 193.649 89.3485 6.5
      vertex 193.798 89.1667 14.5
      vertex 193.798 89.1667 6.5
    endloop
  endfacet
  facet normal -0.0981947 -0.995167 0
    outer loop
      vertex 6.96589 87.3231 6.5
      vertex 7.2 87.3 14.5
      vertex 6.96589 87.3231 14.5
    endloop
  endfacet
  facet normal -0.0981947 -0.995167 -0
    outer loop
      vertex 7.2 87.3 14.5
      vertex 6.96589 87.3231 6.5
      vertex 7.2 87.3 6.5
    endloop
  endfacet
  facet normal 0.290078 -0.957003 0
    outer loop
      vertex 193.034 87.3231 6.5
      vertex 193.259 87.3913 14.5
      vertex 193.034 87.3231 14.5
    endloop
  endfacet
  facet normal 0.290078 -0.957003 0
    outer loop
      vertex 193.259 87.3913 14.5
      vertex 193.034 87.3231 6.5
      vertex 193.259 87.3913 6.5
    endloop
  endfacet
  facet normal 0 1 -0
    outer loop
      vertex 192.8 89.7 6.5
      vertex 7.2 89.7 14.5
      vertex 192.8 89.7 14.5
    endloop
  endfacet
  facet normal 0 1 0
    outer loop
      vertex 7.2 89.7 14.5
      vertex 192.8 89.7 6.5
      vertex 7.2 89.7 6.5
    endloop
  endfacet
  facet normal -0.956944 0.290272 0
    outer loop
      vertex 6.02306 88.7341 6.5
      vertex 6.09134 88.9592 14.5
      vertex 6.09134 88.9592 6.5
    endloop
  endfacet
  facet normal -0.956944 0.290272 0
    outer loop
      vertex 6.09134 88.9592 14.5
      vertex 6.02306 88.7341 6.5
      vertex 6.02306 88.7341 14.5
    endloop
  endfacet
  facet normal 0.634232 0.773143 -0
    outer loop
      vertex 193.649 89.3485 6.5
      vertex 193.467 89.4978 14.5
      vertex 193.649 89.3485 14.5
    endloop
  endfacet
  facet normal 0.634232 0.773143 0
    outer loop
      vertex 193.467 89.4978 14.5
      vertex 193.649 89.3485 6.5
      vertex 193.467 89.4978 6.5
    endloop
  endfacet
  facet normal -0.881941 -0.47136 0
    outer loop
      vertex 6.20224 87.8333 6.5
      vertex 6.09134 88.0408 14.5
      vertex 6.09134 88.0408 6.5
    endloop
  endfacet
  facet normal -0.881941 -0.47136 0
    outer loop
      vertex 6.09134 88.0408 14.5
      vertex 6.20224 87.8333 6.5
      vertex 6.20224 87.8333 14.5
    endloop
  endfacet
  facet normal 0.634232 -0.773143 0
    outer loop
      vertex 193.467 87.5022 6.5
      vertex 193.649 87.6515 14.5
      vertex 193.467 87.5022 14.5
    endloop
  endfacet
  facet normal 0.634232 -0.773143 0
    outer loop
      vertex 193.649 87.6515 14.5
      vertex 193.467 87.5022 6.5
      vertex 193.649 87.6515 6.5
    endloop
  endfacet
  facet normal 0.470478 -0.882412 0
    outer loop
      vertex 193.259 87.3913 6.5
      vertex 193.467 87.5022 14.5
      vertex 193.259 87.3913 14.5
    endloop
  endfacet
  facet normal 0.470478 -0.882412 0
    outer loop
      vertex 193.467 87.5022 14.5
      vertex 193.259 87.3913 6.5
      vertex 193.467 87.5022 6.5
    endloop
  endfacet
  facet normal -0.881941 0.47136 0
    outer loop
      vertex 6.09134 88.9592 6.5
      vertex 6.20224 89.1667 14.5
      vertex 6.20224 89.1667 6.5
    endloop
  endfacet
  facet normal -0.881941 0.47136 0
    outer loop
      vertex 6.20224 89.1667 14.5
      vertex 6.09134 88.9592 6.5
      vertex 6.09134 88.9592 14.5
    endloop
  endfacet
  facet normal -0.634545 -0.772886 0
    outer loop
      vertex 6.35147 87.6515 6.5
      vertex 6.53332 87.5022 14.5
      vertex 6.35147 87.6515 14.5
    endloop
  endfacet
  facet normal -0.634545 -0.772886 -0
    outer loop
      vertex 6.53332 87.5022 14.5
      vertex 6.35147 87.6515 6.5
      vertex 6.53332 87.5022 6.5
    endloop
  endfacet
  facet normal -0.995183 0.0980305 0
    outer loop
      vertex 6 88.5 6.5
      vertex 6.02306 88.7341 14.5
      vertex 6.02306 88.7341 6.5
    endloop
  endfacet
  facet normal -0.995183 0.0980305 0
    outer loop
      vertex 6.02306 88.7341 14.5
      vertex 6 88.5 6.5
      vertex 6 88.5 14.5
    endloop
  endfacet
  facet normal -0.634545 0.772886 0
    outer loop
      vertex 6.53332 89.4978 6.5
      vertex 6.35147 89.3485 14.5
      vertex 6.53332 89.4978 14.5
    endloop
  endfacet
  facet normal -0.634545 0.772886 0
    outer loop
      vertex 6.35147 89.3485 14.5
      vertex 6.53332 89.4978 6.5
      vertex 6.35147 89.3485 6.5
    endloop
  endfacet
  facet normal -0.772947 0.634471 0
    outer loop
      vertex 6.20224 89.1667 6.5
      vertex 6.35147 89.3485 14.5
      vertex 6.35147 89.3485 6.5
    endloop
  endfacet
  facet normal -0.772947 0.634471 0
    outer loop
      vertex 6.35147 89.3485 14.5
      vertex 6.20224 89.1667 6.5
      vertex 6.20224 89.1667 14.5
    endloop
  endfacet
  facet normal 0.995208 0.0977778 0
    outer loop
      vertex 194 88.5 14.5
      vertex 193.977 88.7341 6.5
      vertex 193.977 88.7341 14.5
    endloop
  endfacet
  facet normal 0.995208 0.0977778 0
    outer loop
      vertex 193.977 88.7341 6.5
      vertex 194 88.5 14.5
      vertex 194 88.5 6.5
    endloop
  endfacet
  facet normal -0.289948 0.957042 0
    outer loop
      vertex 6.96589 89.6769 6.5
      vertex 6.74078 89.6087 14.5
      vertex 6.96589 89.6769 14.5
    endloop
  endfacet
  facet normal -0.289948 0.957042 0
    outer loop
      vertex 6.74078 89.6087 14.5
      vertex 6.96589 89.6769 6.5
      vertex 6.74078 89.6087 6.5
    endloop
  endfacet
  facet normal 0.470478 0.882412 -0
    outer loop
      vertex 193.467 89.4978 6.5
      vertex 193.259 89.6087 14.5
      vertex 193.467 89.4978 14.5
    endloop
  endfacet
  facet normal 0.470478 0.882412 0
    outer loop
      vertex 193.259 89.6087 14.5
      vertex 193.467 89.4978 6.5
      vertex 193.259 89.6087 6.5
    endloop
  endfacet
  facet normal -0.956944 -0.290272 0
    outer loop
      vertex 6.09134 88.0408 6.5
      vertex 6.02306 88.2659 14.5
      vertex 6.02306 88.2659 6.5
    endloop
  endfacet
  facet normal -0.956944 -0.290272 0
    outer loop
      vertex 6.02306 88.2659 14.5
      vertex 6.09134 88.0408 6.5
      vertex 6.09134 88.0408 14.5
    endloop
  endfacet
  facet normal -0.772947 -0.634471 0
    outer loop
      vertex 6.35147 87.6515 6.5
      vertex 6.20224 87.8333 14.5
      vertex 6.20224 87.8333 6.5
    endloop
  endfacet
  facet normal -0.772947 -0.634471 0
    outer loop
      vertex 6.20224 87.8333 14.5
      vertex 6.35147 87.6515 6.5
      vertex 6.35147 87.6515 14.5
    endloop
  endfacet
  facet normal 0.290078 0.957003 -0
    outer loop
      vertex 193.259 89.6087 6.5
      vertex 193.034 89.6769 14.5
      vertex 193.259 89.6087 14.5
    endloop
  endfacet
  facet normal 0.290078 0.957003 0
    outer loop
      vertex 193.034 89.6769 14.5
      vertex 193.259 89.6087 6.5
      vertex 193.034 89.6769 6.5
    endloop
  endfacet
  facet normal 0.0982404 0.995163 -0
    outer loop
      vertex 193.034 89.6769 6.5
      vertex 192.8 89.7 14.5
      vertex 193.034 89.6769 14.5
    endloop
  endfacet
  facet normal 0.0982404 0.995163 0
    outer loop
      vertex 192.8 89.7 14.5
      vertex 193.034 89.6769 6.5
      vertex 192.8 89.7 6.5
    endloop
  endfacet
  facet normal -0.289948 -0.957042 0
    outer loop
      vertex 6.74078 87.3913 6.5
      vertex 6.96589 87.3231 14.5
      vertex 6.74078 87.3913 14.5
    endloop
  endfacet
  facet normal -0.289948 -0.957042 -0
    outer loop
      vertex 6.96589 87.3231 14.5
      vertex 6.74078 87.3913 6.5
      vertex 6.96589 87.3231 6.5
    endloop
  endfacet
  facet normal -0.471431 -0.881903 0
    outer loop
      vertex 6.53332 87.5022 6.5
      vertex 6.74078 87.3913 14.5
      vertex 6.53332 87.5022 14.5
    endloop
  endfacet
  facet normal -0.471431 -0.881903 -0
    outer loop
      vertex 6.74078 87.3913 14.5
      vertex 6.53332 87.5022 6.5
      vertex 6.74078 87.3913 6.5
    endloop
  endfacet
  facet normal 0 0 1
    outer loop
      vertex 193.977 88.7341 14.5
      vertex 193.977 88.2659 14.5
      vertex 194 88.5 14.5
    endloop
  endfacet
  facet normal 0 0 1
    outer loop
      vertex 193.909 88.9592 14.5
      vertex 193.977 88.2659 14.5
      vertex 193.977 88.7341 14.5
    endloop
  endfacet
  facet normal 0 0 1
    outer loop
      vertex 193.909 88.9592 14.5
      vertex 193.909 88.0408 14.5
      vertex 193.977 88.2659 14.5
    endloop
  endfacet
  facet normal 0 0 1
    outer loop
      vertex 193.798 89.1667 14.5
      vertex 193.909 88.0408 14.5
      vertex 193.909 88.9592 14.5
    endloop
  endfacet
  facet normal 0 0 1
    outer loop
      vertex 193.798 89.1667 14.5
      vertex 193.798 87.8333 14.5
      vertex 193.909 88.0408 14.5
    endloop
  endfacet
  facet normal 0 0 1
    outer loop
      vertex 193.649 89.3485 14.5
      vertex 193.798 87.8333 14.5
      vertex 193.798 89.1667 14.5
    endloop
  endfacet
  facet normal 0 0 1
    outer loop
      vertex 193.649 89.3485 14.5
      vertex 193.649 87.6515 14.5
      vertex 193.798 87.8333 14.5
    endloop
  endfacet
  facet normal 0 0 1
    outer loop
      vertex 193.467 89.4978 14.5
      vertex 193.649 87.6515 14.5
      vertex 193.649 89.3485 14.5
    endloop
  endfacet
  facet normal 0 0 1
    outer loop
      vertex 193.467 89.4978 14.5
      vertex 193.467 87.5022 14.5
      vertex 193.649 87.6515 14.5
    endloop
  endfacet
  facet normal 0 0 1
    outer loop
      vertex 193.259 89.6087 14.5
      vertex 193.467 87.5022 14.5
      vertex 193.467 89.4978 14.5
    endloop
  endfacet
  facet normal 0 0 1
    outer loop
      vertex 193.259 89.6087 14.5
      vertex 193.259 87.3913 14.5
      vertex 193.467 87.5022 14.5
    endloop
  endfacet
  facet normal 0 0 1
    outer loop
      vertex 193.034 89.6769 14.5
      vertex 193.259 87.3913 14.5
      vertex 193.259 89.6087 14.5
    endloop
  endfacet
  facet normal 0 0 1
    outer loop
      vertex 193.034 89.6769 14.5
      vertex 193.034 87.3231 14.5
      vertex 193.259 87.3913 14.5
    endloop
  endfacet
  facet normal 0 0 1
    outer loop
      vertex 192.8 89.7 14.5
      vertex 193.034 87.3231 14.5
      vertex 193.034 89.6769 14.5
    endloop
  endfacet
  facet normal 0 0 1
    outer loop
      vertex 192.8 89.7 14.5
      vertex 192.8 87.3 14.5
      vertex 193.034 87.3231 14.5
    endloop
  endfacet
  facet normal -0 0 1
    outer loop
      vertex 7.2 89.7 14.5
      vertex 192.8 87.3 14.5
      vertex 192.8 89.7 14.5
    endloop
  endfacet
  facet normal 0 0 1
    outer loop
      vertex 7.2 89.7 14.5
      vertex 7.2 87.3 14.5
      vertex 192.8 87.3 14.5
    endloop
  endfacet
  facet normal -0 0 1
    outer loop
      vertex 6.96589 89.6769 14.5
      vertex 7.2 87.3 14.5
      vertex 7.2 89.7 14.5
    endloop
  endfacet
  facet normal 0 0 1
    outer loop
      vertex 6.96589 89.6769 14.5
      vertex 6.96589 87.3231 14.5
      vertex 7.2 87.3 14.5
    endloop
  endfacet
  facet normal -0 0 1
    outer loop
      vertex 6.74078 89.6087 14.5
      vertex 6.96589 87.3231 14.5
      vertex 6.96589 89.6769 14.5
    endloop
  endfacet
  facet normal 0 0 1
    outer loop
      vertex 6.74078 89.6087 14.5
      vertex 6.74078 87.3913 14.5
      vertex 6.96589 87.3231 14.5
    endloop
  endfacet
  facet normal -0 0 1
    outer loop
      vertex 6.53332 89.4978 14.5
      vertex 6.74078 87.3913 14.5
      vertex 6.74078 89.6087 14.5
    endloop
  endfacet
  facet normal 0 0 1
    outer loop
      vertex 6.53332 89.4978 14.5
      vertex 6.53332 87.5022 14.5
      vertex 6.74078 87.3913 14.5
    endloop
  endfacet
  facet normal -0 0 1
    outer loop
      vertex 6.35147 89.3485 14.5
      vertex 6.53332 87.5022 14.5
      vertex 6.53332 89.4978 14.5
    endloop
  endfacet
  facet normal 0 0 1
    outer loop
      vertex 6.35147 89.3485 14.5
      vertex 6.35147 87.6515 14.5
      vertex 6.53332 87.5022 14.5
    endloop
  endfacet
  facet normal -0 0 1
    outer loop
      vertex 6.20224 89.1667 14.5
      vertex 6.35147 87.6515 14.5
      vertex 6.35147 89.3485 14.5
    endloop
  endfacet
  facet normal 0 0 1
    outer loop
      vertex 6.20224 89.1667 14.5
      vertex 6.20224 87.8333 14.5
      vertex 6.35147 87.6515 14.5
    endloop
  endfacet
  facet normal -0 0 1
    outer loop
      vertex 6.09134 88.9592 14.5
      vertex 6.20224 87.8333 14.5
      vertex 6.20224 89.1667 14.5
    endloop
  endfacet
  facet normal 0 0 1
    outer loop
      vertex 6.09134 88.9592 14.5
      vertex 6.09134 88.0408 14.5
      vertex 6.20224 87.8333 14.5
    endloop
  endfacet
  facet normal -0 0 1
    outer loop
      vertex 6.02306 88.7341 14.5
      vertex 6.09134 88.0408 14.5
      vertex 6.09134 88.9592 14.5
    endloop
  endfacet
  facet normal 0 0 1
    outer loop
      vertex 6.02306 88.7341 14.5
      vertex 6.02306 88.2659 14.5
      vertex 6.09134 88.0408 14.5
    endloop
  endfacet
  facet normal 0 -0 1
    outer loop
      vertex 6.02306 88.2659 14.5
      vertex 6.02306 88.7341 14.5
      vertex 6 88.5 14.5
    endloop
  endfacet
  facet normal -0.471431 0.881903 0
    outer loop
      vertex 6.74078 89.6087 6.5
      vertex 6.53332 89.4978 14.5
      vertex 6.74078 89.6087 14.5
    endloop
  endfacet
  facet normal -0.471431 0.881903 0
    outer loop
      vertex 6.53332 89.4978 14.5
      vertex 6.74078 89.6087 6.5
      vertex 6.53332 89.4978 6.5
    endloop
  endfacet
  facet normal 0.995208 -0.0977778 0
    outer loop
      vertex 193.977 88.2659 14.5
      vertex 194 88.5 6.5
      vertex 194 88.5 14.5
    endloop
  endfacet
  facet normal 0.995208 -0.0977778 0
    outer loop
      vertex 194 88.5 6.5
      vertex 193.977 88.2659 14.5
      vertex 193.977 88.2659 6.5
    endloop
  endfacet
  facet normal 0.881764 -0.471691 0
    outer loop
      vertex 193.798 87.8333 14.5
      vertex 193.909 88.0408 6.5
      vertex 193.909 88.0408 14.5
    endloop
  endfacet
  facet normal 0.881764 -0.471691 0
    outer loop
      vertex 193.909 88.0408 6.5
      vertex 193.798 87.8333 14.5
      vertex 193.798 87.8333 6.5
    endloop
  endfacet
  facet normal 0.957274 -0.289181 0
    outer loop
      vertex 193.909 88.0408 14.5
      vertex 193.977 88.2659 6.5
      vertex 193.977 88.2659 14.5
    endloop
  endfacet
  facet normal 0.957274 -0.289181 0
    outer loop
      vertex 193.977 88.2659 6.5
      vertex 193.909 88.0408 14.5
      vertex 193.909 88.0408 6.5
    endloop
  endfacet
  facet normal 0.957274 0.289181 0
    outer loop
      vertex 193.977 88.7341 14.5
      vertex 193.909 88.9592 6.5
      vertex 193.909 88.9592 14.5
    endloop
  endfacet
  facet normal 0.957274 0.289181 0
    outer loop
      vertex 193.909 88.9592 6.5
      vertex 193.977 88.7341 14.5
      vertex 193.977 88.7341 6.5
    endloop
  endfacet
  facet normal -0.0981947 0.995167 0
    outer loop
      vertex 7.2 89.7 6.5
      vertex 6.96589 89.6769 14.5
      vertex 7.2 89.7 14.5
    endloop
  endfacet
  facet normal -0.0981947 0.995167 0
    outer loop
      vertex 6.96589 89.6769 14.5
      vertex 7.2 89.7 6.5
      vertex 6.96589 89.6769 6.5
    endloop
  endfacet
  facet normal 0.881764 0.471691 0
    outer loop
      vertex 193.909 88.9592 14.5
      vertex 193.798 89.1667 6.5
      vertex 193.798 89.1667 14.5
    endloop
  endfacet
  facet normal 0.881764 0.471691 0
    outer loop
      vertex 193.798 89.1667 6.5
      vertex 193.909 88.9592 14.5
      vertex 193.909 88.9592 6.5
    endloop
  endfacet
  facet normal 0.773426 -0.633886 0
    outer loop
      vertex 193.649 87.6515 14.5
      vertex 193.798 87.8333 6.5
      vertex 193.798 87.8333 14.5
    endloop
  endfacet
  facet normal 0.773426 -0.633886 0
    outer loop
      vertex 193.798 87.8333 6.5
      vertex 193.649 87.6515 14.5
      vertex 193.649 87.6515 6.5
    endloop
  endfacet
  facet normal -0.995183 -0.0980305 0
    outer loop
      vertex 6.02306 88.2659 6.5
      vertex 6 88.5 14.5
      vertex 6 88.5 6.5
    endloop
  endfacet
  facet normal -0.995183 -0.0980305 0
    outer loop
      vertex 6 88.5 14.5
      vertex 6.02306 88.2659 6.5
      vertex 6.02306 88.2659 14.5
    endloop
  endfacet
  facet normal 0.288161 0.948264 -0.133263
    outer loop
      vertex 198.765 130.98 162.148
      vertex 198.76 117.653 67.306
      vertex 198.544 117.899 68.5894
    endloop
  endfacet
  facet normal 0.329181 0.935078 -0.131413
    outer loop
      vertex 198.76 117.653 67.306
      vertex 198.765 130.98 162.148
      vertex 198.765 117.645 67.2616
    endloop
  endfacet
  facet normal 0.27975 0.948285 0.149988
    outer loop
      vertex 198.39 131.093 162.133
      vertex 198 131.147 162.519
      vertex 198.765 130.98 162.148
    endloop
  endfacet
  facet normal -0.0981077 0.98549 -0.138507
    outer loop
      vertex 2 118.455 71.9362
      vertex 1.60982 131.093 162.133
      vertex 2 131.131 162.127
    endloop
  endfacet
  facet normal -0.0956348 0.98573 -0.13853
    outer loop
      vertex 1.60982 131.093 162.133
      vertex 2 118.455 71.9362
      vertex 1.83419 118.31 71.0189
    endloop
  endfacet
  facet normal -0.287827 0.948363 -0.133278
    outer loop
      vertex 1.23988 117.653 67.306
      vertex 1.23463 130.98 162.148
      vertex 1.45615 117.899 68.5894
    endloop
  endfacet
  facet normal -0.315097 0.939824 -0.13208
    outer loop
      vertex 1.23463 130.98 162.148
      vertex 1.23988 117.653 67.306
      vertex 1.23463 117.645 67.2616
    endloop
  endfacet
  facet normal 0.611538 0.582159 0.535828
    outer loop
      vertex 198 130.748 163.609
      vertex 198 130.482 163.898
      vertex 199.663 130.251 162.251
    endloop
  endfacet
  facet normal 0.471192 -0.873447 0.122753
    outer loop
      vertex 198.765 103.354 6.5
      vertex 199.111 125.523 162.915
      vertex 198.765 125.34 162.941
    endloop
  endfacet
  facet normal 0.469906 -0.874126 0.122852
    outer loop
      vertex 199.111 125.523 162.915
      vertex 198.765 103.354 6.5
      vertex 199.111 103.54 6.5
    endloop
  endfacet
  facet normal 0 0.990268 -0.139174
    outer loop
      vertex 198 131.131 162.127
      vertex 194 120 82.9264
      vertex 2 131.131 162.127
    endloop
  endfacet
  facet normal -0.000402671 0.990271 -0.139154
    outer loop
      vertex 198 131.131 162.127
      vertex 194.783 119.949 82.5612
      vertex 194 120 82.9264
    endloop
  endfacet
  facet normal -0.000140988 0.990269 -0.139165
    outer loop
      vertex 198 131.131 162.127
      vertex 195.553 119.796 81.4717
      vertex 194.783 119.949 82.5612
    endloop
  endfacet
  facet normal 0.000915542 0.990264 -0.139196
    outer loop
      vertex 198 131.131 162.127
      vertex 196.296 119.543 79.6767
      vertex 195.553 119.796 81.4717
    endloop
  endfacet
  facet normal -0.000192568 0.990268 -0.139174
    outer loop
      vertex 198 131.131 162.127
      vertex 197 119.196 77.2067
      vertex 196.296 119.543 79.6767
    endloop
  endfacet
  facet normal -5.22011e-05 0.990268 -0.139175
    outer loop
      vertex 198 131.131 162.127
      vertex 197.653 118.76 74.1042
      vertex 197 119.196 77.2067
    endloop
  endfacet
  facet normal 0.000842493 0.990267 -0.139179
    outer loop
      vertex 197.653 118.76 74.1042
      vertex 198 131.131 162.127
      vertex 198 118.455 71.9362
    endloop
  endfacet
  facet normal 0 0.990268 -0.139174
    outer loop
      vertex 6 120 82.9264
      vertex 2 131.131 162.127
      vertex 194 120 82.9264
    endloop
  endfacet
  facet normal 0.00040259 0.990271 -0.139154
    outer loop
      vertex 5.21684 119.949 82.5612
      vertex 2 131.131 162.127
      vertex 6 120 82.9264
    endloop
  endfacet
  facet normal 0.000141032 0.990269 -0.139165
    outer loop
      vertex 4.44709 119.796 81.4717
      vertex 2 131.131 162.127
      vertex 5.21684 119.949 82.5612
    endloop
  endfacet
  facet normal -0.000915321 0.990264 -0.139196
    outer loop
      vertex 3.7039 119.543 79.6767
      vertex 2 131.131 162.127
      vertex 4.44709 119.796 81.4717
    endloop
  endfacet
  facet normal 0.000192594 0.990268 -0.139174
    outer loop
      vertex 3 119.196 77.2067
      vertex 2 131.131 162.127
      vertex 3.7039 119.543 79.6767
    endloop
  endfacet
  facet normal 5.22337e-05 0.990268 -0.139175
    outer loop
      vertex 2.34743 118.76 74.1042
      vertex 2 131.131 162.127
      vertex 3 119.196 77.2067
    endloop
  endfacet
  facet normal -0.000841451 0.990267 -0.139179
    outer loop
      vertex 2 131.131 162.127
      vertex 2.34743 118.76 74.1042
      vertex 2 118.455 71.9362
    endloop
  endfacet
  facet normal 0.0931571 0.985963 -0.138556
    outer loop
      vertex 198.39 131.093 162.133
      vertex 198.243 118.243 70.5939
      vertex 198.166 118.31 71.0189
    endloop
  endfacet
  facet normal 0.103359 0.984964 -0.138432
    outer loop
      vertex 198.243 118.243 70.5939
      vertex 198.39 131.093 162.133
      vertex 198.39 118.074 69.5012
    endloop
  endfacet
  facet normal 0.0972772 -0.985572 0.138511
    outer loop
      vertex 198 125.189 162.962
      vertex 198 103.2 6.5
      vertex 198.385 103.238 6.5
    endloop
  endfacet
  facet normal 0.956686 0.288289 -0.0405162
    outer loop
      vertex 199.962 129.537 162.351
      vertex 199.848 108.012 6.5
      vertex 199.848 129.908 162.299
    endloop
  endfacet
  facet normal 0.947751 0.315917 -0.0443254
    outer loop
      vertex 199.848 108.012 6.5
      vertex 199.962 129.537 162.351
      vertex 199.85 108.006 6.5
    endloop
  endfacet
  facet normal 0.426488 -0.730608 0.533217
    outer loop
      vertex 199.111 125.523 162.915
      vertex 198 125.678 164.016
      vertex 198.765 125.34 162.941
    endloop
  endfacet
  facet normal 0.0981526 0.985486 -0.138507
    outer loop
      vertex 198.39 131.093 162.133
      vertex 198 118.455 71.9362
      vertex 198 131.131 162.127
    endloop
  endfacet
  facet normal 0.0955299 0.98574 -0.138531
    outer loop
      vertex 198 118.455 71.9362
      vertex 198.39 131.093 162.133
      vertex 198.166 118.31 71.0189
    endloop
  endfacet
  facet normal -0.611552 0.582151 0.535821
    outer loop
      vertex 2 130.748 163.609
      vertex 0.33706 130.251 162.251
      vertex 2 130.482 163.898
    endloop
  endfacet
  facet normal 0.0975153 0.994406 -0.040588
    outer loop
      vertex 198.39 131.093 162.133
      vertex 198 131.131 162.127
      vertex 198 131.147 162.519
    endloop
  endfacet
  facet normal 0.290829 0.947463 -0.133162
    outer loop
      vertex 198.765 130.98 162.148
      vertex 198.39 118.074 69.5012
      vertex 198.39 131.093 162.133
    endloop
  endfacet
  facet normal 0.288513 0.948159 -0.133249
    outer loop
      vertex 198.39 118.074 69.5012
      vertex 198.765 130.98 162.148
      vertex 198.544 117.899 68.5894
    endloop
  endfacet
  facet normal -0.634014 0.765795 -0.107626
    outer loop
      vertex 0.888859 117.127 64.9075
      vertex 0.585786 130.551 162.209
      vertex 0.888859 130.797 162.174
    endloop
  endfacet
  facet normal -0.633155 0.766493 -0.10772
    outer loop
      vertex 0.803847 117 64.5035
      vertex 0.585786 130.551 162.209
      vertex 0.888859 117.127 64.9075
    endloop
  endfacet
  facet normal -0.634021 0.76579 -0.107624
    outer loop
      vertex 0.585786 130.551 162.209
      vertex 0.803847 117 64.5035
      vertex 0.585786 116.558 62.6431
    endloop
  endfacet
  facet normal 0.691259 0.304569 0.655285
    outer loop
      vertex 198 130.165 164.129
      vertex 198 129.81 164.294
      vertex 199.848 129.908 162.299
    endloop
  endfacet
  facet normal 0.611577 -0.411644 0.675664
    outer loop
      vertex 199.663 126.07 162.839
      vertex 198 126.301 164.485
      vertex 199.414 125.769 162.881
    endloop
  endfacet
  facet normal -0.995195 0.0969569 -0.0136263
    outer loop
      vertex 0.0378009 107.627 6.5
      vertex 0 107.239 6.5
      vertex 0 129.15 162.406
    endloop
  endfacet
  facet normal 0.705324 0.167161 0.688894
    outer loop
      vertex 199.962 129.537 162.351
      vertex 198 129.429 164.386
      vertex 200 129.15 162.406
    endloop
  endfacet
  facet normal 0.995308 0.0958166 -0.0134665
    outer loop
      vertex 200 129.15 162.406
      vertex 199.962 107.633 6.5
      vertex 199.962 129.537 162.351
    endloop
  endfacet
  facet normal 1 0 -0.000243737
    outer loop
      vertex 199.962 107.633 6.5
      vertex 200 129.15 162.406
      vertex 199.962 107.627 6.5
    endloop
  endfacet
  facet normal -0.881683 -0.46725 0.0656696
    outer loop
      vertex 0.334605 104.102 6.5
      vertex 0.33706 126.07 162.839
      vertex 0.152241 126.412 162.791
    endloop
  endfacet
  facet normal -0.849986 -0.521679 0.0733171
    outer loop
      vertex 0.33706 126.07 162.839
      vertex 0.334605 104.102 6.5
      vertex 0.33706 104.098 6.5
    endloop
  endfacet
  facet normal 0.691333 0.304285 0.65534
    outer loop
      vertex 199.848 129.908 162.299
      vertex 198 129.81 164.294
      vertex 199.962 129.537 162.351
    endloop
  endfacet
  facet normal 0.995145 0.0974626 -0.0136974
    outer loop
      vertex 200 107.239 6.5
      vertex 199.962 107.627 6.5
      vertex 200 129.15 162.406
    endloop
  endfacet
  facet normal -0.426435 0.849454 0.310776
    outer loop
      vertex 2 131.087 162.906
      vertex 0.888859 130.797 162.174
      vertex 2 130.952 163.275
    endloop
  endfacet
  facet normal -0.691306 0.30455 0.655244
    outer loop
      vertex 2 130.165 164.129
      vertex 0.152241 129.908 162.299
      vertex 2 129.81 164.294
    endloop
  endfacet
  facet normal 0 -0.990268 0.139171
    outer loop
      vertex 2 103.2 6.5
      vertex 198 125.189 162.962
      vertex 2 125.189 162.962
    endloop
  endfacet
  facet normal 0 -0.990268 0.139171
    outer loop
      vertex 198 125.189 162.962
      vertex 2 103.2 6.5
      vertex 198 103.2 6.5
    endloop
  endfacet
  facet normal -0.0972047 -0.985579 0.138512
    outer loop
      vertex 2 125.189 162.962
      vertex 1.61471 103.238 6.5
      vertex 2 103.2 6.5
    endloop
  endfacet
  facet normal -0.635644 -0.76447 0.107435
    outer loop
      vertex 0.888859 103.54 6.5
      vertex 0.585786 125.769 162.881
      vertex 0.585786 103.792 6.5
    endloop
  endfacet
  facet normal -0.633802 -0.765968 0.107651
    outer loop
      vertex 0.585786 125.769 162.881
      vertex 0.888859 103.54 6.5
      vertex 0.888859 125.523 162.915
    endloop
  endfacet
  facet normal -0.426308 0.84961 0.310522
    outer loop
      vertex 1.23463 130.98 162.148
      vertex 0.888859 130.797 162.174
      vertex 2 131.087 162.906
    endloop
  endfacet
  facet normal 0.707029 0.0983271 0.700315
    outer loop
      vertex 200 129.15 162.406
      vertex 198 129.429 164.386
      vertex 200 127.17 162.684
    endloop
  endfacet
  facet normal 0.0978008 -0.985521 0.138505
    outer loop
      vertex 198.385 103.238 6.5
      vertex 198.39 125.227 162.957
      vertex 198 125.189 162.962
    endloop
  endfacet
  facet normal 0.19428 -0.9714 0.136518
    outer loop
      vertex 198.39 125.227 162.957
      vertex 198.385 103.238 6.5
      vertex 198.39 103.239 6.5
    endloop
  endfacet
  facet normal 0.426166 0.849821 0.31014
    outer loop
      vertex 198.765 130.98 162.148
      vertex 198 131.087 162.906
      vertex 199.111 130.797 162.174
    endloop
  endfacet
  facet normal -0.707029 0.0983271 0.700315
    outer loop
      vertex 0 129.15 162.406
      vertex 0 127.17 162.684
      vertex 2 129.429 164.386
    endloop
  endfacet
  facet normal 0.611672 -0.411464 0.675688
    outer loop
      vertex 198 126.301 164.485
      vertex 198 125.966 164.281
      vertex 199.414 125.769 162.881
    endloop
  endfacet
  facet normal -0 0.139462 0.990227
    outer loop
      vertex 2 129.429 164.386
      vertex 198 127.448 164.665
      vertex 198 129.429 164.386
    endloop
  endfacet
  facet normal 0 0.139462 0.990227
    outer loop
      vertex 198 127.448 164.665
      vertex 2 129.429 164.386
      vertex 2 127.448 164.665
    endloop
  endfacet
  facet normal 0.705427 0.0296233 0.708163
    outer loop
      vertex 200 127.17 162.684
      vertex 198 127.057 164.681
      vertex 199.962 126.784 162.738
    endloop
  endfacet
  facet normal -0.0974707 0.99441 -0.0405882
    outer loop
      vertex 2 131.131 162.127
      vertex 1.60982 131.093 162.133
      vertex 2 131.147 162.519
    endloop
  endfacet
  facet normal -0.279621 0.948324 0.149982
    outer loop
      vertex 1.60982 131.093 162.133
      vertex 1.23463 130.98 162.148
      vertex 2 131.147 162.519
    endloop
  endfacet
  facet normal -0.95682 0.287853 -0.0404549
    outer loop
      vertex 0.152241 108.012 6.5
      vertex 0.0384293 129.537 162.351
      vertex 0.152241 129.908 162.299
    endloop
  endfacet
  facet normal -0.952533 0.301477 -0.0423334
    outer loop
      vertex 0.0384293 129.537 162.351
      vertex 0.152241 108.012 6.5
      vertex 0.150342 108.006 6.5
    endloop
  endfacet
  facet normal -0.882187 -0.466316 0.0655357
    outer loop
      vertex 0.152241 126.412 162.791
      vertex 0.152241 104.447 6.5
      vertex 0.334605 104.102 6.5
    endloop
  endfacet
  facet normal -0.95681 -0.287886 0.0404593
    outer loop
      vertex 0.152241 126.412 162.791
      vertex 0.0400123 104.82 6.5
      vertex 0.152241 104.447 6.5
    endloop
  endfacet
  facet normal -0.19848 -0.970567 0.136401
    outer loop
      vertex 1.61471 103.238 6.5
      vertex 1.60982 125.227 162.957
      vertex 1.60982 103.239 6.5
    endloop
  endfacet
  facet normal -0.0977561 -0.985525 0.138506
    outer loop
      vertex 1.60982 125.227 162.957
      vertex 1.61471 103.238 6.5
      vertex 2 125.189 162.962
    endloop
  endfacet
  facet normal -0.691706 -0.109932 0.713763
    outer loop
      vertex 2 127.057 164.681
      vertex 0.0384293 126.784 162.738
      vertex 0.152241 126.412 162.791
    endloop
  endfacet
  facet normal 0.425732 -0.731285 0.532892
    outer loop
      vertex 198 125.678 164.016
      vertex 198 125.447 163.699
      vertex 198.765 125.34 162.941
    endloop
  endfacet
  facet normal 0.291828 -0.947163 0.133113
    outer loop
      vertex 198.765 125.34 162.941
      vertex 198.395 103.24 6.5
      vertex 198.765 103.354 6.5
    endloop
  endfacet
  facet normal 0.097234 -0.966874 0.236009
    outer loop
      vertex 198 125.282 163.343
      vertex 198 125.189 162.962
      vertex 198.39 125.227 162.957
    endloop
  endfacet
  facet normal 0.291154 -0.947366 0.13314
    outer loop
      vertex 198.39 103.239 6.5
      vertex 198.765 125.34 162.941
      vertex 198.39 125.227 162.957
    endloop
  endfacet
  facet normal 0.194273 -0.971367 0.136763
    outer loop
      vertex 198.765 125.34 162.941
      vertex 198.39 103.239 6.5
      vertex 198.395 103.24 6.5
    endloop
  endfacet
  facet normal 0.536044 0.720439 0.440028
    outer loop
      vertex 198 130.952 163.275
      vertex 198 130.748 163.609
      vertex 199.414 130.551 162.209
    endloop
  endfacet
  facet normal 0.88163 0.467349 -0.0656808
    outer loop
      vertex 199.783 115.591 59.5493
      vertex 199.663 115.944 60.4503
      vertex 199.663 130.251 162.251
    endloop
  endfacet
  facet normal 0.873567 0.481968 -0.0677329
    outer loop
      vertex 199.845 108.018 6.5
      vertex 199.829 108.047 6.5
      vertex 199.829 109.905 19.721
    endloop
  endfacet
  facet normal 0.881504 -0.467581 0.0657134
    outer loop
      vertex 199.848 126.412 162.791
      vertex 199.665 104.102 6.5
      vertex 199.848 104.447 6.5
    endloop
  endfacet
  facet normal 0.633893 -0.765894 0.107641
    outer loop
      vertex 199.111 103.54 6.5
      vertex 199.414 125.769 162.881
      vertex 199.111 125.523 162.915
    endloop
  endfacet
  facet normal 0.635735 -0.764396 0.107424
    outer loop
      vertex 199.414 125.769 162.881
      vertex 199.111 103.54 6.5
      vertex 199.414 103.792 6.5
    endloop
  endfacet
  facet normal 0.881491 -0.467606 0.065717
    outer loop
      vertex 199.663 126.07 162.839
      vertex 199.665 104.102 6.5
      vertex 199.848 126.412 162.791
    endloop
  endfacet
  facet normal 0.892666 -0.446333 0.062728
    outer loop
      vertex 199.665 104.102 6.5
      vertex 199.663 126.07 162.839
      vertex 199.663 104.098 6.5
    endloop
  endfacet
  facet normal 0.661108 -0.258775 0.704253
    outer loop
      vertex 199.848 126.412 162.791
      vertex 198 126.301 164.485
      vertex 199.663 126.07 162.839
    endloop
  endfacet
  facet normal 0 0.853408 0.521243
    outer loop
      vertex 198 130.952 163.275
      vertex 2 130.748 163.609
      vertex 198 130.748 163.609
    endloop
  endfacet
  facet normal 0 0.853408 0.521243
    outer loop
      vertex 2 130.748 163.609
      vertex 198 130.952 163.275
      vertex 2 130.952 163.275
    endloop
  endfacet
  facet normal -0.536377 0.720258 0.439918
    outer loop
      vertex 2 130.952 163.275
      vertex 0.888859 130.797 162.174
      vertex 2 130.748 163.609
    endloop
  endfacet
  facet normal -0 0.234724 0.972062
    outer loop
      vertex 2 129.81 164.294
      vertex 198 129.429 164.386
      vertex 198 129.81 164.294
    endloop
  endfacet
  facet normal 0 0.234724 0.972062
    outer loop
      vertex 198 129.429 164.386
      vertex 2 129.81 164.294
      vertex 2 129.429 164.386
    endloop
  endfacet
  facet normal 0.772516 0.628816 -0.0883738
    outer loop
      vertex 199.663 130.251 162.251
      vertex 199.414 116.558 62.6431
      vertex 199.414 130.551 162.209
    endloop
  endfacet
  facet normal 0.773707 0.627377 -0.0881791
    outer loop
      vertex 199.663 130.251 162.251
      vertex 199.543 116.296 61.9109
      vertex 199.414 116.558 62.6431
    endloop
  endfacet
  facet normal 0.771042 0.630587 -0.0886223
    outer loop
      vertex 199.543 116.296 61.9109
      vertex 199.663 130.251 162.251
      vertex 199.663 115.944 60.4503
    endloop
  endfacet
  facet normal 0.956974 0.287349 -0.0403853
    outer loop
      vertex 199.962 107.633 6.5
      vertex 199.85 108.006 6.5
      vertex 199.962 129.537 162.351
    endloop
  endfacet
  facet normal 0.705459 0.0289783 0.708158
    outer loop
      vertex 198 127.448 164.665
      vertex 198 127.057 164.681
      vertex 200 127.17 162.684
    endloop
  endfacet
  facet normal 0.707179 0.0986041 0.700125
    outer loop
      vertex 198 129.429 164.386
      vertex 198 127.448 164.665
      vertex 200 127.17 162.684
    endloop
  endfacet
  facet normal -0.278422 0.94912 0.14715
    outer loop
      vertex 2 131.147 162.519
      vertex 1.23463 130.98 162.148
      vertex 2 131.087 162.906
    endloop
  endfacet
  facet normal -0.290694 0.947504 -0.133168
    outer loop
      vertex 1.60982 118.074 69.5012
      vertex 1.23463 130.98 162.148
      vertex 1.60982 131.093 162.133
    endloop
  endfacet
  facet normal -0.289064 0.947994 -0.133229
    outer loop
      vertex 1.23463 130.98 162.148
      vertex 1.60982 118.074 69.5012
      vertex 1.45615 117.899 68.5894
    endloop
  endfacet
  facet normal -0.0933566 0.985945 -0.138555
    outer loop
      vertex 1.75736 118.243 70.5939
      vertex 1.60982 131.093 162.133
      vertex 1.83419 118.31 71.0189
    endloop
  endfacet
  facet normal -0.102985 0.985002 -0.138438
    outer loop
      vertex 1.60982 131.093 162.133
      vertex 1.75736 118.243 70.5939
      vertex 1.60982 118.074 69.5012
    endloop
  endfacet
  facet normal -0.8819 0.466849 -0.0656106
    outer loop
      vertex 0.33706 115.944 60.4503
      vertex 0.217225 115.591 59.5493
      vertex 0.33706 130.251 162.251
    endloop
  endfacet
  facet normal -0.88095 0.468605 -0.0658549
    outer loop
      vertex 0.170752 108.047 6.5
      vertex 0.155326 108.018 6.5
      vertex 0.170752 109.905 19.721
    endloop
  endfacet
  facet normal 0.705442 0.166364 0.688966
    outer loop
      vertex 198 129.81 164.294
      vertex 198 129.429 164.386
      vertex 199.962 129.537 162.351
    endloop
  endfacet
  facet normal -0.471435 0.873319 -0.122733
    outer loop
      vertex 1.23463 117.645 67.2616
      vertex 0.888859 130.797 162.174
      vertex 1.23463 130.98 162.148
    endloop
  endfacet
  facet normal -0.472409 0.872802 -0.122665
    outer loop
      vertex 0.888859 130.797 162.174
      vertex 1.23463 117.645 67.2616
      vertex 0.888859 117.127 64.9075
    endloop
  endfacet
  facet normal -0.661577 0.441625 0.606039
    outer loop
      vertex 2 130.482 163.898
      vertex 0.33706 130.251 162.251
      vertex 2 130.165 164.129
    endloop
  endfacet
  facet normal -0.470148 -0.873998 0.122834
    outer loop
      vertex 1.23463 103.354 6.5
      vertex 0.888859 125.523 162.915
      vertex 0.888859 103.54 6.5
    endloop
  endfacet
  facet normal -0.471435 -0.873319 0.122735
    outer loop
      vertex 0.888859 125.523 162.915
      vertex 1.23463 103.354 6.5
      vertex 1.23463 125.34 162.941
    endloop
  endfacet
  facet normal 0 -0.344405 0.938821
    outer loop
      vertex 2 126.669 164.62
      vertex 198 126.301 164.485
      vertex 198 126.669 164.62
    endloop
  endfacet
  facet normal 0 -0.344405 0.938821
    outer loop
      vertex 198 126.301 164.485
      vertex 2 126.669 164.62
      vertex 2 126.301 164.485
    endloop
  endfacet
  facet normal 0.279591 -0.870495 0.405053
    outer loop
      vertex 198.765 125.34 162.941
      vertex 198 125.447 163.699
      vertex 198.39 125.227 162.957
    endloop
  endfacet
  facet normal -0.535552 -0.571823 0.621453
    outer loop
      vertex 2 125.966 164.281
      vertex 0.585786 125.769 162.881
      vertex 2 125.678 164.016
    endloop
  endfacet
  facet normal 0 -0.808184 0.588929
    outer loop
      vertex 2 125.447 163.699
      vertex 198 125.678 164.016
      vertex 2 125.678 164.016
    endloop
  endfacet
  facet normal 0 -0.808184 0.588929
    outer loop
      vertex 198 125.678 164.016
      vertex 2 125.447 163.699
      vertex 198 125.447 163.699
    endloop
  endfacet
  facet normal 0.634106 0.765721 -0.107616
    outer loop
      vertex 199.414 130.551 162.209
      vertex 199.111 117.127 64.9075
      vertex 199.111 130.797 162.174
    endloop
  endfacet
  facet normal 0.633209 0.766449 -0.107713
    outer loop
      vertex 199.414 130.551 162.209
      vertex 199.196 117 64.5035
      vertex 199.111 117.127 64.9075
    endloop
  endfacet
  facet normal 0.634127 0.765704 -0.107612
    outer loop
      vertex 199.196 117 64.5035
      vertex 199.414 130.551 162.209
      vertex 199.414 116.558 62.6431
    endloop
  endfacet
  facet normal 0.995281 -0.0960918 0.0135047
    outer loop
      vertex 199.962 126.784 162.738
      vertex 200 105.22 6.5
      vertex 200 127.17 162.684
    endloop
  endfacet
  facet normal 0.995291 -0.0959925 0.013491
    outer loop
      vertex 200 105.22 6.5
      vertex 199.962 126.784 162.738
      vertex 199.962 104.826 6.5
    endloop
  endfacet
  facet normal 0.956974 -0.287349 0.0403838
    outer loop
      vertex 199.848 126.412 162.791
      vertex 199.848 104.447 6.5
      vertex 199.96 104.82 6.5
    endloop
  endfacet
  facet normal 0.956929 -0.287496 0.0404052
    outer loop
      vertex 199.848 126.412 162.791
      vertex 199.962 104.826 6.5
      vertex 199.962 126.784 162.738
    endloop
  endfacet
  facet normal 0.947751 -0.315917 0.0443239
    outer loop
      vertex 199.962 104.826 6.5
      vertex 199.848 126.412 162.791
      vertex 199.96 104.82 6.5
    endloop
  endfacet
  facet normal 0.773531 -0.627591 0.0882021
    outer loop
      vertex 199.414 125.769 162.881
      vertex 199.663 104.098 6.5
      vertex 199.663 126.07 162.839
    endloop
  endfacet
  facet normal 0.772615 -0.628697 0.0883539
    outer loop
      vertex 199.663 104.098 6.5
      vertex 199.414 125.769 162.881
      vertex 199.414 103.792 6.5
    endloop
  endfacet
  facet normal 0.535036 -0.573234 0.620596
    outer loop
      vertex 199.414 125.769 162.881
      vertex 198 125.678 164.016
      vertex 199.111 125.523 162.915
    endloop
  endfacet
  facet normal 0 0.988194 0.153208
    outer loop
      vertex 198 131.147 162.519
      vertex 2 131.087 162.906
      vertex 198 131.087 162.906
    endloop
  endfacet
  facet normal 0 0.988194 0.153208
    outer loop
      vertex 2 131.087 162.906
      vertex 198 131.147 162.519
      vertex 2 131.147 162.519
    endloop
  endfacet
  facet normal 0.278546 0.949084 0.147145
    outer loop
      vertex 198 131.147 162.519
      vertex 198 131.087 162.906
      vertex 198.765 130.98 162.148
    endloop
  endfacet
  facet normal 0.611441 0.582479 0.535592
    outer loop
      vertex 199.414 130.551 162.209
      vertex 198 130.748 163.609
      vertex 199.663 130.251 162.251
    endloop
  endfacet
  facet normal 0.661563 0.441632 0.606049
    outer loop
      vertex 198 130.482 163.898
      vertex 198 130.165 164.129
      vertex 199.663 130.251 162.251
    endloop
  endfacet
  facet normal 0.691067 -0.112256 0.71402
    outer loop
      vertex 198 127.057 164.681
      vertex 198 126.669 164.62
      vertex 199.848 126.412 162.791
    endloop
  endfacet
  facet normal 0.691584 -0.110235 0.713835
    outer loop
      vertex 199.962 126.784 162.738
      vertex 198 127.057 164.681
      vertex 199.848 126.412 162.791
    endloop
  endfacet
  facet normal 0 0.999168 -0.0407824
    outer loop
      vertex 198 131.131 162.127
      vertex 2 131.147 162.519
      vertex 198 131.147 162.519
    endloop
  endfacet
  facet normal 0 0.999168 -0.0407824
    outer loop
      vertex 2 131.147 162.519
      vertex 198 131.131 162.127
      vertex 2 131.131 162.127
    endloop
  endfacet
  facet normal 0.535361 0.721812 0.438606
    outer loop
      vertex 199.111 130.797 162.174
      vertex 198 130.952 163.275
      vertex 199.414 130.551 162.209
    endloop
  endfacet
  facet normal 0.426479 0.849434 0.310769
    outer loop
      vertex 198 131.087 162.906
      vertex 198 130.952 163.275
      vertex 199.111 130.797 162.174
    endloop
  endfacet
  facet normal -0.70552 0.166346 0.688891
    outer loop
      vertex 2 129.81 164.294
      vertex 0.0384293 129.537 162.351
      vertex 2 129.429 164.386
    endloop
  endfacet
  facet normal -0.691455 0.303973 0.655355
    outer loop
      vertex 0.152241 129.908 162.299
      vertex 0.0384293 129.537 162.351
      vertex 2 129.81 164.294
    endloop
  endfacet
  facet normal -0.772859 0.628403 -0.0883158
    outer loop
      vertex 0.585786 116.558 62.6431
      vertex 0.33706 130.251 162.251
      vertex 0.585786 130.551 162.209
    endloop
  endfacet
  facet normal -0.77356 0.627555 -0.088201
    outer loop
      vertex 0.456722 116.296 61.9109
      vertex 0.33706 130.251 162.251
      vertex 0.585786 116.558 62.6431
    endloop
  endfacet
  facet normal -0.771923 0.62953 -0.0884737
    outer loop
      vertex 0.33706 130.251 162.251
      vertex 0.456722 116.296 61.9109
      vertex 0.33706 115.944 60.4503
    endloop
  endfacet
  facet normal 0 0.735779 0.677222
    outer loop
      vertex 198 130.748 163.609
      vertex 2 130.482 163.898
      vertex 198 130.482 163.898
    endloop
  endfacet
  facet normal 0 0.735779 0.677222
    outer loop
      vertex 2 130.482 163.898
      vertex 198 130.748 163.609
      vertex 2 130.748 163.609
    endloop
  endfacet
  facet normal -0.53513 0.721742 0.439004
    outer loop
      vertex 0.888859 130.797 162.174
      vertex 0.585786 130.551 162.209
      vertex 2 130.748 163.609
    endloop
  endfacet
  facet normal 0 0.939123 0.343582
    outer loop
      vertex 198 131.087 162.906
      vertex 2 130.952 163.275
      vertex 198 130.952 163.275
    endloop
  endfacet
  facet normal 0 0.939123 0.343582
    outer loop
      vertex 2 130.952 163.275
      vertex 198 131.087 162.906
      vertex 2 131.087 162.906
    endloop
  endfacet
  facet normal -0.957062 -0.287061 0.0403441
    outer loop
      vertex 0.0384293 104.826 6.5
      vertex 0.152241 126.412 162.791
      vertex 0.0384293 126.784 162.738
    endloop
  endfacet
  facet normal -0.96629 -0.254939 0.0359144
    outer loop
      vertex 0.152241 126.412 162.791
      vertex 0.0384293 104.826 6.5
      vertex 0.0400123 104.82 6.5
    endloop
  endfacet
  facet normal -0.707179 0.0986041 0.700125
    outer loop
      vertex 2 129.429 164.386
      vertex 0 127.17 162.684
      vertex 2 127.448 164.665
    endloop
  endfacet
  facet normal -0.957037 0.287144 -0.0403565
    outer loop
      vertex 0.150342 108.006 6.5
      vertex 0.0384293 107.633 6.5
      vertex 0.0384293 129.537 162.351
    endloop
  endfacet
  facet normal -0.611576 0.582073 0.535879
    outer loop
      vertex 0.585786 130.551 162.209
      vertex 0.33706 130.251 162.251
      vertex 2 130.748 163.609
    endloop
  endfacet
  facet normal -0.882244 0.466211 -0.0655192
    outer loop
      vertex 0.217225 115.591 59.5493
      vertex 0.152241 129.908 162.299
      vertex 0.33706 130.251 162.251
    endloop
  endfacet
  facet normal -0.884702 0.46162 -0.064881
    outer loop
      vertex 0.204445 115.553 59.4532
      vertex 0.152241 129.908 162.299
      vertex 0.217225 115.591 59.5493
    endloop
  endfacet
  facet normal -0.880755 0.468964 -0.0659041
    outer loop
      vertex 0.170752 115.384 58.7009
      vertex 0.152241 129.908 162.299
      vertex 0.204445 115.553 59.4532
    endloop
  endfacet
  facet normal -0.895961 0.43981 -0.0618195
    outer loop
      vertex 0.170752 109.905 19.721
      vertex 0.152241 129.908 162.299
      vertex 0.170752 115.384 58.7009
    endloop
  endfacet
  facet normal -0.887502 0.456324 -0.0640945
    outer loop
      vertex 0.152241 108.012 6.5
      vertex 0.170752 109.905 19.721
      vertex 0.155326 108.018 6.5
    endloop
  endfacet
  facet normal -0.881629 0.46735 -0.0656814
    outer loop
      vertex 0.170752 109.905 19.721
      vertex 0.152241 108.012 6.5
      vertex 0.152241 129.908 162.299
    endloop
  endfacet
  facet normal -0.661682 0.441356 0.60612
    outer loop
      vertex 0.33706 130.251 162.251
      vertex 0.152241 129.908 162.299
      vertex 2 130.165 164.129
    endloop
  endfacet
  facet normal -0.426658 -0.730368 0.53341
    outer loop
      vertex 2 125.678 164.016
      vertex 0.888859 125.523 162.915
      vertex 1.23463 125.34 162.941
    endloop
  endfacet
  facet normal -0.534961 -0.573301 0.620599
    outer loop
      vertex 2 125.678 164.016
      vertex 0.585786 125.769 162.881
      vertex 0.888859 125.523 162.915
    endloop
  endfacet
  facet normal -0.206163 -0.968965 0.136395
    outer loop
      vertex 1.60982 103.239 6.5
      vertex 1.23463 125.34 162.941
      vertex 1.60512 103.24 6.5
    endloop
  endfacet
  facet normal -0.291019 -0.947407 0.133146
    outer loop
      vertex 1.23463 125.34 162.941
      vertex 1.60982 103.239 6.5
      vertex 1.60982 125.227 162.957
    endloop
  endfacet
  facet normal 0.276972 -0.871792 0.404061
    outer loop
      vertex 198 125.447 163.699
      vertex 198 125.282 163.343
      vertex 198.39 125.227 162.957
    endloop
  endfacet
  facet normal 0.661166 -0.258386 0.704341
    outer loop
      vertex 198 126.669 164.62
      vertex 198 126.301 164.485
      vertex 199.848 126.412 162.791
    endloop
  endfacet
  facet normal -0.6612 -0.25847 0.704278
    outer loop
      vertex 2 126.301 164.485
      vertex 0.152241 126.412 162.791
      vertex 0.33706 126.07 162.839
    endloop
  endfacet
  facet normal 0.471192 0.873447 -0.122751
    outer loop
      vertex 199.111 130.797 162.174
      vertex 198.765 117.645 67.2616
      vertex 198.765 130.98 162.148
    endloop
  endfacet
  facet normal 0.472167 0.87293 -0.122683
    outer loop
      vertex 198.765 117.645 67.2616
      vertex 199.111 130.797 162.174
      vertex 199.111 117.127 64.9075
    endloop
  endfacet
  facet normal 0.882052 0.466567 -0.0655687
    outer loop
      vertex 199.848 129.908 162.299
      vertex 199.783 115.591 59.5493
      vertex 199.663 130.251 162.251
    endloop
  endfacet
  facet normal 0.881399 0.467776 -0.0657369
    outer loop
      vertex 199.848 129.908 162.299
      vertex 199.796 115.553 59.4532
      vertex 199.783 115.591 59.5493
    endloop
  endfacet
  facet normal 0.884767 0.461498 -0.0648623
    outer loop
      vertex 199.848 129.908 162.299
      vertex 199.829 115.384 58.7009
      vertex 199.796 115.553 59.4532
    endloop
  endfacet
  facet normal 0.891267 0.449064 -0.0631202
    outer loop
      vertex 199.848 129.908 162.299
      vertex 199.829 109.905 19.721
      vertex 199.829 115.384 58.7009
    endloop
  endfacet
  facet normal 0.87642 0.476862 -0.0670182
    outer loop
      vertex 199.848 108.012 6.5
      vertex 199.829 109.905 19.721
      vertex 199.848 129.908 162.299
    endloop
  endfacet
  facet normal 0.892672 0.446336 -0.0626241
    outer loop
      vertex 199.829 109.905 19.721
      vertex 199.848 108.012 6.5
      vertex 199.845 108.018 6.5
    endloop
  endfacet
  facet normal 0.661563 0.441631 0.606049
    outer loop
      vertex 199.663 130.251 162.251
      vertex 198 130.165 164.129
      vertex 199.848 129.908 162.299
    endloop
  endfacet
  facet normal -0 0.588929 0.808184
    outer loop
      vertex 2 130.482 163.898
      vertex 198 130.165 164.129
      vertex 198 130.482 163.898
    endloop
  endfacet
  facet normal 0 0.588929 0.808184
    outer loop
      vertex 198 130.165 164.129
      vertex 2 130.482 163.898
      vertex 2 130.165 164.129
    endloop
  endfacet
  facet normal -0 0.421487 0.906835
    outer loop
      vertex 2 130.165 164.129
      vertex 198 129.81 164.294
      vertex 198 130.165 164.129
    endloop
  endfacet
  facet normal 0 0.421487 0.906835
    outer loop
      vertex 198 129.81 164.294
      vertex 2 130.165 164.129
      vertex 2 129.81 164.294
    endloop
  endfacet
  facet normal -0.995202 0.0968888 -0.0136172
    outer loop
      vertex 0.0384293 107.633 6.5
      vertex 0 129.15 162.406
      vertex 0.0384293 129.537 162.351
    endloop
  endfacet
  facet normal -0.994454 0.104152 -0.0146195
    outer loop
      vertex 0 129.15 162.406
      vertex 0.0384293 107.633 6.5
      vertex 0.0378009 107.627 6.5
    endloop
  endfacet
  facet normal -0.705286 0.167919 0.688749
    outer loop
      vertex 0.0384293 129.537 162.351
      vertex 0 129.15 162.406
      vertex 2 129.429 164.386
    endloop
  endfacet
  facet normal -0.705452 0.0288373 0.708171
    outer loop
      vertex 2 127.448 164.665
      vertex 0 127.17 162.684
      vertex 0.0384293 126.784 162.738
    endloop
  endfacet
  facet normal -0.995174 -0.097167 0.0136558
    outer loop
      vertex 0 105.22 6.5
      vertex 0.0384293 126.784 162.738
      vertex 0 127.17 162.684
    endloop
  endfacet
  facet normal -0.995184 -0.0970666 0.0136419
    outer loop
      vertex 0.0384293 126.784 162.738
      vertex 0 105.22 6.5
      vertex 0.0384293 104.826 6.5
    endloop
  endfacet
  facet normal -0.661214 -0.258371 0.704301
    outer loop
      vertex 2 126.669 164.62
      vertex 0.152241 126.412 162.791
      vertex 2 126.301 164.485
    endloop
  endfacet
  facet normal -0.773873 -0.627177 0.0881439
    outer loop
      vertex 0.33706 104.098 6.5
      vertex 0.585786 125.769 162.881
      vertex 0.33706 126.07 162.839
    endloop
  endfacet
  facet normal -0.772958 -0.628283 0.0882958
    outer loop
      vertex 0.585786 125.769 162.881
      vertex 0.33706 104.098 6.5
      vertex 0.585786 103.792 6.5
    endloop
  endfacet
  facet normal -0.279461 -0.870531 0.405063
    outer loop
      vertex 2 125.447 163.699
      vertex 1.23463 125.34 162.941
      vertex 1.60982 125.227 162.957
    endloop
  endfacet
  facet normal 0.535609 -0.571798 0.621426
    outer loop
      vertex 198 125.966 164.281
      vertex 198 125.678 164.016
      vertex 199.414 125.769 162.881
    endloop
  endfacet
  facet normal -0.425563 -0.731349 0.532939
    outer loop
      vertex 2 125.678 164.016
      vertex 1.23463 125.34 162.941
      vertex 2 125.447 163.699
    endloop
  endfacet
  facet normal 0 -0.520109 0.8541
    outer loop
      vertex 2 126.301 164.485
      vertex 198 125.966 164.281
      vertex 198 126.301 164.485
    endloop
  endfacet
  facet normal 0 -0.520109 0.8541
    outer loop
      vertex 198 125.966 164.281
      vertex 2 126.301 164.485
      vertex 2 125.966 164.281
    endloop
  endfacet
  facet normal 0 -0.677112 0.73588
    outer loop
      vertex 2 125.966 164.281
      vertex 198 125.678 164.016
      vertex 198 125.966 164.281
    endloop
  endfacet
  facet normal 0 -0.677112 0.73588
    outer loop
      vertex 198 125.678 164.016
      vertex 2 125.966 164.281
      vertex 2 125.678 164.016
    endloop
  endfacet
  facet normal 0 -0.155309 0.987866
    outer loop
      vertex 2 127.057 164.681
      vertex 198 126.669 164.62
      vertex 198 127.057 164.681
    endloop
  endfacet
  facet normal 0 -0.155309 0.987866
    outer loop
      vertex 198 126.669 164.62
      vertex 2 127.057 164.681
      vertex 2 126.669 164.62
    endloop
  endfacet
  facet normal -0.691115 -0.112249 0.713975
    outer loop
      vertex 2 127.057 164.681
      vertex 0.152241 126.412 162.791
      vertex 2 126.669 164.62
    endloop
  endfacet
  facet normal -0.291475 -0.947269 0.133128
    outer loop
      vertex 1.23463 125.34 162.941
      vertex 1.23463 103.354 6.5
      vertex 1.60512 103.24 6.5
    endloop
  endfacet
  facet normal -0.0971896 -0.966878 0.23601
    outer loop
      vertex 2 125.282 163.343
      vertex 1.60982 125.227 162.957
      vertex 2 125.189 162.962
    endloop
  endfacet
  facet normal 0 -0.971477 0.237132
    outer loop
      vertex 2 125.189 162.962
      vertex 198 125.282 163.343
      vertex 2 125.282 163.343
    endloop
  endfacet
  facet normal 0 -0.971477 0.237132
    outer loop
      vertex 198 125.282 163.343
      vertex 2 125.189 162.962
      vertex 198 125.189 162.962
    endloop
  endfacet
  facet normal -0 0.0408865 0.999164
    outer loop
      vertex 2 127.448 164.665
      vertex 198 127.057 164.681
      vertex 198 127.448 164.665
    endloop
  endfacet
  facet normal 0 0.0408865 0.999164
    outer loop
      vertex 198 127.057 164.681
      vertex 2 127.448 164.665
      vertex 2 127.057 164.681
    endloop
  endfacet
  facet normal -0.705473 0.0289778 0.708144
    outer loop
      vertex 2 127.448 164.665
      vertex 0.0384293 126.784 162.738
      vertex 2 127.057 164.681
    endloop
  endfacet
  facet normal -0.611755 -0.41122 0.675762
    outer loop
      vertex 2 126.301 164.485
      vertex 0.33706 126.07 162.839
      vertex 0.585786 125.769 162.881
    endloop
  endfacet
  facet normal -0.611615 -0.411487 0.675726
    outer loop
      vertex 2 126.301 164.485
      vertex 0.585786 125.769 162.881
      vertex 2 125.966 164.281
    endloop
  endfacet
  facet normal -0.276854 -0.871823 0.404075
    outer loop
      vertex 2 125.447 163.699
      vertex 1.60982 125.227 162.957
      vertex 2 125.282 163.343
    endloop
  endfacet
  facet normal 0 -0.907287 0.420512
    outer loop
      vertex 2 125.282 163.343
      vertex 198 125.447 163.699
      vertex 2 125.447 163.699
    endloop
  endfacet
  facet normal 0 -0.907287 0.420512
    outer loop
      vertex 198 125.447 163.699
      vertex 2 125.282 163.343
      vertex 198 125.282 163.343
    endloop
  endfacet
  facet normal 0.0981075 0.995176 -0
    outer loop
      vertex 28 92.3 0
      vertex 27.6683 92.3327 3.3
      vertex 28 92.3 3.3
    endloop
  endfacet
  facet normal 0.0981075 0.995176 0
    outer loop
      vertex 27.6683 92.3327 3.3
      vertex 28 92.3 0
      vertex 27.6683 92.3327 0
    endloop
  endfacet
  facet normal -0.773021 0.634381 0
    outer loop
      vertex 29.2021 92.7979 0
      vertex 29.4135 93.0555 3.3
      vertex 29.4135 93.0555 0
    endloop
  endfacet
  facet normal -0.773021 0.634381 0
    outer loop
      vertex 29.4135 93.0555 3.3
      vertex 29.2021 92.7979 0
      vertex 29.2021 92.7979 3.3
    endloop
  endfacet
  facet normal -0.956997 -0.290099 0
    outer loop
      vertex 29.6673 94.3316 0
      vertex 29.5706 94.6506 3.3
      vertex 29.5706 94.6506 0
    endloop
  endfacet
  facet normal -0.956997 -0.290099 0
    outer loop
      vertex 29.5706 94.6506 3.3
      vertex 29.6673 94.3316 0
      vertex 29.6673 94.3316 3.3
    endloop
  endfacet
  facet normal -0.995173 -0.0981368 0
    outer loop
      vertex 29.7 94 0
      vertex 29.6673 94.3316 3.3
      vertex 29.6673 94.3316 0
    endloop
  endfacet
  facet normal -0.995173 -0.0981368 0
    outer loop
      vertex 29.6673 94.3316 3.3
      vertex 29.7 94 0
      vertex 29.7 94 3.3
    endloop
  endfacet
  facet normal -0.881912 -0.471413 0
    outer loop
      vertex 29.5706 94.6506 0
      vertex 29.4135 94.9445 3.3
      vertex 29.4135 94.9445 0
    endloop
  endfacet
  facet normal -0.881912 -0.471413 0
    outer loop
      vertex 29.4135 94.9445 3.3
      vertex 29.5706 94.6506 0
      vertex 29.5706 94.6506 3.3
    endloop
  endfacet
  facet normal 0.881912 0.471413 0
    outer loop
      vertex 26.5865 93.0555 3.3
      vertex 26.4294 93.3494 0
      vertex 26.4294 93.3494 3.3
    endloop
  endfacet
  facet normal 0.881912 0.471413 0
    outer loop
      vertex 26.4294 93.3494 0
      vertex 26.5865 93.0555 3.3
      vertex 26.5865 93.0555 0
    endloop
  endfacet
  facet normal -0.995173 0.0981368 0
    outer loop
      vertex 29.6673 93.6684 0
      vertex 29.7 94 3.3
      vertex 29.7 94 0
    endloop
  endfacet
  facet normal -0.995173 0.0981368 0
    outer loop
      vertex 29.7 94 3.3
      vertex 29.6673 93.6684 0
      vertex 29.6673 93.6684 3.3
    endloop
  endfacet
  facet normal -0.290182 0.956971 0
    outer loop
      vertex 28.6506 92.4294 0
      vertex 28.3317 92.3327 3.3
      vertex 28.6506 92.4294 3.3
    endloop
  endfacet
  facet normal -0.290182 0.956971 0
    outer loop
      vertex 28.3317 92.3327 3.3
      vertex 28.6506 92.4294 0
      vertex 28.3317 92.3327 0
    endloop
  endfacet
  facet normal 0.995173 0.0981368 0
    outer loop
      vertex 26.3327 93.6684 3.3
      vertex 26.3 94 0
      vertex 26.3 94 3.3
    endloop
  endfacet
  facet normal 0.995173 0.0981368 0
    outer loop
      vertex 26.3 94 0
      vertex 26.3327 93.6684 3.3
      vertex 26.3327 93.6684 0
    endloop
  endfacet
  facet normal -0.0981075 -0.995176 0
    outer loop
      vertex 28 95.7 0
      vertex 28.3317 95.6673 3.3
      vertex 28 95.7 3.3
    endloop
  endfacet
  facet normal -0.0981075 -0.995176 -0
    outer loop
      vertex 28.3317 95.6673 3.3
      vertex 28 95.7 0
      vertex 28.3317 95.6673 0
    endloop
  endfacet
  facet normal -0.956997 0.290099 0
    outer loop
      vertex 29.5706 93.3494 0
      vertex 29.6673 93.6684 3.3
      vertex 29.6673 93.6684 0
    endloop
  endfacet
  facet normal -0.956997 0.290099 0
    outer loop
      vertex 29.6673 93.6684 3.3
      vertex 29.5706 93.3494 0
      vertex 29.5706 93.3494 3.3
    endloop
  endfacet
  facet normal 0.290182 0.956971 -0
    outer loop
      vertex 27.6683 92.3327 0
      vertex 27.3494 92.4294 3.3
      vertex 27.6683 92.3327 3.3
    endloop
  endfacet
  facet normal 0.290182 0.956971 0
    outer loop
      vertex 27.3494 92.4294 3.3
      vertex 27.6683 92.3327 0
      vertex 27.3494 92.4294 0
    endloop
  endfacet
  facet normal 0.995173 -0.0981368 0
    outer loop
      vertex 26.3 94 3.3
      vertex 26.3327 94.3316 0
      vertex 26.3327 94.3316 3.3
    endloop
  endfacet
  facet normal 0.995173 -0.0981368 0
    outer loop
      vertex 26.3327 94.3316 0
      vertex 26.3 94 3.3
      vertex 26.3 94 0
    endloop
  endfacet
  facet normal -0.471413 -0.881912 0
    outer loop
      vertex 28.6506 95.5706 0
      vertex 28.9445 95.4135 3.3
      vertex 28.6506 95.5706 3.3
    endloop
  endfacet
  facet normal -0.471413 -0.881912 -0
    outer loop
      vertex 28.9445 95.4135 3.3
      vertex 28.6506 95.5706 0
      vertex 28.9445 95.4135 0
    endloop
  endfacet
  facet normal -0.290182 -0.956971 0
    outer loop
      vertex 28.3317 95.6673 0
      vertex 28.6506 95.5706 3.3
      vertex 28.3317 95.6673 3.3
    endloop
  endfacet
  facet normal -0.290182 -0.956971 -0
    outer loop
      vertex 28.6506 95.5706 3.3
      vertex 28.3317 95.6673 0
      vertex 28.6506 95.5706 0
    endloop
  endfacet
  facet normal 0.0981075 -0.995176 0
    outer loop
      vertex 27.6683 95.6673 0
      vertex 28 95.7 3.3
      vertex 27.6683 95.6673 3.3
    endloop
  endfacet
  facet normal 0.0981075 -0.995176 0
    outer loop
      vertex 28 95.7 3.3
      vertex 27.6683 95.6673 0
      vertex 28 95.7 0
    endloop
  endfacet
  facet normal 0.956997 -0.290099 0
    outer loop
      vertex 26.3327 94.3316 3.3
      vertex 26.4294 94.6506 0
      vertex 26.4294 94.6506 3.3
    endloop
  endfacet
  facet normal 0.956997 -0.290099 0
    outer loop
      vertex 26.4294 94.6506 0
      vertex 26.3327 94.3316 3.3
      vertex 26.3327 94.3316 0
    endloop
  endfacet
  facet normal 0.634381 -0.773021 0
    outer loop
      vertex 26.7979 95.2021 0
      vertex 27.0555 95.4135 3.3
      vertex 26.7979 95.2021 3.3
    endloop
  endfacet
  facet normal 0.634381 -0.773021 0
    outer loop
      vertex 27.0555 95.4135 3.3
      vertex 26.7979 95.2021 0
      vertex 27.0555 95.4135 0
    endloop
  endfacet
  facet normal -0.773021 -0.634381 0
    outer loop
      vertex 29.4135 94.9445 0
      vertex 29.2021 95.2021 3.3
      vertex 29.2021 95.2021 0
    endloop
  endfacet
  facet normal -0.773021 -0.634381 0
    outer loop
      vertex 29.2021 95.2021 3.3
      vertex 29.4135 94.9445 0
      vertex 29.4135 94.9445 3.3
    endloop
  endfacet
  facet normal 0.471413 -0.881912 0
    outer loop
      vertex 27.0555 95.4135 0
      vertex 27.3494 95.5706 3.3
      vertex 27.0555 95.4135 3.3
    endloop
  endfacet
  facet normal 0.471413 -0.881912 0
    outer loop
      vertex 27.3494 95.5706 3.3
      vertex 27.0555 95.4135 0
      vertex 27.3494 95.5706 0
    endloop
  endfacet
  facet normal -0.471413 0.881912 0
    outer loop
      vertex 28.9445 92.5865 0
      vertex 28.6506 92.4294 3.3
      vertex 28.9445 92.5865 3.3
    endloop
  endfacet
  facet normal -0.471413 0.881912 0
    outer loop
      vertex 28.6506 92.4294 3.3
      vertex 28.9445 92.5865 0
      vertex 28.6506 92.4294 0
    endloop
  endfacet
  facet normal -0.881912 0.471413 0
    outer loop
      vertex 29.4135 93.0555 0
      vertex 29.5706 93.3494 3.3
      vertex 29.5706 93.3494 0
    endloop
  endfacet
  facet normal -0.881912 0.471413 0
    outer loop
      vertex 29.5706 93.3494 3.3
      vertex 29.4135 93.0555 0
      vertex 29.4135 93.0555 3.3
    endloop
  endfacet
  facet normal -0.634381 -0.773021 0
    outer loop
      vertex 28.9445 95.4135 0
      vertex 29.2021 95.2021 3.3
      vertex 28.9445 95.4135 3.3
    endloop
  endfacet
  facet normal -0.634381 -0.773021 -0
    outer loop
      vertex 29.2021 95.2021 3.3
      vertex 28.9445 95.4135 0
      vertex 29.2021 95.2021 0
    endloop
  endfacet
  facet normal -0.634381 0.773021 0
    outer loop
      vertex 29.2021 92.7979 0
      vertex 28.9445 92.5865 3.3
      vertex 29.2021 92.7979 3.3
    endloop
  endfacet
  facet normal -0.634381 0.773021 0
    outer loop
      vertex 28.9445 92.5865 3.3
      vertex 29.2021 92.7979 0
      vertex 28.9445 92.5865 0
    endloop
  endfacet
  facet normal 0.290182 -0.956971 0
    outer loop
      vertex 27.3494 95.5706 0
      vertex 27.6683 95.6673 3.3
      vertex 27.3494 95.5706 3.3
    endloop
  endfacet
  facet normal 0.290182 -0.956971 0
    outer loop
      vertex 27.6683 95.6673 3.3
      vertex 27.3494 95.5706 0
      vertex 27.6683 95.6673 0
    endloop
  endfacet
  facet normal -0.0981075 0.995176 0
    outer loop
      vertex 28.3317 92.3327 0
      vertex 28 92.3 3.3
      vertex 28.3317 92.3327 3.3
    endloop
  endfacet
  facet normal -0.0981075 0.995176 0
    outer loop
      vertex 28 92.3 3.3
      vertex 28.3317 92.3327 0
      vertex 28 92.3 0
    endloop
  endfacet
  facet normal 0.956997 0.290099 0
    outer loop
      vertex 26.4294 93.3494 3.3
      vertex 26.3327 93.6684 0
      vertex 26.3327 93.6684 3.3
    endloop
  endfacet
  facet normal 0.956997 0.290099 0
    outer loop
      vertex 26.3327 93.6684 0
      vertex 26.4294 93.3494 3.3
      vertex 26.4294 93.3494 0
    endloop
  endfacet
  facet normal 0.773021 -0.634381 0
    outer loop
      vertex 26.5865 94.9445 3.3
      vertex 26.7979 95.2021 0
      vertex 26.7979 95.2021 3.3
    endloop
  endfacet
  facet normal 0.773021 -0.634381 0
    outer loop
      vertex 26.7979 95.2021 0
      vertex 26.5865 94.9445 3.3
      vertex 26.5865 94.9445 0
    endloop
  endfacet
  facet normal 0.773021 0.634381 0
    outer loop
      vertex 26.7979 92.7979 3.3
      vertex 26.5865 93.0555 0
      vertex 26.5865 93.0555 3.3
    endloop
  endfacet
  facet normal 0.773021 0.634381 0
    outer loop
      vertex 26.5865 93.0555 0
      vertex 26.7979 92.7979 3.3
      vertex 26.7979 92.7979 0
    endloop
  endfacet
  facet normal 0.634381 0.773021 -0
    outer loop
      vertex 27.0555 92.5865 0
      vertex 26.7979 92.7979 3.3
      vertex 27.0555 92.5865 3.3
    endloop
  endfacet
  facet normal 0.634381 0.773021 0
    outer loop
      vertex 26.7979 92.7979 3.3
      vertex 27.0555 92.5865 0
      vertex 26.7979 92.7979 0
    endloop
  endfacet
  facet normal 0.471413 0.881912 -0
    outer loop
      vertex 27.3494 92.4294 0
      vertex 27.0555 92.5865 3.3
      vertex 27.3494 92.4294 3.3
    endloop
  endfacet
  facet normal 0.471413 0.881912 0
    outer loop
      vertex 27.0555 92.5865 3.3
      vertex 27.3494 92.4294 0
      vertex 27.0555 92.5865 0
    endloop
  endfacet
  facet normal 0.881912 -0.471413 0
    outer loop
      vertex 26.4294 94.6506 3.3
      vertex 26.5865 94.9445 0
      vertex 26.5865 94.9445 3.3
    endloop
  endfacet
  facet normal 0.881912 -0.471413 0
    outer loop
      vertex 26.5865 94.9445 0
      vertex 26.4294 94.6506 3.3
      vertex 26.4294 94.6506 0
    endloop
  endfacet
  facet normal -0.290291 0.956939 0
    outer loop
      vertex 29.1863 91.136 3.3
      vertex 28.6048 90.9596 6.5
      vertex 29.1863 91.136 6.5
    endloop
  endfacet
  facet normal -0.290291 0.956939 0
    outer loop
      vertex 28.6048 90.9596 6.5
      vertex 29.1863 91.136 3.3
      vertex 28.6048 90.9596 3.3
    endloop
  endfacet
  facet normal -0.956939 -0.290291 0
    outer loop
      vertex 31.0404 94.6048 3.3
      vertex 30.864 95.1863 6.5
      vertex 30.864 95.1863 3.3
    endloop
  endfacet
  facet normal -0.956939 -0.290291 0
    outer loop
      vertex 30.864 95.1863 6.5
      vertex 31.0404 94.6048 3.3
      vertex 31.0404 94.6048 6.5
    endloop
  endfacet
  facet normal -0.99518 -0.0980699 0
    outer loop
      vertex 31.1 94 3.3
      vertex 31.0404 94.6048 6.5
      vertex 31.0404 94.6048 3.3
    endloop
  endfacet
  facet normal -0.99518 -0.0980699 0
    outer loop
      vertex 31.0404 94.6048 6.5
      vertex 31.1 94 3.3
      vertex 31.1 94 6.5
    endloop
  endfacet
  facet normal -0.881988 -0.471271 0
    outer loop
      vertex 30.864 95.1863 3.3
      vertex 30.5776 95.7223 6.5
      vertex 30.5776 95.7223 3.3
    endloop
  endfacet
  facet normal -0.881988 -0.471271 0
    outer loop
      vertex 30.5776 95.7223 6.5
      vertex 30.864 95.1863 3.3
      vertex 30.864 95.1863 6.5
    endloop
  endfacet
  facet normal -0.99518 0.0980699 0
    outer loop
      vertex 31.0404 93.3952 3.3
      vertex 31.1 94 6.5
      vertex 31.1 94 3.3
    endloop
  endfacet
  facet normal -0.99518 0.0980699 0
    outer loop
      vertex 31.1 94 6.5
      vertex 31.0404 93.3952 3.3
      vertex 31.0404 93.3952 6.5
    endloop
  endfacet
  facet normal 0.471271 0.881988 -0
    outer loop
      vertex 26.8137 91.136 3.3
      vertex 26.2777 91.4224 6.5
      vertex 26.8137 91.136 6.5
    endloop
  endfacet
  facet normal 0.471271 0.881988 0
    outer loop
      vertex 26.2777 91.4224 6.5
      vertex 26.8137 91.136 3.3
      vertex 26.2777 91.4224 3.3
    endloop
  endfacet
  facet normal -0.634518 -0.772908 0
    outer loop
      vertex 29.7223 96.5776 3.3
      vertex 30.192 96.192 6.5
      vertex 29.7223 96.5776 6.5
    endloop
  endfacet
  facet normal -0.634518 -0.772908 -0
    outer loop
      vertex 30.192 96.192 6.5
      vertex 29.7223 96.5776 3.3
      vertex 30.192 96.192 3.3
    endloop
  endfacet
  facet normal 0.0980699 -0.99518 0
    outer loop
      vertex 27.3952 97.0404 3.3
      vertex 28 97.1 6.5
      vertex 27.3952 97.0404 6.5
    endloop
  endfacet
  facet normal 0.0980699 -0.99518 0
    outer loop
      vertex 28 97.1 6.5
      vertex 27.3952 97.0404 3.3
      vertex 28 97.1 3.3
    endloop
  endfacet
  facet normal 0.881988 0.471271 0
    outer loop
      vertex 25.4224 92.2777 6.5
      vertex 25.136 92.8137 3.3
      vertex 25.136 92.8137 6.5
    endloop
  endfacet
  facet normal 0.881988 0.471271 0
    outer loop
      vertex 25.136 92.8137 3.3
      vertex 25.4224 92.2777 6.5
      vertex 25.4224 92.2777 3.3
    endloop
  endfacet
  facet normal 0 0 1
    outer loop
      vertex 29.7 94 3.3
      vertex 31.1 94 3.3
      vertex 31.0404 94.6048 3.3
    endloop
  endfacet
  facet normal 0 0 1
    outer loop
      vertex 29.6673 94.3316 3.3
      vertex 31.0404 94.6048 3.3
      vertex 30.864 95.1863 3.3
    endloop
  endfacet
  facet normal 0 0 1
    outer loop
      vertex 31.1 94 3.3
      vertex 29.7 94 3.3
      vertex 31.0404 93.3952 3.3
    endloop
  endfacet
  facet normal 0 0 1
    outer loop
      vertex 29.5706 94.6506 3.3
      vertex 30.864 95.1863 3.3
      vertex 30.5776 95.7223 3.3
    endloop
  endfacet
  facet normal -0 0 1
    outer loop
      vertex 29.6673 93.6684 3.3
      vertex 31.0404 93.3952 3.3
      vertex 29.7 94 3.3
    endloop
  endfacet
  facet normal 0 0 1
    outer loop
      vertex 29.4135 94.9445 3.3
      vertex 30.5776 95.7223 3.3
      vertex 30.192 96.192 3.3
    endloop
  endfacet
  facet normal 0 0 1
    outer loop
      vertex 31.0404 93.3952 3.3
      vertex 29.6673 93.6684 3.3
      vertex 30.864 92.8137 3.3
    endloop
  endfacet
  facet normal 0 0 1
    outer loop
      vertex 29.2021 95.2021 3.3
      vertex 30.192 96.192 3.3
      vertex 29.7223 96.5776 3.3
    endloop
  endfacet
  facet normal -0 0 1
    outer loop
      vertex 29.5706 93.3494 3.3
      vertex 30.864 92.8137 3.3
      vertex 29.6673 93.6684 3.3
    endloop
  endfacet
  facet normal 0 0 1
    outer loop
      vertex 30.864 92.8137 3.3
      vertex 29.5706 93.3494 3.3
      vertex 30.5776 92.2777 3.3
    endloop
  endfacet
  facet normal 0 0 1
    outer loop
      vertex 31.0404 94.6048 3.3
      vertex 29.6673 94.3316 3.3
      vertex 29.7 94 3.3
    endloop
  endfacet
  facet normal 0 0 1
    outer loop
      vertex 30.864 95.1863 3.3
      vertex 29.5706 94.6506 3.3
      vertex 29.6673 94.3316 3.3
    endloop
  endfacet
  facet normal 0 0 1
    outer loop
      vertex 30.5776 95.7223 3.3
      vertex 29.4135 94.9445 3.3
      vertex 29.5706 94.6506 3.3
    endloop
  endfacet
  facet normal 0 0 1
    outer loop
      vertex 30.192 96.192 3.3
      vertex 29.2021 95.2021 3.3
      vertex 29.4135 94.9445 3.3
    endloop
  endfacet
  facet normal 0 0 1
    outer loop
      vertex 28.9445 95.4135 3.3
      vertex 29.7223 96.5776 3.3
      vertex 29.1863 96.864 3.3
    endloop
  endfacet
  facet normal 0 0 1
    outer loop
      vertex 29.7223 96.5776 3.3
      vertex 28.9445 95.4135 3.3
      vertex 29.2021 95.2021 3.3
    endloop
  endfacet
  facet normal 0 0 1
    outer loop
      vertex 29.1863 96.864 3.3
      vertex 28.6506 95.5706 3.3
      vertex 28.9445 95.4135 3.3
    endloop
  endfacet
  facet normal 0 0 1
    outer loop
      vertex 28.6048 97.0404 3.3
      vertex 28.6506 95.5706 3.3
      vertex 29.1863 96.864 3.3
    endloop
  endfacet
  facet normal 0 0 1
    outer loop
      vertex 28.6048 97.0404 3.3
      vertex 28.3317 95.6673 3.3
      vertex 28.6506 95.5706 3.3
    endloop
  endfacet
  facet normal 0 0 1
    outer loop
      vertex 28 97.1 3.3
      vertex 28.3317 95.6673 3.3
      vertex 28.6048 97.0404 3.3
    endloop
  endfacet
  facet normal 0 0 1
    outer loop
      vertex 28 97.1 3.3
      vertex 28 95.7 3.3
      vertex 28.3317 95.6673 3.3
    endloop
  endfacet
  facet normal 0 0 1
    outer loop
      vertex 28 97.1 3.3
      vertex 27.6683 95.6673 3.3
      vertex 28 95.7 3.3
    endloop
  endfacet
  facet normal -0 0 1
    outer loop
      vertex 27.3952 97.0404 3.3
      vertex 27.6683 95.6673 3.3
      vertex 28 97.1 3.3
    endloop
  endfacet
  facet normal 0 0 1
    outer loop
      vertex 27.3952 97.0404 3.3
      vertex 27.3494 95.5706 3.3
      vertex 27.6683 95.6673 3.3
    endloop
  endfacet
  facet normal -0 0 1
    outer loop
      vertex 26.8137 96.864 3.3
      vertex 27.3494 95.5706 3.3
      vertex 27.3952 97.0404 3.3
    endloop
  endfacet
  facet normal 0 0 1
    outer loop
      vertex 27.3494 95.5706 3.3
      vertex 26.8137 96.864 3.3
      vertex 27.0555 95.4135 3.3
    endloop
  endfacet
  facet normal -0 0 1
    outer loop
      vertex 26.2777 96.5776 3.3
      vertex 27.0555 95.4135 3.3
      vertex 26.8137 96.864 3.3
    endloop
  endfacet
  facet normal 0 0 1
    outer loop
      vertex 27.0555 95.4135 3.3
      vertex 26.2777 96.5776 3.3
      vertex 26.7979 95.2021 3.3
    endloop
  endfacet
  facet normal -0 0 1
    outer loop
      vertex 25.808 96.192 3.3
      vertex 26.7979 95.2021 3.3
      vertex 26.2777 96.5776 3.3
    endloop
  endfacet
  facet normal 0 0 1
    outer loop
      vertex 26.7979 95.2021 3.3
      vertex 25.808 96.192 3.3
      vertex 26.5865 94.9445 3.3
    endloop
  endfacet
  facet normal 0 0 1
    outer loop
      vertex 26.5865 94.9445 3.3
      vertex 25.4224 95.7223 3.3
      vertex 26.4294 94.6506 3.3
    endloop
  endfacet
  facet normal -0 0 1
    outer loop
      vertex 25.4224 95.7223 3.3
      vertex 26.5865 94.9445 3.3
      vertex 25.808 96.192 3.3
    endloop
  endfacet
  facet normal -0 0 1
    outer loop
      vertex 29.4135 93.0555 3.3
      vertex 30.5776 92.2777 3.3
      vertex 29.5706 93.3494 3.3
    endloop
  endfacet
  facet normal 0 0 1
    outer loop
      vertex 30.5776 92.2777 3.3
      vertex 29.4135 93.0555 3.3
      vertex 30.192 91.808 3.3
    endloop
  endfacet
  facet normal -0 0 1
    outer loop
      vertex 29.2021 92.7979 3.3
      vertex 30.192 91.808 3.3
      vertex 29.4135 93.0555 3.3
    endloop
  endfacet
  facet normal 0 0 1
    outer loop
      vertex 30.192 91.808 3.3
      vertex 29.2021 92.7979 3.3
      vertex 29.7223 91.4224 3.3
    endloop
  endfacet
  facet normal -0 0 1
    outer loop
      vertex 28.9445 92.5865 3.3
      vertex 29.7223 91.4224 3.3
      vertex 29.2021 92.7979 3.3
    endloop
  endfacet
  facet normal 0 0 1
    outer loop
      vertex 29.7223 91.4224 3.3
      vertex 28.9445 92.5865 3.3
      vertex 29.1863 91.136 3.3
    endloop
  endfacet
  facet normal -0 0 1
    outer loop
      vertex 28.6506 92.4294 3.3
      vertex 29.1863 91.136 3.3
      vertex 28.9445 92.5865 3.3
    endloop
  endfacet
  facet normal 0 0 1
    outer loop
      vertex 28.6506 92.4294 3.3
      vertex 28.6048 90.9596 3.3
      vertex 29.1863 91.136 3.3
    endloop
  endfacet
  facet normal -0 0 1
    outer loop
      vertex 28.3317 92.3327 3.3
      vertex 28.6048 90.9596 3.3
      vertex 28.6506 92.4294 3.3
    endloop
  endfacet
  facet normal -0 0 1
    outer loop
      vertex 28 92.3 3.3
      vertex 28.6048 90.9596 3.3
      vertex 28.3317 92.3327 3.3
    endloop
  endfacet
  facet normal 0 0 1
    outer loop
      vertex 28 92.3 3.3
      vertex 28 90.9 3.3
      vertex 28.6048 90.9596 3.3
    endloop
  endfacet
  facet normal 0 0 1
    outer loop
      vertex 27.6683 92.3327 3.3
      vertex 28 90.9 3.3
      vertex 28 92.3 3.3
    endloop
  endfacet
  facet normal 0 0 1
    outer loop
      vertex 27.6683 92.3327 3.3
      vertex 27.3952 90.9596 3.3
      vertex 28 90.9 3.3
    endloop
  endfacet
  facet normal 0 0 1
    outer loop
      vertex 27.3494 92.4294 3.3
      vertex 27.3952 90.9596 3.3
      vertex 27.6683 92.3327 3.3
    endloop
  endfacet
  facet normal 0 0 1
    outer loop
      vertex 26.8137 91.136 3.3
      vertex 27.3494 92.4294 3.3
      vertex 27.0555 92.5865 3.3
    endloop
  endfacet
  facet normal 0 0 1
    outer loop
      vertex 27.3494 92.4294 3.3
      vertex 26.8137 91.136 3.3
      vertex 27.3952 90.9596 3.3
    endloop
  endfacet
  facet normal 0 0 1
    outer loop
      vertex 26.2777 91.4224 3.3
      vertex 27.0555 92.5865 3.3
      vertex 26.7979 92.7979 3.3
    endloop
  endfacet
  facet normal 0 0 1
    outer loop
      vertex 25.808 91.808 3.3
      vertex 26.7979 92.7979 3.3
      vertex 26.5865 93.0555 3.3
    endloop
  endfacet
  facet normal 0 0 1
    outer loop
      vertex 25.4224 92.2777 3.3
      vertex 26.5865 93.0555 3.3
      vertex 26.4294 93.3494 3.3
    endloop
  endfacet
  facet normal 0 0 1
    outer loop
      vertex 25.136 92.8137 3.3
      vertex 26.4294 93.3494 3.3
      vertex 26.3327 93.6684 3.3
    endloop
  endfacet
  facet normal 0 0 1
    outer loop
      vertex 27.0555 92.5865 3.3
      vertex 26.2777 91.4224 3.3
      vertex 26.8137 91.136 3.3
    endloop
  endfacet
  facet normal 0 0 1
    outer loop
      vertex 24.9596 93.3952 3.3
      vertex 26.3327 93.6684 3.3
      vertex 26.3 94 3.3
    endloop
  endfacet
  facet normal -0 0 1
    outer loop
      vertex 25.136 95.1863 3.3
      vertex 26.4294 94.6506 3.3
      vertex 25.4224 95.7223 3.3
    endloop
  endfacet
  facet normal 0 0 1
    outer loop
      vertex 26.4294 94.6506 3.3
      vertex 25.136 95.1863 3.3
      vertex 26.3327 94.3316 3.3
    endloop
  endfacet
  facet normal 0 0 1
    outer loop
      vertex 26.7979 92.7979 3.3
      vertex 25.808 91.808 3.3
      vertex 26.2777 91.4224 3.3
    endloop
  endfacet
  facet normal -0 0 1
    outer loop
      vertex 24.9596 94.6048 3.3
      vertex 26.3327 94.3316 3.3
      vertex 25.136 95.1863 3.3
    endloop
  endfacet
  facet normal 0 0 1
    outer loop
      vertex 26.5865 93.0555 3.3
      vertex 25.4224 92.2777 3.3
      vertex 25.808 91.808 3.3
    endloop
  endfacet
  facet normal 0 0 1
    outer loop
      vertex 26.3327 94.3316 3.3
      vertex 24.9596 94.6048 3.3
      vertex 26.3 94 3.3
    endloop
  endfacet
  facet normal 0 0 1
    outer loop
      vertex 26.4294 93.3494 3.3
      vertex 25.136 92.8137 3.3
      vertex 25.4224 92.2777 3.3
    endloop
  endfacet
  facet normal 0 0 1
    outer loop
      vertex 24.9 94 3.3
      vertex 26.3 94 3.3
      vertex 24.9596 94.6048 3.3
    endloop
  endfacet
  facet normal 0 0 1
    outer loop
      vertex 26.3327 93.6684 3.3
      vertex 24.9596 93.3952 3.3
      vertex 25.136 92.8137 3.3
    endloop
  endfacet
  facet normal 0 0 1
    outer loop
      vertex 26.3 94 3.3
      vertex 24.9 94 3.3
      vertex 24.9596 93.3952 3.3
    endloop
  endfacet
  facet normal -0.0980699 0.99518 0
    outer loop
      vertex 28.6048 90.9596 3.3
      vertex 28 90.9 6.5
      vertex 28.6048 90.9596 6.5
    endloop
  endfacet
  facet normal -0.0980699 0.99518 0
    outer loop
      vertex 28 90.9 6.5
      vertex 28.6048 90.9596 3.3
      vertex 28 90.9 3.3
    endloop
  endfacet
  facet normal -0.956939 0.290291 0
    outer loop
      vertex 30.864 92.8137 3.3
      vertex 31.0404 93.3952 6.5
      vertex 31.0404 93.3952 3.3
    endloop
  endfacet
  facet normal -0.956939 0.290291 0
    outer loop
      vertex 31.0404 93.3952 6.5
      vertex 30.864 92.8137 3.3
      vertex 30.864 92.8137 6.5
    endloop
  endfacet
  facet normal -0.772908 0.634518 0
    outer loop
      vertex 30.192 91.808 3.3
      vertex 30.5776 92.2777 6.5
      vertex 30.5776 92.2777 3.3
    endloop
  endfacet
  facet normal -0.772908 0.634518 0
    outer loop
      vertex 30.5776 92.2777 6.5
      vertex 30.192 91.808 3.3
      vertex 30.192 91.808 6.5
    endloop
  endfacet
  facet normal 0.634518 -0.772908 0
    outer loop
      vertex 25.808 96.192 3.3
      vertex 26.2777 96.5776 6.5
      vertex 25.808 96.192 6.5
    endloop
  endfacet
  facet normal 0.634518 -0.772908 0
    outer loop
      vertex 26.2777 96.5776 6.5
      vertex 25.808 96.192 3.3
      vertex 26.2777 96.5776 3.3
    endloop
  endfacet
  facet normal 0.0980699 0.99518 -0
    outer loop
      vertex 28 90.9 3.3
      vertex 27.3952 90.9596 6.5
      vertex 28 90.9 6.5
    endloop
  endfacet
  facet normal 0.0980699 0.99518 0
    outer loop
      vertex 27.3952 90.9596 6.5
      vertex 28 90.9 3.3
      vertex 27.3952 90.9596 3.3
    endloop
  endfacet
  facet normal -0.881988 0.471271 0
    outer loop
      vertex 30.5776 92.2777 3.3
      vertex 30.864 92.8137 6.5
      vertex 30.864 92.8137 3.3
    endloop
  endfacet
  facet normal -0.881988 0.471271 0
    outer loop
      vertex 30.864 92.8137 6.5
      vertex 30.5776 92.2777 3.3
      vertex 30.5776 92.2777 6.5
    endloop
  endfacet
  facet normal -0.471271 0.881988 0
    outer loop
      vertex 29.7223 91.4224 3.3
      vertex 29.1863 91.136 6.5
      vertex 29.7223 91.4224 6.5
    endloop
  endfacet
  facet normal -0.471271 0.881988 0
    outer loop
      vertex 29.1863 91.136 6.5
      vertex 29.7223 91.4224 3.3
      vertex 29.1863 91.136 3.3
    endloop
  endfacet
  facet normal 0.956939 0.290291 0
    outer loop
      vertex 25.136 92.8137 6.5
      vertex 24.9596 93.3952 3.3
      vertex 24.9596 93.3952 6.5
    endloop
  endfacet
  facet normal 0.956939 0.290291 0
    outer loop
      vertex 24.9596 93.3952 3.3
      vertex 25.136 92.8137 6.5
      vertex 25.136 92.8137 3.3
    endloop
  endfacet
  facet normal 0.772908 -0.634518 0
    outer loop
      vertex 25.4224 95.7223 6.5
      vertex 25.808 96.192 3.3
      vertex 25.808 96.192 6.5
    endloop
  endfacet
  facet normal 0.772908 -0.634518 0
    outer loop
      vertex 25.808 96.192 3.3
      vertex 25.4224 95.7223 6.5
      vertex 25.4224 95.7223 3.3
    endloop
  endfacet
  facet normal -0.772908 -0.634518 0
    outer loop
      vertex 30.5776 95.7223 3.3
      vertex 30.192 96.192 6.5
      vertex 30.192 96.192 3.3
    endloop
  endfacet
  facet normal -0.772908 -0.634518 0
    outer loop
      vertex 30.192 96.192 6.5
      vertex 30.5776 95.7223 3.3
      vertex 30.5776 95.7223 6.5
    endloop
  endfacet
  facet normal 0.471271 -0.881988 0
    outer loop
      vertex 26.2777 96.5776 3.3
      vertex 26.8137 96.864 6.5
      vertex 26.2777 96.5776 6.5
    endloop
  endfacet
  facet normal 0.471271 -0.881988 0
    outer loop
      vertex 26.8137 96.864 6.5
      vertex 26.2777 96.5776 3.3
      vertex 26.8137 96.864 3.3
    endloop
  endfacet
  facet normal 0.290291 -0.956939 0
    outer loop
      vertex 26.8137 96.864 3.3
      vertex 27.3952 97.0404 6.5
      vertex 26.8137 96.864 6.5
    endloop
  endfacet
  facet normal 0.290291 -0.956939 0
    outer loop
      vertex 27.3952 97.0404 6.5
      vertex 26.8137 96.864 3.3
      vertex 27.3952 97.0404 3.3
    endloop
  endfacet
  facet normal 0.290291 0.956939 -0
    outer loop
      vertex 27.3952 90.9596 3.3
      vertex 26.8137 91.136 6.5
      vertex 27.3952 90.9596 6.5
    endloop
  endfacet
  facet normal 0.290291 0.956939 0
    outer loop
      vertex 26.8137 91.136 6.5
      vertex 27.3952 90.9596 3.3
      vertex 26.8137 91.136 3.3
    endloop
  endfacet
  facet normal -0.290291 -0.956939 0
    outer loop
      vertex 28.6048 97.0404 3.3
      vertex 29.1863 96.864 6.5
      vertex 28.6048 97.0404 6.5
    endloop
  endfacet
  facet normal -0.290291 -0.956939 -0
    outer loop
      vertex 29.1863 96.864 6.5
      vertex 28.6048 97.0404 3.3
      vertex 29.1863 96.864 3.3
    endloop
  endfacet
  facet normal -0.634518 0.772908 0
    outer loop
      vertex 30.192 91.808 3.3
      vertex 29.7223 91.4224 6.5
      vertex 30.192 91.808 6.5
    endloop
  endfacet
  facet normal -0.634518 0.772908 0
    outer loop
      vertex 29.7223 91.4224 6.5
      vertex 30.192 91.808 3.3
      vertex 29.7223 91.4224 3.3
    endloop
  endfacet
  facet normal 0.99518 -0.0980699 0
    outer loop
      vertex 24.9 94 6.5
      vertex 24.9596 94.6048 3.3
      vertex 24.9596 94.6048 6.5
    endloop
  endfacet
  facet normal 0.99518 -0.0980699 0
    outer loop
      vertex 24.9596 94.6048 3.3
      vertex 24.9 94 6.5
      vertex 24.9 94 3.3
    endloop
  endfacet
  facet normal -0.0980699 -0.99518 0
    outer loop
      vertex 28 97.1 3.3
      vertex 28.6048 97.0404 6.5
      vertex 28 97.1 6.5
    endloop
  endfacet
  facet normal -0.0980699 -0.99518 -0
    outer loop
      vertex 28.6048 97.0404 6.5
      vertex 28 97.1 3.3
      vertex 28.6048 97.0404 3.3
    endloop
  endfacet
  facet normal -0.471271 -0.881988 0
    outer loop
      vertex 29.1863 96.864 3.3
      vertex 29.7223 96.5776 6.5
      vertex 29.1863 96.864 6.5
    endloop
  endfacet
  facet normal -0.471271 -0.881988 -0
    outer loop
      vertex 29.7223 96.5776 6.5
      vertex 29.1863 96.864 3.3
      vertex 29.7223 96.5776 3.3
    endloop
  endfacet
  facet normal 0.772908 0.634518 0
    outer loop
      vertex 25.808 91.808 6.5
      vertex 25.4224 92.2777 3.3
      vertex 25.4224 92.2777 6.5
    endloop
  endfacet
  facet normal 0.772908 0.634518 0
    outer loop
      vertex 25.4224 92.2777 3.3
      vertex 25.808 91.808 6.5
      vertex 25.808 91.808 3.3
    endloop
  endfacet
  facet normal 0.634518 0.772908 -0
    outer loop
      vertex 26.2777 91.4224 3.3
      vertex 25.808 91.808 6.5
      vertex 26.2777 91.4224 6.5
    endloop
  endfacet
  facet normal 0.634518 0.772908 0
    outer loop
      vertex 25.808 91.808 6.5
      vertex 26.2777 91.4224 3.3
      vertex 25.808 91.808 3.3
    endloop
  endfacet
  facet normal 0.956939 -0.290291 0
    outer loop
      vertex 24.9596 94.6048 6.5
      vertex 25.136 95.1863 3.3
      vertex 25.136 95.1863 6.5
    endloop
  endfacet
  facet normal 0.956939 -0.290291 0
    outer loop
      vertex 25.136 95.1863 3.3
      vertex 24.9596 94.6048 6.5
      vertex 24.9596 94.6048 3.3
    endloop
  endfacet
  facet normal 0.881988 -0.471271 0
    outer loop
      vertex 25.136 95.1863 6.5
      vertex 25.4224 95.7223 3.3
      vertex 25.4224 95.7223 6.5
    endloop
  endfacet
  facet normal 0.881988 -0.471271 0
    outer loop
      vertex 25.4224 95.7223 3.3
      vertex 25.136 95.1863 6.5
      vertex 25.136 95.1863 3.3
    endloop
  endfacet
  facet normal 0.99518 0.0980699 0
    outer loop
      vertex 24.9596 93.3952 6.5
      vertex 24.9 94 3.3
      vertex 24.9 94 6.5
    endloop
  endfacet
  facet normal 0.99518 0.0980699 0
    outer loop
      vertex 24.9 94 3.3
      vertex 24.9596 93.3952 6.5
      vertex 24.9596 93.3952 3.3
    endloop
  endfacet
  facet normal 0.0981075 0.995176 -0
    outer loop
      vertex 64 92.3 0
      vertex 63.6683 92.3327 3.3
      vertex 64 92.3 3.3
    endloop
  endfacet
  facet normal 0.0981075 0.995176 0
    outer loop
      vertex 63.6683 92.3327 3.3
      vertex 64 92.3 0
      vertex 63.6683 92.3327 0
    endloop
  endfacet
  facet normal -0.773021 0.634381 0
    outer loop
      vertex 65.2021 92.7979 0
      vertex 65.4135 93.0555 3.3
      vertex 65.4135 93.0555 0
    endloop
  endfacet
  facet normal -0.773021 0.634381 0
    outer loop
      vertex 65.4135 93.0555 3.3
      vertex 65.2021 92.7979 0
      vertex 65.2021 92.7979 3.3
    endloop
  endfacet
  facet normal -0.956997 -0.290099 0
    outer loop
      vertex 65.6673 94.3316 0
      vertex 65.5706 94.6506 3.3
      vertex 65.5706 94.6506 0
    endloop
  endfacet
  facet normal -0.956997 -0.290099 0
    outer loop
      vertex 65.5706 94.6506 3.3
      vertex 65.6673 94.3316 0
      vertex 65.6673 94.3316 3.3
    endloop
  endfacet
  facet normal -0.995173 -0.0981368 0
    outer loop
      vertex 65.7 94 0
      vertex 65.6673 94.3316 3.3
      vertex 65.6673 94.3316 0
    endloop
  endfacet
  facet normal -0.995173 -0.0981368 0
    outer loop
      vertex 65.6673 94.3316 3.3
      vertex 65.7 94 0
      vertex 65.7 94 3.3
    endloop
  endfacet
  facet normal -0.881912 -0.471413 0
    outer loop
      vertex 65.5706 94.6506 0
      vertex 65.4135 94.9445 3.3
      vertex 65.4135 94.9445 0
    endloop
  endfacet
  facet normal -0.881912 -0.471413 0
    outer loop
      vertex 65.4135 94.9445 3.3
      vertex 65.5706 94.6506 0
      vertex 65.5706 94.6506 3.3
    endloop
  endfacet
  facet normal 0.881912 0.471413 0
    outer loop
      vertex 62.5865 93.0555 3.3
      vertex 62.4294 93.3494 0
      vertex 62.4294 93.3494 3.3
    endloop
  endfacet
  facet normal 0.881912 0.471413 0
    outer loop
      vertex 62.4294 93.3494 0
      vertex 62.5865 93.0555 3.3
      vertex 62.5865 93.0555 0
    endloop
  endfacet
  facet normal -0.995173 0.0981368 0
    outer loop
      vertex 65.6673 93.6684 0
      vertex 65.7 94 3.3
      vertex 65.7 94 0
    endloop
  endfacet
  facet normal -0.995173 0.0981368 0
    outer loop
      vertex 65.7 94 3.3
      vertex 65.6673 93.6684 0
      vertex 65.6673 93.6684 3.3
    endloop
  endfacet
  facet normal -0.290099 0.956997 0
    outer loop
      vertex 64.6506 92.4294 0
      vertex 64.3316 92.3327 3.3
      vertex 64.6506 92.4294 3.3
    endloop
  endfacet
  facet normal -0.290099 0.956997 0
    outer loop
      vertex 64.3316 92.3327 3.3
      vertex 64.6506 92.4294 0
      vertex 64.3316 92.3327 0
    endloop
  endfacet
  facet normal 0.995173 0.0981368 0
    outer loop
      vertex 62.3327 93.6684 3.3
      vertex 62.3 94 0
      vertex 62.3 94 3.3
    endloop
  endfacet
  facet normal 0.995173 0.0981368 0
    outer loop
      vertex 62.3 94 0
      vertex 62.3327 93.6684 3.3
      vertex 62.3327 93.6684 0
    endloop
  endfacet
  facet normal -0.0981368 -0.995173 0
    outer loop
      vertex 64 95.7 0
      vertex 64.3316 95.6673 3.3
      vertex 64 95.7 3.3
    endloop
  endfacet
  facet normal -0.0981368 -0.995173 -0
    outer loop
      vertex 64.3316 95.6673 3.3
      vertex 64 95.7 0
      vertex 64.3316 95.6673 0
    endloop
  endfacet
  facet normal -0.956997 0.290099 0
    outer loop
      vertex 65.5706 93.3494 0
      vertex 65.6673 93.6684 3.3
      vertex 65.6673 93.6684 0
    endloop
  endfacet
  facet normal -0.956997 0.290099 0
    outer loop
      vertex 65.6673 93.6684 3.3
      vertex 65.5706 93.3494 0
      vertex 65.5706 93.3494 3.3
    endloop
  endfacet
  facet normal 0.290182 0.956971 -0
    outer loop
      vertex 63.6683 92.3327 0
      vertex 63.3494 92.4294 3.3
      vertex 63.6683 92.3327 3.3
    endloop
  endfacet
  facet normal 0.290182 0.956971 0
    outer loop
      vertex 63.3494 92.4294 3.3
      vertex 63.6683 92.3327 0
      vertex 63.3494 92.4294 0
    endloop
  endfacet
  facet normal 0.995173 -0.0981368 0
    outer loop
      vertex 62.3 94 3.3
      vertex 62.3327 94.3316 0
      vertex 62.3327 94.3316 3.3
    endloop
  endfacet
  facet normal 0.995173 -0.0981368 0
    outer loop
      vertex 62.3327 94.3316 0
      vertex 62.3 94 3.3
      vertex 62.3 94 0
    endloop
  endfacet
  facet normal -0.471413 -0.881912 0
    outer loop
      vertex 64.6506 95.5706 0
      vertex 64.9445 95.4135 3.3
      vertex 64.6506 95.5706 3.3
    endloop
  endfacet
  facet normal -0.471413 -0.881912 -0
    outer loop
      vertex 64.9445 95.4135 3.3
      vertex 64.6506 95.5706 0
      vertex 64.9445 95.4135 0
    endloop
  endfacet
  facet normal -0.290099 -0.956997 0
    outer loop
      vertex 64.3316 95.6673 0
      vertex 64.6506 95.5706 3.3
      vertex 64.3316 95.6673 3.3
    endloop
  endfacet
  facet normal -0.290099 -0.956997 -0
    outer loop
      vertex 64.6506 95.5706 3.3
      vertex 64.3316 95.6673 0
      vertex 64.6506 95.5706 0
    endloop
  endfacet
  facet normal 0.0981075 -0.995176 0
    outer loop
      vertex 63.6683 95.6673 0
      vertex 64 95.7 3.3
      vertex 63.6683 95.6673 3.3
    endloop
  endfacet
  facet normal 0.0981075 -0.995176 0
    outer loop
      vertex 64 95.7 3.3
      vertex 63.6683 95.6673 0
      vertex 64 95.7 0
    endloop
  endfacet
  facet normal 0.956997 -0.290099 0
    outer loop
      vertex 62.3327 94.3316 3.3
      vertex 62.4294 94.6506 0
      vertex 62.4294 94.6506 3.3
    endloop
  endfacet
  facet normal 0.956997 -0.290099 0
    outer loop
      vertex 62.4294 94.6506 0
      vertex 62.3327 94.3316 3.3
      vertex 62.3327 94.3316 0
    endloop
  endfacet
  facet normal 0.634381 -0.773021 0
    outer loop
      vertex 62.7979 95.2021 0
      vertex 63.0555 95.4135 3.3
      vertex 62.7979 95.2021 3.3
    endloop
  endfacet
  facet normal 0.634381 -0.773021 0
    outer loop
      vertex 63.0555 95.4135 3.3
      vertex 62.7979 95.2021 0
      vertex 63.0555 95.4135 0
    endloop
  endfacet
  facet normal -0.773021 -0.634381 0
    outer loop
      vertex 65.4135 94.9445 0
      vertex 65.2021 95.2021 3.3
      vertex 65.2021 95.2021 0
    endloop
  endfacet
  facet normal -0.773021 -0.634381 0
    outer loop
      vertex 65.2021 95.2021 3.3
      vertex 65.4135 94.9445 0
      vertex 65.4135 94.9445 3.3
    endloop
  endfacet
  facet normal 0.471413 -0.881912 0
    outer loop
      vertex 63.0555 95.4135 0
      vertex 63.3494 95.5706 3.3
      vertex 63.0555 95.4135 3.3
    endloop
  endfacet
  facet normal 0.471413 -0.881912 0
    outer loop
      vertex 63.3494 95.5706 3.3
      vertex 63.0555 95.4135 0
      vertex 63.3494 95.5706 0
    endloop
  endfacet
  facet normal -0.471413 0.881912 0
    outer loop
      vertex 64.9445 92.5865 0
      vertex 64.6506 92.4294 3.3
      vertex 64.9445 92.5865 3.3
    endloop
  endfacet
  facet normal -0.471413 0.881912 0
    outer loop
      vertex 64.6506 92.4294 3.3
      vertex 64.9445 92.5865 0
      vertex 64.6506 92.4294 0
    endloop
  endfacet
  facet normal -0.881912 0.471413 0
    outer loop
      vertex 65.4135 93.0555 0
      vertex 65.5706 93.3494 3.3
      vertex 65.5706 93.3494 0
    endloop
  endfacet
  facet normal -0.881912 0.471413 0
    outer loop
      vertex 65.5706 93.3494 3.3
      vertex 65.4135 93.0555 0
      vertex 65.4135 93.0555 3.3
    endloop
  endfacet
  facet normal -0.634381 -0.773021 0
    outer loop
      vertex 64.9445 95.4135 0
      vertex 65.2021 95.2021 3.3
      vertex 64.9445 95.4135 3.3
    endloop
  endfacet
  facet normal -0.634381 -0.773021 -0
    outer loop
      vertex 65.2021 95.2021 3.3
      vertex 64.9445 95.4135 0
      vertex 65.2021 95.2021 0
    endloop
  endfacet
  facet normal -0.634381 0.773021 0
    outer loop
      vertex 65.2021 92.7979 0
      vertex 64.9445 92.5865 3.3
      vertex 65.2021 92.7979 3.3
    endloop
  endfacet
  facet normal -0.634381 0.773021 0
    outer loop
      vertex 64.9445 92.5865 3.3
      vertex 65.2021 92.7979 0
      vertex 64.9445 92.5865 0
    endloop
  endfacet
  facet normal 0.290182 -0.956971 0
    outer loop
      vertex 63.3494 95.5706 0
      vertex 63.6683 95.6673 3.3
      vertex 63.3494 95.5706 3.3
    endloop
  endfacet
  facet normal 0.290182 -0.956971 0
    outer loop
      vertex 63.6683 95.6673 3.3
      vertex 63.3494 95.5706 0
      vertex 63.6683 95.6673 0
    endloop
  endfacet
  facet normal -0.0981368 0.995173 0
    outer loop
      vertex 64.3316 92.3327 0
      vertex 64 92.3 3.3
      vertex 64.3316 92.3327 3.3
    endloop
  endfacet
  facet normal -0.0981368 0.995173 0
    outer loop
      vertex 64 92.3 3.3
      vertex 64.3316 92.3327 0
      vertex 64 92.3 0
    endloop
  endfacet
  facet normal 0.956997 0.290099 0
    outer loop
      vertex 62.4294 93.3494 3.3
      vertex 62.3327 93.6684 0
      vertex 62.3327 93.6684 3.3
    endloop
  endfacet
  facet normal 0.956997 0.290099 0
    outer loop
      vertex 62.3327 93.6684 0
      vertex 62.4294 93.3494 3.3
      vertex 62.4294 93.3494 0
    endloop
  endfacet
  facet normal 0.773021 -0.634381 0
    outer loop
      vertex 62.5865 94.9445 3.3
      vertex 62.7979 95.2021 0
      vertex 62.7979 95.2021 3.3
    endloop
  endfacet
  facet normal 0.773021 -0.634381 0
    outer loop
      vertex 62.7979 95.2021 0
      vertex 62.5865 94.9445 3.3
      vertex 62.5865 94.9445 0
    endloop
  endfacet
  facet normal 0.773021 0.634381 0
    outer loop
      vertex 62.7979 92.7979 3.3
      vertex 62.5865 93.0555 0
      vertex 62.5865 93.0555 3.3
    endloop
  endfacet
  facet normal 0.773021 0.634381 0
    outer loop
      vertex 62.5865 93.0555 0
      vertex 62.7979 92.7979 3.3
      vertex 62.7979 92.7979 0
    endloop
  endfacet
  facet normal 0.634381 0.773021 -0
    outer loop
      vertex 63.0555 92.5865 0
      vertex 62.7979 92.7979 3.3
      vertex 63.0555 92.5865 3.3
    endloop
  endfacet
  facet normal 0.634381 0.773021 0
    outer loop
      vertex 62.7979 92.7979 3.3
      vertex 63.0555 92.5865 0
      vertex 62.7979 92.7979 0
    endloop
  endfacet
  facet normal 0.471413 0.881912 -0
    outer loop
      vertex 63.3494 92.4294 0
      vertex 63.0555 92.5865 3.3
      vertex 63.3494 92.4294 3.3
    endloop
  endfacet
  facet normal 0.471413 0.881912 0
    outer loop
      vertex 63.0555 92.5865 3.3
      vertex 63.3494 92.4294 0
      vertex 63.0555 92.5865 0
    endloop
  endfacet
  facet normal 0.881912 -0.471413 0
    outer loop
      vertex 62.4294 94.6506 3.3
      vertex 62.5865 94.9445 0
      vertex 62.5865 94.9445 3.3
    endloop
  endfacet
  facet normal 0.881912 -0.471413 0
    outer loop
      vertex 62.5865 94.9445 0
      vertex 62.4294 94.6506 3.3
      vertex 62.4294 94.6506 0
    endloop
  endfacet
  facet normal -0.290291 0.956939 0
    outer loop
      vertex 65.1863 91.136 3.3
      vertex 64.6048 90.9596 6.5
      vertex 65.1863 91.136 6.5
    endloop
  endfacet
  facet normal -0.290291 0.956939 0
    outer loop
      vertex 64.6048 90.9596 6.5
      vertex 65.1863 91.136 3.3
      vertex 64.6048 90.9596 3.3
    endloop
  endfacet
  facet normal -0.956939 -0.290291 0
    outer loop
      vertex 67.0404 94.6048 3.3
      vertex 66.864 95.1863 6.5
      vertex 66.864 95.1863 3.3
    endloop
  endfacet
  facet normal -0.956939 -0.290291 0
    outer loop
      vertex 66.864 95.1863 6.5
      vertex 67.0404 94.6048 3.3
      vertex 67.0404 94.6048 6.5
    endloop
  endfacet
  facet normal -0.99518 -0.0980699 0
    outer loop
      vertex 67.1 94 3.3
      vertex 67.0404 94.6048 6.5
      vertex 67.0404 94.6048 3.3
    endloop
  endfacet
  facet normal -0.99518 -0.0980699 0
    outer loop
      vertex 67.0404 94.6048 6.5
      vertex 67.1 94 3.3
      vertex 67.1 94 6.5
    endloop
  endfacet
  facet normal -0.881988 -0.471271 0
    outer loop
      vertex 66.864 95.1863 3.3
      vertex 66.5776 95.7223 6.5
      vertex 66.5776 95.7223 3.3
    endloop
  endfacet
  facet normal -0.881988 -0.471271 0
    outer loop
      vertex 66.5776 95.7223 6.5
      vertex 66.864 95.1863 3.3
      vertex 66.864 95.1863 6.5
    endloop
  endfacet
  facet normal -0.99518 0.0980699 0
    outer loop
      vertex 67.0404 93.3952 3.3
      vertex 67.1 94 6.5
      vertex 67.1 94 3.3
    endloop
  endfacet
  facet normal -0.99518 0.0980699 0
    outer loop
      vertex 67.1 94 6.5
      vertex 67.0404 93.3952 3.3
      vertex 67.0404 93.3952 6.5
    endloop
  endfacet
  facet normal 0.471271 0.881988 -0
    outer loop
      vertex 62.8137 91.136 3.3
      vertex 62.2777 91.4224 6.5
      vertex 62.8137 91.136 6.5
    endloop
  endfacet
  facet normal 0.471271 0.881988 0
    outer loop
      vertex 62.2777 91.4224 6.5
      vertex 62.8137 91.136 3.3
      vertex 62.2777 91.4224 3.3
    endloop
  endfacet
  facet normal -0.634518 -0.772908 0
    outer loop
      vertex 65.7223 96.5776 3.3
      vertex 66.192 96.192 6.5
      vertex 65.7223 96.5776 6.5
    endloop
  endfacet
  facet normal -0.634518 -0.772908 -0
    outer loop
      vertex 66.192 96.192 6.5
      vertex 65.7223 96.5776 3.3
      vertex 66.192 96.192 3.3
    endloop
  endfacet
  facet normal 0.0980699 -0.99518 0
    outer loop
      vertex 63.3952 97.0404 3.3
      vertex 64 97.1 6.5
      vertex 63.3952 97.0404 6.5
    endloop
  endfacet
  facet normal 0.0980699 -0.99518 0
    outer loop
      vertex 64 97.1 6.5
      vertex 63.3952 97.0404 3.3
      vertex 64 97.1 3.3
    endloop
  endfacet
  facet normal 0.881988 0.471271 0
    outer loop
      vertex 61.4224 92.2777 6.5
      vertex 61.136 92.8137 3.3
      vertex 61.136 92.8137 6.5
    endloop
  endfacet
  facet normal 0.881988 0.471271 0
    outer loop
      vertex 61.136 92.8137 3.3
      vertex 61.4224 92.2777 6.5
      vertex 61.4224 92.2777 3.3
    endloop
  endfacet
  facet normal 0 0 1
    outer loop
      vertex 65.7 94 3.3
      vertex 67.1 94 3.3
      vertex 67.0404 94.6048 3.3
    endloop
  endfacet
  facet normal 0 0 1
    outer loop
      vertex 65.6673 94.3316 3.3
      vertex 67.0404 94.6048 3.3
      vertex 66.864 95.1863 3.3
    endloop
  endfacet
  facet normal 0 0 1
    outer loop
      vertex 67.1 94 3.3
      vertex 65.7 94 3.3
      vertex 67.0404 93.3952 3.3
    endloop
  endfacet
  facet normal 0 0 1
    outer loop
      vertex 65.5706 94.6506 3.3
      vertex 66.864 95.1863 3.3
      vertex 66.5776 95.7223 3.3
    endloop
  endfacet
  facet normal -0 0 1
    outer loop
      vertex 65.6673 93.6684 3.3
      vertex 67.0404 93.3952 3.3
      vertex 65.7 94 3.3
    endloop
  endfacet
  facet normal 0 0 1
    outer loop
      vertex 65.4135 94.9445 3.3
      vertex 66.5776 95.7223 3.3
      vertex 66.192 96.192 3.3
    endloop
  endfacet
  facet normal 0 0 1
    outer loop
      vertex 67.0404 93.3952 3.3
      vertex 65.6673 93.6684 3.3
      vertex 66.864 92.8137 3.3
    endloop
  endfacet
  facet normal 0 0 1
    outer loop
      vertex 65.2021 95.2021 3.3
      vertex 66.192 96.192 3.3
      vertex 65.7223 96.5776 3.3
    endloop
  endfacet
  facet normal -0 0 1
    outer loop
      vertex 65.5706 93.3494 3.3
      vertex 66.864 92.8137 3.3
      vertex 65.6673 93.6684 3.3
    endloop
  endfacet
  facet normal 0 0 1
    outer loop
      vertex 66.864 92.8137 3.3
      vertex 65.5706 93.3494 3.3
      vertex 66.5776 92.2777 3.3
    endloop
  endfacet
  facet normal 0 0 1
    outer loop
      vertex 67.0404 94.6048 3.3
      vertex 65.6673 94.3316 3.3
      vertex 65.7 94 3.3
    endloop
  endfacet
  facet normal 0 0 1
    outer loop
      vertex 66.864 95.1863 3.3
      vertex 65.5706 94.6506 3.3
      vertex 65.6673 94.3316 3.3
    endloop
  endfacet
  facet normal 0 0 1
    outer loop
      vertex 66.5776 95.7223 3.3
      vertex 65.4135 94.9445 3.3
      vertex 65.5706 94.6506 3.3
    endloop
  endfacet
  facet normal 0 0 1
    outer loop
      vertex 66.192 96.192 3.3
      vertex 65.2021 95.2021 3.3
      vertex 65.4135 94.9445 3.3
    endloop
  endfacet
  facet normal 0 0 1
    outer loop
      vertex 64.9445 95.4135 3.3
      vertex 65.7223 96.5776 3.3
      vertex 65.1863 96.864 3.3
    endloop
  endfacet
  facet normal 0 0 1
    outer loop
      vertex 65.7223 96.5776 3.3
      vertex 64.9445 95.4135 3.3
      vertex 65.2021 95.2021 3.3
    endloop
  endfacet
  facet normal 0 0 1
    outer loop
      vertex 65.1863 96.864 3.3
      vertex 64.6506 95.5706 3.3
      vertex 64.9445 95.4135 3.3
    endloop
  endfacet
  facet normal 0 0 1
    outer loop
      vertex 64.6048 97.0404 3.3
      vertex 64.6506 95.5706 3.3
      vertex 65.1863 96.864 3.3
    endloop
  endfacet
  facet normal 0 0 1
    outer loop
      vertex 64.6048 97.0404 3.3
      vertex 64.3316 95.6673 3.3
      vertex 64.6506 95.5706 3.3
    endloop
  endfacet
  facet normal 0 0 1
    outer loop
      vertex 64 97.1 3.3
      vertex 64.3316 95.6673 3.3
      vertex 64.6048 97.0404 3.3
    endloop
  endfacet
  facet normal 0 0 1
    outer loop
      vertex 64 97.1 3.3
      vertex 64 95.7 3.3
      vertex 64.3316 95.6673 3.3
    endloop
  endfacet
  facet normal 0 0 1
    outer loop
      vertex 64 97.1 3.3
      vertex 63.6683 95.6673 3.3
      vertex 64 95.7 3.3
    endloop
  endfacet
  facet normal -0 0 1
    outer loop
      vertex 63.3952 97.0404 3.3
      vertex 63.6683 95.6673 3.3
      vertex 64 97.1 3.3
    endloop
  endfacet
  facet normal 0 0 1
    outer loop
      vertex 63.3952 97.0404 3.3
      vertex 63.3494 95.5706 3.3
      vertex 63.6683 95.6673 3.3
    endloop
  endfacet
  facet normal -0 0 1
    outer loop
      vertex 62.8137 96.864 3.3
      vertex 63.3494 95.5706 3.3
      vertex 63.3952 97.0404 3.3
    endloop
  endfacet
  facet normal 0 0 1
    outer loop
      vertex 63.3494 95.5706 3.3
      vertex 62.8137 96.864 3.3
      vertex 63.0555 95.4135 3.3
    endloop
  endfacet
  facet normal -0 0 1
    outer loop
      vertex 62.2777 96.5776 3.3
      vertex 63.0555 95.4135 3.3
      vertex 62.8137 96.864 3.3
    endloop
  endfacet
  facet normal 0 0 1
    outer loop
      vertex 63.0555 95.4135 3.3
      vertex 62.2777 96.5776 3.3
      vertex 62.7979 95.2021 3.3
    endloop
  endfacet
  facet normal -0 0 1
    outer loop
      vertex 61.808 96.192 3.3
      vertex 62.7979 95.2021 3.3
      vertex 62.2777 96.5776 3.3
    endloop
  endfacet
  facet normal 0 0 1
    outer loop
      vertex 62.7979 95.2021 3.3
      vertex 61.808 96.192 3.3
      vertex 62.5865 94.9445 3.3
    endloop
  endfacet
  facet normal 0 0 1
    outer loop
      vertex 62.5865 94.9445 3.3
      vertex 61.4224 95.7223 3.3
      vertex 62.4294 94.6506 3.3
    endloop
  endfacet
  facet normal -0 0 1
    outer loop
      vertex 61.4224 95.7223 3.3
      vertex 62.5865 94.9445 3.3
      vertex 61.808 96.192 3.3
    endloop
  endfacet
  facet normal -0 0 1
    outer loop
      vertex 65.4135 93.0555 3.3
      vertex 66.5776 92.2777 3.3
      vertex 65.5706 93.3494 3.3
    endloop
  endfacet
  facet normal 0 0 1
    outer loop
      vertex 66.5776 92.2777 3.3
      vertex 65.4135 93.0555 3.3
      vertex 66.192 91.808 3.3
    endloop
  endfacet
  facet normal -0 0 1
    outer loop
      vertex 65.2021 92.7979 3.3
      vertex 66.192 91.808 3.3
      vertex 65.4135 93.0555 3.3
    endloop
  endfacet
  facet normal 0 0 1
    outer loop
      vertex 66.192 91.808 3.3
      vertex 65.2021 92.7979 3.3
      vertex 65.7223 91.4224 3.3
    endloop
  endfacet
  facet normal -0 0 1
    outer loop
      vertex 64.9445 92.5865 3.3
      vertex 65.7223 91.4224 3.3
      vertex 65.2021 92.7979 3.3
    endloop
  endfacet
  facet normal 0 0 1
    outer loop
      vertex 65.7223 91.4224 3.3
      vertex 64.9445 92.5865 3.3
      vertex 65.1863 91.136 3.3
    endloop
  endfacet
  facet normal -0 0 1
    outer loop
      vertex 64.6506 92.4294 3.3
      vertex 65.1863 91.136 3.3
      vertex 64.9445 92.5865 3.3
    endloop
  endfacet
  facet normal 0 0 1
    outer loop
      vertex 64.6506 92.4294 3.3
      vertex 64.6048 90.9596 3.3
      vertex 65.1863 91.136 3.3
    endloop
  endfacet
  facet normal -0 0 1
    outer loop
      vertex 64.3316 92.3327 3.3
      vertex 64.6048 90.9596 3.3
      vertex 64.6506 92.4294 3.3
    endloop
  endfacet
  facet normal -0 0 1
    outer loop
      vertex 64 92.3 3.3
      vertex 64.6048 90.9596 3.3
      vertex 64.3316 92.3327 3.3
    endloop
  endfacet
  facet normal 0 0 1
    outer loop
      vertex 64 92.3 3.3
      vertex 64 90.9 3.3
      vertex 64.6048 90.9596 3.3
    endloop
  endfacet
  facet normal 0 0 1
    outer loop
      vertex 63.6683 92.3327 3.3
      vertex 64 90.9 3.3
      vertex 64 92.3 3.3
    endloop
  endfacet
  facet normal 0 0 1
    outer loop
      vertex 63.6683 92.3327 3.3
      vertex 63.3952 90.9596 3.3
      vertex 64 90.9 3.3
    endloop
  endfacet
  facet normal 0 0 1
    outer loop
      vertex 63.3494 92.4294 3.3
      vertex 63.3952 90.9596 3.3
      vertex 63.6683 92.3327 3.3
    endloop
  endfacet
  facet normal 0 0 1
    outer loop
      vertex 62.8137 91.136 3.3
      vertex 63.3494 92.4294 3.3
      vertex 63.0555 92.5865 3.3
    endloop
  endfacet
  facet normal 0 0 1
    outer loop
      vertex 63.3494 92.4294 3.3
      vertex 62.8137 91.136 3.3
      vertex 63.3952 90.9596 3.3
    endloop
  endfacet
  facet normal 0 0 1
    outer loop
      vertex 62.2777 91.4224 3.3
      vertex 63.0555 92.5865 3.3
      vertex 62.7979 92.7979 3.3
    endloop
  endfacet
  facet normal 0 0 1
    outer loop
      vertex 61.808 91.808 3.3
      vertex 62.7979 92.7979 3.3
      vertex 62.5865 93.0555 3.3
    endloop
  endfacet
  facet normal 0 0 1
    outer loop
      vertex 61.4224 92.2777 3.3
      vertex 62.5865 93.0555 3.3
      vertex 62.4294 93.3494 3.3
    endloop
  endfacet
  facet normal 0 0 1
    outer loop
      vertex 61.136 92.8137 3.3
      vertex 62.4294 93.3494 3.3
      vertex 62.3327 93.6684 3.3
    endloop
  endfacet
  facet normal 0 0 1
    outer loop
      vertex 63.0555 92.5865 3.3
      vertex 62.2777 91.4224 3.3
      vertex 62.8137 91.136 3.3
    endloop
  endfacet
  facet normal 0 0 1
    outer loop
      vertex 60.9596 93.3952 3.3
      vertex 62.3327 93.6684 3.3
      vertex 62.3 94 3.3
    endloop
  endfacet
  facet normal -0 0 1
    outer loop
      vertex 61.136 95.1863 3.3
      vertex 62.4294 94.6506 3.3
      vertex 61.4224 95.7223 3.3
    endloop
  endfacet
  facet normal 0 0 1
    outer loop
      vertex 62.4294 94.6506 3.3
      vertex 61.136 95.1863 3.3
      vertex 62.3327 94.3316 3.3
    endloop
  endfacet
  facet normal 0 0 1
    outer loop
      vertex 62.7979 92.7979 3.3
      vertex 61.808 91.808 3.3
      vertex 62.2777 91.4224 3.3
    endloop
  endfacet
  facet normal -0 0 1
    outer loop
      vertex 60.9596 94.6048 3.3
      vertex 62.3327 94.3316 3.3
      vertex 61.136 95.1863 3.3
    endloop
  endfacet
  facet normal 0 0 1
    outer loop
      vertex 62.5865 93.0555 3.3
      vertex 61.4224 92.2777 3.3
      vertex 61.808 91.808 3.3
    endloop
  endfacet
  facet normal 0 0 1
    outer loop
      vertex 62.3327 94.3316 3.3
      vertex 60.9596 94.6048 3.3
      vertex 62.3 94 3.3
    endloop
  endfacet
  facet normal 0 0 1
    outer loop
      vertex 62.4294 93.3494 3.3
      vertex 61.136 92.8137 3.3
      vertex 61.4224 92.2777 3.3
    endloop
  endfacet
  facet normal 0 0 1
    outer loop
      vertex 60.9 94 3.3
      vertex 62.3 94 3.3
      vertex 60.9596 94.6048 3.3
    endloop
  endfacet
  facet normal 0 0 1
    outer loop
      vertex 62.3327 93.6684 3.3
      vertex 60.9596 93.3952 3.3
      vertex 61.136 92.8137 3.3
    endloop
  endfacet
  facet normal 0 0 1
    outer loop
      vertex 62.3 94 3.3
      vertex 60.9 94 3.3
      vertex 60.9596 93.3952 3.3
    endloop
  endfacet
  facet normal -0.0980699 0.99518 0
    outer loop
      vertex 64.6048 90.9596 3.3
      vertex 64 90.9 6.5
      vertex 64.6048 90.9596 6.5
    endloop
  endfacet
  facet normal -0.0980699 0.99518 0
    outer loop
      vertex 64 90.9 6.5
      vertex 64.6048 90.9596 3.3
      vertex 64 90.9 3.3
    endloop
  endfacet
  facet normal -0.956939 0.290291 0
    outer loop
      vertex 66.864 92.8137 3.3
      vertex 67.0404 93.3952 6.5
      vertex 67.0404 93.3952 3.3
    endloop
  endfacet
  facet normal -0.956939 0.290291 0
    outer loop
      vertex 67.0404 93.3952 6.5
      vertex 66.864 92.8137 3.3
      vertex 66.864 92.8137 6.5
    endloop
  endfacet
  facet normal -0.772908 0.634518 0
    outer loop
      vertex 66.192 91.808 3.3
      vertex 66.5776 92.2777 6.5
      vertex 66.5776 92.2777 3.3
    endloop
  endfacet
  facet normal -0.772908 0.634518 0
    outer loop
      vertex 66.5776 92.2777 6.5
      vertex 66.192 91.808 3.3
      vertex 66.192 91.808 6.5
    endloop
  endfacet
  facet normal -0.881988 0.471271 0
    outer loop
      vertex 66.5776 92.2777 3.3
      vertex 66.864 92.8137 6.5
      vertex 66.864 92.8137 3.3
    endloop
  endfacet
  facet normal -0.881988 0.471271 0
    outer loop
      vertex 66.864 92.8137 6.5
      vertex 66.5776 92.2777 3.3
      vertex 66.5776 92.2777 6.5
    endloop
  endfacet
  facet normal -0.471271 0.881988 0
    outer loop
      vertex 65.7223 91.4224 3.3
      vertex 65.1863 91.136 6.5
      vertex 65.7223 91.4224 6.5
    endloop
  endfacet
  facet normal -0.471271 0.881988 0
    outer loop
      vertex 65.1863 91.136 6.5
      vertex 65.7223 91.4224 3.3
      vertex 65.1863 91.136 3.3
    endloop
  endfacet
  facet normal 0.956939 0.290291 0
    outer loop
      vertex 61.136 92.8137 6.5
      vertex 60.9596 93.3952 3.3
      vertex 60.9596 93.3952 6.5
    endloop
  endfacet
  facet normal 0.956939 0.290291 0
    outer loop
      vertex 60.9596 93.3952 3.3
      vertex 61.136 92.8137 6.5
      vertex 61.136 92.8137 3.3
    endloop
  endfacet
  facet normal 0.772908 -0.634518 0
    outer loop
      vertex 61.4224 95.7223 6.5
      vertex 61.808 96.192 3.3
      vertex 61.808 96.192 6.5
    endloop
  endfacet
  facet normal 0.772908 -0.634518 0
    outer loop
      vertex 61.808 96.192 3.3
      vertex 61.4224 95.7223 6.5
      vertex 61.4224 95.7223 3.3
    endloop
  endfacet
  facet normal -0.772908 -0.634518 0
    outer loop
      vertex 66.5776 95.7223 3.3
      vertex 66.192 96.192 6.5
      vertex 66.192 96.192 3.3
    endloop
  endfacet
  facet normal -0.772908 -0.634518 0
    outer loop
      vertex 66.192 96.192 6.5
      vertex 66.5776 95.7223 3.3
      vertex 66.5776 95.7223 6.5
    endloop
  endfacet
  facet normal 0.471271 -0.881988 0
    outer loop
      vertex 62.2777 96.5776 3.3
      vertex 62.8137 96.864 6.5
      vertex 62.2777 96.5776 6.5
    endloop
  endfacet
  facet normal 0.471271 -0.881988 0
    outer loop
      vertex 62.8137 96.864 6.5
      vertex 62.2777 96.5776 3.3
      vertex 62.8137 96.864 3.3
    endloop
  endfacet
  facet normal 0.290291 -0.956939 0
    outer loop
      vertex 62.8137 96.864 3.3
      vertex 63.3952 97.0404 6.5
      vertex 62.8137 96.864 6.5
    endloop
  endfacet
  facet normal 0.290291 -0.956939 0
    outer loop
      vertex 63.3952 97.0404 6.5
      vertex 62.8137 96.864 3.3
      vertex 63.3952 97.0404 3.3
    endloop
  endfacet
  facet normal 0.290291 0.956939 -0
    outer loop
      vertex 63.3952 90.9596 3.3
      vertex 62.8137 91.136 6.5
      vertex 63.3952 90.9596 6.5
    endloop
  endfacet
  facet normal 0.290291 0.956939 0
    outer loop
      vertex 62.8137 91.136 6.5
      vertex 63.3952 90.9596 3.3
      vertex 62.8137 91.136 3.3
    endloop
  endfacet
  facet normal 0.634518 -0.772908 0
    outer loop
      vertex 61.808 96.192 3.3
      vertex 62.2777 96.5776 6.5
      vertex 61.808 96.192 6.5
    endloop
  endfacet
  facet normal 0.634518 -0.772908 0
    outer loop
      vertex 62.2777 96.5776 6.5
      vertex 61.808 96.192 3.3
      vertex 62.2777 96.5776 3.3
    endloop
  endfacet
  facet normal -0.290291 -0.956939 0
    outer loop
      vertex 64.6048 97.0404 3.3
      vertex 65.1863 96.864 6.5
      vertex 64.6048 97.0404 6.5
    endloop
  endfacet
  facet normal -0.290291 -0.956939 -0
    outer loop
      vertex 65.1863 96.864 6.5
      vertex 64.6048 97.0404 3.3
      vertex 65.1863 96.864 3.3
    endloop
  endfacet
  facet normal -0.634518 0.772908 0
    outer loop
      vertex 66.192 91.808 3.3
      vertex 65.7223 91.4224 6.5
      vertex 66.192 91.808 6.5
    endloop
  endfacet
  facet normal -0.634518 0.772908 0
    outer loop
      vertex 65.7223 91.4224 6.5
      vertex 66.192 91.808 3.3
      vertex 65.7223 91.4224 3.3
    endloop
  endfacet
  facet normal 0.99518 -0.0980699 0
    outer loop
      vertex 60.9 94 6.5
      vertex 60.9596 94.6048 3.3
      vertex 60.9596 94.6048 6.5
    endloop
  endfacet
  facet normal 0.99518 -0.0980699 0
    outer loop
      vertex 60.9596 94.6048 3.3
      vertex 60.9 94 6.5
      vertex 60.9 94 3.3
    endloop
  endfacet
  facet normal -0.0980699 -0.99518 0
    outer loop
      vertex 64 97.1 3.3
      vertex 64.6048 97.0404 6.5
      vertex 64 97.1 6.5
    endloop
  endfacet
  facet normal -0.0980699 -0.99518 -0
    outer loop
      vertex 64.6048 97.0404 6.5
      vertex 64 97.1 3.3
      vertex 64.6048 97.0404 3.3
    endloop
  endfacet
  facet normal -0.471271 -0.881988 0
    outer loop
      vertex 65.1863 96.864 3.3
      vertex 65.7223 96.5776 6.5
      vertex 65.1863 96.864 6.5
    endloop
  endfacet
  facet normal -0.471271 -0.881988 -0
    outer loop
      vertex 65.7223 96.5776 6.5
      vertex 65.1863 96.864 3.3
      vertex 65.7223 96.5776 3.3
    endloop
  endfacet
  facet normal 0.772908 0.634518 0
    outer loop
      vertex 61.808 91.808 6.5
      vertex 61.4224 92.2777 3.3
      vertex 61.4224 92.2777 6.5
    endloop
  endfacet
  facet normal 0.772908 0.634518 0
    outer loop
      vertex 61.4224 92.2777 3.3
      vertex 61.808 91.808 6.5
      vertex 61.808 91.808 3.3
    endloop
  endfacet
  facet normal 0.0980699 0.99518 -0
    outer loop
      vertex 64 90.9 3.3
      vertex 63.3952 90.9596 6.5
      vertex 64 90.9 6.5
    endloop
  endfacet
  facet normal 0.0980699 0.99518 0
    outer loop
      vertex 63.3952 90.9596 6.5
      vertex 64 90.9 3.3
      vertex 63.3952 90.9596 3.3
    endloop
  endfacet
  facet normal 0.634518 0.772908 -0
    outer loop
      vertex 62.2777 91.4224 3.3
      vertex 61.808 91.808 6.5
      vertex 62.2777 91.4224 6.5
    endloop
  endfacet
  facet normal 0.634518 0.772908 0
    outer loop
      vertex 61.808 91.808 6.5
      vertex 62.2777 91.4224 3.3
      vertex 61.808 91.808 3.3
    endloop
  endfacet
  facet normal 0.956939 -0.290291 0
    outer loop
      vertex 60.9596 94.6048 6.5
      vertex 61.136 95.1863 3.3
      vertex 61.136 95.1863 6.5
    endloop
  endfacet
  facet normal 0.956939 -0.290291 0
    outer loop
      vertex 61.136 95.1863 3.3
      vertex 60.9596 94.6048 6.5
      vertex 60.9596 94.6048 3.3
    endloop
  endfacet
  facet normal 0.881988 -0.471271 0
    outer loop
      vertex 61.136 95.1863 6.5
      vertex 61.4224 95.7223 3.3
      vertex 61.4224 95.7223 6.5
    endloop
  endfacet
  facet normal 0.881988 -0.471271 0
    outer loop
      vertex 61.4224 95.7223 3.3
      vertex 61.136 95.1863 6.5
      vertex 61.136 95.1863 3.3
    endloop
  endfacet
  facet normal 0.99518 0.0980699 0
    outer loop
      vertex 60.9596 93.3952 6.5
      vertex 60.9 94 3.3
      vertex 60.9 94 6.5
    endloop
  endfacet
  facet normal 0.99518 0.0980699 0
    outer loop
      vertex 60.9 94 3.3
      vertex 60.9596 93.3952 6.5
      vertex 60.9596 93.3952 3.3
    endloop
  endfacet
  facet normal 0.0980197 0.995184 -0
    outer loop
      vertex 136 92.3 0
      vertex 135.668 92.3327 3.3
      vertex 136 92.3 3.3
    endloop
  endfacet
  facet normal 0.0980197 0.995184 0
    outer loop
      vertex 135.668 92.3327 3.3
      vertex 136 92.3 0
      vertex 135.668 92.3327 0
    endloop
  endfacet
  facet normal -0.773609 0.633663 0
    outer loop
      vertex 137.202 92.7979 0
      vertex 137.413 93.0555 3.3
      vertex 137.413 93.0555 0
    endloop
  endfacet
  facet normal -0.773609 0.633663 0
    outer loop
      vertex 137.413 93.0555 3.3
      vertex 137.202 92.7979 0
      vertex 137.202 92.7979 3.3
    endloop
  endfacet
  facet normal -0.957578 -0.288174 0
    outer loop
      vertex 137.667 94.3316 0
      vertex 137.571 94.6506 3.3
      vertex 137.571 94.6506 0
    endloop
  endfacet
  facet normal -0.957578 -0.288174 0
    outer loop
      vertex 137.571 94.6506 3.3
      vertex 137.667 94.3316 0
      vertex 137.667 94.3316 3.3
    endloop
  endfacet
  facet normal -0.995085 -0.0990283 0
    outer loop
      vertex 137.7 94 0
      vertex 137.667 94.3316 3.3
      vertex 137.667 94.3316 0
    endloop
  endfacet
  facet normal -0.995085 -0.0990283 0
    outer loop
      vertex 137.667 94.3316 3.3
      vertex 137.7 94 0
      vertex 137.7 94 3.3
    endloop
  endfacet
  facet normal -0.880788 -0.47351 0
    outer loop
      vertex 137.571 94.6506 0
      vertex 137.413 94.9445 3.3
      vertex 137.413 94.9445 0
    endloop
  endfacet
  facet normal -0.880788 -0.47351 0
    outer loop
      vertex 137.413 94.9445 3.3
      vertex 137.571 94.6506 0
      vertex 137.571 94.6506 3.3
    endloop
  endfacet
  facet normal 0.880788 0.47351 0
    outer loop
      vertex 134.587 93.0555 3.3
      vertex 134.429 93.3494 0
      vertex 134.429 93.3494 3.3
    endloop
  endfacet
  facet normal 0.880788 0.47351 0
    outer loop
      vertex 134.429 93.3494 0
      vertex 134.587 93.0555 3.3
      vertex 134.587 93.0555 0
    endloop
  endfacet
  facet normal -0.995085 0.0990283 0
    outer loop
      vertex 137.667 93.6684 0
      vertex 137.7 94 3.3
      vertex 137.7 94 0
    endloop
  endfacet
  facet normal -0.995085 0.0990283 0
    outer loop
      vertex 137.7 94 3.3
      vertex 137.667 93.6684 0
      vertex 137.667 93.6684 3.3
    endloop
  endfacet
  facet normal -0.290099 0.956997 0
    outer loop
      vertex 136.651 92.4294 0
      vertex 136.332 92.3327 3.3
      vertex 136.651 92.4294 3.3
    endloop
  endfacet
  facet normal -0.290099 0.956997 0
    outer loop
      vertex 136.332 92.3327 3.3
      vertex 136.651 92.4294 0
      vertex 136.332 92.3327 0
    endloop
  endfacet
  facet normal 0.995085 0.0990283 0
    outer loop
      vertex 134.333 93.6684 3.3
      vertex 134.3 94 0
      vertex 134.3 94 3.3
    endloop
  endfacet
  facet normal 0.995085 0.0990283 0
    outer loop
      vertex 134.3 94 0
      vertex 134.333 93.6684 3.3
      vertex 134.333 93.6684 0
    endloop
  endfacet
  facet normal -0.0980197 -0.995184 0
    outer loop
      vertex 136 95.7 0
      vertex 136.332 95.6673 3.3
      vertex 136 95.7 3.3
    endloop
  endfacet
  facet normal -0.0980197 -0.995184 -0
    outer loop
      vertex 136.332 95.6673 3.3
      vertex 136 95.7 0
      vertex 136.332 95.6673 0
    endloop
  endfacet
  facet normal -0.957578 0.288174 0
    outer loop
      vertex 137.571 93.3494 0
      vertex 137.667 93.6684 3.3
      vertex 137.667 93.6684 0
    endloop
  endfacet
  facet normal -0.957578 0.288174 0
    outer loop
      vertex 137.667 93.6684 3.3
      vertex 137.571 93.3494 0
      vertex 137.571 93.3494 3.3
    endloop
  endfacet
  facet normal 0.290099 0.956997 -0
    outer loop
      vertex 135.668 92.3327 0
      vertex 135.349 92.4294 3.3
      vertex 135.668 92.3327 3.3
    endloop
  endfacet
  facet normal 0.290099 0.956997 0
    outer loop
      vertex 135.349 92.4294 3.3
      vertex 135.668 92.3327 0
      vertex 135.349 92.4294 0
    endloop
  endfacet
  facet normal 0.995085 -0.0990283 0
    outer loop
      vertex 134.3 94 3.3
      vertex 134.333 94.3316 0
      vertex 134.333 94.3316 3.3
    endloop
  endfacet
  facet normal 0.995085 -0.0990283 0
    outer loop
      vertex 134.333 94.3316 0
      vertex 134.3 94 3.3
      vertex 134.3 94 0
    endloop
  endfacet
  facet normal -0.472539 -0.88131 0
    outer loop
      vertex 136.651 95.5706 0
      vertex 136.944 95.4135 3.3
      vertex 136.651 95.5706 3.3
    endloop
  endfacet
  facet normal -0.472539 -0.88131 -0
    outer loop
      vertex 136.944 95.4135 3.3
      vertex 136.651 95.5706 0
      vertex 136.944 95.4135 0
    endloop
  endfacet
  facet normal -0.290099 -0.956997 0
    outer loop
      vertex 136.332 95.6673 0
      vertex 136.651 95.5706 3.3
      vertex 136.332 95.6673 3.3
    endloop
  endfacet
  facet normal -0.290099 -0.956997 -0
    outer loop
      vertex 136.651 95.5706 3.3
      vertex 136.332 95.6673 0
      vertex 136.651 95.5706 0
    endloop
  endfacet
  facet normal 0.0980197 -0.995184 0
    outer loop
      vertex 135.668 95.6673 0
      vertex 136 95.7 3.3
      vertex 135.668 95.6673 3.3
    endloop
  endfacet
  facet normal 0.0980197 -0.995184 0
    outer loop
      vertex 136 95.7 3.3
      vertex 135.668 95.6673 0
      vertex 136 95.7 0
    endloop
  endfacet
  facet normal 0.957578 -0.288174 0
    outer loop
      vertex 134.333 94.3316 3.3
      vertex 134.429 94.6506 0
      vertex 134.429 94.6506 3.3
    endloop
  endfacet
  facet normal 0.957578 -0.288174 0
    outer loop
      vertex 134.429 94.6506 0
      vertex 134.333 94.3316 3.3
      vertex 134.333 94.3316 0
    endloop
  endfacet
  facet normal 0.633793 -0.773503 0
    outer loop
      vertex 134.798 95.2021 0
      vertex 135.056 95.4135 3.3
      vertex 134.798 95.2021 3.3
    endloop
  endfacet
  facet normal 0.633793 -0.773503 0
    outer loop
      vertex 135.056 95.4135 3.3
      vertex 134.798 95.2021 0
      vertex 135.056 95.4135 0
    endloop
  endfacet
  facet normal -0.773609 -0.633663 0
    outer loop
      vertex 137.413 94.9445 0
      vertex 137.202 95.2021 3.3
      vertex 137.202 95.2021 0
    endloop
  endfacet
  facet normal -0.773609 -0.633663 0
    outer loop
      vertex 137.202 95.2021 3.3
      vertex 137.413 94.9445 0
      vertex 137.413 94.9445 3.3
    endloop
  endfacet
  facet normal 0.472539 -0.88131 0
    outer loop
      vertex 135.056 95.4135 0
      vertex 135.349 95.5706 3.3
      vertex 135.056 95.4135 3.3
    endloop
  endfacet
  facet normal 0.472539 -0.88131 0
    outer loop
      vertex 135.349 95.5706 3.3
      vertex 135.056 95.4135 0
      vertex 135.349 95.5706 0
    endloop
  endfacet
  facet normal -0.472539 0.88131 0
    outer loop
      vertex 136.944 92.5865 0
      vertex 136.651 92.4294 3.3
      vertex 136.944 92.5865 3.3
    endloop
  endfacet
  facet normal -0.472539 0.88131 0
    outer loop
      vertex 136.651 92.4294 3.3
      vertex 136.944 92.5865 0
      vertex 136.651 92.4294 0
    endloop
  endfacet
  facet normal -0.880788 0.47351 0
    outer loop
      vertex 137.413 93.0555 0
      vertex 137.571 93.3494 3.3
      vertex 137.571 93.3494 0
    endloop
  endfacet
  facet normal -0.880788 0.47351 0
    outer loop
      vertex 137.571 93.3494 3.3
      vertex 137.413 93.0555 0
      vertex 137.413 93.0555 3.3
    endloop
  endfacet
  facet normal -0.633793 -0.773503 0
    outer loop
      vertex 136.944 95.4135 0
      vertex 137.202 95.2021 3.3
      vertex 136.944 95.4135 3.3
    endloop
  endfacet
  facet normal -0.633793 -0.773503 -0
    outer loop
      vertex 137.202 95.2021 3.3
      vertex 136.944 95.4135 0
      vertex 137.202 95.2021 0
    endloop
  endfacet
  facet normal -0.633793 0.773503 0
    outer loop
      vertex 137.202 92.7979 0
      vertex 136.944 92.5865 3.3
      vertex 137.202 92.7979 3.3
    endloop
  endfacet
  facet normal -0.633793 0.773503 0
    outer loop
      vertex 136.944 92.5865 3.3
      vertex 137.202 92.7979 0
      vertex 136.944 92.5865 0
    endloop
  endfacet
  facet normal 0.290099 -0.956997 0
    outer loop
      vertex 135.349 95.5706 0
      vertex 135.668 95.6673 3.3
      vertex 135.349 95.5706 3.3
    endloop
  endfacet
  facet normal 0.290099 -0.956997 0
    outer loop
      vertex 135.668 95.6673 3.3
      vertex 135.349 95.5706 0
      vertex 135.668 95.6673 0
    endloop
  endfacet
  facet normal -0.0980197 0.995184 0
    outer loop
      vertex 136.332 92.3327 0
      vertex 136 92.3 3.3
      vertex 136.332 92.3327 3.3
    endloop
  endfacet
  facet normal -0.0980197 0.995184 0
    outer loop
      vertex 136 92.3 3.3
      vertex 136.332 92.3327 0
      vertex 136 92.3 0
    endloop
  endfacet
  facet normal 0.957578 0.288174 0
    outer loop
      vertex 134.429 93.3494 3.3
      vertex 134.333 93.6684 0
      vertex 134.333 93.6684 3.3
    endloop
  endfacet
  facet normal 0.957578 0.288174 0
    outer loop
      vertex 134.333 93.6684 0
      vertex 134.429 93.3494 3.3
      vertex 134.429 93.3494 0
    endloop
  endfacet
  facet normal 0.773609 -0.633663 0
    outer loop
      vertex 134.587 94.9445 3.3
      vertex 134.798 95.2021 0
      vertex 134.798 95.2021 3.3
    endloop
  endfacet
  facet normal 0.773609 -0.633663 0
    outer loop
      vertex 134.798 95.2021 0
      vertex 134.587 94.9445 3.3
      vertex 134.587 94.9445 0
    endloop
  endfacet
  facet normal 0.773609 0.633663 0
    outer loop
      vertex 134.798 92.7979 3.3
      vertex 134.587 93.0555 0
      vertex 134.587 93.0555 3.3
    endloop
  endfacet
  facet normal 0.773609 0.633663 0
    outer loop
      vertex 134.587 93.0555 0
      vertex 134.798 92.7979 3.3
      vertex 134.798 92.7979 0
    endloop
  endfacet
  facet normal 0.633793 0.773503 -0
    outer loop
      vertex 135.056 92.5865 0
      vertex 134.798 92.7979 3.3
      vertex 135.056 92.5865 3.3
    endloop
  endfacet
  facet normal 0.633793 0.773503 0
    outer loop
      vertex 134.798 92.7979 3.3
      vertex 135.056 92.5865 0
      vertex 134.798 92.7979 0
    endloop
  endfacet
  facet normal 0.472539 0.88131 -0
    outer loop
      vertex 135.349 92.4294 0
      vertex 135.056 92.5865 3.3
      vertex 135.349 92.4294 3.3
    endloop
  endfacet
  facet normal 0.472539 0.88131 0
    outer loop
      vertex 135.056 92.5865 3.3
      vertex 135.349 92.4294 0
      vertex 135.056 92.5865 0
    endloop
  endfacet
  facet normal 0.880788 -0.47351 0
    outer loop
      vertex 134.429 94.6506 3.3
      vertex 134.587 94.9445 0
      vertex 134.587 94.9445 3.3
    endloop
  endfacet
  facet normal 0.880788 -0.47351 0
    outer loop
      vertex 134.587 94.9445 0
      vertex 134.429 94.6506 3.3
      vertex 134.429 94.6506 0
    endloop
  endfacet
  facet normal -0.290519 0.956869 0
    outer loop
      vertex 137.186 91.136 3.3
      vertex 136.605 90.9596 6.5
      vertex 137.186 91.136 6.5
    endloop
  endfacet
  facet normal -0.290519 0.956869 0
    outer loop
      vertex 136.605 90.9596 6.5
      vertex 137.186 91.136 3.3
      vertex 136.605 90.9596 3.3
    endloop
  endfacet
  facet normal -0.957121 -0.289688 0
    outer loop
      vertex 139.04 94.6048 3.3
      vertex 138.864 95.1863 6.5
      vertex 138.864 95.1863 3.3
    endloop
  endfacet
  facet normal -0.957121 -0.289688 0
    outer loop
      vertex 138.864 95.1863 6.5
      vertex 139.04 94.6048 3.3
      vertex 139.04 94.6048 6.5
    endloop
  endfacet
  facet normal -0.995115 -0.0987217 0
    outer loop
      vertex 139.1 94 3.3
      vertex 139.04 94.6048 6.5
      vertex 139.04 94.6048 3.3
    endloop
  endfacet
  facet normal -0.995115 -0.0987217 0
    outer loop
      vertex 139.04 94.6048 6.5
      vertex 139.1 94 3.3
      vertex 139.1 94 6.5
    endloop
  endfacet
  facet normal -0.882262 -0.470759 0
    outer loop
      vertex 138.864 95.1863 3.3
      vertex 138.578 95.7223 6.5
      vertex 138.578 95.7223 3.3
    endloop
  endfacet
  facet normal -0.882262 -0.470759 0
    outer loop
      vertex 138.578 95.7223 6.5
      vertex 138.864 95.1863 3.3
      vertex 138.864 95.1863 6.5
    endloop
  endfacet
  facet normal -0.995115 0.0987217 0
    outer loop
      vertex 139.04 93.3952 3.3
      vertex 139.1 94 6.5
      vertex 139.1 94 3.3
    endloop
  endfacet
  facet normal -0.995115 0.0987217 0
    outer loop
      vertex 139.1 94 6.5
      vertex 139.04 93.3952 3.3
      vertex 139.04 93.3952 6.5
    endloop
  endfacet
  facet normal 0.471271 0.881988 -0
    outer loop
      vertex 134.814 91.136 3.3
      vertex 134.278 91.4224 6.5
      vertex 134.814 91.136 6.5
    endloop
  endfacet
  facet normal 0.471271 0.881988 0
    outer loop
      vertex 134.278 91.4224 6.5
      vertex 134.814 91.136 3.3
      vertex 134.278 91.4224 3.3
    endloop
  endfacet
  facet normal -0.634276 -0.773106 0
    outer loop
      vertex 137.722 96.5776 3.3
      vertex 138.192 96.192 6.5
      vertex 137.722 96.5776 6.5
    endloop
  endfacet
  facet normal -0.634276 -0.773106 -0
    outer loop
      vertex 138.192 96.192 6.5
      vertex 137.722 96.5776 3.3
      vertex 138.192 96.192 3.3
    endloop
  endfacet
  facet normal 0.0980378 -0.995183 0
    outer loop
      vertex 135.395 97.0404 3.3
      vertex 136 97.1 6.5
      vertex 135.395 97.0404 6.5
    endloop
  endfacet
  facet normal 0.0980378 -0.995183 0
    outer loop
      vertex 136 97.1 6.5
      vertex 135.395 97.0404 3.3
      vertex 136 97.1 3.3
    endloop
  endfacet
  facet normal 0.882262 0.470759 0
    outer loop
      vertex 133.422 92.2777 6.5
      vertex 133.136 92.8137 3.3
      vertex 133.136 92.8137 6.5
    endloop
  endfacet
  facet normal 0.882262 0.470759 0
    outer loop
      vertex 133.136 92.8137 3.3
      vertex 133.422 92.2777 6.5
      vertex 133.422 92.2777 3.3
    endloop
  endfacet
  facet normal 0 0 1
    outer loop
      vertex 137.7 94 3.3
      vertex 139.1 94 3.3
      vertex 139.04 94.6048 3.3
    endloop
  endfacet
  facet normal 0 0 1
    outer loop
      vertex 137.667 94.3316 3.3
      vertex 139.04 94.6048 3.3
      vertex 138.864 95.1863 3.3
    endloop
  endfacet
  facet normal 0 0 1
    outer loop
      vertex 139.1 94 3.3
      vertex 137.7 94 3.3
      vertex 139.04 93.3952 3.3
    endloop
  endfacet
  facet normal 0 0 1
    outer loop
      vertex 137.571 94.6506 3.3
      vertex 138.864 95.1863 3.3
      vertex 138.578 95.7223 3.3
    endloop
  endfacet
  facet normal -0 0 1
    outer loop
      vertex 137.667 93.6684 3.3
      vertex 139.04 93.3952 3.3
      vertex 137.7 94 3.3
    endloop
  endfacet
  facet normal 0 0 1
    outer loop
      vertex 137.413 94.9445 3.3
      vertex 138.578 95.7223 3.3
      vertex 138.192 96.192 3.3
    endloop
  endfacet
  facet normal 0 0 1
    outer loop
      vertex 139.04 93.3952 3.3
      vertex 137.667 93.6684 3.3
      vertex 138.864 92.8137 3.3
    endloop
  endfacet
  facet normal 0 0 1
    outer loop
      vertex 137.202 95.2021 3.3
      vertex 138.192 96.192 3.3
      vertex 137.722 96.5776 3.3
    endloop
  endfacet
  facet normal -0 0 1
    outer loop
      vertex 137.571 93.3494 3.3
      vertex 138.864 92.8137 3.3
      vertex 137.667 93.6684 3.3
    endloop
  endfacet
  facet normal 0 0 1
    outer loop
      vertex 138.864 92.8137 3.3
      vertex 137.571 93.3494 3.3
      vertex 138.578 92.2777 3.3
    endloop
  endfacet
  facet normal 0 0 1
    outer loop
      vertex 139.04 94.6048 3.3
      vertex 137.667 94.3316 3.3
      vertex 137.7 94 3.3
    endloop
  endfacet
  facet normal 0 0 1
    outer loop
      vertex 138.864 95.1863 3.3
      vertex 137.571 94.6506 3.3
      vertex 137.667 94.3316 3.3
    endloop
  endfacet
  facet normal 0 0 1
    outer loop
      vertex 138.578 95.7223 3.3
      vertex 137.413 94.9445 3.3
      vertex 137.571 94.6506 3.3
    endloop
  endfacet
  facet normal 0 0 1
    outer loop
      vertex 138.192 96.192 3.3
      vertex 137.202 95.2021 3.3
      vertex 137.413 94.9445 3.3
    endloop
  endfacet
  facet normal 0 0 1
    outer loop
      vertex 136.944 95.4135 3.3
      vertex 137.722 96.5776 3.3
      vertex 137.186 96.864 3.3
    endloop
  endfacet
  facet normal 0 0 1
    outer loop
      vertex 137.722 96.5776 3.3
      vertex 136.944 95.4135 3.3
      vertex 137.202 95.2021 3.3
    endloop
  endfacet
  facet normal 0 0 1
    outer loop
      vertex 137.186 96.864 3.3
      vertex 136.651 95.5706 3.3
      vertex 136.944 95.4135 3.3
    endloop
  endfacet
  facet normal 0 0 1
    outer loop
      vertex 136.605 97.0404 3.3
      vertex 136.651 95.5706 3.3
      vertex 137.186 96.864 3.3
    endloop
  endfacet
  facet normal 0 0 1
    outer loop
      vertex 136.605 97.0404 3.3
      vertex 136.332 95.6673 3.3
      vertex 136.651 95.5706 3.3
    endloop
  endfacet
  facet normal 0 0 1
    outer loop
      vertex 136 97.1 3.3
      vertex 136.332 95.6673 3.3
      vertex 136.605 97.0404 3.3
    endloop
  endfacet
  facet normal 0 0 1
    outer loop
      vertex 136 97.1 3.3
      vertex 136 95.7 3.3
      vertex 136.332 95.6673 3.3
    endloop
  endfacet
  facet normal 0 0 1
    outer loop
      vertex 136 97.1 3.3
      vertex 135.668 95.6673 3.3
      vertex 136 95.7 3.3
    endloop
  endfacet
  facet normal -0 0 1
    outer loop
      vertex 135.395 97.0404 3.3
      vertex 135.668 95.6673 3.3
      vertex 136 97.1 3.3
    endloop
  endfacet
  facet normal 0 0 1
    outer loop
      vertex 135.395 97.0404 3.3
      vertex 135.349 95.5706 3.3
      vertex 135.668 95.6673 3.3
    endloop
  endfacet
  facet normal -0 0 1
    outer loop
      vertex 134.814 96.864 3.3
      vertex 135.349 95.5706 3.3
      vertex 135.395 97.0404 3.3
    endloop
  endfacet
  facet normal 0 0 1
    outer loop
      vertex 135.349 95.5706 3.3
      vertex 134.814 96.864 3.3
      vertex 135.056 95.4135 3.3
    endloop
  endfacet
  facet normal -0 0 1
    outer loop
      vertex 134.278 96.5776 3.3
      vertex 135.056 95.4135 3.3
      vertex 134.814 96.864 3.3
    endloop
  endfacet
  facet normal 0 0 1
    outer loop
      vertex 135.056 95.4135 3.3
      vertex 134.278 96.5776 3.3
      vertex 134.798 95.2021 3.3
    endloop
  endfacet
  facet normal -0 0 1
    outer loop
      vertex 133.808 96.192 3.3
      vertex 134.798 95.2021 3.3
      vertex 134.278 96.5776 3.3
    endloop
  endfacet
  facet normal 0 0 1
    outer loop
      vertex 134.798 95.2021 3.3
      vertex 133.808 96.192 3.3
      vertex 134.587 94.9445 3.3
    endloop
  endfacet
  facet normal 0 0 1
    outer loop
      vertex 134.587 94.9445 3.3
      vertex 133.422 95.7223 3.3
      vertex 134.429 94.6506 3.3
    endloop
  endfacet
  facet normal -0 0 1
    outer loop
      vertex 133.422 95.7223 3.3
      vertex 134.587 94.9445 3.3
      vertex 133.808 96.192 3.3
    endloop
  endfacet
  facet normal -0 0 1
    outer loop
      vertex 137.413 93.0555 3.3
      vertex 138.578 92.2777 3.3
      vertex 137.571 93.3494 3.3
    endloop
  endfacet
  facet normal 0 0 1
    outer loop
      vertex 138.578 92.2777 3.3
      vertex 137.413 93.0555 3.3
      vertex 138.192 91.808 3.3
    endloop
  endfacet
  facet normal -0 0 1
    outer loop
      vertex 137.202 92.7979 3.3
      vertex 138.192 91.808 3.3
      vertex 137.413 93.0555 3.3
    endloop
  endfacet
  facet normal 0 0 1
    outer loop
      vertex 138.192 91.808 3.3
      vertex 137.202 92.7979 3.3
      vertex 137.722 91.4224 3.3
    endloop
  endfacet
  facet normal -0 0 1
    outer loop
      vertex 136.944 92.5865 3.3
      vertex 137.722 91.4224 3.3
      vertex 137.202 92.7979 3.3
    endloop
  endfacet
  facet normal 0 0 1
    outer loop
      vertex 137.722 91.4224 3.3
      vertex 136.944 92.5865 3.3
      vertex 137.186 91.136 3.3
    endloop
  endfacet
  facet normal -0 0 1
    outer loop
      vertex 136.651 92.4294 3.3
      vertex 137.186 91.136 3.3
      vertex 136.944 92.5865 3.3
    endloop
  endfacet
  facet normal 0 0 1
    outer loop
      vertex 136.651 92.4294 3.3
      vertex 136.605 90.9596 3.3
      vertex 137.186 91.136 3.3
    endloop
  endfacet
  facet normal -0 0 1
    outer loop
      vertex 136.332 92.3327 3.3
      vertex 136.605 90.9596 3.3
      vertex 136.651 92.4294 3.3
    endloop
  endfacet
  facet normal -0 0 1
    outer loop
      vertex 136 92.3 3.3
      vertex 136.605 90.9596 3.3
      vertex 136.332 92.3327 3.3
    endloop
  endfacet
  facet normal 0 0 1
    outer loop
      vertex 136 92.3 3.3
      vertex 136 90.9 3.3
      vertex 136.605 90.9596 3.3
    endloop
  endfacet
  facet normal 0 0 1
    outer loop
      vertex 135.668 92.3327 3.3
      vertex 136 90.9 3.3
      vertex 136 92.3 3.3
    endloop
  endfacet
  facet normal 0 0 1
    outer loop
      vertex 135.668 92.3327 3.3
      vertex 135.395 90.9596 3.3
      vertex 136 90.9 3.3
    endloop
  endfacet
  facet normal 0 0 1
    outer loop
      vertex 135.349 92.4294 3.3
      vertex 135.395 90.9596 3.3
      vertex 135.668 92.3327 3.3
    endloop
  endfacet
  facet normal 0 0 1
    outer loop
      vertex 134.814 91.136 3.3
      vertex 135.349 92.4294 3.3
      vertex 135.056 92.5865 3.3
    endloop
  endfacet
  facet normal 0 0 1
    outer loop
      vertex 135.349 92.4294 3.3
      vertex 134.814 91.136 3.3
      vertex 135.395 90.9596 3.3
    endloop
  endfacet
  facet normal 0 0 1
    outer loop
      vertex 134.278 91.4224 3.3
      vertex 135.056 92.5865 3.3
      vertex 134.798 92.7979 3.3
    endloop
  endfacet
  facet normal 0 0 1
    outer loop
      vertex 133.808 91.808 3.3
      vertex 134.798 92.7979 3.3
      vertex 134.587 93.0555 3.3
    endloop
  endfacet
  facet normal 0 0 1
    outer loop
      vertex 133.422 92.2777 3.3
      vertex 134.587 93.0555 3.3
      vertex 134.429 93.3494 3.3
    endloop
  endfacet
  facet normal 0 0 1
    outer loop
      vertex 133.136 92.8137 3.3
      vertex 134.429 93.3494 3.3
      vertex 134.333 93.6684 3.3
    endloop
  endfacet
  facet normal 0 0 1
    outer loop
      vertex 135.056 92.5865 3.3
      vertex 134.278 91.4224 3.3
      vertex 134.814 91.136 3.3
    endloop
  endfacet
  facet normal 0 0 1
    outer loop
      vertex 132.96 93.3952 3.3
      vertex 134.333 93.6684 3.3
      vertex 134.3 94 3.3
    endloop
  endfacet
  facet normal -0 0 1
    outer loop
      vertex 133.136 95.1863 3.3
      vertex 134.429 94.6506 3.3
      vertex 133.422 95.7223 3.3
    endloop
  endfacet
  facet normal 0 0 1
    outer loop
      vertex 134.429 94.6506 3.3
      vertex 133.136 95.1863 3.3
      vertex 134.333 94.3316 3.3
    endloop
  endfacet
  facet normal 0 0 1
    outer loop
      vertex 134.798 92.7979 3.3
      vertex 133.808 91.808 3.3
      vertex 134.278 91.4224 3.3
    endloop
  endfacet
  facet normal -0 0 1
    outer loop
      vertex 132.96 94.6048 3.3
      vertex 134.333 94.3316 3.3
      vertex 133.136 95.1863 3.3
    endloop
  endfacet
  facet normal 0 0 1
    outer loop
      vertex 134.587 93.0555 3.3
      vertex 133.422 92.2777 3.3
      vertex 133.808 91.808 3.3
    endloop
  endfacet
  facet normal 0 0 1
    outer loop
      vertex 134.333 94.3316 3.3
      vertex 132.96 94.6048 3.3
      vertex 134.3 94 3.3
    endloop
  endfacet
  facet normal 0 0 1
    outer loop
      vertex 134.429 93.3494 3.3
      vertex 133.136 92.8137 3.3
      vertex 133.422 92.2777 3.3
    endloop
  endfacet
  facet normal 0 0 1
    outer loop
      vertex 132.9 94 3.3
      vertex 134.3 94 3.3
      vertex 132.96 94.6048 3.3
    endloop
  endfacet
  facet normal 0 0 1
    outer loop
      vertex 134.333 93.6684 3.3
      vertex 132.96 93.3952 3.3
      vertex 133.136 92.8137 3.3
    endloop
  endfacet
  facet normal 0 0 1
    outer loop
      vertex 134.3 94 3.3
      vertex 132.9 94 3.3
      vertex 132.96 93.3952 3.3
    endloop
  endfacet
  facet normal -0.0980378 0.995183 0
    outer loop
      vertex 136.605 90.9596 3.3
      vertex 136 90.9 6.5
      vertex 136.605 90.9596 6.5
    endloop
  endfacet
  facet normal -0.0980378 0.995183 0
    outer loop
      vertex 136 90.9 6.5
      vertex 136.605 90.9596 3.3
      vertex 136 90.9 3.3
    endloop
  endfacet
  facet normal -0.957121 0.289688 0
    outer loop
      vertex 138.864 92.8137 3.3
      vertex 139.04 93.3952 6.5
      vertex 139.04 93.3952 3.3
    endloop
  endfacet
  facet normal -0.957121 0.289688 0
    outer loop
      vertex 139.04 93.3952 6.5
      vertex 138.864 92.8137 3.3
      vertex 138.864 92.8137 6.5
    endloop
  endfacet
  facet normal -0.772585 0.634911 0
    outer loop
      vertex 138.192 91.808 3.3
      vertex 138.578 92.2777 6.5
      vertex 138.578 92.2777 3.3
    endloop
  endfacet
  facet normal -0.772585 0.634911 0
    outer loop
      vertex 138.578 92.2777 6.5
      vertex 138.192 91.808 3.3
      vertex 138.192 91.808 6.5
    endloop
  endfacet
  facet normal -0.882262 0.470759 0
    outer loop
      vertex 138.578 92.2777 3.3
      vertex 138.864 92.8137 6.5
      vertex 138.864 92.8137 3.3
    endloop
  endfacet
  facet normal -0.882262 0.470759 0
    outer loop
      vertex 138.864 92.8137 6.5
      vertex 138.578 92.2777 3.3
      vertex 138.578 92.2777 6.5
    endloop
  endfacet
  facet normal -0.471271 0.881988 0
    outer loop
      vertex 137.722 91.4224 3.3
      vertex 137.186 91.136 6.5
      vertex 137.722 91.4224 6.5
    endloop
  endfacet
  facet normal -0.471271 0.881988 0
    outer loop
      vertex 137.186 91.136 6.5
      vertex 137.722 91.4224 3.3
      vertex 137.186 91.136 3.3
    endloop
  endfacet
  facet normal 0.957121 0.289688 0
    outer loop
      vertex 133.136 92.8137 6.5
      vertex 132.96 93.3952 3.3
      vertex 132.96 93.3952 6.5
    endloop
  endfacet
  facet normal 0.957121 0.289688 0
    outer loop
      vertex 132.96 93.3952 3.3
      vertex 133.136 92.8137 6.5
      vertex 133.136 92.8137 3.3
    endloop
  endfacet
  facet normal 0.772585 -0.634911 0
    outer loop
      vertex 133.422 95.7223 6.5
      vertex 133.808 96.192 3.3
      vertex 133.808 96.192 6.5
    endloop
  endfacet
  facet normal 0.772585 -0.634911 0
    outer loop
      vertex 133.808 96.192 3.3
      vertex 133.422 95.7223 6.5
      vertex 133.422 95.7223 3.3
    endloop
  endfacet
  facet normal -0.772585 -0.634911 0
    outer loop
      vertex 138.578 95.7223 3.3
      vertex 138.192 96.192 6.5
      vertex 138.192 96.192 3.3
    endloop
  endfacet
  facet normal -0.772585 -0.634911 0
    outer loop
      vertex 138.192 96.192 6.5
      vertex 138.578 95.7223 3.3
      vertex 138.578 95.7223 6.5
    endloop
  endfacet
  facet normal 0.471271 -0.881988 0
    outer loop
      vertex 134.278 96.5776 3.3
      vertex 134.814 96.864 6.5
      vertex 134.278 96.5776 6.5
    endloop
  endfacet
  facet normal 0.471271 -0.881988 0
    outer loop
      vertex 134.814 96.864 6.5
      vertex 134.278 96.5776 3.3
      vertex 134.814 96.864 3.3
    endloop
  endfacet
  facet normal 0.290519 -0.956869 0
    outer loop
      vertex 134.814 96.864 3.3
      vertex 135.395 97.0404 6.5
      vertex 134.814 96.864 6.5
    endloop
  endfacet
  facet normal 0.290519 -0.956869 0
    outer loop
      vertex 135.395 97.0404 6.5
      vertex 134.814 96.864 3.3
      vertex 135.395 97.0404 3.3
    endloop
  endfacet
  facet normal 0.290519 0.956869 -0
    outer loop
      vertex 135.395 90.9596 3.3
      vertex 134.814 91.136 6.5
      vertex 135.395 90.9596 6.5
    endloop
  endfacet
  facet normal 0.290519 0.956869 0
    outer loop
      vertex 134.814 91.136 6.5
      vertex 135.395 90.9596 3.3
      vertex 134.814 91.136 3.3
    endloop
  endfacet
  facet normal 0.634276 -0.773106 0
    outer loop
      vertex 133.808 96.192 3.3
      vertex 134.278 96.5776 6.5
      vertex 133.808 96.192 6.5
    endloop
  endfacet
  facet normal 0.634276 -0.773106 0
    outer loop
      vertex 134.278 96.5776 6.5
      vertex 133.808 96.192 3.3
      vertex 134.278 96.5776 3.3
    endloop
  endfacet
  facet normal -0.290519 -0.956869 0
    outer loop
      vertex 136.605 97.0404 3.3
      vertex 137.186 96.864 6.5
      vertex 136.605 97.0404 6.5
    endloop
  endfacet
  facet normal -0.290519 -0.956869 -0
    outer loop
      vertex 137.186 96.864 6.5
      vertex 136.605 97.0404 3.3
      vertex 137.186 96.864 3.3
    endloop
  endfacet
  facet normal -0.634276 0.773106 0
    outer loop
      vertex 138.192 91.808 3.3
      vertex 137.722 91.4224 6.5
      vertex 138.192 91.808 6.5
    endloop
  endfacet
  facet normal -0.634276 0.773106 0
    outer loop
      vertex 137.722 91.4224 6.5
      vertex 138.192 91.808 3.3
      vertex 137.722 91.4224 3.3
    endloop
  endfacet
  facet normal 0.995115 -0.0987217 0
    outer loop
      vertex 132.9 94 6.5
      vertex 132.96 94.6048 3.3
      vertex 132.96 94.6048 6.5
    endloop
  endfacet
  facet normal 0.995115 -0.0987217 0
    outer loop
      vertex 132.96 94.6048 3.3
      vertex 132.9 94 6.5
      vertex 132.9 94 3.3
    endloop
  endfacet
  facet normal -0.0980378 -0.995183 0
    outer loop
      vertex 136 97.1 3.3
      vertex 136.605 97.0404 6.5
      vertex 136 97.1 6.5
    endloop
  endfacet
  facet normal -0.0980378 -0.995183 -0
    outer loop
      vertex 136.605 97.0404 6.5
      vertex 136 97.1 3.3
      vertex 136.605 97.0404 3.3
    endloop
  endfacet
  facet normal -0.471271 -0.881988 0
    outer loop
      vertex 137.186 96.864 3.3
      vertex 137.722 96.5776 6.5
      vertex 137.186 96.864 6.5
    endloop
  endfacet
  facet normal -0.471271 -0.881988 -0
    outer loop
      vertex 137.722 96.5776 6.5
      vertex 137.186 96.864 3.3
      vertex 137.722 96.5776 3.3
    endloop
  endfacet
  facet normal 0.772585 0.634911 0
    outer loop
      vertex 133.808 91.808 6.5
      vertex 133.422 92.2777 3.3
      vertex 133.422 92.2777 6.5
    endloop
  endfacet
  facet normal 0.772585 0.634911 0
    outer loop
      vertex 133.422 92.2777 3.3
      vertex 133.808 91.808 6.5
      vertex 133.808 91.808 3.3
    endloop
  endfacet
  facet normal 0.0980378 0.995183 -0
    outer loop
      vertex 136 90.9 3.3
      vertex 135.395 90.9596 6.5
      vertex 136 90.9 6.5
    endloop
  endfacet
  facet normal 0.0980378 0.995183 0
    outer loop
      vertex 135.395 90.9596 6.5
      vertex 136 90.9 3.3
      vertex 135.395 90.9596 3.3
    endloop
  endfacet
  facet normal 0.634276 0.773106 -0
    outer loop
      vertex 134.278 91.4224 3.3
      vertex 133.808 91.808 6.5
      vertex 134.278 91.4224 6.5
    endloop
  endfacet
  facet normal 0.634276 0.773106 0
    outer loop
      vertex 133.808 91.808 6.5
      vertex 134.278 91.4224 3.3
      vertex 133.808 91.808 3.3
    endloop
  endfacet
  facet normal 0.957121 -0.289688 0
    outer loop
      vertex 132.96 94.6048 6.5
      vertex 133.136 95.1863 3.3
      vertex 133.136 95.1863 6.5
    endloop
  endfacet
  facet normal 0.957121 -0.289688 0
    outer loop
      vertex 133.136 95.1863 3.3
      vertex 132.96 94.6048 6.5
      vertex 132.96 94.6048 3.3
    endloop
  endfacet
  facet normal 0.882262 -0.470759 0
    outer loop
      vertex 133.136 95.1863 6.5
      vertex 133.422 95.7223 3.3
      vertex 133.422 95.7223 6.5
    endloop
  endfacet
  facet normal 0.882262 -0.470759 0
    outer loop
      vertex 133.422 95.7223 3.3
      vertex 133.136 95.1863 6.5
      vertex 133.136 95.1863 3.3
    endloop
  endfacet
  facet normal 0.995115 0.0987217 0
    outer loop
      vertex 132.96 93.3952 6.5
      vertex 132.9 94 3.3
      vertex 132.9 94 6.5
    endloop
  endfacet
  facet normal 0.995115 0.0987217 0
    outer loop
      vertex 132.9 94 3.3
      vertex 132.96 93.3952 6.5
      vertex 132.96 93.3952 3.3
    endloop
  endfacet
  facet normal 0.0980197 0.995184 -0
    outer loop
      vertex 172 92.3 0
      vertex 171.668 92.3327 3.3
      vertex 172 92.3 3.3
    endloop
  endfacet
  facet normal 0.0980197 0.995184 0
    outer loop
      vertex 171.668 92.3327 3.3
      vertex 172 92.3 0
      vertex 171.668 92.3327 0
    endloop
  endfacet
  facet normal -0.773609 0.633663 0
    outer loop
      vertex 173.202 92.7979 0
      vertex 173.413 93.0555 3.3
      vertex 173.413 93.0555 0
    endloop
  endfacet
  facet normal -0.773609 0.633663 0
    outer loop
      vertex 173.413 93.0555 3.3
      vertex 173.202 92.7979 0
      vertex 173.202 92.7979 3.3
    endloop
  endfacet
  facet normal -0.957578 -0.288174 0
    outer loop
      vertex 173.667 94.3316 0
      vertex 173.571 94.6506 3.3
      vertex 173.571 94.6506 0
    endloop
  endfacet
  facet normal -0.957578 -0.288174 0
    outer loop
      vertex 173.571 94.6506 3.3
      vertex 173.667 94.3316 0
      vertex 173.667 94.3316 3.3
    endloop
  endfacet
  facet normal -0.995085 -0.0990283 0
    outer loop
      vertex 173.7 94 0
      vertex 173.667 94.3316 3.3
      vertex 173.667 94.3316 0
    endloop
  endfacet
  facet normal -0.995085 -0.0990283 0
    outer loop
      vertex 173.667 94.3316 3.3
      vertex 173.7 94 0
      vertex 173.7 94 3.3
    endloop
  endfacet
  facet normal -0.880788 -0.47351 0
    outer loop
      vertex 173.571 94.6506 0
      vertex 173.413 94.9445 3.3
      vertex 173.413 94.9445 0
    endloop
  endfacet
  facet normal -0.880788 -0.47351 0
    outer loop
      vertex 173.413 94.9445 3.3
      vertex 173.571 94.6506 0
      vertex 173.571 94.6506 3.3
    endloop
  endfacet
  facet normal 0.880788 0.47351 0
    outer loop
      vertex 170.587 93.0555 3.3
      vertex 170.429 93.3494 0
      vertex 170.429 93.3494 3.3
    endloop
  endfacet
  facet normal 0.880788 0.47351 0
    outer loop
      vertex 170.429 93.3494 0
      vertex 170.587 93.0555 3.3
      vertex 170.587 93.0555 0
    endloop
  endfacet
  facet normal -0.995085 0.0990283 0
    outer loop
      vertex 173.667 93.6684 0
      vertex 173.7 94 3.3
      vertex 173.7 94 0
    endloop
  endfacet
  facet normal -0.995085 0.0990283 0
    outer loop
      vertex 173.7 94 3.3
      vertex 173.667 93.6684 0
      vertex 173.667 93.6684 3.3
    endloop
  endfacet
  facet normal -0.290099 0.956997 0
    outer loop
      vertex 172.651 92.4294 0
      vertex 172.332 92.3327 3.3
      vertex 172.651 92.4294 3.3
    endloop
  endfacet
  facet normal -0.290099 0.956997 0
    outer loop
      vertex 172.332 92.3327 3.3
      vertex 172.651 92.4294 0
      vertex 172.332 92.3327 0
    endloop
  endfacet
  facet normal 0.995085 0.0990283 0
    outer loop
      vertex 170.333 93.6684 3.3
      vertex 170.3 94 0
      vertex 170.3 94 3.3
    endloop
  endfacet
  facet normal 0.995085 0.0990283 0
    outer loop
      vertex 170.3 94 0
      vertex 170.333 93.6684 3.3
      vertex 170.333 93.6684 0
    endloop
  endfacet
  facet normal -0.0980197 -0.995184 0
    outer loop
      vertex 172 95.7 0
      vertex 172.332 95.6673 3.3
      vertex 172 95.7 3.3
    endloop
  endfacet
  facet normal -0.0980197 -0.995184 -0
    outer loop
      vertex 172.332 95.6673 3.3
      vertex 172 95.7 0
      vertex 172.332 95.6673 0
    endloop
  endfacet
  facet normal -0.957578 0.288174 0
    outer loop
      vertex 173.571 93.3494 0
      vertex 173.667 93.6684 3.3
      vertex 173.667 93.6684 0
    endloop
  endfacet
  facet normal -0.957578 0.288174 0
    outer loop
      vertex 173.667 93.6684 3.3
      vertex 173.571 93.3494 0
      vertex 173.571 93.3494 3.3
    endloop
  endfacet
  facet normal 0.290099 0.956997 -0
    outer loop
      vertex 171.668 92.3327 0
      vertex 171.349 92.4294 3.3
      vertex 171.668 92.3327 3.3
    endloop
  endfacet
  facet normal 0.290099 0.956997 0
    outer loop
      vertex 171.349 92.4294 3.3
      vertex 171.668 92.3327 0
      vertex 171.349 92.4294 0
    endloop
  endfacet
  facet normal 0.995085 -0.0990283 0
    outer loop
      vertex 170.3 94 3.3
      vertex 170.333 94.3316 0
      vertex 170.333 94.3316 3.3
    endloop
  endfacet
  facet normal 0.995085 -0.0990283 0
    outer loop
      vertex 170.333 94.3316 0
      vertex 170.3 94 3.3
      vertex 170.3 94 0
    endloop
  endfacet
  facet normal -0.472539 -0.88131 0
    outer loop
      vertex 172.651 95.5706 0
      vertex 172.944 95.4135 3.3
      vertex 172.651 95.5706 3.3
    endloop
  endfacet
  facet normal -0.472539 -0.88131 -0
    outer loop
      vertex 172.944 95.4135 3.3
      vertex 172.651 95.5706 0
      vertex 172.944 95.4135 0
    endloop
  endfacet
  facet normal -0.290099 -0.956997 0
    outer loop
      vertex 172.332 95.6673 0
      vertex 172.651 95.5706 3.3
      vertex 172.332 95.6673 3.3
    endloop
  endfacet
  facet normal -0.290099 -0.956997 -0
    outer loop
      vertex 172.651 95.5706 3.3
      vertex 172.332 95.6673 0
      vertex 172.651 95.5706 0
    endloop
  endfacet
  facet normal 0.0980197 -0.995184 0
    outer loop
      vertex 171.668 95.6673 0
      vertex 172 95.7 3.3
      vertex 171.668 95.6673 3.3
    endloop
  endfacet
  facet normal 0.0980197 -0.995184 0
    outer loop
      vertex 172 95.7 3.3
      vertex 171.668 95.6673 0
      vertex 172 95.7 0
    endloop
  endfacet
  facet normal 0.957578 -0.288174 0
    outer loop
      vertex 170.333 94.3316 3.3
      vertex 170.429 94.6506 0
      vertex 170.429 94.6506 3.3
    endloop
  endfacet
  facet normal 0.957578 -0.288174 0
    outer loop
      vertex 170.429 94.6506 0
      vertex 170.333 94.3316 3.3
      vertex 170.333 94.3316 0
    endloop
  endfacet
  facet normal 0.633793 -0.773503 0
    outer loop
      vertex 170.798 95.2021 0
      vertex 171.056 95.4135 3.3
      vertex 170.798 95.2021 3.3
    endloop
  endfacet
  facet normal 0.633793 -0.773503 0
    outer loop
      vertex 171.056 95.4135 3.3
      vertex 170.798 95.2021 0
      vertex 171.056 95.4135 0
    endloop
  endfacet
  facet normal -0.773609 -0.633663 0
    outer loop
      vertex 173.413 94.9445 0
      vertex 173.202 95.2021 3.3
      vertex 173.202 95.2021 0
    endloop
  endfacet
  facet normal -0.773609 -0.633663 0
    outer loop
      vertex 173.202 95.2021 3.3
      vertex 173.413 94.9445 0
      vertex 173.413 94.9445 3.3
    endloop
  endfacet
  facet normal 0.472539 -0.88131 0
    outer loop
      vertex 171.056 95.4135 0
      vertex 171.349 95.5706 3.3
      vertex 171.056 95.4135 3.3
    endloop
  endfacet
  facet normal 0.472539 -0.88131 0
    outer loop
      vertex 171.349 95.5706 3.3
      vertex 171.056 95.4135 0
      vertex 171.349 95.5706 0
    endloop
  endfacet
  facet normal -0.472539 0.88131 0
    outer loop
      vertex 172.944 92.5865 0
      vertex 172.651 92.4294 3.3
      vertex 172.944 92.5865 3.3
    endloop
  endfacet
  facet normal -0.472539 0.88131 0
    outer loop
      vertex 172.651 92.4294 3.3
      vertex 172.944 92.5865 0
      vertex 172.651 92.4294 0
    endloop
  endfacet
  facet normal -0.880788 0.47351 0
    outer loop
      vertex 173.413 93.0555 0
      vertex 173.571 93.3494 3.3
      vertex 173.571 93.3494 0
    endloop
  endfacet
  facet normal -0.880788 0.47351 0
    outer loop
      vertex 173.571 93.3494 3.3
      vertex 173.413 93.0555 0
      vertex 173.413 93.0555 3.3
    endloop
  endfacet
  facet normal -0.633793 -0.773503 0
    outer loop
      vertex 172.944 95.4135 0
      vertex 173.202 95.2021 3.3
      vertex 172.944 95.4135 3.3
    endloop
  endfacet
  facet normal -0.633793 -0.773503 -0
    outer loop
      vertex 173.202 95.2021 3.3
      vertex 172.944 95.4135 0
      vertex 173.202 95.2021 0
    endloop
  endfacet
  facet normal -0.633793 0.773503 0
    outer loop
      vertex 173.202 92.7979 0
      vertex 172.944 92.5865 3.3
      vertex 173.202 92.7979 3.3
    endloop
  endfacet
  facet normal -0.633793 0.773503 0
    outer loop
      vertex 172.944 92.5865 3.3
      vertex 173.202 92.7979 0
      vertex 172.944 92.5865 0
    endloop
  endfacet
  facet normal 0.290099 -0.956997 0
    outer loop
      vertex 171.349 95.5706 0
      vertex 171.668 95.6673 3.3
      vertex 171.349 95.5706 3.3
    endloop
  endfacet
  facet normal 0.290099 -0.956997 0
    outer loop
      vertex 171.668 95.6673 3.3
      vertex 171.349 95.5706 0
      vertex 171.668 95.6673 0
    endloop
  endfacet
  facet normal -0.0980197 0.995184 0
    outer loop
      vertex 172.332 92.3327 0
      vertex 172 92.3 3.3
      vertex 172.332 92.3327 3.3
    endloop
  endfacet
  facet normal -0.0980197 0.995184 0
    outer loop
      vertex 172 92.3 3.3
      vertex 172.332 92.3327 0
      vertex 172 92.3 0
    endloop
  endfacet
  facet normal 0.957578 0.288174 0
    outer loop
      vertex 170.429 93.3494 3.3
      vertex 170.333 93.6684 0
      vertex 170.333 93.6684 3.3
    endloop
  endfacet
  facet normal 0.957578 0.288174 0
    outer loop
      vertex 170.333 93.6684 0
      vertex 170.429 93.3494 3.3
      vertex 170.429 93.3494 0
    endloop
  endfacet
  facet normal 0.773609 -0.633663 0
    outer loop
      vertex 170.587 94.9445 3.3
      vertex 170.798 95.2021 0
      vertex 170.798 95.2021 3.3
    endloop
  endfacet
  facet normal 0.773609 -0.633663 0
    outer loop
      vertex 170.798 95.2021 0
      vertex 170.587 94.9445 3.3
      vertex 170.587 94.9445 0
    endloop
  endfacet
  facet normal 0.773609 0.633663 0
    outer loop
      vertex 170.798 92.7979 3.3
      vertex 170.587 93.0555 0
      vertex 170.587 93.0555 3.3
    endloop
  endfacet
  facet normal 0.773609 0.633663 0
    outer loop
      vertex 170.587 93.0555 0
      vertex 170.798 92.7979 3.3
      vertex 170.798 92.7979 0
    endloop
  endfacet
  facet normal 0.633793 0.773503 -0
    outer loop
      vertex 171.056 92.5865 0
      vertex 170.798 92.7979 3.3
      vertex 171.056 92.5865 3.3
    endloop
  endfacet
  facet normal 0.633793 0.773503 0
    outer loop
      vertex 170.798 92.7979 3.3
      vertex 171.056 92.5865 0
      vertex 170.798 92.7979 0
    endloop
  endfacet
  facet normal 0.472539 0.88131 -0
    outer loop
      vertex 171.349 92.4294 0
      vertex 171.056 92.5865 3.3
      vertex 171.349 92.4294 3.3
    endloop
  endfacet
  facet normal 0.472539 0.88131 0
    outer loop
      vertex 171.056 92.5865 3.3
      vertex 171.349 92.4294 0
      vertex 171.056 92.5865 0
    endloop
  endfacet
  facet normal 0.880788 -0.47351 0
    outer loop
      vertex 170.429 94.6506 3.3
      vertex 170.587 94.9445 0
      vertex 170.587 94.9445 3.3
    endloop
  endfacet
  facet normal 0.880788 -0.47351 0
    outer loop
      vertex 170.587 94.9445 0
      vertex 170.429 94.6506 3.3
      vertex 170.429 94.6506 0
    endloop
  endfacet
  facet normal -0.290519 0.956869 0
    outer loop
      vertex 173.186 91.136 3.3
      vertex 172.605 90.9596 6.5
      vertex 173.186 91.136 6.5
    endloop
  endfacet
  facet normal -0.290519 0.956869 0
    outer loop
      vertex 172.605 90.9596 6.5
      vertex 173.186 91.136 3.3
      vertex 172.605 90.9596 3.3
    endloop
  endfacet
  facet normal -0.957121 -0.289688 0
    outer loop
      vertex 175.04 94.6048 3.3
      vertex 174.864 95.1863 6.5
      vertex 174.864 95.1863 3.3
    endloop
  endfacet
  facet normal -0.957121 -0.289688 0
    outer loop
      vertex 174.864 95.1863 6.5
      vertex 175.04 94.6048 3.3
      vertex 175.04 94.6048 6.5
    endloop
  endfacet
  facet normal -0.995115 -0.0987217 0
    outer loop
      vertex 175.1 94 3.3
      vertex 175.04 94.6048 6.5
      vertex 175.04 94.6048 3.3
    endloop
  endfacet
  facet normal -0.995115 -0.0987217 0
    outer loop
      vertex 175.04 94.6048 6.5
      vertex 175.1 94 3.3
      vertex 175.1 94 6.5
    endloop
  endfacet
  facet normal -0.882262 -0.470759 0
    outer loop
      vertex 174.864 95.1863 3.3
      vertex 174.578 95.7223 6.5
      vertex 174.578 95.7223 3.3
    endloop
  endfacet
  facet normal -0.882262 -0.470759 0
    outer loop
      vertex 174.578 95.7223 6.5
      vertex 174.864 95.1863 3.3
      vertex 174.864 95.1863 6.5
    endloop
  endfacet
  facet normal -0.995115 0.0987217 0
    outer loop
      vertex 175.04 93.3952 3.3
      vertex 175.1 94 6.5
      vertex 175.1 94 3.3
    endloop
  endfacet
  facet normal -0.995115 0.0987217 0
    outer loop
      vertex 175.1 94 6.5
      vertex 175.04 93.3952 3.3
      vertex 175.04 93.3952 6.5
    endloop
  endfacet
  facet normal 0.471271 0.881988 -0
    outer loop
      vertex 170.814 91.136 3.3
      vertex 170.278 91.4224 6.5
      vertex 170.814 91.136 6.5
    endloop
  endfacet
  facet normal 0.471271 0.881988 0
    outer loop
      vertex 170.278 91.4224 6.5
      vertex 170.814 91.136 3.3
      vertex 170.278 91.4224 3.3
    endloop
  endfacet
  facet normal -0.634276 -0.773106 0
    outer loop
      vertex 173.722 96.5776 3.3
      vertex 174.192 96.192 6.5
      vertex 173.722 96.5776 6.5
    endloop
  endfacet
  facet normal -0.634276 -0.773106 -0
    outer loop
      vertex 174.192 96.192 6.5
      vertex 173.722 96.5776 3.3
      vertex 174.192 96.192 3.3
    endloop
  endfacet
  facet normal 0.0980378 -0.995183 0
    outer loop
      vertex 171.395 97.0404 3.3
      vertex 172 97.1 6.5
      vertex 171.395 97.0404 6.5
    endloop
  endfacet
  facet normal 0.0980378 -0.995183 0
    outer loop
      vertex 172 97.1 6.5
      vertex 171.395 97.0404 3.3
      vertex 172 97.1 3.3
    endloop
  endfacet
  facet normal 0.882262 0.470759 0
    outer loop
      vertex 169.422 92.2777 6.5
      vertex 169.136 92.8137 3.3
      vertex 169.136 92.8137 6.5
    endloop
  endfacet
  facet normal 0.882262 0.470759 0
    outer loop
      vertex 169.136 92.8137 3.3
      vertex 169.422 92.2777 6.5
      vertex 169.422 92.2777 3.3
    endloop
  endfacet
  facet normal 0 0 1
    outer loop
      vertex 173.7 94 3.3
      vertex 175.1 94 3.3
      vertex 175.04 94.6048 3.3
    endloop
  endfacet
  facet normal 0 0 1
    outer loop
      vertex 173.667 94.3316 3.3
      vertex 175.04 94.6048 3.3
      vertex 174.864 95.1863 3.3
    endloop
  endfacet
  facet normal 0 0 1
    outer loop
      vertex 175.1 94 3.3
      vertex 173.7 94 3.3
      vertex 175.04 93.3952 3.3
    endloop
  endfacet
  facet normal 0 0 1
    outer loop
      vertex 173.571 94.6506 3.3
      vertex 174.864 95.1863 3.3
      vertex 174.578 95.7223 3.3
    endloop
  endfacet
  facet normal -0 0 1
    outer loop
      vertex 173.667 93.6684 3.3
      vertex 175.04 93.3952 3.3
      vertex 173.7 94 3.3
    endloop
  endfacet
  facet normal 0 0 1
    outer loop
      vertex 173.413 94.9445 3.3
      vertex 174.578 95.7223 3.3
      vertex 174.192 96.192 3.3
    endloop
  endfacet
  facet normal 0 0 1
    outer loop
      vertex 175.04 93.3952 3.3
      vertex 173.667 93.6684 3.3
      vertex 174.864 92.8137 3.3
    endloop
  endfacet
  facet normal 0 0 1
    outer loop
      vertex 173.202 95.2021 3.3
      vertex 174.192 96.192 3.3
      vertex 173.722 96.5776 3.3
    endloop
  endfacet
  facet normal -0 0 1
    outer loop
      vertex 173.571 93.3494 3.3
      vertex 174.864 92.8137 3.3
      vertex 173.667 93.6684 3.3
    endloop
  endfacet
  facet normal 0 0 1
    outer loop
      vertex 174.864 92.8137 3.3
      vertex 173.571 93.3494 3.3
      vertex 174.578 92.2777 3.3
    endloop
  endfacet
  facet normal 0 0 1
    outer loop
      vertex 175.04 94.6048 3.3
      vertex 173.667 94.3316 3.3
      vertex 173.7 94 3.3
    endloop
  endfacet
  facet normal 0 0 1
    outer loop
      vertex 174.864 95.1863 3.3
      vertex 173.571 94.6506 3.3
      vertex 173.667 94.3316 3.3
    endloop
  endfacet
  facet normal 0 0 1
    outer loop
      vertex 174.578 95.7223 3.3
      vertex 173.413 94.9445 3.3
      vertex 173.571 94.6506 3.3
    endloop
  endfacet
  facet normal 0 0 1
    outer loop
      vertex 174.192 96.192 3.3
      vertex 173.202 95.2021 3.3
      vertex 173.413 94.9445 3.3
    endloop
  endfacet
  facet normal 0 0 1
    outer loop
      vertex 172.944 95.4135 3.3
      vertex 173.722 96.5776 3.3
      vertex 173.186 96.864 3.3
    endloop
  endfacet
  facet normal 0 0 1
    outer loop
      vertex 173.722 96.5776 3.3
      vertex 172.944 95.4135 3.3
      vertex 173.202 95.2021 3.3
    endloop
  endfacet
  facet normal 0 0 1
    outer loop
      vertex 173.186 96.864 3.3
      vertex 172.651 95.5706 3.3
      vertex 172.944 95.4135 3.3
    endloop
  endfacet
  facet normal 0 0 1
    outer loop
      vertex 172.605 97.0404 3.3
      vertex 172.651 95.5706 3.3
      vertex 173.186 96.864 3.3
    endloop
  endfacet
  facet normal 0 0 1
    outer loop
      vertex 172.605 97.0404 3.3
      vertex 172.332 95.6673 3.3
      vertex 172.651 95.5706 3.3
    endloop
  endfacet
  facet normal 0 0 1
    outer loop
      vertex 172 97.1 3.3
      vertex 172.332 95.6673 3.3
      vertex 172.605 97.0404 3.3
    endloop
  endfacet
  facet normal 0 0 1
    outer loop
      vertex 172 97.1 3.3
      vertex 172 95.7 3.3
      vertex 172.332 95.6673 3.3
    endloop
  endfacet
  facet normal 0 0 1
    outer loop
      vertex 172 97.1 3.3
      vertex 171.668 95.6673 3.3
      vertex 172 95.7 3.3
    endloop
  endfacet
  facet normal -0 0 1
    outer loop
      vertex 171.395 97.0404 3.3
      vertex 171.668 95.6673 3.3
      vertex 172 97.1 3.3
    endloop
  endfacet
  facet normal 0 0 1
    outer loop
      vertex 171.395 97.0404 3.3
      vertex 171.349 95.5706 3.3
      vertex 171.668 95.6673 3.3
    endloop
  endfacet
  facet normal -0 0 1
    outer loop
      vertex 170.814 96.864 3.3
      vertex 171.349 95.5706 3.3
      vertex 171.395 97.0404 3.3
    endloop
  endfacet
  facet normal 0 0 1
    outer loop
      vertex 171.349 95.5706 3.3
      vertex 170.814 96.864 3.3
      vertex 171.056 95.4135 3.3
    endloop
  endfacet
  facet normal -0 0 1
    outer loop
      vertex 170.278 96.5776 3.3
      vertex 171.056 95.4135 3.3
      vertex 170.814 96.864 3.3
    endloop
  endfacet
  facet normal 0 0 1
    outer loop
      vertex 171.056 95.4135 3.3
      vertex 170.278 96.5776 3.3
      vertex 170.798 95.2021 3.3
    endloop
  endfacet
  facet normal -0 0 1
    outer loop
      vertex 169.808 96.192 3.3
      vertex 170.798 95.2021 3.3
      vertex 170.278 96.5776 3.3
    endloop
  endfacet
  facet normal 0 0 1
    outer loop
      vertex 170.798 95.2021 3.3
      vertex 169.808 96.192 3.3
      vertex 170.587 94.9445 3.3
    endloop
  endfacet
  facet normal 0 0 1
    outer loop
      vertex 170.587 94.9445 3.3
      vertex 169.422 95.7223 3.3
      vertex 170.429 94.6506 3.3
    endloop
  endfacet
  facet normal -0 0 1
    outer loop
      vertex 169.422 95.7223 3.3
      vertex 170.587 94.9445 3.3
      vertex 169.808 96.192 3.3
    endloop
  endfacet
  facet normal -0 0 1
    outer loop
      vertex 173.413 93.0555 3.3
      vertex 174.578 92.2777 3.3
      vertex 173.571 93.3494 3.3
    endloop
  endfacet
  facet normal 0 0 1
    outer loop
      vertex 174.578 92.2777 3.3
      vertex 173.413 93.0555 3.3
      vertex 174.192 91.808 3.3
    endloop
  endfacet
  facet normal -0 0 1
    outer loop
      vertex 173.202 92.7979 3.3
      vertex 174.192 91.808 3.3
      vertex 173.413 93.0555 3.3
    endloop
  endfacet
  facet normal 0 0 1
    outer loop
      vertex 174.192 91.808 3.3
      vertex 173.202 92.7979 3.3
      vertex 173.722 91.4224 3.3
    endloop
  endfacet
  facet normal -0 0 1
    outer loop
      vertex 172.944 92.5865 3.3
      vertex 173.722 91.4224 3.3
      vertex 173.202 92.7979 3.3
    endloop
  endfacet
  facet normal 0 0 1
    outer loop
      vertex 173.722 91.4224 3.3
      vertex 172.944 92.5865 3.3
      vertex 173.186 91.136 3.3
    endloop
  endfacet
  facet normal -0 0 1
    outer loop
      vertex 172.651 92.4294 3.3
      vertex 173.186 91.136 3.3
      vertex 172.944 92.5865 3.3
    endloop
  endfacet
  facet normal 0 0 1
    outer loop
      vertex 172.651 92.4294 3.3
      vertex 172.605 90.9596 3.3
      vertex 173.186 91.136 3.3
    endloop
  endfacet
  facet normal -0 0 1
    outer loop
      vertex 172.332 92.3327 3.3
      vertex 172.605 90.9596 3.3
      vertex 172.651 92.4294 3.3
    endloop
  endfacet
  facet normal -0 0 1
    outer loop
      vertex 172 92.3 3.3
      vertex 172.605 90.9596 3.3
      vertex 172.332 92.3327 3.3
    endloop
  endfacet
  facet normal 0 0 1
    outer loop
      vertex 172 92.3 3.3
      vertex 172 90.9 3.3
      vertex 172.605 90.9596 3.3
    endloop
  endfacet
  facet normal 0 0 1
    outer loop
      vertex 171.668 92.3327 3.3
      vertex 172 90.9 3.3
      vertex 172 92.3 3.3
    endloop
  endfacet
  facet normal 0 0 1
    outer loop
      vertex 171.668 92.3327 3.3
      vertex 171.395 90.9596 3.3
      vertex 172 90.9 3.3
    endloop
  endfacet
  facet normal 0 0 1
    outer loop
      vertex 171.349 92.4294 3.3
      vertex 171.395 90.9596 3.3
      vertex 171.668 92.3327 3.3
    endloop
  endfacet
  facet normal 0 0 1
    outer loop
      vertex 170.814 91.136 3.3
      vertex 171.349 92.4294 3.3
      vertex 171.056 92.5865 3.3
    endloop
  endfacet
  facet normal 0 0 1
    outer loop
      vertex 171.349 92.4294 3.3
      vertex 170.814 91.136 3.3
      vertex 171.395 90.9596 3.3
    endloop
  endfacet
  facet normal 0 0 1
    outer loop
      vertex 170.278 91.4224 3.3
      vertex 171.056 92.5865 3.3
      vertex 170.798 92.7979 3.3
    endloop
  endfacet
  facet normal 0 0 1
    outer loop
      vertex 169.808 91.808 3.3
      vertex 170.798 92.7979 3.3
      vertex 170.587 93.0555 3.3
    endloop
  endfacet
  facet normal 0 0 1
    outer loop
      vertex 169.422 92.2777 3.3
      vertex 170.587 93.0555 3.3
      vertex 170.429 93.3494 3.3
    endloop
  endfacet
  facet normal 0 0 1
    outer loop
      vertex 169.136 92.8137 3.3
      vertex 170.429 93.3494 3.3
      vertex 170.333 93.6684 3.3
    endloop
  endfacet
  facet normal 0 0 1
    outer loop
      vertex 171.056 92.5865 3.3
      vertex 170.278 91.4224 3.3
      vertex 170.814 91.136 3.3
    endloop
  endfacet
  facet normal 0 0 1
    outer loop
      vertex 168.96 93.3952 3.3
      vertex 170.333 93.6684 3.3
      vertex 170.3 94 3.3
    endloop
  endfacet
  facet normal -0 0 1
    outer loop
      vertex 169.136 95.1863 3.3
      vertex 170.429 94.6506 3.3
      vertex 169.422 95.7223 3.3
    endloop
  endfacet
  facet normal 0 0 1
    outer loop
      vertex 170.429 94.6506 3.3
      vertex 169.136 95.1863 3.3
      vertex 170.333 94.3316 3.3
    endloop
  endfacet
  facet normal 0 0 1
    outer loop
      vertex 170.798 92.7979 3.3
      vertex 169.808 91.808 3.3
      vertex 170.278 91.4224 3.3
    endloop
  endfacet
  facet normal -0 0 1
    outer loop
      vertex 168.96 94.6048 3.3
      vertex 170.333 94.3316 3.3
      vertex 169.136 95.1863 3.3
    endloop
  endfacet
  facet normal 0 0 1
    outer loop
      vertex 170.587 93.0555 3.3
      vertex 169.422 92.2777 3.3
      vertex 169.808 91.808 3.3
    endloop
  endfacet
  facet normal 0 0 1
    outer loop
      vertex 170.333 94.3316 3.3
      vertex 168.96 94.6048 3.3
      vertex 170.3 94 3.3
    endloop
  endfacet
  facet normal 0 0 1
    outer loop
      vertex 170.429 93.3494 3.3
      vertex 169.136 92.8137 3.3
      vertex 169.422 92.2777 3.3
    endloop
  endfacet
  facet normal 0 0 1
    outer loop
      vertex 168.9 94 3.3
      vertex 170.3 94 3.3
      vertex 168.96 94.6048 3.3
    endloop
  endfacet
  facet normal 0 0 1
    outer loop
      vertex 170.333 93.6684 3.3
      vertex 168.96 93.3952 3.3
      vertex 169.136 92.8137 3.3
    endloop
  endfacet
  facet normal 0 0 1
    outer loop
      vertex 170.3 94 3.3
      vertex 168.9 94 3.3
      vertex 168.96 93.3952 3.3
    endloop
  endfacet
  facet normal -0.0980378 0.995183 0
    outer loop
      vertex 172.605 90.9596 3.3
      vertex 172 90.9 6.5
      vertex 172.605 90.9596 6.5
    endloop
  endfacet
  facet normal -0.0980378 0.995183 0
    outer loop
      vertex 172 90.9 6.5
      vertex 172.605 90.9596 3.3
      vertex 172 90.9 3.3
    endloop
  endfacet
  facet normal -0.957121 0.289688 0
    outer loop
      vertex 174.864 92.8137 3.3
      vertex 175.04 93.3952 6.5
      vertex 175.04 93.3952 3.3
    endloop
  endfacet
  facet normal -0.957121 0.289688 0
    outer loop
      vertex 175.04 93.3952 6.5
      vertex 174.864 92.8137 3.3
      vertex 174.864 92.8137 6.5
    endloop
  endfacet
  facet normal -0.772585 0.634911 0
    outer loop
      vertex 174.192 91.808 3.3
      vertex 174.578 92.2777 6.5
      vertex 174.578 92.2777 3.3
    endloop
  endfacet
  facet normal -0.772585 0.634911 0
    outer loop
      vertex 174.578 92.2777 6.5
      vertex 174.192 91.808 3.3
      vertex 174.192 91.808 6.5
    endloop
  endfacet
  facet normal 0.0980378 0.995183 -0
    outer loop
      vertex 172 90.9 3.3
      vertex 171.395 90.9596 6.5
      vertex 172 90.9 6.5
    endloop
  endfacet
  facet normal 0.0980378 0.995183 0
    outer loop
      vertex 171.395 90.9596 6.5
      vertex 172 90.9 3.3
      vertex 171.395 90.9596 3.3
    endloop
  endfacet
  facet normal -0.882262 0.470759 0
    outer loop
      vertex 174.578 92.2777 3.3
      vertex 174.864 92.8137 6.5
      vertex 174.864 92.8137 3.3
    endloop
  endfacet
  facet normal -0.882262 0.470759 0
    outer loop
      vertex 174.864 92.8137 6.5
      vertex 174.578 92.2777 3.3
      vertex 174.578 92.2777 6.5
    endloop
  endfacet
  facet normal -0.471271 0.881988 0
    outer loop
      vertex 173.722 91.4224 3.3
      vertex 173.186 91.136 6.5
      vertex 173.722 91.4224 6.5
    endloop
  endfacet
  facet normal -0.471271 0.881988 0
    outer loop
      vertex 173.186 91.136 6.5
      vertex 173.722 91.4224 3.3
      vertex 173.186 91.136 3.3
    endloop
  endfacet
  facet normal 0.957121 0.289688 0
    outer loop
      vertex 169.136 92.8137 6.5
      vertex 168.96 93.3952 3.3
      vertex 168.96 93.3952 6.5
    endloop
  endfacet
  facet normal 0.957121 0.289688 0
    outer loop
      vertex 168.96 93.3952 3.3
      vertex 169.136 92.8137 6.5
      vertex 169.136 92.8137 3.3
    endloop
  endfacet
  facet normal 0.772585 -0.634911 0
    outer loop
      vertex 169.422 95.7223 6.5
      vertex 169.808 96.192 3.3
      vertex 169.808 96.192 6.5
    endloop
  endfacet
  facet normal 0.772585 -0.634911 0
    outer loop
      vertex 169.808 96.192 3.3
      vertex 169.422 95.7223 6.5
      vertex 169.422 95.7223 3.3
    endloop
  endfacet
  facet normal -0.772585 -0.634911 0
    outer loop
      vertex 174.578 95.7223 3.3
      vertex 174.192 96.192 6.5
      vertex 174.192 96.192 3.3
    endloop
  endfacet
  facet normal -0.772585 -0.634911 0
    outer loop
      vertex 174.192 96.192 6.5
      vertex 174.578 95.7223 3.3
      vertex 174.578 95.7223 6.5
    endloop
  endfacet
  facet normal 0.471271 -0.881988 0
    outer loop
      vertex 170.278 96.5776 3.3
      vertex 170.814 96.864 6.5
      vertex 170.278 96.5776 6.5
    endloop
  endfacet
  facet normal 0.471271 -0.881988 0
    outer loop
      vertex 170.814 96.864 6.5
      vertex 170.278 96.5776 3.3
      vertex 170.814 96.864 3.3
    endloop
  endfacet
  facet normal 0.290519 -0.956869 0
    outer loop
      vertex 170.814 96.864 3.3
      vertex 171.395 97.0404 6.5
      vertex 170.814 96.864 6.5
    endloop
  endfacet
  facet normal 0.290519 -0.956869 0
    outer loop
      vertex 171.395 97.0404 6.5
      vertex 170.814 96.864 3.3
      vertex 171.395 97.0404 3.3
    endloop
  endfacet
  facet normal 0.290519 0.956869 -0
    outer loop
      vertex 171.395 90.9596 3.3
      vertex 170.814 91.136 6.5
      vertex 171.395 90.9596 6.5
    endloop
  endfacet
  facet normal 0.290519 0.956869 0
    outer loop
      vertex 170.814 91.136 6.5
      vertex 171.395 90.9596 3.3
      vertex 170.814 91.136 3.3
    endloop
  endfacet
  facet normal 0.634276 -0.773106 0
    outer loop
      vertex 169.808 96.192 3.3
      vertex 170.278 96.5776 6.5
      vertex 169.808 96.192 6.5
    endloop
  endfacet
  facet normal 0.634276 -0.773106 0
    outer loop
      vertex 170.278 96.5776 6.5
      vertex 169.808 96.192 3.3
      vertex 170.278 96.5776 3.3
    endloop
  endfacet
  facet normal -0.290519 -0.956869 0
    outer loop
      vertex 172.605 97.0404 3.3
      vertex 173.186 96.864 6.5
      vertex 172.605 97.0404 6.5
    endloop
  endfacet
  facet normal -0.290519 -0.956869 -0
    outer loop
      vertex 173.186 96.864 6.5
      vertex 172.605 97.0404 3.3
      vertex 173.186 96.864 3.3
    endloop
  endfacet
  facet normal -0.634276 0.773106 0
    outer loop
      vertex 174.192 91.808 3.3
      vertex 173.722 91.4224 6.5
      vertex 174.192 91.808 6.5
    endloop
  endfacet
  facet normal -0.634276 0.773106 0
    outer loop
      vertex 173.722 91.4224 6.5
      vertex 174.192 91.808 3.3
      vertex 173.722 91.4224 3.3
    endloop
  endfacet
  facet normal 0.995115 -0.0987217 0
    outer loop
      vertex 168.9 94 6.5
      vertex 168.96 94.6048 3.3
      vertex 168.96 94.6048 6.5
    endloop
  endfacet
  facet normal 0.995115 -0.0987217 0
    outer loop
      vertex 168.96 94.6048 3.3
      vertex 168.9 94 6.5
      vertex 168.9 94 3.3
    endloop
  endfacet
  facet normal -0.0980378 -0.995183 0
    outer loop
      vertex 172 97.1 3.3
      vertex 172.605 97.0404 6.5
      vertex 172 97.1 6.5
    endloop
  endfacet
  facet normal -0.0980378 -0.995183 -0
    outer loop
      vertex 172.605 97.0404 6.5
      vertex 172 97.1 3.3
      vertex 172.605 97.0404 3.3
    endloop
  endfacet
  facet normal -0.471271 -0.881988 0
    outer loop
      vertex 173.186 96.864 3.3
      vertex 173.722 96.5776 6.5
      vertex 173.186 96.864 6.5
    endloop
  endfacet
  facet normal -0.471271 -0.881988 -0
    outer loop
      vertex 173.722 96.5776 6.5
      vertex 173.186 96.864 3.3
      vertex 173.722 96.5776 3.3
    endloop
  endfacet
  facet normal 0.772585 0.634911 0
    outer loop
      vertex 169.808 91.808 6.5
      vertex 169.422 92.2777 3.3
      vertex 169.422 92.2777 6.5
    endloop
  endfacet
  facet normal 0.772585 0.634911 0
    outer loop
      vertex 169.422 92.2777 3.3
      vertex 169.808 91.808 6.5
      vertex 169.808 91.808 3.3
    endloop
  endfacet
  facet normal 0.634276 0.773106 -0
    outer loop
      vertex 170.278 91.4224 3.3
      vertex 169.808 91.808 6.5
      vertex 170.278 91.4224 6.5
    endloop
  endfacet
  facet normal 0.634276 0.773106 0
    outer loop
      vertex 169.808 91.808 6.5
      vertex 170.278 91.4224 3.3
      vertex 169.808 91.808 3.3
    endloop
  endfacet
  facet normal 0.957121 -0.289688 0
    outer loop
      vertex 168.96 94.6048 6.5
      vertex 169.136 95.1863 3.3
      vertex 169.136 95.1863 6.5
    endloop
  endfacet
  facet normal 0.957121 -0.289688 0
    outer loop
      vertex 169.136 95.1863 3.3
      vertex 168.96 94.6048 6.5
      vertex 168.96 94.6048 3.3
    endloop
  endfacet
  facet normal 0.882262 -0.470759 0
    outer loop
      vertex 169.136 95.1863 6.5
      vertex 169.422 95.7223 3.3
      vertex 169.422 95.7223 6.5
    endloop
  endfacet
  facet normal 0.882262 -0.470759 0
    outer loop
      vertex 169.422 95.7223 3.3
      vertex 169.136 95.1863 6.5
      vertex 169.136 95.1863 3.3
    endloop
  endfacet
  facet normal 0.995115 0.0987217 0
    outer loop
      vertex 168.96 93.3952 6.5
      vertex 168.9 94 3.3
      vertex 168.9 94 6.5
    endloop
  endfacet
  facet normal 0.995115 0.0987217 0
    outer loop
      vertex 168.9 94 3.3
      vertex 168.96 93.3952 6.5
      vertex 168.96 93.3952 3.3
    endloop
  endfacet
  facet normal -1 0 0
    outer loop
      vertex 120 91 0
      vertex 120 101 6.5
      vertex 120 101 0
    endloop
  endfacet
  facet normal -1 -0 0
    outer loop
      vertex 120 101 6.5
      vertex 120 91 0
      vertex 120 91 6.5
    endloop
  endfacet
  facet normal 1 -0 0
    outer loop
      vertex 108 91 6.5
      vertex 108 101 0
      vertex 108 101 6.5
    endloop
  endfacet
  facet normal 1 0 0
    outer loop
      vertex 108 101 0
      vertex 108 91 6.5
      vertex 108 91 0
    endloop
  endfacet
  facet normal 0 -1 0
    outer loop
      vertex 108 101 0
      vertex 120 101 6.5
      vertex 108 101 6.5
    endloop
  endfacet
  facet normal 0 -1 -0
    outer loop
      vertex 120 101 6.5
      vertex 108 101 0
      vertex 120 101 0
    endloop
  endfacet
  facet normal 0 1 -0
    outer loop
      vertex 120 91 0
      vertex 108 91 6.5
      vertex 120 91 6.5
    endloop
  endfacet
  facet normal 0 1 0
    outer loop
      vertex 108 91 6.5
      vertex 120 91 0
      vertex 108 91 0
    endloop
  endfacet
endsolid OpenSCAD_Model
