solid OpenSCAD_Model
  facet normal -1 0 0
    outer loop
      vertex 18.35 0 0
      vertex 18.35 64 5
      vertex 18.35 64 0
    endloop
  endfacet
  facet normal -1 -0 0
    outer loop
      vertex 18.35 64 5
      vertex 18.35 0 0
      vertex 18.35 0 5
    endloop
  endfacet
  facet normal -1 0 0
    outer loop
      vertex 18.35 33.7082 19.4127
      vertex 18.35 88.1912 174.15
      vertex 18.35 34.2058 8
    endloop
  endfacet
  facet normal -1 -0 0
    outer loop
      vertex 18.35 88.1912 174.15
      vertex 18.35 33.7082 19.4127
      vertex 18.35 84.387 175.386
    endloop
  endfacet
  facet normal -1 0 0
    outer loop
      vertex 18.35 30 8
      vertex 18.35 33.7082 19.4127
      vertex 18.35 34.2058 8
    endloop
  endfacet
  facet normal -1 0 0
    outer loop
      vertex 18.35 30 8
      vertex 18.35 22.2955 23.1209
      vertex 18.35 33.7082 19.4127
    endloop
  endfacet
  facet normal -1 -0 0
    outer loop
      vertex 18.35 22.2955 23.1209
      vertex 18.35 12.881 13.5623
      vertex 18.35 22.1515 42.094
    endloop
  endfacet
  facet normal -1 0 0
    outer loop
      vertex 18.35 12.881 13.5623
      vertex 18.35 22.2955 23.1209
      vertex 18.35 30 8
    endloop
  endfacet
  facet normal -1 -0 0
    outer loop
      vertex 18.35 27.8578 40.2399
      vertex 18.35 22.2955 23.1209
      vertex 18.35 22.1515 42.094
    endloop
  endfacet
  facet normal 0 0.951057 -0.309017
    outer loop
      vertex 138 22.2955 23.1209
      vertex 18.35 27.8578 40.2399
      vertex 138 27.8578 40.2399
    endloop
  endfacet
  facet normal 0 0.951057 -0.309017
    outer loop
      vertex 18.35 27.8578 40.2399
      vertex 138 22.2955 23.1209
      vertex 18.35 22.2955 23.1209
    endloop
  endfacet
  facet normal 0 -0.951057 0.309017
    outer loop
      vertex 18.35 33.7082 19.4127
      vertex 138 84.387 175.386
      vertex 18.35 84.387 175.386
    endloop
  endfacet
  facet normal 0 -0.951057 0.309017
    outer loop
      vertex 138 84.387 175.386
      vertex 18.35 33.7082 19.4127
      vertex 138 33.7082 19.4127
    endloop
  endfacet
  facet normal 1 0 0
    outer loop
      vertex 138 27.8578 40.2399
      vertex 138 22.1515 42.094
      vertex 138 22.2955 23.1209
    endloop
  endfacet
  facet normal 1 0 0
    outer loop
      vertex 138 33.7082 19.4127
      vertex 138 88.1912 174.15
      vertex 138 84.387 175.386
    endloop
  endfacet
  facet normal 1 0 0
    outer loop
      vertex 138 88.1912 174.15
      vertex 138 33.7082 19.4127
      vertex 138 34.2058 8
    endloop
  endfacet
  facet normal 1 -0 0
    outer loop
      vertex 138 34.2058 8
      vertex 138 64 0
      vertex 138 64 8
    endloop
  endfacet
  facet normal 1 0 0
    outer loop
      vertex 138 30 8
      vertex 138 34.2058 8
      vertex 138 33.7082 19.4127
    endloop
  endfacet
  facet normal 1 -0 0
    outer loop
      vertex 138 30 8
      vertex 138 64 0
      vertex 138 34.2058 8
    endloop
  endfacet
  facet normal 1 0 0
    outer loop
      vertex 138 0 0
      vertex 138 30 8
      vertex 138 0 8
    endloop
  endfacet
  facet normal 1 0 0
    outer loop
      vertex 138 30 8
      vertex 138 0 0
      vertex 138 64 0
    endloop
  endfacet
  facet normal 1 0 0
    outer loop
      vertex 138 22.2955 23.1209
      vertex 138 30 8
      vertex 138 33.7082 19.4127
    endloop
  endfacet
  facet normal 1 0 0
    outer loop
      vertex 138 22.2955 23.1209
      vertex 138 12.881 13.5623
      vertex 138 30 8
    endloop
  endfacet
  facet normal 1 0 0
    outer loop
      vertex 138 12.881 13.5623
      vertex 138 22.2955 23.1209
      vertex 138 22.1515 42.094
    endloop
  endfacet
  facet normal -0 0.309016 0.951057
    outer loop
      vertex 18.35 33.7082 19.4127
      vertex 138 22.2955 23.1209
      vertex 138 33.7082 19.4127
    endloop
  endfacet
  facet normal 0 0.309016 0.951057
    outer loop
      vertex 138 22.2955 23.1209
      vertex 18.35 33.7082 19.4127
      vertex 18.35 22.2955 23.1209
    endloop
  endfacet
  facet normal 0 -0.309017 -0.951057
    outer loop
      vertex 18.35 12.881 13.5623
      vertex 138 30 8
      vertex 138 12.881 13.5623
    endloop
  endfacet
  facet normal -0 -0.309017 -0.951057
    outer loop
      vertex 138 30 8
      vertex 18.35 12.881 13.5623
      vertex 18.35 30 8
    endloop
  endfacet
  facet normal 0.000260554 -0.951139 0.308762
    outer loop
      vertex 93.267 17.8884 28.9736
      vertex 93.61 17.9715 29.2293
      vertex 93.4434 17.9623 29.2011
    endloop
  endfacet
  facet normal 0.000215968 -0.951064 0.308994
    outer loop
      vertex 93.61 17.9715 29.2293
      vertex 93.7829 17.7806 28.6416
      vertex 93.7659 17.9652 29.2098
    endloop
  endfacet
  facet normal -0.000275556 -0.951017 0.309138
    outer loop
      vertex 93.267 17.8884 28.9736
      vertex 93.4434 17.9623 29.2011
      vertex 93.331 17.9348 29.1164
    endloop
  endfacet
  facet normal -0.000365865 -0.951069 0.308978
    outer loop
      vertex 93.9423 17.9126 29.0481
      vertex 93.7659 17.9652 29.2098
      vertex 93.7829 17.7806 28.6416
    endloop
  endfacet
  facet normal 9.57298e-05 -0.951075 0.308962
    outer loop
      vertex 93.61 17.9715 29.2293
      vertex 93.267 17.8884 28.9736
      vertex 93.7829 17.7806 28.6416
    endloop
  endfacet
  facet normal -6.09426e-05 -0.950971 0.309279
    outer loop
      vertex 93.7659 17.9652 29.2098
      vertex 93.9423 17.9126 29.0481
      vertex 93.874 17.9462 29.1514
    endloop
  endfacet
  facet normal 3.09818e-05 -0.95103 0.3091
    outer loop
      vertex 93.9789 17.8625 28.8938
      vertex 94.2057 17.7638 28.5901
      vertex 94.6544 17.8725 28.9245
    endloop
  endfacet
  facet normal 4.69856e-05 -0.951117 0.308831
    outer loop
      vertex 93.9423 17.9126 29.0481
      vertex 93.7829 17.7806 28.6416
      vertex 93.9789 17.8625 28.8938
    endloop
  endfacet
  facet normal 4.53419e-05 -0.951098 0.308891
    outer loop
      vertex 93.7829 17.7806 28.6416
      vertex 93.267 17.8884 28.9736
      vertex 93.2457 17.8226 28.771
    endloop
  endfacet
  facet normal -0.000351764 -0.951054 0.309024
    outer loop
      vertex 56.4275 18.0874 29.5859
      vertex 56.395 17.7026 28.4016
      vertex 56.4722 18.0017 29.3222
    endloop
  endfacet
  facet normal -0.000410947 -0.951053 0.309028
    outer loop
      vertex 56.5463 17.7735 28.62
      vertex 56.4722 18.0017 29.3222
      vertex 56.395 17.7026 28.4016
    endloop
  endfacet
  facet normal 0.000197879 -0.951031 0.309095
    outer loop
      vertex 56.791 17.8237 28.7743
      vertex 56.6062 17.9328 29.1101
      vertex 56.5463 17.7735 28.62
    endloop
  endfacet
  facet normal -0.000181972 -0.951067 0.308986
    outer loop
      vertex 57.1215 17.8494 28.8536
      vertex 56.8244 17.8824 28.955
      vertex 56.791 17.8237 28.7743
    endloop
  endfacet
  facet normal 0.00255451 -0.94868 0.316227
    outer loop
      vertex 56.8244 17.8824 28.955
      vertex 57.1215 17.8494 28.8536
      vertex 57.1215 17.8523 28.8623
    endloop
  endfacet
  facet normal -6.20417e-05 -0.951073 0.308966
    outer loop
      vertex 56.6062 17.9328 29.1101
      vertex 56.791 17.8237 28.7743
      vertex 56.8244 17.8824 28.955
    endloop
  endfacet
  facet normal 0.00023831 -0.951033 0.30909
    outer loop
      vertex 56.4722 18.0017 29.3222
      vertex 56.5463 17.7735 28.62
      vertex 56.6062 17.9328 29.1101
    endloop
  endfacet
  facet normal 1.87235e-05 -0.951004 0.309178
    outer loop
      vertex 45.5419 18.018 29.3724
      vertex 56.3445 17.6143 28.13
      vertex 56.395 17.7026 28.4016
    endloop
  endfacet
  facet normal 7.26115e-07 -0.95105 0.309036
    outer loop
      vertex 45.5673 17.4836 27.7278
      vertex 56.3445 17.6143 28.13
      vertex 45.5419 18.018 29.3724
    endloop
  endfacet
  facet normal 4.83573e-05 -0.951057 0.309016
    outer loop
      vertex 44.7626 17.4836 27.7278
      vertex 45.5419 18.018 29.3724
      vertex 44.7626 18.1683 29.8351
    endloop
  endfacet
  facet normal 0 -0.95105 0.309036
    outer loop
      vertex 45.5673 17.4836 27.7278
      vertex 45.5419 18.018 29.3724
      vertex 44.7626 17.4836 27.7278
    endloop
  endfacet
  facet normal 2.35494e-06 -0.951063 0.308997
    outer loop
      vertex 45.5673 17.3347 27.2695
      vertex 56.3445 17.6143 28.13
      vertex 45.5673 17.4836 27.7278
    endloop
  endfacet
  facet normal 1.25393e-05 -0.951101 0.308882
    outer loop
      vertex 56.3445 17.6143 28.13
      vertex 45.5673 17.3347 27.2695
      vertex 56.4195 17.4893 27.7451
    endloop
  endfacet
  facet normal 7.69879e-08 -0.951017 0.309139
    outer loop
      vertex 56.4195 17.4893 27.7451
      vertex 45.5673 17.3347 27.2695
      vertex 56.6443 17.3963 27.459
    endloop
  endfacet
  facet normal 5.68187e-06 -0.951113 0.308842
    outer loop
      vertex 56.6443 17.3963 27.459
      vertex 45.5673 17.3347 27.2695
      vertex 57.0074 17.3386 27.2813
    endloop
  endfacet
  facet normal 0 -0.951057 0.309015
    outer loop
      vertex 43.37 17.3347 27.2695
      vertex 18.35 12.881 13.5623
      vertex 45.5673 17.3347 27.2695
    endloop
  endfacet
  facet normal 5.49655e-06 -0.951061 0.309005
    outer loop
      vertex 45.5673 17.3347 27.2695
      vertex 18.35 12.881 13.5623
      vertex 57.0074 17.3386 27.2813
    endloop
  endfacet
  facet normal 4.56842e-05 -0.951058 0.309013
    outer loop
      vertex 90.3528 17.7008 28.3961
      vertex 90.7225 17.9318 29.107
      vertex 90.575 17.9238 29.0824
    endloop
  endfacet
  facet normal -0.000491424 -0.950976 0.309266
    outer loop
      vertex 90.7225 17.9318 29.107
      vertex 90.3528 17.7008 28.3961
      vertex 90.8516 17.9344 29.1152
    endloop
  endfacet
  facet normal -0.000347254 -0.951055 0.309021
    outer loop
      vertex 95.702 17.8872 28.9697
      vertex 95.9257 17.9548 29.178
      vertex 95.792 17.9284 29.0966
    endloop
  endfacet
  facet normal 0.000459464 -0.95131 0.308237
    outer loop
      vertex 95.9257 17.9548 29.178
      vertex 95.702 17.8872 28.9697
      vertex 96.1055 17.9637 29.2052
    endloop
  endfacet
  facet normal -0.000229842 -0.950963 0.309305
    outer loop
      vertex 95.6536 17.834 28.8061
      vertex 96.1055 17.9637 29.2052
      vertex 95.702 17.8872 28.9697
    endloop
  endfacet
  facet normal -4.5506e-05 -0.951024 0.309117
    outer loop
      vertex 96.1055 17.9637 29.2052
      vertex 95.6536 17.834 28.8061
      vertex 96.4808 17.899 29.0062
    endloop
  endfacet
  facet normal 0.000106866 -0.951022 0.309122
    outer loop
      vertex 93.7829 17.7806 28.6416
      vertex 93.2457 17.8226 28.771
      vertex 93.2457 17.7834 28.6504
    endloop
  endfacet
  facet normal -1.18278e-05 -0.951013 0.309152
    outer loop
      vertex 94.515 17.7164 28.4443
      vertex 94.6544 17.8725 28.9245
      vertex 94.2057 17.7638 28.5901
    endloop
  endfacet
  facet normal 2.27169e-05 -0.951016 0.309143
    outer loop
      vertex 94.6544 17.8725 28.9245
      vertex 94.515 17.7164 28.4443
      vertex 95.0012 17.844 28.8368
    endloop
  endfacet
  facet normal 0.000162818 -0.951067 0.308986
    outer loop
      vertex 94.7043 17.6395 28.2075
      vertex 95.0012 17.844 28.8368
      vertex 94.515 17.7164 28.4443
    endloop
  endfacet
  facet normal -6.2963e-05 -0.951035 0.309082
    outer loop
      vertex 94.9827 17.5725 28.0014
      vertex 95.0012 17.844 28.8368
      vertex 94.7043 17.6395 28.2075
    endloop
  endfacet
  facet normal -5.66453e-05 -0.951069 0.308979
    outer loop
      vertex 96.6059 17.705 28.4092
      vertex 95.6536 17.834 28.8061
      vertex 95.6329 17.5818 28.0298
    endloop
  endfacet
  facet normal 0.000102736 -0.951036 0.309079
    outer loop
      vertex 95.6329 17.5818 28.0298
      vertex 95.0012 17.844 28.8368
      vertex 94.9827 17.5725 28.0014
    endloop
  endfacet
  facet normal -2.6394e-05 -0.951047 0.309045
    outer loop
      vertex 95.6536 17.834 28.8061
      vertex 96.6059 17.705 28.4092
      vertex 96.4808 17.899 29.0062
    endloop
  endfacet
  facet normal 0.000104039 -0.950927 0.309415
    outer loop
      vertex 96.4785 17.5052 27.7941
      vertex 95.6329 17.5818 28.0298
      vertex 95.6865 17.5193 27.8377
    endloop
  endfacet
  facet normal -4.11441e-05 -0.95108 0.308943
    outer loop
      vertex 95.6329 17.5818 28.0298
      vertex 96.4785 17.5052 27.7941
      vertex 96.6059 17.705 28.4092
    endloop
  endfacet
  facet normal 0.00077824 -0.950902 0.309492
    outer loop
      vertex 95.9269 17.4476 27.6168
      vertex 95.6865 17.5193 27.8377
      vertex 95.7874 17.4745 27.6998
    endloop
  endfacet
  facet normal -6.21511e-05 -0.951171 0.308665
    outer loop
      vertex 95.6865 17.5193 27.8377
      vertex 95.9269 17.4476 27.6168
      vertex 96.0963 17.4386 27.5891
    endloop
  endfacet
  facet normal 7.04469e-05 -0.951107 0.308862
    outer loop
      vertex 95.6865 17.5193 27.8377
      vertex 96.0963 17.4386 27.5891
      vertex 96.4785 17.5052 27.7941
    endloop
  endfacet
  facet normal 0 -0.951246 0.308434
    outer loop
      vertex 88.6319 17.4093 27.4989
      vertex 88.6443 17.4414 27.5979
      vertex 88.6351 17.4414 27.5979
    endloop
  endfacet
  facet normal 0.000249791 -0.950936 0.309387
    outer loop
      vertex 88.9487 17.3367 27.2755
      vertex 88.6319 17.4093 27.4989
      vertex 88.6224 17.3698 27.3775
    endloop
  endfacet
  facet normal -0.000453134 -0.951229 0.308486
    outer loop
      vertex 88.6319 17.4093 27.4989
      vertex 88.9487 17.3367 27.2755
      vertex 88.6443 17.4414 27.5979
    endloop
  endfacet
  facet normal 0.000134233 -0.951045 0.309053
    outer loop
      vertex 88.6106 17.3348 27.2698
      vertex 88.9487 17.3367 27.2755
      vertex 88.6224 17.3698 27.3775
    endloop
  endfacet
  facet normal 0.000138879 -0.951126 0.308804
    outer loop
      vertex 88.6005 17.316 27.2119
      vertex 88.9487 17.3367 27.2755
      vertex 88.6106 17.3348 27.2698
    endloop
  endfacet
  facet normal 4.89477e-05 -0.950981 0.309249
    outer loop
      vertex 88.9487 17.3367 27.2755
      vertex 88.6005 17.316 27.2119
      vertex 89.4421 17.3018 27.1681
    endloop
  endfacet
  facet normal 0 -0.951099 0.308887
    outer loop
      vertex 93.1186 17.3903 27.4405
      vertex 93.1788 17.4535 27.6351
      vertex 93.165 17.4535 27.6351
    endloop
  endfacet
  facet normal -0.000139567 -0.951086 0.308926
    outer loop
      vertex 93.1186 17.3903 27.4405
      vertex 93.5201 17.3397 27.2849
      vertex 93.1788 17.4535 27.6351
    endloop
  endfacet
  facet normal -4.0954e-05 -0.951011 0.309156
    outer loop
      vertex 93.0255 17.3445 27.2996
      vertex 93.5201 17.3397 27.2849
      vertex 93.1186 17.3903 27.4405
    endloop
  endfacet
  facet normal -3.72094e-05 -0.950974 0.30927
    outer loop
      vertex 92.8771 17.3167 27.2141
      vertex 93.5201 17.3397 27.2849
      vertex 93.0255 17.3445 27.2996
    endloop
  endfacet
  facet normal -3.30372e-05 -0.951574 0.307421
    outer loop
      vertex 93.9997 17.3018 27.1681
      vertex 92.8771 17.3167 27.2141
      vertex 92.6647 17.3075 27.1856
    endloop
  endfacet
  facet normal 2.68621e-05 -0.951145 0.308744
    outer loop
      vertex 92.8771 17.3167 27.2141
      vertex 93.9997 17.3018 27.1681
      vertex 93.5201 17.3397 27.2849
    endloop
  endfacet
  facet normal 0 -0.950834 0.3097
    outer loop
      vertex 93.9997 17.3018 27.1681
      vertex 92.6647 17.3075 27.1856
      vertex 89.4421 17.3018 27.1681
    endloop
  endfacet
  facet normal -3.52327e-05 -0.951055 0.309023
    outer loop
      vertex 42.8343 17.4496 27.6231
      vertex 43.37 17.4836 27.7278
      vertex 43.1132 17.837 28.8154
    endloop
  endfacet
  facet normal -2.95571e-05 -0.951063 0.308997
    outer loop
      vertex 42.8343 17.4496 27.6231
      vertex 43.37 17.3347 27.2695
      vertex 43.37 17.4836 27.7278
    endloop
  endfacet
  facet normal -2.30687e-05 -0.951045 0.309053
    outer loop
      vertex 18.35 12.881 13.5623
      vertex 43.37 17.3347 27.2695
      vertex 41.9973 17.3205 27.2257
    endloop
  endfacet
  facet normal -2.14939e-05 -0.951059 0.309008
    outer loop
      vertex 41.9973 17.3205 27.2257
      vertex 43.37 17.3347 27.2695
      vertex 42.8343 17.4496 27.6231
    endloop
  endfacet
  facet normal -0.000133871 -0.951067 0.308985
    outer loop
      vertex 58.87 17.3357 27.2726
      vertex 58.5746 17.4847 27.7311
      vertex 58.3296 17.3938 27.4512
    endloop
  endfacet
  facet normal -0.000112752 -0.951063 0.308997
    outer loop
      vertex 58.5746 17.4847 27.7311
      vertex 58.87 17.3357 27.2726
      vertex 58.87 17.4846 27.7309
    endloop
  endfacet
  facet normal 1.30345e-05 -0.950936 0.309387
    outer loop
      vertex 57.9671 17.3379 27.2794
      vertex 58.87 17.3357 27.2726
      vertex 58.3296 17.3938 27.4512
    endloop
  endfacet
  facet normal 0 -0.951103 0.308873
    outer loop
      vertex 58.87 17.3357 27.2726
      vertex 57.4973 17.3193 27.2221
      vertex 61.0673 17.3357 27.2726
    endloop
  endfacet
  facet normal 7.27256e-06 -0.951161 0.308694
    outer loop
      vertex 57.4973 17.3193 27.2221
      vertex 58.87 17.3357 27.2726
      vertex 57.9671 17.3379 27.2794
    endloop
  endfacet
  facet normal -3.83733e-05 -0.951069 0.308979
    outer loop
      vertex 95.0012 17.844 28.8368
      vertex 95.6329 17.5818 28.0298
      vertex 95.6536 17.834 28.8061
    endloop
  endfacet
  facet normal -5.71625e-05 -0.951033 0.309089
    outer loop
      vertex 94.7674 17.534 27.8829
      vertex 94.9827 17.5725 28.0014
      vertex 94.7043 17.6395 28.2075
    endloop
  endfacet
  facet normal 4.58368e-05 -0.951088 0.30892
    outer loop
      vertex 94.7674 17.534 27.8829
      vertex 95.0458 17.4977 27.7711
      vertex 94.9827 17.5725 28.0014
    endloop
  endfacet
  facet normal 4.97492e-05 -0.951085 0.308929
    outer loop
      vertex 94.7167 17.436 27.5812
      vertex 95.0458 17.4977 27.7711
      vertex 94.7674 17.534 27.8829
    endloop
  endfacet
  facet normal -3.77404e-05 -0.951041 0.309066
    outer loop
      vertex 94.7167 17.436 27.5812
      vertex 95.166 17.4314 27.5671
      vertex 95.0458 17.4977 27.7711
    endloop
  endfacet
  facet normal -3.8866e-05 -0.951051 0.309034
    outer loop
      vertex 94.5645 17.3627 27.3556
      vertex 95.166 17.4314 27.5671
      vertex 94.7167 17.436 27.5812
    endloop
  endfacet
  facet normal 4.00796e-05 -0.951117 0.30883
    outer loop
      vertex 95.166 17.4314 27.5671
      vertex 94.5645 17.3627 27.3556
      vertex 95.3381 17.3765 27.398
    endloop
  endfacet
  facet normal 1.6773e-05 -0.950992 0.309215
    outer loop
      vertex 94.5645 17.3627 27.3556
      vertex 95.5568 17.3356 27.2722
      vertex 95.3381 17.3765 27.398
    endloop
  endfacet
  facet normal 6.6676e-06 -0.951028 0.309106
    outer loop
      vertex 94.3219 17.317 27.215
      vertex 95.5568 17.3356 27.2722
      vertex 94.5645 17.3627 27.3556
    endloop
  endfacet
  facet normal -1.88224e-06 -0.950973 0.309273
    outer loop
      vertex 94.3219 17.317 27.215
      vertex 95.8139 17.3102 27.1941
      vertex 95.5568 17.3356 27.2722
    endloop
  endfacet
  facet normal -1.53771e-05 -0.951256 0.308402
    outer loop
      vertex 93.9997 17.3018 27.1681
      vertex 95.8139 17.3102 27.1941
      vertex 94.3219 17.317 27.215
    endloop
  endfacet
  facet normal 0 -0.951571 0.30743
    outer loop
      vertex 95.8139 17.3102 27.1941
      vertex 93.9997 17.3018 27.1681
      vertex 96.1009 17.3018 27.1681
    endloop
  endfacet
  facet normal 3.65831e-08 -0.951069 0.308978
    outer loop
      vertex 57.0085 17.6264 28.1672
      vertex 57.2927 17.4907 27.7495
      vertex 57.3601 17.7557 28.5652
    endloop
  endfacet
  facet normal -0.000143402 -0.951077 0.308955
    outer loop
      vertex 57.8679 17.5179 27.8334
      vertex 57.3601 17.7557 28.5652
      vertex 57.4996 17.4818 27.7221
    endloop
  endfacet
  facet normal 0.000276145 -0.950932 0.3094
    outer loop
      vertex 57.2927 17.4907 27.7495
      vertex 57.0408 17.5625 27.9704
      vertex 57.1377 17.5174 27.8317
    endloop
  endfacet
  facet normal 7.07943e-06 -0.951069 0.308977
    outer loop
      vertex 57.3601 17.7557 28.5652
      vertex 57.2927 17.4907 27.7495
      vertex 57.4996 17.4818 27.7221
    endloop
  endfacet
  facet normal 7.43788e-05 -0.951032 0.309092
    outer loop
      vertex 57.3601 17.7557 28.5652
      vertex 57.8679 17.5179 27.8334
      vertex 58.0322 17.6264 28.1672
    endloop
  endfacet
  facet normal -0.000347015 -0.950949 0.309349
    outer loop
      vertex 92.3926 17.43 27.5628
      vertex 92.5861 17.4892 27.745
      vertex 92.32 17.4311 27.5661
    endloop
  endfacet
  facet normal 0.000750782 -0.951291 0.308294
    outer loop
      vertex 92.5861 17.4892 27.745
      vertex 92.3926 17.43 27.5628
      vertex 92.4875 17.4362 27.5817
    endloop
  endfacet
  facet normal 5.70641e-05 -0.951053 0.309029
    outer loop
      vertex 60.2626 18.1693 29.8381
      vertex 60.2626 17.4846 27.7309
      vertex 61.0419 18.019 29.3754
    endloop
  endfacet
  facet normal -4.66974e-06 -0.951072 0.308971
    outer loop
      vertex 58.0322 17.6264 28.1672
      vertex 57.6311 17.7646 28.5926
      vertex 57.3601 17.7557 28.5652
    endloop
  endfacet
  facet normal 0.000525238 -0.951155 0.308713
    outer loop
      vertex 57.0846 18.0624 29.5092
      vertex 57.5227 18.195 29.917
      vertex 57.3339 18.1861 29.8899
    endloop
  endfacet
  facet normal -0.000275753 -0.951035 0.309084
    outer loop
      vertex 57.5227 18.195 29.917
      vertex 57.4005 17.9352 29.1175
      vertex 57.704 18.1864 29.8907
    endloop
  endfacet
  facet normal -0.000918587 -0.950766 0.309908
    outer loop
      vertex 57.1126 18.1177 29.6794
      vertex 57.3339 18.1861 29.8899
      vertex 57.1964 18.1597 29.8085
    endloop
  endfacet
  facet normal 1.62052e-05 -0.951068 0.30898
    outer loop
      vertex 57.6449 17.9264 29.0904
      vertex 57.704 18.1864 29.8907
      vertex 57.4005 17.9352 29.1175
    endloop
  endfacet
  facet normal 3.08326e-05 -0.95106 0.309006
    outer loop
      vertex 57.3339 18.1861 29.8899
      vertex 57.1126 18.1177 29.6794
      vertex 57.0846 18.0624 29.5092
    endloop
  endfacet
  facet normal 0.000920762 -0.950694 0.310128
    outer loop
      vertex 57.704 18.1864 29.8907
      vertex 57.9438 18.1194 29.6846
      vertex 57.8466 18.1608 29.8118
    endloop
  endfacet
  facet normal 0.000212923 -0.951057 0.309016
    outer loop
      vertex 57.5227 18.195 29.917
      vertex 57.0846 18.0624 29.5092
      vertex 57.4005 17.9352 29.1175
    endloop
  endfacet
  facet normal 5.0343e-05 -0.95042 0.310968
    outer loop
      vertex 91.0292 18.0858 29.5812
      vertex 91.4119 18.0869 29.5845
      vertex 90.915 18.0979 29.6182
    endloop
  endfacet
  facet normal 6.90806e-05 -0.951059 0.309009
    outer loop
      vertex 91.1237 18.0655 29.5187
      vertex 91.4119 18.0869 29.5845
      vertex 91.0292 18.0858 29.5812
    endloop
  endfacet
  facet normal 0.00016252 -0.951179 0.308638
    outer loop
      vertex 91.2044 18.0367 29.4299
      vertex 91.4119 18.0869 29.5845
      vertex 91.1237 18.0655 29.5187
    endloop
  endfacet
  facet normal -0.000199098 -0.951037 0.309077
    outer loop
      vertex 91.4119 18.0869 29.5845
      vertex 91.2044 18.0367 29.4299
      vertex 91.4038 18.061 29.5048
    endloop
  endfacet
  facet normal -0.000139255 -0.951084 0.308933
    outer loop
      vertex 91.2044 18.0367 29.4299
      vertex 91.3935 18.0089 29.3444
      vertex 91.4038 18.061 29.5048
    endloop
  endfacet
  facet normal 1.94769e-05 -0.950981 0.309251
    outer loop
      vertex 91.2834 17.9915 29.2909
      vertex 91.3935 18.0089 29.3444
      vertex 91.2044 18.0367 29.4299
    endloop
  endfacet
  facet normal 0.000231534 -0.951109 0.308856
    outer loop
      vertex 91.2834 17.9915 29.2909
      vertex 91.3848 17.9547 29.1775
      vertex 91.3935 18.0089 29.3444
    endloop
  endfacet
  facet normal 0.00104204 -0.950895 0.309511
    outer loop
      vertex 91.3727 17.9223 29.078
      vertex 91.3848 17.9547 29.1775
      vertex 91.2834 17.9915 29.2909
    endloop
  endfacet
  facet normal 0 -0.950858 0.309626
    outer loop
      vertex 91.3848 17.9547 29.1775
      vertex 91.3727 17.9223 29.078
      vertex 91.3819 17.9223 29.078
    endloop
  endfacet
  facet normal 0 -0.950374 0.311109
    outer loop
      vertex 94.0011 18.0866 29.5837
      vertex 96.0917 18.1012 29.6283
      vertex 93.5823 18.1012 29.6283
    endloop
  endfacet
  facet normal 5.47797e-05 -0.951131 0.308789
    outer loop
      vertex 94.0011 18.0866 29.5837
      vertex 95.6894 18.0841 29.5757
      vertex 96.0917 18.1012 29.6283
    endloop
  endfacet
  facet normal 5.4179e-05 -0.951168 0.308674
    outer loop
      vertex 94.3213 18.0431 29.4496
      vertex 95.6894 18.0841 29.5757
      vertex 94.0011 18.0866 29.5837
    endloop
  endfacet
  facet normal 2.70278e-05 -0.951081 0.30894
    outer loop
      vertex 94.3213 18.0431 29.4496
      vertex 95.3632 18.0328 29.4178
      vertex 95.6894 18.0841 29.5757
    endloop
  endfacet
  facet normal 3.36223e-05 -0.951018 0.309136
    outer loop
      vertex 94.54 17.9714 29.229
      vertex 95.3632 18.0328 29.4178
      vertex 94.3213 18.0431 29.4496
    endloop
  endfacet
  facet normal 7.27252e-05 -0.951068 0.308982
    outer loop
      vertex 94.54 17.9714 29.229
      vertex 95.1285 17.9514 29.1673
      vertex 95.3632 18.0328 29.4178
    endloop
  endfacet
  facet normal 6.70191e-05 -0.951084 0.308932
    outer loop
      vertex 94.6544 17.8725 28.9245
      vertex 95.1285 17.9514 29.1673
      vertex 94.54 17.9714 29.229
    endloop
  endfacet
  facet normal -2.04149e-06 -0.951044 0.309054
    outer loop
      vertex 94.6544 17.8725 28.9245
      vertex 95.0012 17.844 28.8368
      vertex 95.1285 17.9514 29.1673
    endloop
  endfacet
  facet normal -0.000155709 -0.951071 0.308974
    outer loop
      vertex 94.2057 17.7638 28.5901
      vertex 93.9789 17.8625 28.8938
      vertex 93.7829 17.7806 28.6416
    endloop
  endfacet
  facet normal -0.000123716 -0.951176 0.308649
    outer loop
      vertex 91.4119 18.0869 29.5845
      vertex 88.6397 18.3733 30.466
      vertex 90.915 18.0979 29.6182
    endloop
  endfacet
  facet normal 0 -0.951062 0.309001
    outer loop
      vertex 88.6397 18.3733 30.466
      vertex 91.4119 18.0869 29.5845
      vertex 92.0298 18.0869 29.5845
    endloop
  endfacet
  facet normal 3.83225e-05 -0.951018 0.309134
    outer loop
      vertex 88.6397 18.3733 30.466
      vertex 92.0298 18.0869 29.5845
      vertex 93.5823 18.1012 29.6283
    endloop
  endfacet
  facet normal 3.36578e-05 -0.95097 0.309283
    outer loop
      vertex 92.0298 18.0869 29.5845
      vertex 93.1639 18.0832 29.573
      vertex 93.5823 18.1012 29.6283
    endloop
  endfacet
  facet normal 2.74543e-05 -0.951028 0.309104
    outer loop
      vertex 92.8538 18.0292 29.4069
      vertex 92.0298 18.0869 29.5845
      vertex 92.0232 18.0517 29.4762
    endloop
  endfacet
  facet normal 3.18593e-05 -0.951022 0.309123
    outer loop
      vertex 92.0298 18.0869 29.5845
      vertex 92.8538 18.0292 29.4069
      vertex 93.1639 18.0832 29.573
    endloop
  endfacet
  facet normal 0.000179403 -0.95098 0.309253
    outer loop
      vertex 92.6618 17.9421 29.1388
      vertex 92.0232 18.0517 29.4762
      vertex 92.0172 18.0117 29.3532
    endloop
  endfacet
  facet normal -4.86017e-05 -0.951181 0.308633
    outer loop
      vertex 92.6618 17.9421 29.1388
      vertex 92.0172 18.0117 29.3532
      vertex 92.0128 17.9641 29.2065
    endloop
  endfacet
  facet normal 1.52339e-05 -0.951071 0.308972
    outer loop
      vertex 92.0232 18.0517 29.4762
      vertex 92.6618 17.9421 29.1388
      vertex 92.8538 18.0292 29.4069
    endloop
  endfacet
  facet normal 3.55169e-05 -0.950944 0.309362
    outer loop
      vertex 92.0114 17.9059 29.0276
      vertex 92.6618 17.9421 29.1388
      vertex 92.0128 17.9641 29.2065
    endloop
  endfacet
  facet normal 8.58278e-05 -0.951031 0.309096
    outer loop
      vertex 92.0114 17.9059 29.0276
      vertex 92.5979 17.8247 28.7776
      vertex 92.6618 17.9421 29.1388
    endloop
  endfacet
  facet normal 3.41586e-05 -0.951066 0.308987
    outer loop
      vertex 92.0114 17.9059 29.0276
      vertex 92.5979 17.544 27.9136
      vertex 92.5979 17.8247 28.7776
    endloop
  endfacet
  facet normal -1.2709e-05 -0.951074 0.308964
    outer loop
      vertex 92.2497 17.4343 27.5759
      vertex 92.5979 17.544 27.9136
      vertex 92.0114 17.9059 29.0276
    endloop
  endfacet
  facet normal -0.000183177 -0.951022 0.309123
    outer loop
      vertex 92.5979 17.544 27.9136
      vertex 92.2497 17.4343 27.5759
      vertex 92.5861 17.4892 27.745
    endloop
  endfacet
  facet normal -0.000194156 -0.951016 0.309143
    outer loop
      vertex 92.32 17.4311 27.5661
      vertex 92.5861 17.4892 27.745
      vertex 92.2497 17.4343 27.5759
    endloop
  endfacet
  facet normal -7.6679e-05 -0.951145 0.308746
    outer loop
      vertex 92.5861 17.4892 27.745
      vertex 92.4875 17.4362 27.5817
      vertex 92.5506 17.4546 27.6384
    endloop
  endfacet
  facet normal 0.00016202 -0.951065 0.30899
    outer loop
      vertex 92.0114 17.316 27.2119
      vertex 92.2497 17.4343 27.5759
      vertex 92.0114 17.9059 29.0276
    endloop
  endfacet
  facet normal 2.63857e-05 -0.950889 0.309531
    outer loop
      vertex 92.0114 17.316 27.2119
      vertex 92.3045 17.3219 27.23
      vertex 92.2497 17.326 27.2426
    endloop
  endfacet
  facet normal 9.80684e-05 -0.951053 0.309028
    outer loop
      vertex 92.2497 17.4343 27.5759
      vertex 92.0114 17.316 27.2119
      vertex 92.2497 17.326 27.2426
    endloop
  endfacet
  facet normal 0.000196708 -0.951698 0.307037
    outer loop
      vertex 92.3045 17.3219 27.23
      vertex 92.0114 17.316 27.2119
      vertex 92.3535 17.3182 27.2185
    endloop
  endfacet
  facet normal 6.02612e-15 -0.948683 0.316228
    outer loop
      vertex 92.3535 17.3182 27.2185
      vertex 92.0114 17.316 27.2119
      vertex 92.3996 17.3149 27.2086
    endloop
  endfacet
  facet normal -4.86829e-05 -0.951098 0.30889
    outer loop
      vertex 89.8003 18.0751 29.548
      vertex 88.6397 18.3733 30.466
      vertex 89.3936 18.1012 29.6283
    endloop
  endfacet
  facet normal 0.000201288 -0.951032 0.309093
    outer loop
      vertex 88.6397 18.3733 30.466
      vertex 89.1466 18.0926 29.602
      vertex 89.3936 18.1012 29.6283
    endloop
  endfacet
  facet normal 3.32093e-05 -0.951061 0.309004
    outer loop
      vertex 88.6397 18.0919 29.5999
      vertex 89.1466 18.0926 29.602
      vertex 88.6397 18.3733 30.466
    endloop
  endfacet
  facet normal 3.53529e-05 -0.951212 0.308537
    outer loop
      vertex 88.6397 18.0919 29.5999
      vertex 88.936 18.067 29.5231
      vertex 89.1466 18.0926 29.602
    endloop
  endfacet
  facet normal 0.000179208 -0.951049 0.309039
    outer loop
      vertex 88.6397 18.0919 29.5999
      vertex 88.7656 18.0244 29.3921
      vertex 88.936 18.067 29.5231
    endloop
  endfacet
  facet normal -5.61841e-05 -0.951091 0.30891
    outer loop
      vertex 88.6351 17.9651 29.2095
      vertex 88.7656 18.0244 29.3921
      vertex 88.6397 18.0919 29.5999
    endloop
  endfacet
  facet normal 0 -0.951103 0.308874
    outer loop
      vertex 88.7656 18.0244 29.3921
      vertex 88.6351 17.9651 29.2095
      vertex 88.6397 17.9651 29.2095
    endloop
  endfacet
  facet normal -1.81156e-06 -0.951091 0.30891
    outer loop
      vertex 42.6245 18.2994 30.2385
      vertex 44.1147 18.3386 30.3592
      vertex 42.3409 18.34 30.3635
    endloop
  endfacet
  facet normal -7.01988e-06 -0.951072 0.308968
    outer loop
      vertex 42.8383 18.2303 30.0258
      vertex 44.1147 18.3386 30.3592
      vertex 42.6245 18.2994 30.2385
    endloop
  endfacet
  facet normal 7.00362e-06 -0.951088 0.30892
    outer loop
      vertex 42.9911 18.1313 29.721
      vertex 44.1147 18.3386 30.3592
      vertex 42.8383 18.2303 30.0258
    endloop
  endfacet
  facet normal -0.000104033 -0.951031 0.309097
    outer loop
      vertex 43.0827 18.0007 29.3192
      vertex 44.1147 18.3386 30.3592
      vertex 42.9911 18.1313 29.721
    endloop
  endfacet
  facet normal -2.41021e-05 -0.951054 0.309025
    outer loop
      vertex 43.1132 17.837 28.8154
      vertex 44.1147 18.3386 30.3592
      vertex 43.0827 18.0007 29.3192
    endloop
  endfacet
  facet normal 0 -0.951052 0.309031
    outer loop
      vertex 44.1147 17.4836 27.7278
      vertex 43.1132 17.837 28.8154
      vertex 43.37 17.4836 27.7278
    endloop
  endfacet
  facet normal -1.39879e-05 -0.951056 0.309019
    outer loop
      vertex 43.1132 17.837 28.8154
      vertex 44.1147 17.4836 27.7278
      vertex 44.1147 18.3386 30.3592
    endloop
  endfacet
  facet normal 3.85384e-06 -0.950678 0.31018
    outer loop
      vertex 57.9452 18.3362 30.3518
      vertex 59.6147 18.3396 30.3622
      vertex 57.5112 18.3546 30.4082
    endloop
  endfacet
  facet normal 1.31518e-05 -0.951117 0.308831
    outer loop
      vertex 58.2882 18.2812 30.1824
      vertex 59.6147 18.3396 30.3622
      vertex 57.9452 18.3362 30.3518
    endloop
  endfacet
  facet normal -2.67116e-05 -0.951031 0.309097
    outer loop
      vertex 58.5239 18.1937 29.9132
      vertex 59.6147 18.3396 30.3622
      vertex 58.2882 18.2812 30.1824
    endloop
  endfacet
  facet normal 1.47894e-05 -0.95106 0.309006
    outer loop
      vertex 58.6363 18.0781 29.5574
      vertex 59.6147 18.3396 30.3622
      vertex 58.5239 18.1937 29.9132
    endloop
  endfacet
  facet normal -0.00109692 -0.951222 0.308504
    outer loop
      vertex 57.2253 17.9616 29.1989
      vertex 57.0846 18.0624 29.5092
      vertex 57.1198 18.0045 29.3308
    endloop
  endfacet
  facet normal -0.000158905 -0.951065 0.308992
    outer loop
      vertex 57.704 18.1864 29.8907
      vertex 57.6449 17.9264 29.0904
      vertex 57.9438 18.1194 29.6846
    endloop
  endfacet
  facet normal 0.000292548 -0.951038 0.309074
    outer loop
      vertex 57.0846 18.0624 29.5092
      vertex 57.2253 17.9616 29.1989
      vertex 57.4005 17.9352 29.1175
    endloop
  endfacet
  facet normal 0.000305144 -0.951133 0.308781
    outer loop
      vertex 57.9438 18.1194 29.6846
      vertex 57.6449 17.9264 29.0904
      vertex 57.9884 18.0639 29.5136
    endloop
  endfacet
  facet normal 0 -0.95106 0.309005
    outer loop
      vertex 57.9884 18.0639 29.5136
      vertex 57.6449 17.9264 29.0904
      vertex 57.857 17.9264 29.0904
    endloop
  endfacet
  facet normal -4.6271e-05 -0.951056 0.309018
    outer loop
      vertex 57.9884 18.0639 29.5136
      vertex 57.857 17.9264 29.0904
      vertex 58.6363 18.0781 29.5574
    endloop
  endfacet
  facet normal -0.0001087 -0.951026 0.309112
    outer loop
      vertex 57.857 17.7646 28.5926
      vertex 58.6363 18.0781 29.5574
      vertex 57.857 17.9264 29.0904
    endloop
  endfacet
  facet normal 2.73357e-05 -0.951058 0.309013
    outer loop
      vertex 58.6916 17.6086 28.1124
      vertex 58.6363 18.0781 29.5574
      vertex 57.857 17.7646 28.5926
    endloop
  endfacet
  facet normal -3.6377e-05 -0.95106 0.309007
    outer loop
      vertex 57.0085 17.6264 28.1672
      vertex 57.3601 17.7557 28.5652
      vertex 57.1653 17.729 28.483
    endloop
  endfacet
  facet normal 0.000554503 -0.951146 0.308742
    outer loop
      vertex 57.0085 17.6264 28.1672
      vertex 57.1653 17.729 28.483
      vertex 57.0477 17.6855 28.3492
    endloop
  endfacet
  facet normal -0.000330127 -0.951135 0.308775
    outer loop
      vertex 57.2927 17.4907 27.7495
      vertex 57.0085 17.6264 28.1672
      vertex 57.0408 17.5625 27.9704
    endloop
  endfacet
  facet normal 0 -0.95107 0.308975
    outer loop
      vertex 57.6311 17.7646 28.5926
      vertex 58.0322 17.6264 28.1672
      vertex 57.857 17.7646 28.5926
    endloop
  endfacet
  facet normal 4.35324e-06 -0.95107 0.308976
    outer loop
      vertex 58.6916 17.6086 28.1124
      vertex 57.857 17.7646 28.5926
      vertex 58.0322 17.6264 28.1672
    endloop
  endfacet
  facet normal -4.76333e-05 -0.951059 0.30901
    outer loop
      vertex 59.6147 17.4846 27.7309
      vertex 58.6363 18.0781 29.5574
      vertex 58.6916 17.6086 28.1124
    endloop
  endfacet
  facet normal -0.000112697 -0.95104 0.309067
    outer loop
      vertex 58.87 17.4846 27.7309
      vertex 58.6916 17.6086 28.1124
      vertex 58.5746 17.4847 27.7311
    endloop
  endfacet
  facet normal 0 -0.951025 0.309114
    outer loop
      vertex 59.6147 17.4846 27.7309
      vertex 58.6916 17.6086 28.1124
      vertex 58.87 17.4846 27.7309
    endloop
  endfacet
  facet normal -7.03741e-06 -0.951052 0.30903
    outer loop
      vertex 58.6363 18.0781 29.5574
      vertex 59.6147 17.4846 27.7309
      vertex 59.6147 18.3396 30.3622
    endloop
  endfacet
  facet normal 0 -0.951056 0.309019
    outer loop
      vertex 18.35 22.1515 42.094
      vertex 87.9918 18.3733 30.466
      vertex 138 22.1515 42.094
    endloop
  endfacet
  facet normal -1.99956e-05 -0.951077 0.308953
    outer loop
      vertex 60.228 18.3396 30.3622
      vertex 18.35 22.1515 42.094
      vertex 57.5112 18.3546 30.4082
    endloop
  endfacet
  facet normal -2.50374e-05 -0.951072 0.30897
    outer loop
      vertex 44.1147 18.3386 30.3592
      vertex 18.35 22.1515 42.094
      vertex 41.9789 18.3536 30.4052
    endloop
  endfacet
  facet normal 9.26185e-05 -0.951002 0.309185
    outer loop
      vertex 18.35 22.1515 42.094
      vertex 41.4797 18.3213 30.306
      vertex 41.9789 18.3536 30.4052
    endloop
  endfacet
  facet normal -3.04839e-05 -0.951073 0.308966
    outer loop
      vertex 18.35 22.1515 42.094
      vertex 41.135 18.2246 30.0083
      vertex 41.4797 18.3213 30.306
    endloop
  endfacet
  facet normal 9.74118e-06 -0.951051 0.309035
    outer loop
      vertex 18.35 22.1515 42.094
      vertex 40.9344 18.0632 29.5116
      vertex 41.135 18.2246 30.0083
    endloop
  endfacet
  facet normal -7.78475e-06 -0.95106 0.309006
    outer loop
      vertex 18.35 22.1515 42.094
      vertex 40.8676 17.837 28.8154
      vertex 40.9344 18.0632 29.5116
    endloop
  endfacet
  facet normal -1.1226e-06 -0.951057 0.309017
    outer loop
      vertex 18.35 12.881 13.5623
      vertex 40.8676 17.837 28.8154
      vertex 18.35 22.1515 42.094
    endloop
  endfacet
  facet normal 9.44647e-06 -0.951061 0.309003
    outer loop
      vertex 40.8676 17.837 28.8154
      vertex 18.35 12.881 13.5623
      vertex 40.9382 17.6135 28.1275
    endloop
  endfacet
  facet normal 3.79372e-05 -0.951074 0.308963
    outer loop
      vertex 40.9382 17.6135 28.1275
      vertex 18.35 12.881 13.5623
      vertex 41.15 17.4516 27.6291
    endloop
  endfacet
  facet normal -9.36026e-05 -0.950978 0.309257
    outer loop
      vertex 57.0074 17.3386 27.2813
      vertex 18.35 12.881 13.5623
      vertex 57.4973 17.3193 27.2221
    endloop
  endfacet
  facet normal 0 -0.951257 0.308398
    outer loop
      vertex 87.9734 17.316 27.2119
      vertex 89.4421 17.3018 27.1681
      vertex 88.6005 17.316 27.2119
    endloop
  endfacet
  facet normal 4.41228e-07 -0.951058 0.309013
    outer loop
      vertex 57.4973 17.3193 27.2221
      vertex 18.35 12.881 13.5623
      vertex 87.9734 17.316 27.2119
    endloop
  endfacet
  facet normal 0 -0.951056 0.309017
    outer loop
      vertex 138 12.881 13.5623
      vertex 93.9997 17.3018 27.1681
      vertex 89.4421 17.3018 27.1681
    endloop
  endfacet
  facet normal 2.2832e-05 -0.951032 0.309091
    outer loop
      vertex 87.9734 17.316 27.2119
      vertex 138 12.881 13.5623
      vertex 89.4421 17.3018 27.1681
    endloop
  endfacet
  facet normal 0 -0.951057 0.309015
    outer loop
      vertex 138 12.881 13.5623
      vertex 87.9734 17.316 27.2119
      vertex 18.35 12.881 13.5623
    endloop
  endfacet
  facet normal -6.84861e-05 -0.951022 0.309124
    outer loop
      vertex 41.5031 17.3533 27.3265
      vertex 18.35 12.881 13.5623
      vertex 41.9973 17.3205 27.2257
    endloop
  endfacet
  facet normal 2.38138e-05 -0.951067 0.308983
    outer loop
      vertex 41.15 17.4516 27.6291
      vertex 18.35 12.881 13.5623
      vertex 41.5031 17.3533 27.3265
    endloop
  endfacet
  facet normal 0 -0.951056 0.309019
    outer loop
      vertex 88.6397 18.3733 30.466
      vertex 138 22.1515 42.094
      vertex 87.9918 18.3733 30.466
    endloop
  endfacet
  facet normal 0.000250881 -0.950881 0.309558
    outer loop
      vertex 90.915 18.0979 29.6182
      vertex 88.6397 18.3733 30.466
      vertex 90.7755 18.1019 29.6306
    endloop
  endfacet
  facet normal 0 -0.951085 0.308929
    outer loop
      vertex 96.0917 18.1012 29.6283
      vertex 88.6397 18.3733 30.466
      vertex 93.5823 18.1012 29.6283
    endloop
  endfacet
  facet normal 7.57384e-06 -0.951065 0.30899
    outer loop
      vertex 88.6397 18.3733 30.466
      vertex 96.0917 18.1012 29.6283
      vertex 138 22.1515 42.094
    endloop
  endfacet
  facet normal -0.000108728 -0.95095 0.309344
    outer loop
      vertex 96.5984 18.0745 29.5464
      vertex 138 22.1515 42.094
      vertex 96.0917 18.1012 29.6283
    endloop
  endfacet
  facet normal -1.20863e-06 -0.951055 0.309023
    outer loop
      vertex 96.9748 17.9946 29.3005
      vertex 138 22.1515 42.094
      vertex 96.5984 18.0745 29.5464
    endloop
  endfacet
  facet normal -1.79139e-06 -0.951054 0.309025
    outer loop
      vertex 97.2082 17.867 28.9078
      vertex 138 22.1515 42.094
      vertex 96.9748 17.9946 29.3005
    endloop
  endfacet
  facet normal 2.09125e-05 -0.951075 0.308961
    outer loop
      vertex 97.286 17.6972 28.3851
      vertex 138 22.1515 42.094
      vertex 97.2082 17.867 28.9078
    endloop
  endfacet
  facet normal 1.11057e-06 -0.951056 0.309019
    outer loop
      vertex 138 12.881 13.5623
      vertex 97.286 17.6972 28.3851
      vertex 97.2088 17.5311 27.8739
    endloop
  endfacet
  facet normal 2.60995e-05 -0.951035 0.309083
    outer loop
      vertex 138 12.881 13.5623
      vertex 97.2088 17.5311 27.8739
      vertex 96.9771 17.4061 27.4893
    endloop
  endfacet
  facet normal -6.3381e-05 -0.951113 0.308845
    outer loop
      vertex 138 12.881 13.5623
      vertex 96.9771 17.4061 27.4893
      vertex 96.6036 17.3279 27.2484
    endloop
  endfacet
  facet normal 0 -0.951056 0.309017
    outer loop
      vertex 93.9997 17.3018 27.1681
      vertex 138 12.881 13.5623
      vertex 96.1009 17.3018 27.1681
    endloop
  endfacet
  facet normal 3.22461e-07 -0.951057 0.309017
    outer loop
      vertex 97.286 17.6972 28.3851
      vertex 138 12.881 13.5623
      vertex 138 22.1515 42.094
    endloop
  endfacet
  facet normal 1.12905e-05 -0.951046 0.309049
    outer loop
      vertex 96.1009 17.3018 27.1681
      vertex 138 12.881 13.5623
      vertex 96.6036 17.3279 27.2484
    endloop
  endfacet
  facet normal 0 -0.95073 0.310021
    outer loop
      vertex 60.228 18.3396 30.3622
      vertex 57.5112 18.3546 30.4082
      vertex 59.6147 18.3396 30.3622
    endloop
  endfacet
  facet normal -9.03496e-07 -0.951057 0.309015
    outer loop
      vertex 18.35 22.1515 42.094
      vertex 60.228 18.3396 30.3622
      vertex 87.9918 18.3733 30.466
    endloop
  endfacet
  facet normal -1.08613e-06 -0.951043 0.309059
    outer loop
      vertex 61.0419 18.1764 29.86
      vertex 87.9918 18.3733 30.466
      vertex 60.228 18.3396 30.3622
    endloop
  endfacet
  facet normal 2.42799e-06 -0.951089 0.308917
    outer loop
      vertex 61.0419 18.019 29.3754
      vertex 87.9918 18.3733 30.466
      vertex 61.0419 18.1764 29.86
    endloop
  endfacet
  facet normal 0 -0.951045 0.309053
    outer loop
      vertex 61.0673 17.4846 27.7309
      vertex 61.0419 18.019 29.3754
      vertex 60.2626 17.4846 27.7309
    endloop
  endfacet
  facet normal 3.08872e-06 -0.951045 0.309053
    outer loop
      vertex 87.9918 17.4842 27.7294
      vertex 61.0419 18.019 29.3754
      vertex 61.0673 17.4846 27.7309
    endloop
  endfacet
  facet normal -9.68201e-07 -0.951064 0.308993
    outer loop
      vertex 61.0419 18.019 29.3754
      vertex 87.9918 17.4842 27.7294
      vertex 87.9918 18.3733 30.466
    endloop
  endfacet
  facet normal 3.09195e-06 -0.951027 0.309107
    outer loop
      vertex 87.9734 17.316 27.2119
      vertex 87.9918 17.4842 27.7294
      vertex 61.0673 17.4846 27.7309
    endloop
  endfacet
  facet normal 7.49678e-07 -0.951063 0.308997
    outer loop
      vertex 87.9734 17.316 27.2119
      vertex 61.0673 17.4846 27.7309
      vertex 61.0673 17.3357 27.2726
    endloop
  endfacet
  facet normal 3.80334e-07 -0.951111 0.308849
    outer loop
      vertex 87.9734 17.316 27.2119
      vertex 61.0673 17.3357 27.2726
      vertex 57.4973 17.3193 27.2221
    endloop
  endfacet
  facet normal -0.00469096 -0.950968 0.309254
    outer loop
      vertex 87.9918 17.4842 27.7294
      vertex 87.9734 17.316 27.2119
      vertex 87.9872 17.4065 27.4904
    endloop
  endfacet
  facet normal 1.31294e-06 -0.950712 0.310076
    outer loop
      vertex 44.1147 18.3386 30.3592
      vertex 41.9789 18.3536 30.4052
      vertex 42.3409 18.34 30.3635
    endloop
  endfacet
  facet normal 0 -0.951056 0.309019
    outer loop
      vertex 18.35 22.1515 42.094
      vertex 44.1147 18.3386 30.3592
      vertex 44.728 18.3386 30.3592
    endloop
  endfacet
  facet normal 5.81251e-06 -0.951052 0.309031
    outer loop
      vertex 18.35 22.1515 42.094
      vertex 44.728 18.3386 30.3592
      vertex 57.5112 18.3546 30.4082
    endloop
  endfacet
  facet normal -2.81889e-07 -0.950584 0.310468
    outer loop
      vertex 44.728 18.3386 30.3592
      vertex 57.0572 18.3368 30.3537
      vertex 57.5112 18.3546 30.4082
    endloop
  endfacet
  facet normal -1.22893e-06 -0.951208 0.30855
    outer loop
      vertex 44.728 18.3386 30.3592
      vertex 56.7146 18.2837 30.19
      vertex 57.0572 18.3368 30.3537
    endloop
  endfacet
  facet normal 4.16209e-06 -0.951096 0.308895
    outer loop
      vertex 45.5419 18.1755 29.857
      vertex 56.7146 18.2837 30.19
      vertex 44.728 18.3386 30.3592
    endloop
  endfacet
  facet normal -9.72323e-06 -0.950959 0.309317
    outer loop
      vertex 56.7146 18.2837 30.19
      vertex 45.5419 18.1755 29.857
      vertex 56.4993 18.1991 29.9299
    endloop
  endfacet
  facet normal -6.19824e-06 -0.951115 0.308837
    outer loop
      vertex 45.5419 18.1755 29.857
      vertex 56.4275 18.0874 29.5859
      vertex 56.4993 18.1991 29.9299
    endloop
  endfacet
  facet normal 8.99621e-07 -0.951031 0.309095
    outer loop
      vertex 45.5419 18.018 29.3724
      vertex 56.4275 18.0874 29.5859
      vertex 45.5419 18.1755 29.857
    endloop
  endfacet
  facet normal 2.62918e-06 -0.951057 0.309015
    outer loop
      vertex 56.395 17.7026 28.4016
      vertex 56.4275 18.0874 29.5859
      vertex 45.5419 18.018 29.3724
    endloop
  endfacet
  facet normal 2.52191e-05 -0.95105 0.309036
    outer loop
      vertex 88.6397 18.3733 30.466
      vertex 90.6631 18.0992 29.6223
      vertex 90.7755 18.1019 29.6306
    endloop
  endfacet
  facet normal -5.03966e-05 -0.951098 0.308888
    outer loop
      vertex 90.575 18.0912 29.5977
      vertex 88.6397 18.3733 30.466
      vertex 89.8003 18.0751 29.548
    endloop
  endfacet
  facet normal 5.16492e-05 -0.951032 0.309094
    outer loop
      vertex 88.6397 18.3733 30.466
      vertex 90.575 18.0912 29.5977
      vertex 90.6631 18.0992 29.6223
    endloop
  endfacet
  facet normal -6.14068e-05 -0.951048 0.309043
    outer loop
      vertex 90.1026 17.9968 29.3071
      vertex 90.575 18.0912 29.5977
      vertex 89.8003 18.0751 29.548
    endloop
  endfacet
  facet normal -8.28285e-06 -0.951073 0.308965
    outer loop
      vertex 90.1026 17.9968 29.3071
      vertex 90.575 17.9238 29.0824
      vertex 90.575 18.0912 29.5977
    endloop
  endfacet
  facet normal -1.23142e-05 -0.951073 0.308965
    outer loop
      vertex 91.3298 17.7987 28.6975
      vertex 90.8516 17.9344 29.1152
      vertex 90.3528 17.7008 28.3961
    endloop
  endfacet
  facet normal 2.65141e-05 -0.951052 0.309031
    outer loop
      vertex 90.2902 17.8706 28.9187
      vertex 90.575 17.9238 29.0824
      vertex 90.1026 17.9968 29.3071
    endloop
  endfacet
  facet normal 3.62287e-05 -0.951057 0.309016
    outer loop
      vertex 90.3528 17.7008 28.3961
      vertex 90.575 17.9238 29.0824
      vertex 90.2902 17.8706 28.9187
    endloop
  endfacet
  facet normal 5.0546e-06 -0.951102 0.308876
    outer loop
      vertex 90.8516 17.9344 29.1152
      vertex 91.2286 17.8739 28.9289
      vertex 91.0669 17.9193 29.0687
    endloop
  endfacet
  facet normal 0.000139905 -0.951022 0.309123
    outer loop
      vertex 90.8516 17.9344 29.1152
      vertex 91.3298 17.7987 28.6975
      vertex 91.2286 17.8739 28.9289
    endloop
  endfacet
  facet normal -6.07071e-05 -0.951027 0.309107
    outer loop
      vertex 90.3528 17.7008 28.3961
      vertex 91.3635 17.6943 28.3763
      vertex 91.3298 17.7987 28.6975
    endloop
  endfacet
  facet normal -6.20155e-05 -0.951047 0.309047
    outer loop
      vertex 90.2934 17.5329 27.8794
      vertex 91.3635 17.6943 28.3763
      vertex 90.3528 17.7008 28.3961
    endloop
  endfacet
  facet normal -5.43422e-05 -0.951075 0.308959
    outer loop
      vertex 91.3635 17.316 27.2119
      vertex 90.2934 17.5329 27.8794
      vertex 90.1153 17.4069 27.4915
    endloop
  endfacet
  facet normal 2.01075e-05 -0.950978 0.30926
    outer loop
      vertex 91.3635 17.316 27.2119
      vertex 90.1153 17.4069 27.4915
      vertex 89.8282 17.328 27.2489
    endloop
  endfacet
  facet normal -3.2905e-05 -0.951065 0.30899
    outer loop
      vertex 90.2934 17.5329 27.8794
      vertex 91.3635 17.316 27.2119
      vertex 91.3635 17.6943 28.3763
    endloop
  endfacet
  facet normal 0 -0.951257 0.308398
    outer loop
      vertex 92.5437 17.3089 27.19
      vertex 92.0114 17.316 27.2119
      vertex 91.3635 17.316 27.2119
    endloop
  endfacet
  facet normal -0.000149987 -0.953844 0.300304
    outer loop
      vertex 92.0114 17.316 27.2119
      vertex 92.4457 17.3125 27.201
      vertex 92.3996 17.3149 27.2086
    endloop
  endfacet
  facet normal 0.000200516 -0.949766 0.31296
    outer loop
      vertex 92.0114 17.316 27.2119
      vertex 92.4932 17.3105 27.1949
      vertex 92.4457 17.3125 27.201
    endloop
  endfacet
  facet normal 0.000158109 -0.950123 0.311874
    outer loop
      vertex 92.0114 17.316 27.2119
      vertex 92.5437 17.3089 27.19
      vertex 92.4932 17.3105 27.1949
    endloop
  endfacet
  facet normal 0.000234746 -0.947477 0.319823
    outer loop
      vertex 91.3635 17.316 27.2119
      vertex 92.5999 17.3078 27.1867
      vertex 92.5437 17.3089 27.19
    endloop
  endfacet
  facet normal 0.000209622 -0.961561 0.274592
    outer loop
      vertex 92.5999 17.3078 27.1867
      vertex 89.4421 17.3018 27.1681
      vertex 92.6647 17.3075 27.1856
    endloop
  endfacet
  facet normal -1.22395e-05 -0.9511 0.308884
    outer loop
      vertex 91.3635 17.316 27.2119
      vertex 89.4421 17.3018 27.1681
      vertex 92.5999 17.3078 27.1867
    endloop
  endfacet
  facet normal -1.37524e-06 -0.95124 0.308453
    outer loop
      vertex 89.4421 17.3018 27.1681
      vertex 91.3635 17.316 27.2119
      vertex 89.8282 17.328 27.2489
    endloop
  endfacet
  facet normal -0.000199994 -0.951022 0.309122
    outer loop
      vertex 93.2457 17.6338 28.1899
      vertex 93.5777 17.6715 28.3061
      vertex 93.2457 17.673 28.3105
    endloop
  endfacet
  facet normal -0.000242051 -0.950987 0.30923
    outer loop
      vertex 93.2636 17.5845 28.0383
      vertex 93.5777 17.6715 28.3061
      vertex 93.2457 17.6338 28.1899
    endloop
  endfacet
  facet normal 0.000230719 -0.95115 0.308729
    outer loop
      vertex 93.3172 17.538 27.895
      vertex 93.5777 17.6715 28.3061
      vertex 93.2636 17.5845 28.0383
    endloop
  endfacet
  facet normal -0.000392015 -0.951034 0.309086
    outer loop
      vertex 93.4022 17.4976 27.7708
      vertex 93.5777 17.6715 28.3061
      vertex 93.3172 17.538 27.895
    endloop
  endfacet
  facet normal 0.000145361 -0.951086 0.308926
    outer loop
      vertex 93.5777 17.6715 28.3061
      vertex 93.4022 17.4976 27.7708
      vertex 93.7708 17.6663 28.29
    endloop
  endfacet
  facet normal 0.000227403 -0.951103 0.308874
    outer loop
      vertex 93.5143 17.4671 27.6768
      vertex 93.7708 17.6663 28.29
      vertex 93.4022 17.4976 27.7708
    endloop
  endfacet
  facet normal -0.000415914 -0.951024 0.309117
    outer loop
      vertex 93.6466 17.4478 27.6176
      vertex 93.7708 17.6663 28.29
      vertex 93.5143 17.4671 27.6768
    endloop
  endfacet
  facet normal -1.47511e-05 -0.951046 0.30905
    outer loop
      vertex 94.0919 17.5497 27.9312
      vertex 93.7708 17.6663 28.29
      vertex 93.6466 17.4478 27.6176
    endloop
  endfacet
  facet normal -0.00024684 -0.951107 0.308862
    outer loop
      vertex 93.7708 17.6663 28.29
      vertex 94.0919 17.5497 27.9312
      vertex 93.8982 17.6562 28.259
    endloop
  endfacet
  facet normal 0.00114538 -0.950815 0.309757
    outer loop
      vertex 93.8982 17.6562 28.259
      vertex 94.0795 17.5882 28.0496
      vertex 93.9815 17.6405 28.2105
    endloop
  endfacet
  facet normal -0.00185244 -0.951351 0.308105
    outer loop
      vertex 93.9815 17.6405 28.2105
      vertex 94.0795 17.5882 28.0496
      vertex 94.0423 17.6181 28.1417
    endloop
  endfacet
  facet normal 0.000539254 -0.95097 0.309282
    outer loop
      vertex 93.8982 17.6562 28.259
      vertex 94.0919 17.5497 27.9312
      vertex 94.0795 17.5882 28.0496
    endloop
  endfacet
  facet normal 6.81414e-06 -0.951055 0.309022
    outer loop
      vertex 93.7922 17.4414 27.5979
      vertex 94.0919 17.5497 27.9312
      vertex 93.6466 17.4478 27.6176
    endloop
  endfacet
  facet normal 0.000255617 -0.95112 0.30882
    outer loop
      vertex 94.0919 17.5497 27.9312
      vertex 93.7922 17.4414 27.5979
      vertex 94.0714 17.5019 27.784
    endloop
  endfacet
  facet normal 0.000369202 -0.95117 0.308666
    outer loop
      vertex 93.9146 17.4481 27.6184
      vertex 94.0714 17.5019 27.784
      vertex 93.7922 17.4414 27.5979
    endloop
  endfacet
  facet normal -0.00115822 -0.950744 0.309974
    outer loop
      vertex 94.0714 17.5019 27.784
      vertex 93.9146 17.4481 27.6184
      vertex 94.01 17.4681 27.6801
    endloop
  endfacet
  facet normal 0.000543033 -0.951394 0.307977
    outer loop
      vertex 88.7654 17.8978 29.0023
      vertex 89.163 17.9651 29.2095
      vertex 88.9322 17.9482 29.1577
    endloop
  endfacet
  facet normal -0.000118489 -0.951094 0.308901
    outer loop
      vertex 89.163 17.9651 29.2095
      vertex 89.5504 17.8999 29.0089
      vertex 89.3902 17.9488 29.1594
    endloop
  endfacet
  facet normal -5.38443e-05 -0.951058 0.309013
    outer loop
      vertex 89.163 17.9651 29.2095
      vertex 88.7654 17.8978 29.0023
      vertex 89.5504 17.8999 29.0089
    endloop
  endfacet
  facet normal -5.47391e-05 -0.951026 0.30911
    outer loop
      vertex 88.7654 17.8978 29.0023
      vertex 89.6455 17.8175 28.7554
      vertex 89.5504 17.8999 29.0089
    endloop
  endfacet
  facet normal -2.95937e-05 -0.951 0.309191
    outer loop
      vertex 88.6642 17.8161 28.751
      vertex 89.6455 17.8175 28.7554
      vertex 88.7654 17.8978 29.0023
    endloop
  endfacet
  facet normal -2.94637e-05 -0.951009 0.309165
    outer loop
      vertex 88.6305 17.7057 28.4114
      vertex 89.6455 17.8175 28.7554
      vertex 88.6642 17.8161 28.751
    endloop
  endfacet
  facet normal 6.31537e-05 -0.951089 0.308918
    outer loop
      vertex 88.6305 17.7057 28.4114
      vertex 89.6772 17.7008 28.3961
      vertex 89.6455 17.8175 28.7554
    endloop
  endfacet
  facet normal 6.24895e-05 -0.951102 0.308876
    outer loop
      vertex 88.6656 17.5922 28.0619
      vertex 89.6772 17.7008 28.3961
      vertex 88.6305 17.7057 28.4114
    endloop
  endfacet
  facet normal 4.13795e-05 -0.951002 0.309184
    outer loop
      vertex 89.5498 17.5041 27.7908
      vertex 88.6656 17.5922 28.0619
      vertex 88.7711 17.508 27.8029
    endloop
  endfacet
  facet normal -2.60403e-06 -0.951044 0.309055
    outer loop
      vertex 88.6656 17.5922 28.0619
      vertex 89.5498 17.5041 27.7908
      vertex 89.6772 17.7008 28.3961
    endloop
  endfacet
  facet normal 0.000250818 -0.951008 0.309165
    outer loop
      vertex 89.1677 17.4386 27.5891
      vertex 88.7711 17.508 27.8029
      vertex 88.9406 17.4559 27.6425
    endloop
  endfacet
  facet normal 3.48244e-05 -0.951126 0.308802
    outer loop
      vertex 88.7711 17.508 27.8029
      vertex 89.1677 17.4386 27.5891
      vertex 89.5498 17.5041 27.7908
    endloop
  endfacet
  facet normal 0.000173854 -0.951193 0.308595
    outer loop
      vertex 41.6186 18.119 29.6832
      vertex 41.9835 18.1968 29.9228
      vertex 41.8209 18.1884 29.897
    endloop
  endfacet
  facet normal 0.000171874 -0.951193 0.308597
    outer loop
      vertex 41.6186 18.119 29.6832
      vertex 41.8209 18.1884 29.897
      vertex 41.7022 18.1633 29.8197
    endloop
  endfacet
  facet normal 2.47859e-05 -0.951127 0.308801
    outer loop
      vertex 42.3657 18.1185 29.6816
      vertex 41.9835 18.1968 29.9228
      vertex 41.6186 18.119 29.6832
    endloop
  endfacet
  facet normal 0.000529598 -0.950891 0.309524
    outer loop
      vertex 41.9835 18.1968 29.9228
      vertex 42.3657 18.1185 29.6816
      vertex 42.1555 18.1884 29.8967
    endloop
  endfacet
  facet normal -0.000400912 -0.951159 0.308702
    outer loop
      vertex 42.1555 18.1884 29.8967
      vertex 42.3657 18.1185 29.6816
      vertex 42.2798 18.163 29.8186
    endloop
  endfacet
  facet normal 2.53943e-05 -0.951043 0.309058
    outer loop
      vertex 41.5616 18.0529 29.4798
      vertex 42.3657 18.1185 29.6816
      vertex 41.6186 18.119 29.6832
    endloop
  endfacet
  facet normal -4.66075e-05 -0.950959 0.309318
    outer loop
      vertex 41.5616 18.0529 29.4798
      vertex 42.4227 18.0525 29.4787
      vertex 42.3657 18.1185 29.6816
    endloop
  endfacet
  facet normal -4.72016e-05 -0.951094 0.308902
    outer loop
      vertex 41.5287 17.9605 29.1953
      vertex 42.4227 18.0525 29.4787
      vertex 41.5616 18.0529 29.4798
    endloop
  endfacet
  facet normal -3.60004e-05 -0.951104 0.30887
    outer loop
      vertex 41.5287 17.9605 29.1953
      vertex 42.4547 17.9604 29.1951
      vertex 42.4227 18.0525 29.4787
    endloop
  endfacet
  facet normal -3.59275e-05 -0.95101 0.309161
    outer loop
      vertex 41.5178 17.837 28.8154
      vertex 42.4547 17.9604 29.1951
      vertex 41.5287 17.9605 29.1953
    endloop
  endfacet
  facet normal 0 -0.951036 0.30908
    outer loop
      vertex 41.5178 17.837 28.8154
      vertex 42.4654 17.837 28.8154
      vertex 42.4547 17.9604 29.1951
    endloop
  endfacet
  facet normal 0 -0.951089 0.308916
    outer loop
      vertex 41.529 17.7177 28.4481
      vertex 42.4654 17.837 28.8154
      vertex 41.5178 17.837 28.8154
    endloop
  endfacet
  facet normal -1.44018e-05 -0.951078 0.308949
    outer loop
      vertex 41.529 17.7177 28.4481
      vertex 42.4541 17.7146 28.4386
      vertex 42.4654 17.837 28.8154
    endloop
  endfacet
  facet normal -1.12169e-05 -0.950987 0.30923
    outer loop
      vertex 41.5627 17.6261 28.1664
      vertex 42.4541 17.7146 28.4386
      vertex 41.529 17.7177 28.4481
    endloop
  endfacet
  facet normal 3.60942e-05 -0.951033 0.30909
    outer loop
      vertex 41.5627 17.6261 28.1664
      vertex 42.4204 17.6222 28.1543
      vertex 42.4541 17.7146 28.4386
    endloop
  endfacet
  facet normal 3.09642e-05 -0.95114 0.308761
    outer loop
      vertex 41.6215 17.5591 27.96
      vertex 42.4204 17.6222 28.1543
      vertex 41.5627 17.6261 28.1664
    endloop
  endfacet
  facet normal 1.83551e-05 -0.951125 0.308807
    outer loop
      vertex 41.6215 17.5591 27.96
      vertex 42.3622 17.5559 27.9501
      vertex 42.4204 17.6222 28.1543
    endloop
  endfacet
  facet normal -0.000129935 -0.951038 0.309075
    outer loop
      vertex 41.9927 17.4779 27.7103
      vertex 41.6215 17.5591 27.96
      vertex 41.708 17.5132 27.8188
    endloop
  endfacet
  facet normal 2.53903e-05 -0.95097 0.309284
    outer loop
      vertex 41.6215 17.5591 27.96
      vertex 41.9927 17.4779 27.7103
      vertex 42.3622 17.5559 27.9501
    endloop
  endfacet
  facet normal -0.00085718 -0.951597 0.307349
    outer loop
      vertex 41.9927 17.4779 27.7103
      vertex 41.708 17.5132 27.8188
      vertex 41.8293 17.4868 27.7374
    endloop
  endfacet
  facet normal 0.000308413 -0.951098 0.308889
    outer loop
      vertex 42.1573 17.4863 27.736
      vertex 42.3622 17.5559 27.9501
      vertex 41.9927 17.4779 27.7103
    endloop
  endfacet
  facet normal -0.000592833 -0.950844 0.309669
    outer loop
      vertex 42.3622 17.5559 27.9501
      vertex 42.1573 17.4863 27.736
      vertex 42.2775 17.5114 27.8133
    endloop
  endfacet
  facet normal -0 0.309019 0.951056
    outer loop
      vertex 18.35 27.8578 40.2399
      vertex 138 22.1515 42.094
      vertex 138 27.8578 40.2399
    endloop
  endfacet
  facet normal 0 0.309019 0.951056
    outer loop
      vertex 138 22.1515 42.094
      vertex 18.35 27.8578 40.2399
      vertex 18.35 22.1515 42.094
    endloop
  endfacet
  facet normal 0.000112594 -0.95108 0.308944
    outer loop
      vertex 41.9789 17.7829 30.5906
      vertex 41.8209 17.6178 30.0824
      vertex 41.9835 17.6262 30.1082
    endloop
  endfacet
  facet normal -9.22854e-05 -0.951074 0.308964
    outer loop
      vertex 41.4797 17.7507 30.4914
      vertex 41.7022 17.5927 30.0051
      vertex 41.8209 17.6178 30.0824
    endloop
  endfacet
  facet normal -0.000127275 -0.951139 0.308763
    outer loop
      vertex 41.135 17.654 30.1937
      vertex 41.6186 17.5484 29.8686
      vertex 41.7022 17.5927 30.0051
    endloop
  endfacet
  facet normal 5.24819e-05 -0.951037 0.309076
    outer loop
      vertex 41.5616 17.4823 29.6653
      vertex 41.135 17.654 30.1937
      vertex 40.9344 17.4926 29.6971
    endloop
  endfacet
  facet normal 0.000167907 -0.95101 0.30916
    outer loop
      vertex 41.135 17.654 30.1937
      vertex 41.5616 17.4823 29.6653
      vertex 41.6186 17.5484 29.8686
    endloop
  endfacet
  facet normal 5.36039e-05 -0.951031 0.309096
    outer loop
      vertex 40.9344 17.4926 29.6971
      vertex 41.5287 17.3898 29.3807
      vertex 41.5616 17.4823 29.6653
    endloop
  endfacet
  facet normal -2.1779e-05 -0.951073 0.308968
    outer loop
      vertex 40.8676 17.2664 29.0008
      vertex 41.5287 17.3898 29.3807
      vertex 40.9344 17.4926 29.6971
    endloop
  endfacet
  facet normal 0 -0.951084 0.308933
    outer loop
      vertex 40.8676 17.2664 29.0008
      vertex 41.5178 17.2664 29.0008
      vertex 41.5287 17.3898 29.3807
    endloop
  endfacet
  facet normal 0 -0.951065 0.308992
    outer loop
      vertex 40.8676 17.2664 29.0008
      vertex 41.529 17.1471 28.6336
      vertex 41.5178 17.2664 29.0008
    endloop
  endfacet
  facet normal 6.05146e-06 -0.951061 0.309002
    outer loop
      vertex 40.9382 17.0429 28.3129
      vertex 41.529 17.1471 28.6336
      vertex 40.8676 17.2664 29.0008
    endloop
  endfacet
  facet normal -6.73726e-05 -0.951022 0.309125
    outer loop
      vertex 41.529 17.1471 28.6336
      vertex 40.9382 17.0429 28.3129
      vertex 41.5627 17.0555 28.3518
    endloop
  endfacet
  facet normal -6.92323e-05 -0.951013 0.309152
    outer loop
      vertex 40.9382 17.0429 28.3129
      vertex 41.6215 16.9884 28.1454
      vertex 41.5627 17.0555 28.3518
    endloop
  endfacet
  facet normal -8.66616e-05 -0.951034 0.309087
    outer loop
      vertex 41.15 16.8809 27.8145
      vertex 41.6215 16.9884 28.1454
      vertex 40.9382 17.0429 28.3129
    endloop
  endfacet
  facet normal 0.000237596 -0.951169 0.308669
    outer loop
      vertex 41.6215 16.9884 28.1454
      vertex 41.15 16.8809 27.8145
      vertex 41.708 16.9426 28.0042
    endloop
  endfacet
  facet normal -0.00024029 -0.950985 0.309238
    outer loop
      vertex 41.708 16.9426 28.0042
      vertex 41.5031 16.7826 27.512
      vertex 41.8293 16.9161 27.9228
    endloop
  endfacet
  facet normal 6.75216e-05 -0.951022 0.309122
    outer loop
      vertex 41.5031 16.7826 27.512
      vertex 41.708 16.9426 28.0042
      vertex 41.15 16.8809 27.8145
    endloop
  endfacet
  facet normal -5.54608e-05 -0.951065 0.308992
    outer loop
      vertex 41.8209 17.6178 30.0824
      vertex 41.9789 17.7829 30.5906
      vertex 41.4797 17.7507 30.4914
    endloop
  endfacet
  facet normal -0.000120876 -0.951081 0.308942
    outer loop
      vertex 42.1555 17.6177 30.0821
      vertex 41.9789 17.7829 30.5906
      vertex 41.9835 17.6262 30.1082
    endloop
  endfacet
  facet normal 4.07375e-05 -0.951064 0.308993
    outer loop
      vertex 41.9789 17.7829 30.5906
      vertex 42.1555 17.6177 30.0821
      vertex 42.3409 17.7694 30.549
    endloop
  endfacet
  facet normal -4.632e-05 -0.951068 0.308983
    outer loop
      vertex 41.7022 17.5927 30.0051
      vertex 41.4797 17.7507 30.4914
      vertex 41.135 17.654 30.1937
    endloop
  endfacet
  facet normal 0.000461684 -0.951113 0.308842
    outer loop
      vertex 42.2798 17.5924 30.004
      vertex 42.3409 17.7694 30.549
      vertex 42.1555 17.6177 30.0821
    endloop
  endfacet
  facet normal 9.20578e-05 -0.951101 0.308879
    outer loop
      vertex 42.3409 17.7694 30.549
      vertex 42.2798 17.5924 30.004
      vertex 42.6245 17.7288 30.4239
    endloop
  endfacet
  facet normal -1.63866e-05 -0.951075 0.30896
    outer loop
      vertex 42.6245 17.7288 30.4239
      vertex 42.2798 17.5924 30.004
      vertex 42.8383 17.6597 30.2112
    endloop
  endfacet
  facet normal -0.000211936 -0.95092 0.309437
    outer loop
      vertex 42.3657 17.5478 29.867
      vertex 42.8383 17.6597 30.2112
      vertex 42.2798 17.5924 30.004
    endloop
  endfacet
  facet normal -1.49922e-05 -0.951 0.309192
    outer loop
      vertex 42.8383 17.6597 30.2112
      vertex 42.3657 17.5478 29.867
      vertex 42.9911 17.5606 29.9064
    endloop
  endfacet
  facet normal -4.56821e-06 -0.951048 0.309042
    outer loop
      vertex 42.4227 17.4819 29.6642
      vertex 42.9911 17.5606 29.9064
      vertex 42.3657 17.5478 29.867
    endloop
  endfacet
  facet normal 5.52657e-05 -0.951089 0.308915
    outer loop
      vertex 42.4227 17.4819 29.6642
      vertex 43.0827 17.4301 29.5046
      vertex 42.9911 17.5606 29.9064
    endloop
  endfacet
  facet normal 0.000101612 -0.951033 0.309089
    outer loop
      vertex 42.4547 17.3897 29.3805
      vertex 43.0827 17.4301 29.5046
      vertex 42.4227 17.4819 29.6642
    endloop
  endfacet
  facet normal 0 -0.95111 0.308854
    outer loop
      vertex 43.1132 17.2664 29.0008
      vertex 42.4547 17.3897 29.3805
      vertex 42.4654 17.2664 29.0008
    endloop
  endfacet
  facet normal 0.000113917 -0.951051 0.309033
    outer loop
      vertex 42.4547 17.3897 29.3805
      vertex 43.1132 17.2664 29.0008
      vertex 43.0827 17.4301 29.5046
    endloop
  endfacet
  facet normal 0 -0.951004 0.309177
    outer loop
      vertex 42.4541 17.1439 28.624
      vertex 43.1132 17.2664 29.0008
      vertex 42.4654 17.2664 29.0008
    endloop
  endfacet
  facet normal 0.000261955 -0.951139 0.308763
    outer loop
      vertex 42.4204 17.0516 28.3397
      vertex 43.1132 17.2664 29.0008
      vertex 42.4541 17.1439 28.624
    endloop
  endfacet
  facet normal 0.000220462 -0.951005 0.309177
    outer loop
      vertex 42.8343 16.879 27.8085
      vertex 42.4204 17.0516 28.3397
      vertex 42.3622 16.9852 28.1355
    endloop
  endfacet
  facet normal -9.64743e-05 -0.951139 0.308763
    outer loop
      vertex 42.8343 16.879 27.8085
      vertex 42.3622 16.9852 28.1355
      vertex 42.2775 16.9408 27.9987
    endloop
  endfacet
  facet normal -6.07709e-06 -0.951057 0.309017
    outer loop
      vertex 42.4204 17.0516 28.3397
      vertex 42.8343 16.879 27.8085
      vertex 43.1132 17.2664 29.0008
    endloop
  endfacet
  facet normal -4.50272e-05 -0.951095 0.308899
    outer loop
      vertex 42.1573 16.9157 27.9214
      vertex 42.8343 16.879 27.8085
      vertex 42.2775 16.9408 27.9987
    endloop
  endfacet
  facet normal 0.000303126 -0.951088 0.30892
    outer loop
      vertex 41.9973 16.7499 27.4111
      vertex 42.1573 16.9157 27.9214
      vertex 41.9927 16.9073 27.8957
    endloop
  endfacet
  facet normal 0.000149113 -0.951076 0.308958
    outer loop
      vertex 41.9973 16.7499 27.4111
      vertex 41.8293 16.9161 27.9228
      vertex 41.5031 16.7826 27.512
    endloop
  endfacet
  facet normal 1.27519e-05 -0.951089 0.308918
    outer loop
      vertex 41.8293 16.9161 27.9228
      vertex 41.9973 16.7499 27.4111
      vertex 41.9927 16.9073 27.8957
    endloop
  endfacet
  facet normal -2.40422e-05 -0.951058 0.309013
    outer loop
      vertex 42.1573 16.9157 27.9214
      vertex 41.9973 16.7499 27.4111
      vertex 42.8343 16.879 27.8085
    endloop
  endfacet
  facet normal 0 -0.951063 0.308997
    outer loop
      vertex 43.37 16.7641 27.4549
      vertex 44.1147 16.913 27.9132
      vertex 43.37 16.913 27.9132
    endloop
  endfacet
  facet normal 0 -0.951063 0.308997
    outer loop
      vertex 44.1147 16.913 27.9132
      vertex 43.37 16.7641 27.4549
      vertex 44.7626 16.913 27.9132
    endloop
  endfacet
  facet normal 0 -0.951063 0.308997
    outer loop
      vertex 45.5673 16.7641 27.4549
      vertex 44.7626 16.913 27.9132
      vertex 43.37 16.7641 27.4549
    endloop
  endfacet
  facet normal 0 -0.951063 0.308997
    outer loop
      vertex 44.7626 16.913 27.9132
      vertex 45.5673 16.7641 27.4549
      vertex 45.5673 16.913 27.9132
    endloop
  endfacet
  facet normal 0 -0.951051 0.309033
    outer loop
      vertex 44.7626 17.5977 30.0205
      vertex 44.728 17.768 30.5446
      vertex 44.1147 17.768 30.5446
    endloop
  endfacet
  facet normal -1.9663e-05 -0.951052 0.309032
    outer loop
      vertex 44.728 17.768 30.5446
      vertex 44.7626 17.5977 30.0205
      vertex 45.5419 17.6048 30.0424
    endloop
  endfacet
  facet normal -1.22279e-05 -0.951056 0.309019
    outer loop
      vertex 44.1147 16.913 27.9132
      vertex 44.7626 17.5977 30.0205
      vertex 44.1147 17.768 30.5446
    endloop
  endfacet
  facet normal 0 -0.951057 0.309016
    outer loop
      vertex 44.7626 17.5977 30.0205
      vertex 44.1147 16.913 27.9132
      vertex 44.7626 16.913 27.9132
    endloop
  endfacet
  facet normal -1.61181e-05 -0.951089 0.308917
    outer loop
      vertex 45.5419 17.6048 30.0424
      vertex 44.7626 17.5977 30.0205
      vertex 45.5419 17.4474 29.5578
    endloop
  endfacet
  facet normal -0.669291 -0.229676 -0.70661
    outer loop
      vertex 41.15 16.8809 27.8145
      vertex 41.5031 17.3533 27.3265
      vertex 41.5031 16.7826 27.512
    endloop
  endfacet
  facet normal -0.669402 -0.229533 -0.706552
    outer loop
      vertex 41.5031 17.3533 27.3265
      vertex 41.15 16.8809 27.8145
      vertex 41.15 17.4516 27.6291
    endloop
  endfacet
  facet normal -0.927137 -0.115796 -0.356381
    outer loop
      vertex 41.15 17.4516 27.6291
      vertex 40.9382 17.0429 28.3129
      vertex 40.9382 17.6135 28.1275
    endloop
  endfacet
  facet normal -0.927145 -0.115772 -0.356369
    outer loop
      vertex 40.9382 17.0429 28.3129
      vertex 41.15 17.4516 27.6291
      vertex 41.15 16.8809 27.8145
    endloop
  endfacet
  facet normal -0.99527 -0.0300202 -0.0923921
    outer loop
      vertex 40.9382 17.6135 28.1275
      vertex 40.8676 17.2664 29.0008
      vertex 40.8676 17.837 28.8154
    endloop
  endfacet
  facet normal -0.99527 -0.0300202 -0.0923921
    outer loop
      vertex 40.8676 17.2664 29.0008
      vertex 40.9382 17.6135 28.1275
      vertex 40.9382 17.0429 28.3129
    endloop
  endfacet
  facet normal -0.995862 0.0280961 0.0864238
    outer loop
      vertex 40.8676 17.837 28.8154
      vertex 40.9344 17.4926 29.6971
      vertex 40.9344 18.0632 29.5116
    endloop
  endfacet
  facet normal -0.995863 0.0280788 0.0864171
    outer loop
      vertex 40.9344 17.4926 29.6971
      vertex 40.8676 17.837 28.8154
      vertex 40.8676 17.2664 29.0008
    endloop
  endfacet
  facet normal -0.933508 0.110801 0.341008
    outer loop
      vertex 40.9344 18.0632 29.5116
      vertex 41.135 17.654 30.1937
      vertex 41.135 18.2246 30.0083
    endloop
  endfacet
  facet normal -0.933486 0.110872 0.341044
    outer loop
      vertex 41.135 17.654 30.1937
      vertex 40.9344 18.0632 29.5116
      vertex 40.9344 17.4926 29.6971
    endloop
  endfacet
  facet normal -0.672259 0.228771 0.704082
    outer loop
      vertex 41.135 18.2246 30.0083
      vertex 41.4797 17.7507 30.4914
      vertex 41.4797 18.3213 30.306
    endloop
  endfacet
  facet normal -0.672259 0.228771 0.704082
    outer loop
      vertex 41.4797 17.7507 30.4914
      vertex 41.135 18.2246 30.0083
      vertex 41.135 17.654 30.1937
    endloop
  endfacet
  facet normal -0.204567 0.302435 0.930959
    outer loop
      vertex 41.4797 18.3213 30.306
      vertex 41.9789 17.7829 30.5906
      vertex 41.9789 18.3536 30.4052
    endloop
  endfacet
  facet normal -0.204509 0.302487 0.930955
    outer loop
      vertex 41.9789 17.7829 30.5906
      vertex 41.4797 18.3213 30.306
      vertex 41.4797 17.7507 30.4914
    endloop
  endfacet
  facet normal 0.120285 0.306726 0.944167
    outer loop
      vertex 41.9789 17.7829 30.5906
      vertex 42.3409 18.34 30.3635
      vertex 41.9789 18.3536 30.4052
    endloop
  endfacet
  facet normal 0.119945 0.306937 0.944141
    outer loop
      vertex 42.3409 18.34 30.3635
      vertex 41.9789 17.7829 30.5906
      vertex 42.3409 17.7694 30.549
    endloop
  endfacet
  facet normal 0.420471 0.280511 0.862854
    outer loop
      vertex 42.3409 17.7694 30.549
      vertex 42.6245 18.2994 30.2385
      vertex 42.3409 18.34 30.3635
    endloop
  endfacet
  facet normal 0.420721 0.280338 0.862789
    outer loop
      vertex 42.6245 18.2994 30.2385
      vertex 42.3409 17.7694 30.549
      vertex 42.6245 17.7288 30.4239
    endloop
  endfacet
  facet normal 0.722834 0.213538 0.6572
    outer loop
      vertex 42.6245 17.7288 30.4239
      vertex 42.8383 18.2303 30.0258
      vertex 42.6245 18.2994 30.2385
    endloop
  endfacet
  facet normal 0.722834 0.213538 0.6572
    outer loop
      vertex 42.8383 18.2303 30.0258
      vertex 42.6245 17.7288 30.4239
      vertex 42.8383 17.6597 30.2112
    endloop
  endfacet
  facet normal 0.902649 0.132994 0.409312
    outer loop
      vertex 42.8383 17.6597 30.2112
      vertex 42.9911 18.1313 29.721
      vertex 42.8383 18.2303 30.0258
    endloop
  endfacet
  facet normal 0.902666 0.132963 0.409287
    outer loop
      vertex 42.9911 18.1313 29.721
      vertex 42.8383 17.6597 30.2112
      vertex 42.9911 17.5606 29.9064
    endloop
  endfacet
  facet normal 0.977294 0.0654663 0.201519
    outer loop
      vertex 42.9911 17.5606 29.9064
      vertex 43.0827 18.0007 29.3192
      vertex 42.9911 18.1313 29.721
    endloop
  endfacet
  facet normal 0.977291 0.0654812 0.20153
    outer loop
      vertex 43.0827 18.0007 29.3192
      vertex 42.9911 17.5606 29.9064
      vertex 43.0827 17.4301 29.5046
    endloop
  endfacet
  facet normal 0.998347 0.0177628 0.0546681
    outer loop
      vertex 43.0827 17.4301 29.5046
      vertex 43.1132 17.837 28.8154
      vertex 43.0827 18.0007 29.3192
    endloop
  endfacet
  facet normal 0.998347 0.0177628 0.0546681
    outer loop
      vertex 43.1132 17.837 28.8154
      vertex 43.0827 17.4301 29.5046
      vertex 43.1132 17.2664 29.0008
    endloop
  endfacet
  facet normal 0.976136 -0.0671064 -0.206531
    outer loop
      vertex 43.1132 17.2664 29.0008
      vertex 42.8343 17.4496 27.6231
      vertex 43.1132 17.837 28.8154
    endloop
  endfacet
  facet normal 0.976136 -0.0671064 -0.206531
    outer loop
      vertex 42.8343 17.4496 27.6231
      vertex 43.1132 17.2664 29.0008
      vertex 42.8343 16.879 27.8085
    endloop
  endfacet
  facet normal 0.446652 -0.276481 -0.850917
    outer loop
      vertex 41.9973 17.3205 27.2257
      vertex 42.8343 16.879 27.8085
      vertex 41.9973 16.7499 27.4111
    endloop
  endfacet
  facet normal 0.446652 -0.276481 -0.850917
    outer loop
      vertex 42.8343 16.879 27.8085
      vertex 41.9973 17.3205 27.2257
      vertex 42.8343 17.4496 27.6231
    endloop
  endfacet
  facet normal -0.209844 -0.302138 -0.929881
    outer loop
      vertex 41.5031 16.7826 27.512
      vertex 41.9973 17.3205 27.2257
      vertex 41.9973 16.7499 27.4111
    endloop
  endfacet
  facet normal -0.209723 -0.302245 -0.929873
    outer loop
      vertex 41.9973 17.3205 27.2257
      vertex 41.5031 16.7826 27.512
      vertex 41.5031 17.3533 27.3265
    endloop
  endfacet
  facet normal -0.560126 0.255993 0.787862
    outer loop
      vertex 42.1573 17.4863 27.736
      vertex 42.2775 16.9408 27.9987
      vertex 42.2775 17.5114 27.8133
    endloop
  endfacet
  facet normal -0.560126 0.255993 0.787862
    outer loop
      vertex 42.2775 16.9408 27.9987
      vertex 42.1573 17.4863 27.736
      vertex 42.1573 16.9157 27.9214
    endloop
  endfacet
  facet normal -0.861727 0.156762 0.482547
    outer loop
      vertex 42.2775 17.5114 27.8133
      vertex 42.3622 16.9852 28.1355
      vertex 42.3622 17.5559 27.9501
    endloop
  endfacet
  facet normal -0.86168 0.156812 0.482616
    outer loop
      vertex 42.3622 16.9852 28.1355
      vertex 42.2775 17.5114 27.8133
      vertex 42.2775 16.9408 27.9987
    endloop
  endfacet
  facet normal -0.965165 0.0808518 0.248835
    outer loop
      vertex 42.3622 17.5559 27.9501
      vertex 42.4204 17.0516 28.3397
      vertex 42.4204 17.6222 28.1543
    endloop
  endfacet
  facet normal -0.965175 0.0808282 0.248806
    outer loop
      vertex 42.4204 17.0516 28.3397
      vertex 42.3622 17.5559 27.9501
      vertex 42.3622 16.9852 28.1355
    endloop
  endfacet
  facet normal -0.993706 0.0346115 0.106542
    outer loop
      vertex 42.4204 17.6222 28.1543
      vertex 42.4541 17.1439 28.624
      vertex 42.4541 17.7146 28.4386
    endloop
  endfacet
  facet normal -0.993704 0.0346206 0.106551
    outer loop
      vertex 42.4541 17.1439 28.624
      vertex 42.4204 17.6222 28.1543
      vertex 42.4204 17.0516 28.3397
    endloop
  endfacet
  facet normal -0.999593 0.00881032 0.0271152
    outer loop
      vertex 42.4541 17.7146 28.4386
      vertex 42.4654 17.2664 29.0008
      vertex 42.4654 17.837 28.8154
    endloop
  endfacet
  facet normal -0.999594 0.00880823 0.0271136
    outer loop
      vertex 42.4654 17.2664 29.0008
      vertex 42.4541 17.7146 28.4386
      vertex 42.4541 17.1439 28.624
    endloop
  endfacet
  facet normal -0.999641 -0.00827751 -0.0254799
    outer loop
      vertex 42.4654 17.837 28.8154
      vertex 42.4547 17.3897 29.3805
      vertex 42.4547 17.9604 29.1951
    endloop
  endfacet
  facet normal -0.999641 -0.00827946 -0.0254814
    outer loop
      vertex 42.4547 17.3897 29.3805
      vertex 42.4654 17.837 28.8154
      vertex 42.4654 17.2664 29.0008
    endloop
  endfacet
  facet normal -0.994291 -0.0329899 -0.101477
    outer loop
      vertex 42.4547 17.9604 29.1951
      vertex 42.4227 17.4819 29.6642
      vertex 42.4227 18.0525 29.4787
    endloop
  endfacet
  facet normal -0.994296 -0.0329548 -0.101442
    outer loop
      vertex 42.4227 17.4819 29.6642
      vertex 42.4547 17.9604 29.1951
      vertex 42.4547 17.3897 29.3805
    endloop
  endfacet
  facet normal -0.966119 -0.0797441 -0.245469
    outer loop
      vertex 42.4227 18.0525 29.4787
      vertex 42.3657 17.5478 29.867
      vertex 42.3657 18.1185 29.6816
    endloop
  endfacet
  facet normal -0.966081 -0.0798397 -0.245588
    outer loop
      vertex 42.3657 17.5478 29.867
      vertex 42.4227 18.0525 29.4787
      vertex 42.4227 17.4819 29.6642
    endloop
  endfacet
  facet normal -0.858878 -0.158273 -0.487113
    outer loop
      vertex 42.3657 18.1185 29.6816
      vertex 42.2798 17.5924 30.004
      vertex 42.2798 18.163 29.8186
    endloop
  endfacet
  facet normal -0.858926 -0.158223 -0.487044
    outer loop
      vertex 42.2798 17.5924 30.004
      vertex 42.3657 18.1185 29.6816
      vertex 42.3657 17.5478 29.867
    endloop
  endfacet
  facet normal -0.551112 -0.257855 -0.793591
    outer loop
      vertex 42.1555 17.6177 30.0821
      vertex 42.2798 18.163 29.8186
      vertex 42.2798 17.5924 30.004
    endloop
  endfacet
  facet normal -0.551256 -0.257784 -0.793514
    outer loop
      vertex 42.2798 18.163 29.8186
      vertex 42.1555 17.6177 30.0821
      vertex 42.1555 18.1884 29.8967
    endloop
  endfacet
  facet normal -0.157594 -0.305108 -0.939187
    outer loop
      vertex 41.9835 17.6262 30.1082
      vertex 42.1555 18.1884 29.8967
      vertex 42.1555 17.6177 30.0821
    endloop
  endfacet
  facet normal -0.157421 -0.305165 -0.939198
    outer loop
      vertex 42.1555 18.1884 29.8967
      vertex 41.9835 17.6262 30.1082
      vertex 41.9835 18.1968 29.9228
    endloop
  endfacet
  facet normal 0.164594 -0.304804 -0.938085
    outer loop
      vertex 41.8209 18.1884 29.897
      vertex 41.9835 17.6262 30.1082
      vertex 41.8209 17.6178 30.0824
    endloop
  endfacet
  facet normal 0.164594 -0.304804 -0.938085
    outer loop
      vertex 41.9835 17.6262 30.1082
      vertex 41.8209 18.1884 29.897
      vertex 41.9835 18.1968 29.9228
    endloop
  endfacet
  facet normal 0.564955 -0.254978 -0.784737
    outer loop
      vertex 41.7022 18.1633 29.8197
      vertex 41.8209 17.6178 30.0824
      vertex 41.7022 17.5927 30.0051
    endloop
  endfacet
  facet normal 0.564955 -0.254978 -0.784737
    outer loop
      vertex 41.8209 17.6178 30.0824
      vertex 41.7022 18.1633 29.8197
      vertex 41.8209 18.1884 29.897
    endloop
  endfacet
  facet normal 0.864076 -0.155548 -0.478725
    outer loop
      vertex 41.7022 17.5927 30.0051
      vertex 41.6186 18.119 29.6832
      vertex 41.7022 18.1633 29.8197
    endloop
  endfacet
  facet normal 0.864076 -0.155548 -0.478725
    outer loop
      vertex 41.6186 18.119 29.6832
      vertex 41.7022 17.5927 30.0051
      vertex 41.6186 17.5484 29.8686
    endloop
  endfacet
  facet normal 0.966271 -0.0795804 -0.244922
    outer loop
      vertex 41.6186 17.5484 29.8686
      vertex 41.5616 18.0529 29.4798
      vertex 41.6186 18.119 29.6832
    endloop
  endfacet
  facet normal 0.966243 -0.0796523 -0.245011
    outer loop
      vertex 41.5616 18.0529 29.4798
      vertex 41.6186 17.5484 29.8686
      vertex 41.5616 17.4823 29.6653
    endloop
  endfacet
  facet normal 0.994006 -0.0338005 -0.103971
    outer loop
      vertex 41.5616 17.4823 29.6653
      vertex 41.5287 17.9605 29.1953
      vertex 41.5616 18.0529 29.4798
    endloop
  endfacet
  facet normal 0.994011 -0.0337646 -0.103934
    outer loop
      vertex 41.5287 17.9605 29.1953
      vertex 41.5616 17.4823 29.6653
      vertex 41.5287 17.3898 29.3807
    endloop
  endfacet
  facet normal 0.999628 -0.00842745 -0.0259414
    outer loop
      vertex 41.5287 17.3898 29.3807
      vertex 41.5178 17.837 28.8154
      vertex 41.5287 17.9605 29.1953
    endloop
  endfacet
  facet normal 0.999628 -0.00842943 -0.025943
    outer loop
      vertex 41.5178 17.837 28.8154
      vertex 41.5287 17.3898 29.3807
      vertex 41.5178 17.2664 29.0008
    endloop
  endfacet
  facet normal 0.99958 0.00895818 0.0275703
    outer loop
      vertex 41.5178 17.2664 29.0008
      vertex 41.529 17.7177 28.4481
      vertex 41.5178 17.837 28.8154
    endloop
  endfacet
  facet normal 0.99958 0.00896476 0.0275757
    outer loop
      vertex 41.529 17.7177 28.4481
      vertex 41.5178 17.2664 29.0008
      vertex 41.529 17.1471 28.6336
    endloop
  endfacet
  facet normal 0.993591 0.0349479 0.1075
    outer loop
      vertex 41.529 17.1471 28.6336
      vertex 41.5627 17.6261 28.1664
      vertex 41.529 17.7177 28.4481
    endloop
  endfacet
  facet normal 0.993595 0.0349198 0.107472
    outer loop
      vertex 41.5627 17.6261 28.1664
      vertex 41.529 17.1471 28.6336
      vertex 41.5627 17.0555 28.3518
    endloop
  endfacet
  facet normal 0.965194 0.0808187 0.248733
    outer loop
      vertex 41.5627 17.0555 28.3518
      vertex 41.6215 17.5591 27.96
      vertex 41.5627 17.6261 28.1664
    endloop
  endfacet
  facet normal 0.965204 0.0807952 0.248705
    outer loop
      vertex 41.6215 17.5591 27.96
      vertex 41.5627 17.0555 28.3518
      vertex 41.6215 16.9884 28.1454
    endloop
  endfacet
  facet normal 0.864056 0.155534 0.478766
    outer loop
      vertex 41.6215 16.9884 28.1454
      vertex 41.708 17.5132 27.8188
      vertex 41.6215 17.5591 27.96
    endloop
  endfacet
  facet normal 0.86401 0.155583 0.478833
    outer loop
      vertex 41.708 17.5132 27.8188
      vertex 41.6215 16.9884 28.1454
      vertex 41.708 16.9426 28.0042
    endloop
  endfacet
  facet normal 0.576461 0.252506 0.777132
    outer loop
      vertex 41.708 16.9426 28.0042
      vertex 41.8293 17.4868 27.7374
      vertex 41.708 17.5132 27.8188
    endloop
  endfacet
  facet normal 0.5766 0.252436 0.777051
    outer loop
      vertex 41.8293 17.4868 27.7374
      vertex 41.708 16.9426 28.0042
      vertex 41.8293 16.9161 27.9228
    endloop
  endfacet
  facet normal 0.171964 0.304367 0.936904
    outer loop
      vertex 41.8293 16.9161 27.9228
      vertex 41.9927 17.4779 27.7103
      vertex 41.8293 17.4868 27.7374
    endloop
  endfacet
  facet normal 0.171784 0.304425 0.936918
    outer loop
      vertex 41.9927 17.4779 27.7103
      vertex 41.8293 16.9161 27.9228
      vertex 41.9927 16.9073 27.8957
    endloop
  endfacet
  facet normal -0.162092 0.304932 0.938479
    outer loop
      vertex 41.9927 17.4779 27.7103
      vertex 42.1573 16.9157 27.9214
      vertex 42.1573 17.4863 27.736
    endloop
  endfacet
  facet normal -0.162092 0.304932 0.938479
    outer loop
      vertex 42.1573 16.9157 27.9214
      vertex 41.9927 17.4779 27.7103
      vertex 41.9927 16.9073 27.8957
    endloop
  endfacet
  facet normal -0 0.309018 0.951056
    outer loop
      vertex 43.37 17.4836 27.7278
      vertex 44.1147 16.913 27.9132
      vertex 44.1147 17.4836 27.7278
    endloop
  endfacet
  facet normal 0 0.309018 0.951056
    outer loop
      vertex 44.1147 16.913 27.9132
      vertex 43.37 17.4836 27.7278
      vertex 43.37 16.913 27.9132
    endloop
  endfacet
  facet normal -1 0 0
    outer loop
      vertex 44.1147 17.4836 27.7278
      vertex 44.1147 17.768 30.5446
      vertex 44.1147 18.3386 30.3592
    endloop
  endfacet
  facet normal -1 0 0
    outer loop
      vertex 44.1147 17.768 30.5446
      vertex 44.1147 17.4836 27.7278
      vertex 44.1147 16.913 27.9132
    endloop
  endfacet
  facet normal -0 0.309018 0.951056
    outer loop
      vertex 44.1147 18.3386 30.3592
      vertex 44.728 17.768 30.5446
      vertex 44.728 18.3386 30.3592
    endloop
  endfacet
  facet normal 0 0.309018 0.951056
    outer loop
      vertex 44.728 17.768 30.5446
      vertex 44.1147 18.3386 30.3592
      vertex 44.1147 17.768 30.5446
    endloop
  endfacet
  facet normal 0.544254 0.259242 0.797861
    outer loop
      vertex 44.728 17.768 30.5446
      vertex 45.5419 18.1755 29.857
      vertex 44.728 18.3386 30.3592
    endloop
  endfacet
  facet normal 0.544276 0.259196 0.79786
    outer loop
      vertex 45.5419 18.1755 29.857
      vertex 44.728 17.768 30.5446
      vertex 45.5419 17.6048 30.0424
    endloop
  endfacet
  facet normal 1 0 0
    outer loop
      vertex 45.5419 17.6048 30.0424
      vertex 45.5419 18.018 29.3724
      vertex 45.5419 18.1755 29.857
    endloop
  endfacet
  facet normal 1 0 0
    outer loop
      vertex 45.5419 18.018 29.3724
      vertex 45.5419 17.6048 30.0424
      vertex 45.5419 17.4474 29.5578
    endloop
  endfacet
  facet normal -0.529558 -0.262132 -0.806756
    outer loop
      vertex 44.7626 17.5977 30.0205
      vertex 45.5419 18.018 29.3724
      vertex 45.5419 17.4474 29.5578
    endloop
  endfacet
  facet normal -0.529558 -0.262132 -0.806756
    outer loop
      vertex 45.5419 18.018 29.3724
      vertex 44.7626 17.5977 30.0205
      vertex 44.7626 18.1683 29.8351
    endloop
  endfacet
  facet normal 1 0 0
    outer loop
      vertex 44.7626 17.5977 30.0205
      vertex 44.7626 17.4836 27.7278
      vertex 44.7626 18.1683 29.8351
    endloop
  endfacet
  facet normal 1 0 -0
    outer loop
      vertex 44.7626 17.4836 27.7278
      vertex 44.7626 17.5977 30.0205
      vertex 44.7626 16.913 27.9132
    endloop
  endfacet
  facet normal -0 0.309018 0.951056
    outer loop
      vertex 44.7626 17.4836 27.7278
      vertex 45.5673 16.913 27.9132
      vertex 45.5673 17.4836 27.7278
    endloop
  endfacet
  facet normal 0 0.309018 0.951056
    outer loop
      vertex 45.5673 16.913 27.9132
      vertex 44.7626 17.4836 27.7278
      vertex 44.7626 16.913 27.9132
    endloop
  endfacet
  facet normal 1 0 0
    outer loop
      vertex 45.5673 16.913 27.9132
      vertex 45.5673 17.3347 27.2695
      vertex 45.5673 17.4836 27.7278
    endloop
  endfacet
  facet normal 1 0 0
    outer loop
      vertex 45.5673 17.3347 27.2695
      vertex 45.5673 16.913 27.9132
      vertex 45.5673 16.7641 27.4549
    endloop
  endfacet
  facet normal 0 -0.309018 -0.951056
    outer loop
      vertex 43.37 16.7641 27.4549
      vertex 45.5673 17.3347 27.2695
      vertex 45.5673 16.7641 27.4549
    endloop
  endfacet
  facet normal -0 -0.309018 -0.951056
    outer loop
      vertex 45.5673 17.3347 27.2695
      vertex 43.37 16.7641 27.4549
      vertex 43.37 17.3347 27.2695
    endloop
  endfacet
  facet normal -1 0 0
    outer loop
      vertex 43.37 17.3347 27.2695
      vertex 43.37 16.913 27.9132
      vertex 43.37 17.4836 27.7278
    endloop
  endfacet
  facet normal -1 0 -0
    outer loop
      vertex 43.37 16.913 27.9132
      vertex 43.37 17.3347 27.2695
      vertex 43.37 16.7641 27.4549
    endloop
  endfacet
  facet normal -5.76157e-07 -0.951083 0.308934
    outer loop
      vertex 57.4005 17.3645 29.3029
      vertex 57.3601 17.1851 28.7506
      vertex 57.6311 17.194 28.778
    endloop
  endfacet
  facet normal 1.72803e-05 -0.951097 0.308892
    outer loop
      vertex 56.791 17.253 28.9597
      vertex 57.1653 17.1584 28.6684
      vertex 57.3601 17.1851 28.7506
    endloop
  endfacet
  facet normal 4.80319e-05 -0.951018 0.309135
    outer loop
      vertex 57.0477 17.1149 28.5346
      vertex 56.5463 17.2029 28.8054
      vertex 56.395 17.1319 28.587
    endloop
  endfacet
  facet normal 0.000158661 -0.951044 0.309056
    outer loop
      vertex 56.791 17.253 28.9597
      vertex 57.0477 17.1149 28.5346
      vertex 57.1653 17.1584 28.6684
    endloop
  endfacet
  facet normal 2.23522e-05 -0.951112 0.308845
    outer loop
      vertex 56.395 17.1319 28.587
      vertex 57.0085 17.0558 28.3526
      vertex 57.0477 17.1149 28.5346
    endloop
  endfacet
  facet normal 2.83525e-05 -0.951108 0.30886
    outer loop
      vertex 56.3445 17.0437 28.3154
      vertex 57.0085 17.0558 28.3526
      vertex 56.395 17.1319 28.587
    endloop
  endfacet
  facet normal 3.46133e-06 -0.950977 0.309261
    outer loop
      vertex 56.3445 17.0437 28.3154
      vertex 57.0408 16.9918 28.1558
      vertex 57.0085 17.0558 28.3526
    endloop
  endfacet
  facet normal -3.84445e-05 -0.951031 0.309096
    outer loop
      vertex 56.4195 16.9186 27.9305
      vertex 57.0408 16.9918 28.1558
      vertex 56.3445 17.0437 28.3154
    endloop
  endfacet
  facet normal -4.32207e-05 -0.951027 0.309108
    outer loop
      vertex 56.6443 16.8256 27.6444
      vertex 57.0408 16.9918 28.1558
      vertex 56.4195 16.9186 27.9305
    endloop
  endfacet
  facet normal 0.00035425 -0.951117 0.308829
    outer loop
      vertex 57.0408 16.9918 28.1558
      vertex 56.6443 16.8256 27.6444
      vertex 57.1377 16.9468 28.0171
    endloop
  endfacet
  facet normal 0.000138387 -0.951034 0.309088
    outer loop
      vertex 57.0074 16.7679 27.4667
      vertex 57.1377 16.9468 28.0171
      vertex 56.6443 16.8256 27.6444
    endloop
  endfacet
  facet normal -0.000447059 -0.950993 0.309213
    outer loop
      vertex 57.1377 16.9468 28.0171
      vertex 57.0074 16.7679 27.4667
      vertex 57.2927 16.92 27.9349
    endloop
  endfacet
  facet normal -0.000198729 -0.95104 0.309069
    outer loop
      vertex 57.5112 17.7839 30.5936
      vertex 57.3339 17.6155 30.0753
      vertex 57.5227 17.6243 30.1025
    endloop
  endfacet
  facet normal -0.000143801 -0.951152 0.308724
    outer loop
      vertex 56.7146 17.713 30.3754
      vertex 57.1964 17.5891 29.9939
      vertex 57.3339 17.6155 30.0753
    endloop
  endfacet
  facet normal 0.000277815 -0.950995 0.309206
    outer loop
      vertex 56.7146 17.713 30.3754
      vertex 57.1126 17.5471 29.8648
      vertex 57.1964 17.5891 29.9939
    endloop
  endfacet
  facet normal 1.78609e-05 -0.951035 0.309083
    outer loop
      vertex 56.4275 17.5167 29.7713
      vertex 57.1126 17.5471 29.8648
      vertex 56.4993 17.6285 30.1153
    endloop
  endfacet
  facet normal 2.94531e-05 -0.95106 0.309006
    outer loop
      vertex 56.4275 17.5167 29.7713
      vertex 57.0846 17.4918 29.6946
      vertex 57.1126 17.5471 29.8648
    endloop
  endfacet
  facet normal 1.05316e-05 -0.951108 0.308859
    outer loop
      vertex 56.4722 17.4311 29.5077
      vertex 57.0846 17.4918 29.6946
      vertex 56.4275 17.5167 29.7713
    endloop
  endfacet
  facet normal -9.54712e-05 -0.951006 0.309173
    outer loop
      vertex 56.6062 17.3621 29.2955
      vertex 57.0846 17.4918 29.6946
      vertex 56.4722 17.4311 29.5077
    endloop
  endfacet
  facet normal -8.91735e-05 -0.951008 0.309167
    outer loop
      vertex 57.0846 17.4918 29.6946
      vertex 56.6062 17.3621 29.2955
      vertex 57.1198 17.4338 29.5162
    endloop
  endfacet
  facet normal -1.94205e-05 -0.951056 0.30902
    outer loop
      vertex 56.8244 17.3117 29.1404
      vertex 57.1198 17.4338 29.5162
      vertex 56.6062 17.3621 29.2955
    endloop
  endfacet
  facet normal 0.000251058 -0.951118 0.308827
    outer loop
      vertex 57.1198 17.4338 29.5162
      vertex 56.8244 17.3117 29.1404
      vertex 57.2253 17.391 29.3843
    endloop
  endfacet
  facet normal 8.43237e-05 -0.951038 0.309075
    outer loop
      vertex 57.1215 17.2816 29.0477
      vertex 57.2253 17.391 29.3843
      vertex 56.8244 17.3117 29.1404
    endloop
  endfacet
  facet normal -0.000207914 -0.951011 0.309157
    outer loop
      vertex 57.2253 17.391 29.3843
      vertex 57.1215 17.2816 29.0477
      vertex 57.4005 17.3645 29.3029
    endloop
  endfacet
  facet normal 0.00261577 -0.951911 0.306362
    outer loop
      vertex 57.1215 17.2788 29.039
      vertex 57.4005 17.3645 29.3029
      vertex 57.1215 17.2816 29.0477
    endloop
  endfacet
  facet normal -7.65878e-05 -0.951082 0.308939
    outer loop
      vertex 57.3601 17.1851 28.7506
      vertex 57.4005 17.3645 29.3029
      vertex 57.1215 17.2788 29.039
    endloop
  endfacet
  facet normal 1.11446e-05 -0.951082 0.308939
    outer loop
      vertex 57.4005 17.3645 29.3029
      vertex 57.6311 17.194 28.778
      vertex 57.6449 17.3557 29.2758
    endloop
  endfacet
  facet normal -7.49581e-05 -0.951085 0.308929
    outer loop
      vertex 57.0477 17.1149 28.5346
      vertex 56.791 17.253 28.9597
      vertex 56.5463 17.2029 28.8054
    endloop
  endfacet
  facet normal 8.58324e-05 -0.951042 0.309061
    outer loop
      vertex 57.3601 17.1851 28.7506
      vertex 57.1215 17.2788 29.039
      vertex 56.791 17.253 28.9597
    endloop
  endfacet
  facet normal 0 -0.951082 0.308939
    outer loop
      vertex 57.857 17.194 28.778
      vertex 57.6449 17.3557 29.2758
      vertex 57.6311 17.194 28.778
    endloop
  endfacet
  facet normal 0 -0.951082 0.308939
    outer loop
      vertex 57.6449 17.3557 29.2758
      vertex 57.857 17.194 28.778
      vertex 57.857 17.3557 29.2758
    endloop
  endfacet
  facet normal -1.63957e-05 -0.951058 0.309012
    outer loop
      vertex 57.3339 17.6155 30.0753
      vertex 57.5112 17.7839 30.5936
      vertex 57.0572 17.7662 30.5391
    endloop
  endfacet
  facet normal 2.12852e-05 -0.951051 0.309033
    outer loop
      vertex 57.3339 17.6155 30.0753
      vertex 57.0572 17.7662 30.5391
      vertex 56.7146 17.713 30.3754
    endloop
  endfacet
  facet normal 0.000247904 -0.951037 0.309078
    outer loop
      vertex 57.704 17.6158 30.0762
      vertex 57.5112 17.7839 30.5936
      vertex 57.5227 17.6243 30.1025
    endloop
  endfacet
  facet normal -2.1788e-05 -0.951064 0.308995
    outer loop
      vertex 57.1126 17.5471 29.8648
      vertex 56.7146 17.713 30.3754
      vertex 56.4993 17.6285 30.1153
    endloop
  endfacet
  facet normal 5.52802e-05 -0.951058 0.309013
    outer loop
      vertex 57.5112 17.7839 30.5936
      vertex 57.704 17.6158 30.0762
      vertex 57.9452 17.7656 30.5372
    endloop
  endfacet
  facet normal -0.000151413 -0.951026 0.309111
    outer loop
      vertex 57.8466 17.5901 29.9972
      vertex 57.9452 17.7656 30.5372
      vertex 57.704 17.6158 30.0762
    endloop
  endfacet
  facet normal -0.00011445 -0.951028 0.309105
    outer loop
      vertex 57.9452 17.7656 30.5372
      vertex 57.8466 17.5901 29.9972
      vertex 58.2882 17.7105 30.3678
    endloop
  endfacet
  facet normal 9.38785e-05 -0.951101 0.30888
    outer loop
      vertex 57.9438 17.5488 29.87
      vertex 58.2882 17.7105 30.3678
      vertex 57.8466 17.5901 29.9972
    endloop
  endfacet
  facet normal 9.92562e-05 -0.951102 0.308877
    outer loop
      vertex 58.2882 17.7105 30.3678
      vertex 57.9438 17.5488 29.87
      vertex 58.5239 17.6231 30.0986
    endloop
  endfacet
  facet normal -4.225e-05 -0.950996 0.309202
    outer loop
      vertex 57.9884 17.4932 29.699
      vertex 58.5239 17.6231 30.0986
      vertex 57.9438 17.5488 29.87
    endloop
  endfacet
  facet normal 4.71491e-05 -0.951032 0.309094
    outer loop
      vertex 58.5239 17.6231 30.0986
      vertex 57.9884 17.4932 29.699
      vertex 58.6363 17.5075 29.7429
    endloop
  endfacet
  facet normal 6.54458e-05 -0.951031 0.309096
    outer loop
      vertex 58.5746 16.9141 27.9165
      vertex 58.0322 17.0558 28.3526
      vertex 57.8679 16.9473 28.0188
    endloop
  endfacet
  facet normal 9.51639e-06 -0.951051 0.309033
    outer loop
      vertex 58.0322 17.0558 28.3526
      vertex 58.5746 16.9141 27.9165
      vertex 58.6916 17.038 28.2978
    endloop
  endfacet
  facet normal 9.19751e-05 -0.951054 0.309023
    outer loop
      vertex 57.9671 16.7673 27.4648
      vertex 57.8679 16.9473 28.0188
      vertex 57.4996 16.9111 27.9075
    endloop
  endfacet
  facet normal 5.7468e-05 -0.951083 0.308935
    outer loop
      vertex 57.4973 16.7487 27.4075
      vertex 57.2927 16.92 27.9349
      vertex 57.0074 16.7679 27.4667
    endloop
  endfacet
  facet normal -2.23626e-05 -0.95109 0.308914
    outer loop
      vertex 57.9671 16.7673 27.4648
      vertex 57.4996 16.9111 27.9075
      vertex 57.4973 16.7487 27.4075
    endloop
  endfacet
  facet normal -2.20515e-06 -0.95109 0.308914
    outer loop
      vertex 57.2927 16.92 27.9349
      vertex 57.4973 16.7487 27.4075
      vertex 57.4996 16.9111 27.9075
    endloop
  endfacet
  facet normal -0.000125716 -0.951066 0.308988
    outer loop
      vertex 57.8679 16.9473 28.0188
      vertex 57.9671 16.7673 27.4648
      vertex 58.3296 16.8231 27.6367
    endloop
  endfacet
  facet normal 8.51118e-05 -0.950991 0.309218
    outer loop
      vertex 57.8679 16.9473 28.0188
      vertex 58.3296 16.8231 27.6367
      vertex 58.5746 16.9141 27.9165
    endloop
  endfacet
  facet normal 0 -0.951063 0.308997
    outer loop
      vertex 58.87 16.7651 27.458
      vertex 59.6147 16.914 27.9163
      vertex 58.87 16.914 27.9163
    endloop
  endfacet
  facet normal 0 -0.951063 0.308997
    outer loop
      vertex 59.6147 16.914 27.9163
      vertex 58.87 16.7651 27.458
      vertex 60.2626 16.914 27.9163
    endloop
  endfacet
  facet normal 0 -0.951063 0.308997
    outer loop
      vertex 61.0673 16.7651 27.458
      vertex 60.2626 16.914 27.9163
      vertex 58.87 16.7651 27.458
    endloop
  endfacet
  facet normal 0 -0.951063 0.308997
    outer loop
      vertex 60.2626 16.914 27.9163
      vertex 61.0673 16.7651 27.458
      vertex 61.0673 16.914 27.9163
    endloop
  endfacet
  facet normal 0 -0.951051 0.309033
    outer loop
      vertex 60.2626 17.5987 30.0235
      vertex 60.228 17.769 30.5476
      vertex 59.6147 17.769 30.5476
    endloop
  endfacet
  facet normal -1.9663e-05 -0.951052 0.309032
    outer loop
      vertex 60.228 17.769 30.5476
      vertex 60.2626 17.5987 30.0235
      vertex 61.0419 17.6058 30.0454
    endloop
  endfacet
  facet normal -2.72794e-06 -0.951052 0.30903
    outer loop
      vertex 59.6147 16.914 27.9163
      vertex 60.2626 17.5987 30.0235
      vertex 59.6147 17.769 30.5476
    endloop
  endfacet
  facet normal 0 -0.951053 0.309029
    outer loop
      vertex 60.2626 17.5987 30.0235
      vertex 59.6147 16.914 27.9163
      vertex 60.2626 16.914 27.9163
    endloop
  endfacet
  facet normal -2.16322e-05 -0.951031 0.309095
    outer loop
      vertex 61.0419 17.6058 30.0454
      vertex 60.2626 17.5987 30.0235
      vertex 61.0419 17.4483 29.5608
    endloop
  endfacet
  facet normal -0.457534 -0.274733 -0.845686
    outer loop
      vertex 56.6443 16.8256 27.6444
      vertex 57.0074 17.3386 27.2813
      vertex 57.0074 16.7679 27.4667
    endloop
  endfacet
  facet normal -0.457534 -0.274733 -0.845686
    outer loop
      vertex 57.0074 17.3386 27.2813
      vertex 56.6443 16.8256 27.6444
      vertex 56.6443 17.3963 27.459
    endloop
  endfacet
  facet normal -0.801056 -0.184946 -0.569302
    outer loop
      vertex 56.6443 17.3963 27.459
      vertex 56.4195 16.9186 27.9305
      vertex 56.4195 17.4893 27.7451
    endloop
  endfacet
  facet normal -0.801056 -0.184946 -0.569302
    outer loop
      vertex 56.4195 16.9186 27.9305
      vertex 56.6443 17.3963 27.459
      vertex 56.6443 16.8256 27.6444
    endloop
  endfacet
  facet normal -0.983257 -0.0563107 -0.173306
    outer loop
      vertex 56.4195 17.4893 27.7451
      vertex 56.3445 17.0437 28.3154
      vertex 56.3445 17.6143 28.13
    endloop
  endfacet
  facet normal -0.983259 -0.0562977 -0.173296
    outer loop
      vertex 56.3445 17.0437 28.3154
      vertex 56.4195 17.4893 27.7451
      vertex 56.4195 16.9186 27.9305
    endloop
  endfacet
  facet normal -0.984724 0.0537989 0.165604
    outer loop
      vertex 56.3445 17.6143 28.13
      vertex 56.395 17.1319 28.587
      vertex 56.395 17.7026 28.4016
    endloop
  endfacet
  facet normal -0.984721 0.0538131 0.165619
    outer loop
      vertex 56.395 17.1319 28.587
      vertex 56.3445 17.6143 28.13
      vertex 56.3445 17.0437 28.3154
    endloop
  endfacet
  facet normal -0.835026 0.170025 0.523281
    outer loop
      vertex 56.395 17.7026 28.4016
      vertex 56.5463 17.2029 28.8054
      vertex 56.5463 17.7735 28.62
    endloop
  endfacet
  facet normal -0.83506 0.169982 0.523241
    outer loop
      vertex 56.5463 17.2029 28.8054
      vertex 56.395 17.7026 28.4016
      vertex 56.395 17.1319 28.587
    endloop
  endfacet
  facet normal -0.552641 0.257501 0.792642
    outer loop
      vertex 56.5463 17.7735 28.62
      vertex 56.791 17.253 28.9597
      vertex 56.791 17.8237 28.7743
    endloop
  endfacet
  facet normal -0.552568 0.257557 0.792675
    outer loop
      vertex 56.791 17.253 28.9597
      vertex 56.5463 17.7735 28.62
      vertex 56.5463 17.2029 28.8054
    endloop
  endfacet
  facet normal -0.244566 0.299634 0.922175
    outer loop
      vertex 56.791 17.8237 28.7743
      vertex 57.1215 17.2788 29.039
      vertex 57.1215 17.8494 28.8536
    endloop
  endfacet
  facet normal -0.244651 0.29958 0.92217
    outer loop
      vertex 57.1215 17.2788 29.039
      vertex 56.791 17.8237 28.7743
      vertex 56.791 17.253 28.9597
    endloop
  endfacet
  facet normal -1 0 0
    outer loop
      vertex 57.1215 17.8494 28.8536
      vertex 57.1215 17.2816 29.0477
      vertex 57.1215 17.8523 28.8623
    endloop
  endfacet
  facet normal -1 0 -0
    outer loop
      vertex 57.1215 17.2816 29.0477
      vertex 57.1215 17.8494 28.8536
      vertex 57.1215 17.2788 29.039
    endloop
  endfacet
  facet normal -0.311708 -0.293576 -0.903688
    outer loop
      vertex 56.8244 17.3117 29.1404
      vertex 57.1215 17.8523 28.8623
      vertex 57.1215 17.2816 29.0477
    endloop
  endfacet
  facet normal -0.311708 -0.293576 -0.903688
    outer loop
      vertex 57.1215 17.8523 28.8623
      vertex 56.8244 17.3117 29.1404
      vertex 56.8244 17.8824 28.955
    endloop
  endfacet
  facet normal -0.598668 -0.247484 -0.761806
    outer loop
      vertex 56.6062 17.3621 29.2955
      vertex 56.8244 17.8824 28.955
      vertex 56.8244 17.3117 29.1404
    endloop
  endfacet
  facet normal -0.598668 -0.247484 -0.761806
    outer loop
      vertex 56.8244 17.8824 28.955
      vertex 56.6062 17.3621 29.2955
      vertex 56.6062 17.9328 29.1101
    endloop
  endfacet
  facet normal -0.857164 -0.159235 -0.48981
    outer loop
      vertex 56.6062 17.9328 29.1101
      vertex 56.4722 17.4311 29.5077
      vertex 56.4722 18.0017 29.3222
    endloop
  endfacet
  facet normal -0.857293 -0.159067 -0.48964
    outer loop
      vertex 56.4722 17.4311 29.5077
      vertex 56.6062 17.9328 29.1101
      vertex 56.6062 17.3621 29.2955
    endloop
  endfacet
  facet normal -0.987253 -0.0491743 -0.151369
    outer loop
      vertex 56.4722 18.0017 29.3222
      vertex 56.4275 17.5167 29.7713
      vertex 56.4275 18.0874 29.5859
    endloop
  endfacet
  facet normal -0.987242 -0.0492279 -0.151426
    outer loop
      vertex 56.4275 17.5167 29.7713
      vertex 56.4722 18.0017 29.3222
      vertex 56.4722 17.4311 29.5077
    endloop
  endfacet
  facet normal -0.980859 0.0601714 0.185188
    outer loop
      vertex 56.4275 18.0874 29.5859
      vertex 56.4993 17.6285 30.1153
      vertex 56.4993 18.1991 29.9299
    endloop
  endfacet
  facet normal -0.980862 0.0601569 0.185176
    outer loop
      vertex 56.4993 17.6285 30.1153
      vertex 56.4275 18.0874 29.5859
      vertex 56.4275 17.5167 29.7713
    endloop
  endfacet
  facet normal -0.785764 0.191106 0.588264
    outer loop
      vertex 56.4993 18.1991 29.9299
      vertex 56.7146 17.713 30.3754
      vertex 56.7146 18.2837 30.19
    endloop
  endfacet
  facet normal -0.78573 0.191149 0.588295
    outer loop
      vertex 56.7146 17.713 30.3754
      vertex 56.4993 18.1991 29.9299
      vertex 56.4993 17.6285 30.1153
    endloop
  endfacet
  facet normal -0.448875 0.276137 0.849858
    outer loop
      vertex 56.7146 18.2837 30.19
      vertex 57.0572 17.7662 30.5391
      vertex 57.0572 18.3368 30.3537
    endloop
  endfacet
  facet normal -0.44894 0.276083 0.849842
    outer loop
      vertex 57.0572 17.7662 30.5391
      vertex 56.7146 18.2837 30.19
      vertex 56.7146 17.713 30.3754
    endloop
  endfacet
  facet normal -0.125289 0.306535 0.943578
    outer loop
      vertex 57.0572 18.3368 30.3537
      vertex 57.5112 17.7839 30.5936
      vertex 57.5112 18.3546 30.4082
    endloop
  endfacet
  facet normal -0.125223 0.306586 0.94357
    outer loop
      vertex 57.5112 17.7839 30.5936
      vertex 57.0572 18.3368 30.3537
      vertex 57.0572 17.7662 30.5391
    endloop
  endfacet
  facet normal 0.135435 0.306122 0.942309
    outer loop
      vertex 57.5112 17.7839 30.5936
      vertex 57.9452 18.3362 30.3518
      vertex 57.5112 18.3546 30.4082
    endloop
  endfacet
  facet normal 0.135366 0.306174 0.942302
    outer loop
      vertex 57.9452 18.3362 30.3518
      vertex 57.5112 17.7839 30.5936
      vertex 57.9452 17.7656 30.5372
    endloop
  endfacet
  facet normal 0.460833 0.27425 0.84405
    outer loop
      vertex 57.9452 17.7656 30.5372
      vertex 58.2882 18.2812 30.1824
      vertex 57.9452 18.3362 30.3518
    endloop
  endfacet
  facet normal 0.460896 0.274196 0.844033
    outer loop
      vertex 58.2882 18.2812 30.1824
      vertex 57.9452 17.7656 30.5372
      vertex 58.2882 17.7105 30.3678
    endloop
  endfacet
  facet normal 0.76847 0.197705 0.608578
    outer loop
      vertex 58.2882 17.7105 30.3678
      vertex 58.5239 18.1937 29.9132
      vertex 58.2882 18.2812 30.1824
    endloop
  endfacet
  facet normal 0.768435 0.197749 0.608607
    outer loop
      vertex 58.5239 18.1937 29.9132
      vertex 58.2882 17.7105 30.3678
      vertex 58.5239 17.6231 30.0986
    endloop
  endfacet
  facet normal 0.957708 0.0889173 0.273658
    outer loop
      vertex 58.5239 17.6231 30.0986
      vertex 58.6363 18.0781 29.5574
      vertex 58.5239 18.1937 29.9132
    endloop
  endfacet
  facet normal 0.957688 0.0889814 0.273708
    outer loop
      vertex 58.6363 18.0781 29.5574
      vertex 58.5239 17.6231 30.0986
      vertex 58.6363 17.5075 29.7429
    endloop
  endfacet
  facet normal 0.0710812 -0.308188 -0.948666
    outer loop
      vertex 57.9884 18.0639 29.5136
      vertex 58.6363 17.5075 29.7429
      vertex 57.9884 17.4932 29.699
    endloop
  endfacet
  facet normal 0.0708882 -0.308391 -0.948615
    outer loop
      vertex 58.6363 17.5075 29.7429
      vertex 57.9884 18.0639 29.5136
      vertex 58.6363 18.0781 29.5574
    endloop
  endfacet
  facet normal -0.97058 -0.0744057 -0.228996
    outer loop
      vertex 57.9884 18.0639 29.5136
      vertex 57.9438 17.5488 29.87
      vertex 57.9438 18.1194 29.6846
    endloop
  endfacet
  facet normal -0.970589 -0.0743818 -0.228963
    outer loop
      vertex 57.9438 17.5488 29.87
      vertex 57.9884 18.0639 29.5136
      vertex 57.9884 17.4932 29.699
    endloop
  endfacet
  facet normal -0.808982 -0.181622 -0.559072
    outer loop
      vertex 57.9438 18.1194 29.6846
      vertex 57.8466 17.5901 29.9972
      vertex 57.8466 18.1608 29.8118
    endloop
  endfacet
  facet normal -0.808918 -0.181679 -0.559147
    outer loop
      vertex 57.8466 17.5901 29.9972
      vertex 57.9438 18.1194 29.6846
      vertex 57.9438 17.5488 29.87
    endloop
  endfacet
  facet normal -0.503382 -0.266969 -0.821787
    outer loop
      vertex 57.704 17.6158 30.0762
      vertex 57.8466 18.1608 29.8118
      vertex 57.8466 17.5901 29.9972
    endloop
  endfacet
  facet normal -0.502812 -0.267244 -0.822047
    outer loop
      vertex 57.8466 18.1608 29.8118
      vertex 57.704 17.6158 30.0762
      vertex 57.704 18.1864 29.8907
    endloop
  endfacet
  facet normal -0.15071 -0.305638 -0.940145
    outer loop
      vertex 57.5227 17.6243 30.1025
      vertex 57.704 18.1864 29.8907
      vertex 57.704 17.6158 30.0762
    endloop
  endfacet
  facet normal -0.150875 -0.305581 -0.940137
    outer loop
      vertex 57.704 18.1864 29.8907
      vertex 57.5227 17.6243 30.1025
      vertex 57.5227 18.195 29.917
    endloop
  endfacet
  facet normal 0.149713 -0.305535 -0.940337
    outer loop
      vertex 57.3339 18.1861 29.8899
      vertex 57.5227 17.6243 30.1025
      vertex 57.3339 17.6155 30.0753
    endloop
  endfacet
  facet normal 0.149385 -0.305651 -0.940352
    outer loop
      vertex 57.5227 17.6243 30.1025
      vertex 57.3339 18.1861 29.8899
      vertex 57.5227 18.195 29.917
    endloop
  endfacet
  facet normal 0.528384 -0.262358 -0.807452
    outer loop
      vertex 57.1964 18.1597 29.8085
      vertex 57.3339 17.6155 30.0753
      vertex 57.1964 17.5891 29.9939
    endloop
  endfacet
  facet normal 0.528384 -0.262358 -0.807452
    outer loop
      vertex 57.3339 17.6155 30.0753
      vertex 57.1964 18.1597 29.8085
      vertex 57.3339 18.1861 29.8899
    endloop
  endfacet
  facet normal 0.850943 -0.162314 -0.49955
    outer loop
      vertex 57.1964 17.5891 29.9939
      vertex 57.1126 18.1177 29.6794
      vertex 57.1964 18.1597 29.8085
    endloop
  endfacet
  facet normal 0.850943 -0.162314 -0.49955
    outer loop
      vertex 57.1126 18.1177 29.6794
      vertex 57.1964 17.5891 29.9939
      vertex 57.1126 17.5471 29.8648
    endloop
  endfacet
  facet normal 0.98798 -0.0477681 -0.147015
    outer loop
      vertex 57.1126 17.5471 29.8648
      vertex 57.0846 18.0624 29.5092
      vertex 57.1126 18.1177 29.6794
    endloop
  endfacet
  facet normal 0.98798 -0.0477681 -0.147015
    outer loop
      vertex 57.0846 18.0624 29.5092
      vertex 57.1126 17.5471 29.8648
      vertex 57.0846 17.4918 29.6946
    endloop
  endfacet
  facet normal 0.982841 0.0569992 0.175425
    outer loop
      vertex 57.0846 17.4918 29.6946
      vertex 57.1198 18.0045 29.3308
      vertex 57.0846 18.0624 29.5092
    endloop
  endfacet
  facet normal 0.982847 0.0569811 0.1754
    outer loop
      vertex 57.1198 18.0045 29.3308
      vertex 57.0846 17.4918 29.6946
      vertex 57.1198 17.4338 29.5162
    endloop
  endfacet
  facet normal 0.795921 0.18705 0.575779
    outer loop
      vertex 57.1198 17.4338 29.5162
      vertex 57.2253 17.9616 29.1989
      vertex 57.1198 18.0045 29.3308
    endloop
  endfacet
  facet normal 0.795856 0.187106 0.575851
    outer loop
      vertex 57.2253 17.9616 29.1989
      vertex 57.1198 17.4338 29.5162
      vertex 57.2253 17.391 29.3843
    endloop
  endfacet
  facet normal 0.438882 0.277667 0.854566
    outer loop
      vertex 57.2253 17.391 29.3843
      vertex 57.4005 17.9352 29.1175
      vertex 57.2253 17.9616 29.1989
    endloop
  endfacet
  facet normal 0.43901 0.277603 0.854521
    outer loop
      vertex 57.4005 17.9352 29.1175
      vertex 57.2253 17.391 29.3843
      vertex 57.4005 17.3645 29.3029
    endloop
  endfacet
  facet normal 0.115799 0.306891 0.944674
    outer loop
      vertex 57.4005 17.3645 29.3029
      vertex 57.6449 17.9264 29.0904
      vertex 57.4005 17.9352 29.1175
    endloop
  endfacet
  facet normal 0.115799 0.306891 0.944674
    outer loop
      vertex 57.6449 17.9264 29.0904
      vertex 57.4005 17.3645 29.3029
      vertex 57.6449 17.3557 29.2758
    endloop
  endfacet
  facet normal -0 0.308969 0.951072
    outer loop
      vertex 57.6449 17.9264 29.0904
      vertex 57.857 17.3557 29.2758
      vertex 57.857 17.9264 29.0904
    endloop
  endfacet
  facet normal 0 0.308969 0.951072
    outer loop
      vertex 57.857 17.3557 29.2758
      vertex 57.6449 17.9264 29.0904
      vertex 57.6449 17.3557 29.2758
    endloop
  endfacet
  facet normal 1 0 0
    outer loop
      vertex 57.857 17.3557 29.2758
      vertex 57.857 17.7646 28.5926
      vertex 57.857 17.9264 29.0904
    endloop
  endfacet
  facet normal 1 0 0
    outer loop
      vertex 57.857 17.7646 28.5926
      vertex 57.857 17.3557 29.2758
      vertex 57.857 17.194 28.778
    endloop
  endfacet
  facet normal 0 -0.309018 -0.951056
    outer loop
      vertex 57.6311 17.194 28.778
      vertex 57.857 17.7646 28.5926
      vertex 57.857 17.194 28.778
    endloop
  endfacet
  facet normal -0 -0.309018 -0.951056
    outer loop
      vertex 57.857 17.7646 28.5926
      vertex 57.6311 17.194 28.778
      vertex 57.6311 17.7646 28.5926
    endloop
  endfacet
  facet normal 0.105711 -0.307287 -0.945727
    outer loop
      vertex 57.3601 17.7557 28.5652
      vertex 57.6311 17.194 28.778
      vertex 57.3601 17.1851 28.7506
    endloop
  endfacet
  facet normal 0.105711 -0.307287 -0.945727
    outer loop
      vertex 57.6311 17.194 28.778
      vertex 57.3601 17.7557 28.5652
      vertex 57.6311 17.7646 28.5926
    endloop
  endfacet
  facet normal 0.40555 -0.282465 -0.869335
    outer loop
      vertex 57.1653 17.729 28.483
      vertex 57.3601 17.1851 28.7506
      vertex 57.1653 17.1584 28.6684
    endloop
  endfacet
  facet normal 0.40555 -0.282465 -0.869335
    outer loop
      vertex 57.3601 17.1851 28.7506
      vertex 57.1653 17.729 28.483
      vertex 57.3601 17.7557 28.5652
    endloop
  endfacet
  facet normal 0.767267 -0.198182 -0.609938
    outer loop
      vertex 57.1653 17.1584 28.6684
      vertex 57.0477 17.6855 28.3492
      vertex 57.1653 17.729 28.483
    endloop
  endfacet
  facet normal 0.767267 -0.198182 -0.609938
    outer loop
      vertex 57.0477 17.6855 28.3492
      vertex 57.1653 17.1584 28.6684
      vertex 57.0477 17.1149 28.5346
    endloop
  endfacet
  facet normal 0.979655 -0.0620159 -0.190865
    outer loop
      vertex 57.0477 17.1149 28.5346
      vertex 57.0085 17.6264 28.1672
      vertex 57.0477 17.6855 28.3492
    endloop
  endfacet
  facet normal 0.979655 -0.0620159 -0.190865
    outer loop
      vertex 57.0085 17.6264 28.1672
      vertex 57.0477 17.1149 28.5346
      vertex 57.0085 17.0558 28.3526
    endloop
  endfacet
  facet normal 0.988034 0.0476616 0.146687
    outer loop
      vertex 57.0085 17.0558 28.3526
      vertex 57.0408 17.5625 27.9704
      vertex 57.0085 17.6264 28.1672
    endloop
  endfacet
  facet normal 0.988038 0.0476471 0.146668
    outer loop
      vertex 57.0408 17.5625 27.9704
      vertex 57.0085 17.0558 28.3526
      vertex 57.0408 16.9918 28.1558
    endloop
  endfacet
  facet normal 0.832925 0.170979 0.52631
    outer loop
      vertex 57.0408 16.9918 28.1558
      vertex 57.1377 17.5174 27.8317
      vertex 57.0408 17.5625 27.9704
    endloop
  endfacet
  facet normal 0.832871 0.171032 0.526379
    outer loop
      vertex 57.1377 17.5174 27.8317
      vertex 57.0408 16.9918 28.1558
      vertex 57.1377 16.9468 28.0171
    endloop
  endfacet
  facet normal 0.487005 0.269896 0.830652
    outer loop
      vertex 57.1377 16.9468 28.0171
      vertex 57.2927 17.4907 27.7495
      vertex 57.1377 17.5174 27.8317
    endloop
  endfacet
  facet normal 0.487138 0.269831 0.830595
    outer loop
      vertex 57.2927 17.4907 27.7495
      vertex 57.1377 16.9468 28.0171
      vertex 57.2927 16.92 27.9349
    endloop
  endfacet
  facet normal 0.137912 0.306017 0.941984
    outer loop
      vertex 57.2927 16.92 27.9349
      vertex 57.4996 17.4818 27.7221
      vertex 57.2927 17.4907 27.7495
    endloop
  endfacet
  facet normal 0.137912 0.306017 0.941984
    outer loop
      vertex 57.4996 17.4818 27.7221
      vertex 57.2927 16.92 27.9349
      vertex 57.4996 16.9111 27.9075
    endloop
  endfacet
  facet normal -0.302785 0.294513 0.906413
    outer loop
      vertex 57.4996 17.4818 27.7221
      vertex 57.8679 16.9473 28.0188
      vertex 57.8679 17.5179 27.8334
    endloop
  endfacet
  facet normal -0.302857 0.294459 0.906406
    outer loop
      vertex 57.8679 16.9473 28.0188
      vertex 57.4996 17.4818 27.7221
      vertex 57.4996 16.9111 27.9075
    endloop
  endfacet
  facet normal -0.905684 0.131009 0.403204
    outer loop
      vertex 57.8679 17.5179 27.8334
      vertex 58.0322 17.0558 28.3526
      vertex 58.0322 17.6264 28.1672
    endloop
  endfacet
  facet normal -0.905684 0.131009 0.403204
    outer loop
      vertex 58.0322 17.0558 28.3526
      vertex 57.8679 17.5179 27.8334
      vertex 57.8679 16.9473 28.0188
    endloop
  endfacet
  facet normal 0.0870484 0.307845 0.947446
    outer loop
      vertex 58.0322 17.0558 28.3526
      vertex 58.6916 17.6086 28.1124
      vertex 58.0322 17.6264 28.1672
    endloop
  endfacet
  facet normal 0.0870484 0.307845 0.947446
    outer loop
      vertex 58.6916 17.6086 28.1124
      vertex 58.0322 17.0558 28.3526
      vertex 58.6916 17.038 28.2978
    endloop
  endfacet
  facet normal 0.959959 -0.0865684 -0.266429
    outer loop
      vertex 58.6916 17.038 28.2978
      vertex 58.5746 17.4847 27.7311
      vertex 58.6916 17.6086 28.1124
    endloop
  endfacet
  facet normal 0.959959 -0.0865684 -0.266429
    outer loop
      vertex 58.5746 17.4847 27.7311
      vertex 58.6916 17.038 28.2978
      vertex 58.5746 16.9141 27.9165
    endloop
  endfacet
  facet normal 0.768532 -0.197713 -0.608497
    outer loop
      vertex 58.5746 16.9141 27.9165
      vertex 58.3296 17.3938 27.4512
      vertex 58.5746 17.4847 27.7311
    endloop
  endfacet
  facet normal 0.768463 -0.197804 -0.608554
    outer loop
      vertex 58.3296 17.3938 27.4512
      vertex 58.5746 16.9141 27.9165
      vertex 58.3296 16.8231 27.6367
    endloop
  endfacet
  facet normal 0.446186 -0.276553 -0.851138
    outer loop
      vertex 57.9671 17.3379 27.2794
      vertex 58.3296 16.8231 27.6367
      vertex 57.9671 16.7673 27.4648
    endloop
  endfacet
  facet normal 0.446059 -0.276664 -0.851169
    outer loop
      vertex 58.3296 16.8231 27.6367
      vertex 57.9671 17.3379 27.2794
      vertex 58.3296 17.3938 27.4512
    endloop
  endfacet
  facet normal 0.12719 -0.306508 -0.943332
    outer loop
      vertex 57.4973 17.3193 27.2221
      vertex 57.9671 16.7673 27.4648
      vertex 57.4973 16.7487 27.4075
    endloop
  endfacet
  facet normal 0.12719 -0.306508 -0.943332
    outer loop
      vertex 57.9671 16.7673 27.4648
      vertex 57.4973 17.3193 27.2221
      vertex 57.9671 17.3379 27.2794
    endloop
  endfacet
  facet normal -0.126025 -0.306554 -0.943473
    outer loop
      vertex 57.0074 16.7679 27.4667
      vertex 57.4973 17.3193 27.2221
      vertex 57.4973 16.7487 27.4075
    endloop
  endfacet
  facet normal -0.126086 -0.306503 -0.943482
    outer loop
      vertex 57.4973 17.3193 27.2221
      vertex 57.0074 16.7679 27.4667
      vertex 57.0074 17.3386 27.2813
    endloop
  endfacet
  facet normal -0 0.309018 0.951056
    outer loop
      vertex 58.87 17.4846 27.7309
      vertex 59.6147 16.914 27.9163
      vertex 59.6147 17.4846 27.7309
    endloop
  endfacet
  facet normal 0 0.309018 0.951056
    outer loop
      vertex 59.6147 16.914 27.9163
      vertex 58.87 17.4846 27.7309
      vertex 58.87 16.914 27.9163
    endloop
  endfacet
  facet normal -1 0 0
    outer loop
      vertex 59.6147 17.4846 27.7309
      vertex 59.6147 17.769 30.5476
      vertex 59.6147 18.3396 30.3622
    endloop
  endfacet
  facet normal -1 0 0
    outer loop
      vertex 59.6147 17.769 30.5476
      vertex 59.6147 17.4846 27.7309
      vertex 59.6147 16.914 27.9163
    endloop
  endfacet
  facet normal -0 0.309018 0.951056
    outer loop
      vertex 59.6147 18.3396 30.3622
      vertex 60.228 17.769 30.5476
      vertex 60.228 18.3396 30.3622
    endloop
  endfacet
  facet normal 0 0.309018 0.951056
    outer loop
      vertex 60.228 17.769 30.5476
      vertex 59.6147 18.3396 30.3622
      vertex 59.6147 17.769 30.5476
    endloop
  endfacet
  facet normal 0.544276 0.259237 0.797847
    outer loop
      vertex 60.228 17.769 30.5476
      vertex 61.0419 18.1764 29.86
      vertex 60.228 18.3396 30.3622
    endloop
  endfacet
  facet normal 0.544276 0.259237 0.797847
    outer loop
      vertex 61.0419 18.1764 29.86
      vertex 60.228 17.769 30.5476
      vertex 61.0419 17.6058 30.0454
    endloop
  endfacet
  facet normal 1 0 0
    outer loop
      vertex 61.0419 17.6058 30.0454
      vertex 61.0419 18.019 29.3754
      vertex 61.0419 18.1764 29.86
    endloop
  endfacet
  facet normal 1 0 0
    outer loop
      vertex 61.0419 18.019 29.3754
      vertex 61.0419 17.6058 30.0454
      vertex 61.0419 17.4483 29.5608
    endloop
  endfacet
  facet normal -0.529582 -0.262086 -0.806755
    outer loop
      vertex 60.2626 17.5987 30.0235
      vertex 61.0419 18.019 29.3754
      vertex 61.0419 17.4483 29.5608
    endloop
  endfacet
  facet normal -0.529558 -0.262132 -0.806756
    outer loop
      vertex 61.0419 18.019 29.3754
      vertex 60.2626 17.5987 30.0235
      vertex 60.2626 18.1693 29.8381
    endloop
  endfacet
  facet normal 1 0 0
    outer loop
      vertex 60.2626 17.5987 30.0235
      vertex 60.2626 17.4846 27.7309
      vertex 60.2626 18.1693 29.8381
    endloop
  endfacet
  facet normal 1 0 -0
    outer loop
      vertex 60.2626 17.4846 27.7309
      vertex 60.2626 17.5987 30.0235
      vertex 60.2626 16.914 27.9163
    endloop
  endfacet
  facet normal -0 0.309018 0.951056
    outer loop
      vertex 60.2626 17.4846 27.7309
      vertex 61.0673 16.914 27.9163
      vertex 61.0673 17.4846 27.7309
    endloop
  endfacet
  facet normal 0 0.309018 0.951056
    outer loop
      vertex 61.0673 16.914 27.9163
      vertex 60.2626 17.4846 27.7309
      vertex 60.2626 16.914 27.9163
    endloop
  endfacet
  facet normal 1 0 0
    outer loop
      vertex 61.0673 16.914 27.9163
      vertex 61.0673 17.3357 27.2726
      vertex 61.0673 17.4846 27.7309
    endloop
  endfacet
  facet normal 1 0 0
    outer loop
      vertex 61.0673 17.3357 27.2726
      vertex 61.0673 16.914 27.9163
      vertex 61.0673 16.7651 27.458
    endloop
  endfacet
  facet normal 0 -0.309018 -0.951056
    outer loop
      vertex 58.87 16.7651 27.458
      vertex 61.0673 17.3357 27.2726
      vertex 61.0673 16.7651 27.458
    endloop
  endfacet
  facet normal -0 -0.309018 -0.951056
    outer loop
      vertex 61.0673 17.3357 27.2726
      vertex 58.87 16.7651 27.458
      vertex 58.87 17.3357 27.2726
    endloop
  endfacet
  facet normal -1 0 0
    outer loop
      vertex 58.87 17.3357 27.2726
      vertex 58.87 16.914 27.9163
      vertex 58.87 17.4846 27.7309
    endloop
  endfacet
  facet normal -1 0 -0
    outer loop
      vertex 58.87 16.914 27.9163
      vertex 58.87 17.3357 27.2726
      vertex 58.87 16.7651 27.458
    endloop
  endfacet
  facet normal 0 -0.951061 0.309004
    outer loop
      vertex 87.9918 17.8027 30.6514
      vertex 88.6397 17.5213 29.7853
      vertex 88.6397 17.8027 30.6514
    endloop
  endfacet
  facet normal 0.000183338 -0.95102 0.309128
    outer loop
      vertex 87.9918 17.8027 30.6514
      vertex 88.6351 17.3944 29.3949
      vertex 88.6397 17.5213 29.7853
    endloop
  endfacet
  facet normal 0 -0.951088 0.30892
    outer loop
      vertex 88.7654 17.3271 29.1877
      vertex 88.6397 17.3944 29.3949
      vertex 88.6351 17.3944 29.3949
    endloop
  endfacet
  facet normal 0 -0.951048 0.309044
    outer loop
      vertex 88.6397 17.3944 29.3949
      vertex 88.9322 17.3776 29.3432
      vertex 89.163 17.3944 29.3949
    endloop
  endfacet
  facet normal -2.72457e-05 -0.951093 0.308905
    outer loop
      vertex 88.6397 17.3944 29.3949
      vertex 88.7654 17.3271 29.1877
      vertex 88.9322 17.3776 29.3432
    endloop
  endfacet
  facet normal -8.80045e-05 -0.951104 0.30887
    outer loop
      vertex 88.6351 17.3944 29.3949
      vertex 88.6642 17.2455 28.9364
      vertex 88.7654 17.3271 29.1877
    endloop
  endfacet
  facet normal -1.79093e-05 -0.951051 0.309035
    outer loop
      vertex 87.9918 16.9135 27.9149
      vertex 88.6351 17.3944 29.3949
      vertex 87.9918 17.8027 30.6514
    endloop
  endfacet
  facet normal 0.000339475 -0.951096 0.308894
    outer loop
      vertex 88.6351 17.3944 29.3949
      vertex 87.9918 16.9135 27.9149
      vertex 88.6642 17.2455 28.9364
    endloop
  endfacet
  facet normal -0.000129467 -0.951006 0.309174
    outer loop
      vertex 88.6642 17.2455 28.9364
      vertex 87.9918 16.9135 27.9149
      vertex 88.6305 17.1351 28.5968
    endloop
  endfacet
  facet normal 0.000206066 -0.951098 0.308889
    outer loop
      vertex 88.6305 17.1351 28.5968
      vertex 87.9918 16.9135 27.9149
      vertex 88.6656 17.0216 28.2473
    endloop
  endfacet
  facet normal 0.000102113 -0.951036 0.30908
    outer loop
      vertex 88.6351 16.8708 27.7833
      vertex 88.6656 17.0216 28.2473
      vertex 87.9918 16.9135 27.9149
    endloop
  endfacet
  facet normal -0.000194049 -0.95103 0.309098
    outer loop
      vertex 88.6656 17.0216 28.2473
      vertex 88.6351 16.8708 27.7833
      vertex 88.7711 16.9374 27.9883
    endloop
  endfacet
  facet normal 0 -0.951068 0.308981
    outer loop
      vertex 88.6443 16.8708 27.7833
      vertex 88.7711 16.9374 27.9883
      vertex 88.6351 16.8708 27.7833
    endloop
  endfacet
  facet normal 1.59534e-05 -0.95116 0.308699
    outer loop
      vertex 87.9872 16.8359 27.6758
      vertex 88.6351 16.8708 27.7833
      vertex 87.9918 16.9135 27.9149
    endloop
  endfacet
  facet normal -9.53972e-05 -0.950963 0.309306
    outer loop
      vertex 88.6351 16.8708 27.7833
      vertex 87.9872 16.8359 27.6758
      vertex 88.6319 16.8386 27.6843
    endloop
  endfacet
  facet normal -8.66174e-05 -0.951159 0.308702
    outer loop
      vertex 87.9872 16.8359 27.6758
      vertex 88.6224 16.7992 27.5629
      vertex 88.6319 16.8386 27.6843
    endloop
  endfacet
  facet normal -1.48636e-05 -0.95104 0.309068
    outer loop
      vertex 87.9872 16.8359 27.6758
      vertex 88.6106 16.7642 27.4552
      vertex 88.6224 16.7992 27.5629
    endloop
  endfacet
  facet normal -2.23413e-05 -0.951046 0.309048
    outer loop
      vertex 87.9734 16.7454 27.3973
      vertex 88.6106 16.7642 27.4552
      vertex 87.9872 16.8359 27.6758
    endloop
  endfacet
  facet normal 0 -0.951119 0.308826
    outer loop
      vertex 88.6106 16.7642 27.4552
      vertex 87.9734 16.7454 27.3973
      vertex 88.6005 16.7454 27.3973
    endloop
  endfacet
  facet normal -0.000316319 -0.951011 0.309156
    outer loop
      vertex 89.163 17.3944 29.3949
      vertex 89.3936 17.5305 29.8138
      vertex 89.1466 17.522 29.7874
    endloop
  endfacet
  facet normal 0.000222135 -0.951005 0.309177
    outer loop
      vertex 89.163 17.3944 29.3949
      vertex 89.1466 17.522 29.7874
      vertex 88.936 17.4963 29.7085
    endloop
  endfacet
  facet normal -0.000238992 -0.951103 0.308875
    outer loop
      vertex 89.163 17.3944 29.3949
      vertex 88.936 17.4963 29.7085
      vertex 88.7656 17.4538 29.5775
    endloop
  endfacet
  facet normal -8.42983e-05 -0.951049 0.309041
    outer loop
      vertex 89.3936 17.5305 29.8138
      vertex 89.163 17.3944 29.3949
      vertex 89.3902 17.3781 29.3448
    endloop
  endfacet
  facet normal 0 -0.95095 0.309345
    outer loop
      vertex 89.163 17.3944 29.3949
      vertex 88.7656 17.4538 29.5775
      vertex 88.6397 17.3944 29.3949
    endloop
  endfacet
  facet normal 6.00456e-05 -0.951049 0.30904
    outer loop
      vertex 89.3936 17.5305 29.8138
      vertex 89.3902 17.3781 29.3448
      vertex 89.8003 17.5044 29.7334
    endloop
  endfacet
  facet normal 4.30362e-05 -0.951044 0.309056
    outer loop
      vertex 89.5504 17.3292 29.1943
      vertex 89.8003 17.5044 29.7334
      vertex 89.3902 17.3781 29.3448
    endloop
  endfacet
  facet normal -2.49296e-05 -0.951035 0.309085
    outer loop
      vertex 89.8003 17.5044 29.7334
      vertex 89.5504 17.3292 29.1943
      vertex 90.1026 17.4261 29.4925
    endloop
  endfacet
  facet normal 0.000125937 -0.951117 0.308832
    outer loop
      vertex 89.6455 17.2469 28.9408
      vertex 90.1026 17.4261 29.4925
      vertex 89.5504 17.3292 29.1943
    endloop
  endfacet
  facet normal -7.87151e-05 -0.951067 0.308985
    outer loop
      vertex 90.1026 17.4261 29.4925
      vertex 89.6455 17.2469 28.9408
      vertex 90.2902 17.2999 29.1041
    endloop
  endfacet
  facet normal 0 -0.951013 0.309152
    outer loop
      vertex 90.3528 17.1301 28.5815
      vertex 89.6455 17.2469 28.9408
      vertex 89.6772 17.1301 28.5815
    endloop
  endfacet
  facet normal -8.36699e-05 -0.951061 0.309003
    outer loop
      vertex 89.6455 17.2469 28.9408
      vertex 90.3528 17.1301 28.5815
      vertex 90.2902 17.2999 29.1041
    endloop
  endfacet
  facet normal 0 -0.951049 0.30904
    outer loop
      vertex 89.6772 17.1301 28.5815
      vertex 90.2934 16.9622 28.0648
      vertex 90.3528 17.1301 28.5815
    endloop
  endfacet
  facet normal -6.47268e-05 -0.951072 0.30897
    outer loop
      vertex 89.5498 16.9335 27.9763
      vertex 90.2934 16.9622 28.0648
      vertex 89.6772 17.1301 28.5815
    endloop
  endfacet
  facet normal 4.99627e-05 -0.951041 0.309064
    outer loop
      vertex 89.4421 16.7311 27.3535
      vertex 89.5498 16.9335 27.9763
      vertex 89.1677 16.8679 27.7745
    endloop
  endfacet
  facet normal -6.37234e-05 -0.951074 0.308963
    outer loop
      vertex 89.5498 16.9335 27.9763
      vertex 90.1153 16.8362 27.6769
      vertex 90.2934 16.9622 28.0648
    endloop
  endfacet
  facet normal -7.8055e-05 -0.951054 0.309025
    outer loop
      vertex 88.7711 16.9374 27.9883
      vertex 88.6443 16.8708 27.7833
      vertex 88.9406 16.8853 27.828
    endloop
  endfacet
  facet normal -8.5053e-05 -0.95104 0.309067
    outer loop
      vertex 88.9487 16.766 27.4609
      vertex 88.9406 16.8853 27.828
      vertex 88.6443 16.8708 27.7833
    endloop
  endfacet
  facet normal -5.72218e-05 -0.95104 0.309067
    outer loop
      vertex 88.9406 16.8853 27.828
      vertex 88.9487 16.766 27.4609
      vertex 89.1677 16.8679 27.7745
    endloop
  endfacet
  facet normal -3.09457e-06 -0.951051 0.309033
    outer loop
      vertex 89.1677 16.8679 27.7745
      vertex 88.9487 16.766 27.4609
      vertex 89.4421 16.7311 27.3535
    endloop
  endfacet
  facet normal 0.000105543 -0.951044 0.309056
    outer loop
      vertex 89.5498 16.9335 27.9763
      vertex 89.4421 16.7311 27.3535
      vertex 89.8282 16.7574 27.4343
    endloop
  endfacet
  facet normal -5.22527e-05 -0.951068 0.308982
    outer loop
      vertex 89.5498 16.9335 27.9763
      vertex 89.8282 16.7574 27.4343
      vertex 90.1153 16.8362 27.6769
    endloop
  endfacet
  facet normal -0.000821727 -0.951047 0.309046
    outer loop
      vertex 90.7225 17.3611 29.2924
      vertex 90.7755 17.5312 29.816
      vertex 90.6631 17.5286 29.8077
    endloop
  endfacet
  facet normal 3.85609e-05 -0.951018 0.309136
    outer loop
      vertex 90.7225 17.3611 29.2924
      vertex 90.6631 17.5286 29.8077
      vertex 90.575 17.5206 29.7831
    endloop
  endfacet
  facet normal 2.67661e-05 -0.951072 0.308969
    outer loop
      vertex 90.7755 17.5312 29.816
      vertex 90.7225 17.3611 29.2924
      vertex 90.8516 17.3638 29.3007
    endloop
  endfacet
  facet normal 0.000175012 -0.951064 0.308993
    outer loop
      vertex 90.915 17.5272 29.8036
      vertex 90.8516 17.3638 29.3007
      vertex 91.0292 17.5152 29.7666
    endloop
  endfacet
  facet normal 8.16014e-05 -0.951054 0.309026
    outer loop
      vertex 91.0292 17.5152 29.7666
      vertex 90.8516 17.3638 29.3007
      vertex 91.1237 17.4949 29.7041
    endloop
  endfacet
  facet normal -0.000278 -0.950982 0.309245
    outer loop
      vertex 91.1237 17.4949 29.7041
      vertex 90.8516 17.3638 29.3007
      vertex 91.2044 17.466 29.6153
    endloop
  endfacet
  facet normal 0.000136271 -0.951119 0.308825
    outer loop
      vertex 91.0669 17.3487 29.2541
      vertex 91.2044 17.466 29.6153
      vertex 90.8516 17.3638 29.3007
    endloop
  endfacet
  facet normal 0.000195198 -0.951065 0.308991
    outer loop
      vertex 90.7755 17.5312 29.816
      vertex 90.8516 17.3638 29.3007
      vertex 90.915 17.5272 29.8036
    endloop
  endfacet
  facet normal 2.37734e-05 -0.951019 0.309132
    outer loop
      vertex 90.7225 17.3611 29.2924
      vertex 90.575 17.5206 29.7831
      vertex 90.575 17.3531 29.2678
    endloop
  endfacet
  facet normal 5.69066e-05 -0.95111 0.308852
    outer loop
      vertex 91.2044 17.466 29.6153
      vertex 91.0669 17.3487 29.2541
      vertex 91.2834 17.4209 29.4764
    endloop
  endfacet
  facet normal -8.05789e-05 -0.950931 0.309402
    outer loop
      vertex 91.2286 17.3032 29.1143
      vertex 91.3727 17.3517 29.2634
      vertex 91.0669 17.3487 29.2541
    endloop
  endfacet
  facet normal -6.57446e-05 -0.951075 0.30896
    outer loop
      vertex 91.2834 17.4209 29.4764
      vertex 91.0669 17.3487 29.2541
      vertex 91.3727 17.3517 29.2634
    endloop
  endfacet
  facet normal -5.86766e-05 -0.951041 0.309064
    outer loop
      vertex 92.0232 17.4811 29.6617
      vertex 91.4119 17.5163 29.7699
      vertex 91.4038 17.4904 29.6902
    endloop
  endfacet
  facet normal 0 -0.950944 0.309364
    outer loop
      vertex 91.4119 17.5163 29.7699
      vertex 92.0232 17.4811 29.6617
      vertex 92.0298 17.5163 29.7699
    endloop
  endfacet
  facet normal -6.01102e-05 -0.95105 0.309036
    outer loop
      vertex 91.4038 17.4904 29.6902
      vertex 92.0172 17.4411 29.5386
      vertex 92.0232 17.4811 29.6617
    endloop
  endfacet
  facet normal -8.90653e-05 -0.951085 0.30893
    outer loop
      vertex 91.3935 17.4383 29.5298
      vertex 92.0172 17.4411 29.5386
      vertex 91.4038 17.4904 29.6902
    endloop
  endfacet
  facet normal -8.44495e-05 -0.951181 0.308634
    outer loop
      vertex 91.3935 17.4383 29.5298
      vertex 92.0128 17.3935 29.3919
      vertex 92.0172 17.4411 29.5386
    endloop
  endfacet
  facet normal 9.86764e-05 -0.950939 0.309378
    outer loop
      vertex 91.3848 17.384 29.3629
      vertex 92.0128 17.3935 29.3919
      vertex 91.3935 17.4383 29.5298
    endloop
  endfacet
  facet normal 0.000130321 -0.95114 0.308758
    outer loop
      vertex 91.3819 17.3517 29.2634
      vertex 92.0128 17.3935 29.3919
      vertex 91.3848 17.384 29.3629
    endloop
  endfacet
  facet normal -5.73833e-06 -0.950944 0.309363
    outer loop
      vertex 91.3819 17.3517 29.2634
      vertex 92.0114 17.3353 29.213
      vertex 92.0128 17.3935 29.3919
    endloop
  endfacet
  facet normal 0 -0.950954 0.309331
    outer loop
      vertex 91.3727 17.3517 29.2634
      vertex 91.2286 17.3032 29.1143
      vertex 91.3819 17.3517 29.2634
    endloop
  endfacet
  facet normal 0.000479476 -0.951099 0.308885
    outer loop
      vertex 91.3298 17.2281 28.8829
      vertex 91.3819 17.3517 29.2634
      vertex 91.2286 17.3032 29.1143
    endloop
  endfacet
  facet normal -4.22613e-05 -0.951078 0.30895
    outer loop
      vertex 91.3819 17.3517 29.2634
      vertex 91.3298 17.2281 28.8829
      vertex 92.0114 17.3353 29.213
    endloop
  endfacet
  facet normal -0.000123191 -0.951029 0.309101
    outer loop
      vertex 91.3635 17.1237 28.5617
      vertex 92.0114 17.3353 29.213
      vertex 91.3298 17.2281 28.8829
    endloop
  endfacet
  facet normal 0 -0.951065 0.30899
    outer loop
      vertex 92.0114 16.7454 27.3973
      vertex 91.3635 17.1237 28.5617
      vertex 91.3635 16.7454 27.3973
    endloop
  endfacet
  facet normal 2.02115e-07 -0.951065 0.30899
    outer loop
      vertex 91.3635 17.1237 28.5617
      vertex 92.0114 16.7454 27.3973
      vertex 92.0114 17.3353 29.213
    endloop
  endfacet
  facet normal -8.18422e-05 -0.951098 0.308888
    outer loop
      vertex 95.0458 16.9271 27.9565
      vertex 95.6329 17.0111 28.2153
      vertex 94.9827 17.0019 28.1868
    endloop
  endfacet
  facet normal -3.24269e-05 -0.951131 0.308787
    outer loop
      vertex 95.6329 17.0111 28.2153
      vertex 95.0458 16.9271 27.9565
      vertex 95.6865 16.9487 28.0231
    endloop
  endfacet
  facet normal -7.77846e-05 -0.951003 0.309182
    outer loop
      vertex 95.166 16.8608 27.7526
      vertex 95.6865 16.9487 28.0231
      vertex 95.0458 16.9271 27.9565
    endloop
  endfacet
  facet normal 9.49902e-05 -0.951101 0.308881
    outer loop
      vertex 95.3381 16.8059 27.5835
      vertex 95.6865 16.9487 28.0231
      vertex 95.166 16.8608 27.7526
    endloop
  endfacet
  facet normal -8.64066e-05 -0.951045 0.309053
    outer loop
      vertex 95.5568 16.765 27.4577
      vertex 95.7874 16.9039 27.8852
      vertex 95.3381 16.8059 27.5835
    endloop
  endfacet
  facet normal -2.01743e-05 -0.951074 0.308964
    outer loop
      vertex 95.6865 16.9487 28.0231
      vertex 95.3381 16.8059 27.5835
      vertex 95.7874 16.9039 27.8852
    endloop
  endfacet
  facet normal -4.5059e-05 -0.951079 0.308948
    outer loop
      vertex 95.9257 17.3842 29.3634
      vertex 96.0917 17.5305 29.8138
      vertex 95.6894 17.5134 29.7611
    endloop
  endfacet
  facet normal 4.73664e-05 -0.951094 0.308902
    outer loop
      vertex 95.792 17.3578 29.282
      vertex 95.6894 17.5134 29.7611
      vertex 95.3632 17.4621 29.6032
    endloop
  endfacet
  facet normal 7.97217e-05 -0.95106 0.309007
    outer loop
      vertex 96.0917 17.5305 29.8138
      vertex 96.1055 17.393 29.3906
      vertex 96.5984 17.5039 29.7318
    endloop
  endfacet
  facet normal 0.000115993 -0.951075 0.30896
    outer loop
      vertex 96.4808 17.3284 29.1916
      vertex 96.5984 17.5039 29.7318
      vertex 96.1055 17.393 29.3906
    endloop
  endfacet
  facet normal -0.000197012 -0.951062 0.308999
    outer loop
      vertex 96.0917 17.5305 29.8138
      vertex 95.9257 17.3842 29.3634
      vertex 96.1055 17.393 29.3906
    endloop
  endfacet
  facet normal 1.27115e-05 -0.951052 0.309032
    outer loop
      vertex 95.702 17.3165 29.1551
      vertex 95.3632 17.4621 29.6032
      vertex 95.1285 17.3807 29.3527
    endloop
  endfacet
  facet normal -0.000231186 -0.951111 0.308848
    outer loop
      vertex 95.6894 17.5134 29.7611
      vertex 95.792 17.3578 29.282
      vertex 95.9257 17.3842 29.3634
    endloop
  endfacet
  facet normal 0.00034114 -0.950978 0.309257
    outer loop
      vertex 95.3632 17.4621 29.6032
      vertex 95.702 17.3165 29.1551
      vertex 95.792 17.3578 29.282
    endloop
  endfacet
  facet normal 0.000109304 -0.951057 0.309015
    outer loop
      vertex 95.6536 17.2634 28.9915
      vertex 95.1285 17.3807 29.3527
      vertex 95.0012 17.2733 29.0222
    endloop
  endfacet
  facet normal -9.71491e-05 -0.951145 0.308744
    outer loop
      vertex 95.1285 17.3807 29.3527
      vertex 95.6536 17.2634 28.9915
      vertex 95.702 17.3165 29.1551
    endloop
  endfacet
  facet normal -2.67405e-05 -0.951066 0.308988
    outer loop
      vertex 96.5984 17.5039 29.7318
      vertex 96.4808 17.3284 29.1916
      vertex 96.9748 17.424 29.4859
    endloop
  endfacet
  facet normal -3.82331e-05 -0.95106 0.309005
    outer loop
      vertex 96.4808 17.3284 29.1916
      vertex 97.2082 17.2964 29.0932
      vertex 96.9748 17.424 29.4859
    endloop
  endfacet
  facet normal -3.24568e-05 -0.951048 0.309044
    outer loop
      vertex 96.6059 17.1344 28.5946
      vertex 97.2082 17.2964 29.0932
      vertex 96.4808 17.3284 29.1916
    endloop
  endfacet
  facet normal 4.06666e-05 -0.951074 0.308964
    outer loop
      vertex 96.6059 17.1344 28.5946
      vertex 97.286 17.1266 28.5705
      vertex 97.2082 17.2964 29.0932
    endloop
  endfacet
  facet normal 4.25833e-05 -0.951058 0.309013
    outer loop
      vertex 96.6059 17.1344 28.5946
      vertex 97.2088 16.9605 28.0593
      vertex 97.286 17.1266 28.5705
    endloop
  endfacet
  facet normal 8.79037e-05 -0.951043 0.309059
    outer loop
      vertex 96.4785 16.9345 27.9795
      vertex 97.2088 16.9605 28.0593
      vertex 96.6059 17.1344 28.5946
    endloop
  endfacet
  facet normal -1.16948e-05 -0.951062 0.309001
    outer loop
      vertex 96.6036 16.7572 27.4338
      vertex 96.4785 16.9345 27.9795
      vertex 96.0963 16.8679 27.7745
    endloop
  endfacet
  facet normal 8.91661e-05 -0.951046 0.309049
    outer loop
      vertex 96.4785 16.9345 27.9795
      vertex 96.9771 16.8355 27.6747
      vertex 97.2088 16.9605 28.0593
    endloop
  endfacet
  facet normal -0.000166602 -0.951032 0.309092
    outer loop
      vertex 95.7874 16.9039 27.8852
      vertex 95.5568 16.765 27.4577
      vertex 95.9269 16.8769 27.8022
    endloop
  endfacet
  facet normal 2.26617e-06 -0.951085 0.308928
    outer loop
      vertex 95.8139 16.7396 27.3795
      vertex 95.9269 16.8769 27.8022
      vertex 95.5568 16.765 27.4577
    endloop
  endfacet
  facet normal -1.38713e-05 -0.951084 0.308932
    outer loop
      vertex 95.9269 16.8769 27.8022
      vertex 95.8139 16.7396 27.3795
      vertex 96.0963 16.8679 27.7745
    endloop
  endfacet
  facet normal 1.3727e-05 -0.951051 0.309035
    outer loop
      vertex 96.6036 16.7572 27.4338
      vertex 96.0963 16.8679 27.7745
      vertex 96.1009 16.7311 27.3535
    endloop
  endfacet
  facet normal -0.000170974 -0.951051 0.309033
    outer loop
      vertex 96.0963 16.8679 27.7745
      vertex 95.8139 16.7396 27.3795
      vertex 96.1009 16.7311 27.3535
    endloop
  endfacet
  facet normal 6.805e-05 -0.951056 0.309017
    outer loop
      vertex 96.4785 16.9345 27.9795
      vertex 96.6036 16.7572 27.4338
      vertex 96.9771 16.8355 27.6747
    endloop
  endfacet
  facet normal 0.000930851 -0.951156 0.308708
    outer loop
      vertex 92.3045 16.7513 27.4154
      vertex 92.3926 16.8594 27.7482
      vertex 92.32 16.8604 27.7515
    endloop
  endfacet
  facet normal -0.00156472 -0.951052 0.309028
    outer loop
      vertex 92.2497 16.7554 27.428
      vertex 92.32 16.8604 27.7515
      vertex 92.2497 16.8637 27.7613
    endloop
  endfacet
  facet normal 0.00015 -0.950995 0.309207
    outer loop
      vertex 92.3926 16.8594 27.7482
      vertex 92.6647 16.7368 27.371
      vertex 92.8771 16.7461 27.3995
    endloop
  endfacet
  facet normal -0.000171183 -0.951142 0.308754
    outer loop
      vertex 92.32 16.8604 27.7515
      vertex 92.2497 16.7554 27.428
      vertex 92.3045 16.7513 27.4154
    endloop
  endfacet
  facet normal -0.00117993 -0.950992 0.309213
    outer loop
      vertex 92.3926 16.8594 27.7482
      vertex 92.3045 16.7513 27.4154
      vertex 92.3535 16.7475 27.4039
    endloop
  endfacet
  facet normal 0.000353878 -0.951044 0.309056
    outer loop
      vertex 92.3926 16.8594 27.7482
      vertex 92.3535 16.7475 27.4039
      vertex 92.3996 16.7443 27.394
    endloop
  endfacet
  facet normal -0.000627589 -0.951049 0.309038
    outer loop
      vertex 92.3926 16.8594 27.7482
      vertex 92.3996 16.7443 27.394
      vertex 92.4457 16.7418 27.3864
    endloop
  endfacet
  facet normal 0.00168854 -0.950948 0.309345
    outer loop
      vertex 92.3926 16.8594 27.7482
      vertex 92.4457 16.7418 27.3864
      vertex 92.4932 16.7399 27.3803
    endloop
  endfacet
  facet normal -0.000162495 -0.951098 0.308888
    outer loop
      vertex 92.3926 16.8594 27.7482
      vertex 92.4932 16.7399 27.3803
      vertex 92.5437 16.7383 27.3754
    endloop
  endfacet
  facet normal -0.000485968 -0.951137 0.308769
    outer loop
      vertex 92.3926 16.8594 27.7482
      vertex 92.5437 16.7383 27.3754
      vertex 92.5999 16.7372 27.3721
    endloop
  endfacet
  facet normal -0.000631132 -0.95116 0.308697
    outer loop
      vertex 92.3926 16.8594 27.7482
      vertex 92.5999 16.7372 27.3721
      vertex 92.6647 16.7368 27.371
    endloop
  endfacet
  facet normal 6.4742e-05 -0.95103 0.3091
    outer loop
      vertex 92.3926 16.8594 27.7482
      vertex 92.8771 16.7461 27.3995
      vertex 93.1186 16.8197 27.6259
    endloop
  endfacet
  facet normal 8.22548e-05 -0.951035 0.309083
    outer loop
      vertex 93.1186 16.8197 27.6259
      vertex 92.8771 16.7461 27.3995
      vertex 93.0255 16.7739 27.485
    endloop
  endfacet
  facet normal 0.000326337 -0.950783 0.309857
    outer loop
      vertex 93.1186 16.8197 27.6259
      vertex 92.5506 16.884 27.8238
      vertex 92.4875 16.8655 27.7671
    endloop
  endfacet
  facet normal -0.000161528 -0.951424 0.307884
    outer loop
      vertex 93.1186 16.8197 27.6259
      vertex 92.4875 16.8655 27.7671
      vertex 92.3926 16.8594 27.7482
    endloop
  endfacet
  facet normal -9.47389e-05 -0.951139 0.308764
    outer loop
      vertex 92.5506 16.884 27.8238
      vertex 93.1186 16.8197 27.6259
      vertex 93.165 16.8829 27.8206
    endloop
  endfacet
  facet normal 0.000240352 -0.951104 0.308869
    outer loop
      vertex 93.5823 17.5305 29.8138
      vertex 93.4434 17.3917 29.3865
      vertex 93.61 17.4009 29.4147
    endloop
  endfacet
  facet normal -3.94697e-05 -0.95106 0.309007
    outer loop
      vertex 93.267 17.3178 29.159
      vertex 92.8538 17.4586 29.5923
      vertex 92.6618 17.3715 29.3242
    endloop
  endfacet
  facet normal -6.55127e-05 -0.951099 0.308885
    outer loop
      vertex 93.1639 17.5125 29.7584
      vertex 93.331 17.3642 29.3018
      vertex 93.4434 17.3917 29.3865
    endloop
  endfacet
  facet normal -1.22807e-05 -0.951052 0.309031
    outer loop
      vertex 92.8538 17.4586 29.5923
      vertex 93.267 17.3178 29.159
      vertex 93.331 17.3642 29.3018
    endloop
  endfacet
  facet normal -8.1343e-06 -0.951026 0.309111
    outer loop
      vertex 92.5979 17.2541 28.963
      vertex 93.267 17.3178 29.159
      vertex 92.6618 17.3715 29.3242
    endloop
  endfacet
  facet normal 6.38482e-05 -0.951098 0.308889
    outer loop
      vertex 92.5979 17.2541 28.963
      vertex 93.2457 17.252 28.9564
      vertex 93.267 17.3178 29.159
    endloop
  endfacet
  facet normal 6.64653e-05 -0.951022 0.309122
    outer loop
      vertex 92.5979 17.2541 28.963
      vertex 93.2457 17.2128 28.8358
      vertex 93.2457 17.252 28.9564
    endloop
  endfacet
  facet normal -7.18371e-05 -0.951052 0.30903
    outer loop
      vertex 93.5777 17.1009 28.4915
      vertex 93.7829 17.2099 28.827
      vertex 93.2457 17.2128 28.8358
    endloop
  endfacet
  facet normal -0.000230776 -0.951087 0.308922
    outer loop
      vertex 93.8982 17.0856 28.4444
      vertex 93.7829 17.2099 28.827
      vertex 93.7708 17.0957 28.4754
    endloop
  endfacet
  facet normal 8.71395e-05 -0.951007 0.309168
    outer loop
      vertex 93.5777 17.1009 28.4915
      vertex 93.2457 17.2128 28.8358
      vertex 93.2457 17.1023 28.4959
    endloop
  endfacet
  facet normal 7.65774e-05 -0.951007 0.309168
    outer loop
      vertex 92.5979 17.2541 28.963
      vertex 93.2457 17.1023 28.4959
      vertex 93.2457 17.2128 28.8358
    endloop
  endfacet
  facet normal -6.83607e-05 -0.951066 0.308987
    outer loop
      vertex 92.5979 16.9734 28.099
      vertex 93.2457 17.1023 28.4959
      vertex 92.5979 17.2541 28.963
    endloop
  endfacet
  facet normal -0.000159955 -0.951022 0.309122
    outer loop
      vertex 93.2457 17.1023 28.4959
      vertex 92.5979 16.9734 28.099
      vertex 93.2457 17.0631 28.3753
    endloop
  endfacet
  facet normal -4.06875e-05 -0.951105 0.308869
    outer loop
      vertex 93.2457 17.0631 28.3753
      vertex 92.5979 16.9734 28.099
      vertex 93.2636 17.0139 28.2238
    endloop
  endfacet
  facet normal -7.13e-05 -0.951057 0.309017
    outer loop
      vertex 93.165 16.8829 27.8206
      vertex 93.2636 17.0139 28.2238
      vertex 92.5979 16.9734 28.099
    endloop
  endfacet
  facet normal -9.89608e-05 -0.951055 0.309023
    outer loop
      vertex 93.2636 17.0139 28.2238
      vertex 93.165 16.8829 27.8206
      vertex 93.3172 16.9673 28.0804
    endloop
  endfacet
  facet normal 6.80219e-05 -0.950973 0.309273
    outer loop
      vertex 93.165 16.8829 27.8206
      vertex 92.5979 16.9734 28.099
      vertex 92.5861 16.9186 27.9305
    endloop
  endfacet
  facet normal 0 -0.951072 0.30897
    outer loop
      vertex 93.1788 16.8829 27.8206
      vertex 93.3172 16.9673 28.0804
      vertex 93.165 16.8829 27.8206
    endloop
  endfacet
  facet normal -9.63249e-05 -0.951228 0.30849
    outer loop
      vertex 93.165 16.8829 27.8206
      vertex 92.5861 16.9186 27.9305
      vertex 92.5506 16.884 27.8238
    endloop
  endfacet
  facet normal 0.000303701 -0.951119 0.308824
    outer loop
      vertex 93.3172 16.9673 28.0804
      vertex 93.1788 16.8829 27.8206
      vertex 93.4022 16.927 27.9562
    endloop
  endfacet
  facet normal -0.000104022 -0.950922 0.309431
    outer loop
      vertex 93.4022 16.927 27.9562
      vertex 93.1788 16.8829 27.8206
      vertex 93.5143 16.8964 27.8622
    endloop
  endfacet
  facet normal -3.6318e-05 -0.951082 0.308937
    outer loop
      vertex 93.5201 16.7691 27.4703
      vertex 93.5143 16.8964 27.8622
      vertex 93.1788 16.8829 27.8206
    endloop
  endfacet
  facet normal 0.000215681 -0.951081 0.308941
    outer loop
      vertex 93.5143 16.8964 27.8622
      vertex 93.5201 16.7691 27.4703
      vertex 93.6466 16.8772 27.803
    endloop
  endfacet
  facet normal -9.70214e-06 -0.951057 0.309016
    outer loop
      vertex 94.0714 16.9313 27.9694
      vertex 94.5645 16.7921 27.541
      vertex 94.7167 16.8654 27.7666
    endloop
  endfacet
  facet normal 5.41507e-06 -0.951058 0.309013
    outer loop
      vertex 93.6466 16.8772 27.803
      vertex 93.5201 16.7691 27.4703
      vertex 93.7922 16.8708 27.7833
    endloop
  endfacet
  facet normal -8.07274e-05 -0.951036 0.309081
    outer loop
      vertex 93.7922 16.8708 27.7833
      vertex 93.5201 16.7691 27.4703
      vertex 93.9997 16.7311 27.3535
    endloop
  endfacet
  facet normal 0.000149464 -0.950993 0.309212
    outer loop
      vertex 93.9146 16.8775 27.8038
      vertex 93.9997 16.7311 27.3535
      vertex 94.3219 16.7464 27.4004
    endloop
  endfacet
  facet normal 1.6675e-05 -0.951033 0.309091
    outer loop
      vertex 93.9146 16.8775 27.8038
      vertex 94.3219 16.7464 27.4004
      vertex 94.5645 16.7921 27.541
    endloop
  endfacet
  facet normal 1.0451e-05 -0.951082 0.308937
    outer loop
      vertex 93.4434 17.3917 29.3865
      vertex 93.5823 17.5305 29.8138
      vertex 93.1639 17.5125 29.7584
    endloop
  endfacet
  facet normal -0.000416965 -0.951118 0.308828
    outer loop
      vertex 93.7659 17.3945 29.3952
      vertex 93.5823 17.5305 29.8138
      vertex 93.61 17.4009 29.4147
    endloop
  endfacet
  facet normal -0.000122941 -0.951105 0.308866
    outer loop
      vertex 93.331 17.3642 29.3018
      vertex 93.1639 17.5125 29.7584
      vertex 92.8538 17.4586 29.5923
    endloop
  endfacet
  facet normal 5.40688e-05 -0.951057 0.309015
    outer loop
      vertex 93.5823 17.5305 29.8138
      vertex 93.7659 17.3945 29.3952
      vertex 94.0011 17.516 29.7691
    endloop
  endfacet
  facet normal 0.000507411 -0.951141 0.308757
    outer loop
      vertex 93.874 17.3756 29.3368
      vertex 94.0011 17.516 29.7691
      vertex 93.7659 17.3945 29.3952
    endloop
  endfacet
  facet normal 0.0001382 -0.951109 0.308855
    outer loop
      vertex 94.0011 17.516 29.7691
      vertex 93.874 17.3756 29.3368
      vertex 94.3213 17.4725 29.635
    endloop
  endfacet
  facet normal -0.000139277 -0.950987 0.309232
    outer loop
      vertex 93.9423 17.342 29.2335
      vertex 94.3213 17.4725 29.635
      vertex 93.874 17.3756 29.3368
    endloop
  endfacet
  facet normal 4.16106e-06 -0.951027 0.309109
    outer loop
      vertex 94.3213 17.4725 29.635
      vertex 93.9423 17.342 29.2335
      vertex 94.54 17.4008 29.4144
    endloop
  endfacet
  facet normal -8.02346e-05 -0.950945 0.309361
    outer loop
      vertex 93.9789 17.2918 29.0792
      vertex 94.54 17.4008 29.4144
      vertex 93.9423 17.342 29.2335
    endloop
  endfacet
  facet normal 2.59113e-05 -0.950997 0.309201
    outer loop
      vertex 94.54 17.4008 29.4144
      vertex 93.9789 17.2918 29.0792
      vertex 94.6544 17.3018 29.1099
    endloop
  endfacet
  facet normal 0.000143875 -0.951091 0.30891
    outer loop
      vertex 93.7829 17.2099 28.827
      vertex 93.5777 17.1009 28.4915
      vertex 93.7708 17.0957 28.4754
    endloop
  endfacet
  facet normal 7.34236e-05 -0.95106 0.309005
    outer loop
      vertex 93.7829 17.2099 28.827
      vertex 93.8982 17.0856 28.4444
      vertex 94.2057 17.1932 28.7755
    endloop
  endfacet
  facet normal -0.000285998 -0.950962 0.309307
    outer loop
      vertex 93.9815 17.0698 28.3959
      vertex 94.2057 17.1932 28.7755
      vertex 93.8982 17.0856 28.4444
    endloop
  endfacet
  facet normal 0.000613583 -0.951118 0.308826
    outer loop
      vertex 94.0423 17.0475 28.3271
      vertex 94.2057 17.1932 28.7755
      vertex 93.9815 17.0698 28.3959
    endloop
  endfacet
  facet normal -6.49582e-05 -0.951046 0.30905
    outer loop
      vertex 94.2057 17.1932 28.7755
      vertex 94.0423 17.0475 28.3271
      vertex 94.515 17.1458 28.6297
    endloop
  endfacet
  facet normal -0.000426393 -0.95088 0.309561
    outer loop
      vertex 94.0795 17.0175 28.235
      vertex 94.515 17.1458 28.6297
      vertex 94.0423 17.0475 28.3271
    endloop
  endfacet
  facet normal -5.59339e-05 -0.951 0.309191
    outer loop
      vertex 94.515 17.1458 28.6297
      vertex 94.0795 17.0175 28.235
      vertex 94.7043 17.0688 28.3929
    endloop
  endfacet
  facet normal 0.000132284 -0.951219 0.308517
    outer loop
      vertex 94.0919 16.9791 28.1166
      vertex 94.7043 17.0688 28.3929
      vertex 94.0795 17.0175 28.235
    endloop
  endfacet
  facet normal -2.37538e-05 -0.951117 0.30883
    outer loop
      vertex 94.0919 16.9791 28.1166
      vertex 94.7674 16.9634 28.0683
      vertex 94.7043 17.0688 28.3929
    endloop
  endfacet
  facet normal -2.17832e-05 -0.951109 0.308855
    outer loop
      vertex 94.0714 16.9313 27.9694
      vertex 94.7674 16.9634 28.0683
      vertex 94.0919 16.9791 28.1166
    endloop
  endfacet
  facet normal 0.000208994 -0.950983 0.309243
    outer loop
      vertex 94.5645 16.7921 27.541
      vertex 94.0714 16.9313 27.9694
      vertex 94.01 16.8975 27.8655
    endloop
  endfacet
  facet normal -0.000192368 -0.951184 0.308623
    outer loop
      vertex 94.5645 16.7921 27.541
      vertex 94.01 16.8975 27.8655
      vertex 93.9146 16.8775 27.8038
    endloop
  endfacet
  facet normal -3.54041e-05 -0.951081 0.308942
    outer loop
      vertex 94.0714 16.9313 27.9694
      vertex 94.7167 16.8654 27.7666
      vertex 94.7674 16.9634 28.0683
    endloop
  endfacet
  facet normal 0.000264417 -0.950987 0.309232
    outer loop
      vertex 93.9997 16.7311 27.3535
      vertex 93.9146 16.8775 27.8038
      vertex 93.7922 16.8708 27.7833
    endloop
  endfacet
  facet normal -0.744033 -0.206468 -0.635442
    outer loop
      vertex 88.9487 17.3367 27.2755
      vertex 88.6443 16.8708 27.7833
      vertex 88.6443 17.4414 27.5979
    endloop
  endfacet
  facet normal -0.744063 -0.206425 -0.63542
    outer loop
      vertex 88.6443 16.8708 27.7833
      vertex 88.9487 17.3367 27.2755
      vertex 88.9487 16.766 27.4609
    endloop
  endfacet
  facet normal 0 -0.309018 -0.951056
    outer loop
      vertex 88.6351 16.8708 27.7833
      vertex 88.6443 17.4414 27.5979
      vertex 88.6443 16.8708 27.7833
    endloop
  endfacet
  facet normal -0 -0.309018 -0.951056
    outer loop
      vertex 88.6443 17.4414 27.5979
      vertex 88.6351 16.8708 27.7833
      vertex 88.6351 17.4414 27.5979
    endloop
  endfacet
  facet normal 0.999528 -0.009497 -0.0292286
    outer loop
      vertex 88.6351 16.8708 27.7833
      vertex 88.6319 17.4093 27.4989
      vertex 88.6351 17.4414 27.5979
    endloop
  endfacet
  facet normal 0.999528 -0.00949268 -0.0292205
    outer loop
      vertex 88.6319 17.4093 27.4989
      vertex 88.6351 16.8708 27.7833
      vertex 88.6319 16.8386 27.6843
    endloop
  endfacet
  facet normal 0.997243 -0.0229282 -0.0705778
    outer loop
      vertex 88.6319 16.8386 27.6843
      vertex 88.6224 17.3698 27.3775
      vertex 88.6319 17.4093 27.4989
    endloop
  endfacet
  facet normal 0.997241 -0.0229373 -0.0705936
    outer loop
      vertex 88.6224 17.3698 27.3775
      vertex 88.6319 16.8386 27.6843
      vertex 88.6224 16.7992 27.5629
    endloop
  endfacet
  facet normal 0.994615 -0.0320261 -0.0985659
    outer loop
      vertex 88.6224 16.7992 27.5629
      vertex 88.6106 17.3348 27.2698
      vertex 88.6224 17.3698 27.3775
    endloop
  endfacet
  facet normal 0.994615 -0.0320261 -0.0985659
    outer loop
      vertex 88.6106 17.3348 27.2698
      vertex 88.6224 16.7992 27.5629
      vertex 88.6106 16.7642 27.4552
    endloop
  endfacet
  facet normal 0.986514 -0.0505784 -0.155664
    outer loop
      vertex 88.6106 16.7642 27.4552
      vertex 88.6005 17.316 27.2119
      vertex 88.6106 17.3348 27.2698
    endloop
  endfacet
  facet normal 0.986514 -0.0505784 -0.155664
    outer loop
      vertex 88.6005 17.316 27.2119
      vertex 88.6106 16.7642 27.4552
      vertex 88.6005 16.7454 27.3973
    endloop
  endfacet
  facet normal 0 -0.309018 -0.951056
    outer loop
      vertex 87.9734 16.7454 27.3973
      vertex 88.6005 17.316 27.2119
      vertex 88.6005 16.7454 27.3973
    endloop
  endfacet
  facet normal -0 -0.309018 -0.951056
    outer loop
      vertex 88.6005 17.316 27.2119
      vertex 87.9734 16.7454 27.3973
      vertex 87.9734 17.316 27.2119
    endloop
  endfacet
  facet normal -0.998891 0.0145465 0.0447693
    outer loop
      vertex 87.9734 17.316 27.2119
      vertex 87.9872 16.8359 27.6758
      vertex 87.9872 17.4065 27.4904
    endloop
  endfacet
  facet normal -0.998891 0.0145465 0.0447693
    outer loop
      vertex 87.9872 16.8359 27.6758
      vertex 87.9734 17.316 27.2119
      vertex 87.9734 16.7454 27.3973
    endloop
  endfacet
  facet normal -0.999833 0.00565714 0.0174045
    outer loop
      vertex 87.9872 17.4065 27.4904
      vertex 87.9918 16.9135 27.9149
      vertex 87.9918 17.4842 27.7294
    endloop
  endfacet
  facet normal -0.999833 0.00565383 0.0174006
    outer loop
      vertex 87.9918 16.9135 27.9149
      vertex 87.9872 17.4065 27.4904
      vertex 87.9872 16.8359 27.6758
    endloop
  endfacet
  facet normal -1 0 0
    outer loop
      vertex 87.9918 17.4842 27.7294
      vertex 87.9918 17.8027 30.6514
      vertex 87.9918 18.3733 30.466
    endloop
  endfacet
  facet normal -1 0 0
    outer loop
      vertex 87.9918 17.8027 30.6514
      vertex 87.9918 17.4842 27.7294
      vertex 87.9918 16.9135 27.9149
    endloop
  endfacet
  facet normal -0 0.309018 0.951056
    outer loop
      vertex 87.9918 18.3733 30.466
      vertex 88.6397 17.8027 30.6514
      vertex 88.6397 18.3733 30.466
    endloop
  endfacet
  facet normal 0 0.309018 0.951056
    outer loop
      vertex 88.6397 17.8027 30.6514
      vertex 87.9918 18.3733 30.466
      vertex 87.9918 17.8027 30.6514
    endloop
  endfacet
  facet normal 1 0 0
    outer loop
      vertex 88.6397 17.8027 30.6514
      vertex 88.6397 18.0919 29.5999
      vertex 88.6397 18.3733 30.466
    endloop
  endfacet
  facet normal 1 0 0
    outer loop
      vertex 88.6397 18.0919 29.5999
      vertex 88.6397 17.8027 30.6514
      vertex 88.6397 17.5213 29.7853
    endloop
  endfacet
  facet normal 0.999937 -0.0034628 -0.0106573
    outer loop
      vertex 88.6397 17.5213 29.7853
      vertex 88.6351 17.9651 29.2095
      vertex 88.6397 18.0919 29.5999
    endloop
  endfacet
  facet normal 0.999937 -0.00346199 -0.0106567
    outer loop
      vertex 88.6351 17.9651 29.2095
      vertex 88.6397 17.5213 29.7853
      vertex 88.6351 17.3944 29.3949
    endloop
  endfacet
  facet normal -0 0.308969 0.951072
    outer loop
      vertex 88.6351 17.9651 29.2095
      vertex 88.6397 17.3944 29.3949
      vertex 88.6397 17.9651 29.2095
    endloop
  endfacet
  facet normal 0 0.308969 0.951072
    outer loop
      vertex 88.6397 17.3944 29.3949
      vertex 88.6351 17.9651 29.2095
      vertex 88.6351 17.3944 29.3949
    endloop
  endfacet
  facet normal -0.836231 0.169458 0.521537
    outer loop
      vertex 88.6397 17.9651 29.2095
      vertex 88.7656 17.4538 29.5775
      vertex 88.7656 18.0244 29.3921
    endloop
  endfacet
  facet normal -0.836272 0.169412 0.521487
    outer loop
      vertex 88.7656 17.4538 29.5775
      vertex 88.6397 17.9651 29.2095
      vertex 88.6397 17.3944 29.3949
    endloop
  endfacet
  facet normal -0.628673 0.240276 0.73962
    outer loop
      vertex 88.7656 18.0244 29.3921
      vertex 88.936 17.4963 29.7085
      vertex 88.936 18.067 29.5231
    endloop
  endfacet
  facet normal -0.628588 0.240335 0.739673
    outer loop
      vertex 88.936 17.4963 29.7085
      vertex 88.7656 18.0244 29.3921
      vertex 88.7656 17.4538 29.5775
    endloop
  endfacet
  facet normal -0.366469 0.28752 0.884891
    outer loop
      vertex 88.936 18.067 29.5231
      vertex 89.1466 17.522 29.7874
      vertex 89.1466 18.0926 29.602
    endloop
  endfacet
  facet normal -0.366587 0.28746 0.884862
    outer loop
      vertex 89.1466 17.522 29.7874
      vertex 88.936 18.067 29.5231
      vertex 88.936 17.4963 29.7085
    endloop
  endfacet
  facet normal -0.111329 0.307198 0.945111
    outer loop
      vertex 89.1466 18.0926 29.602
      vertex 89.3936 17.5305 29.8138
      vertex 89.3936 18.1012 29.6283
    endloop
  endfacet
  facet normal -0.111584 0.307088 0.945117
    outer loop
      vertex 89.3936 17.5305 29.8138
      vertex 89.1466 18.0926 29.602
      vertex 89.1466 17.522 29.7874
    endloop
  endfacet
  facet normal 0.203276 0.302666 0.931167
    outer loop
      vertex 89.3936 17.5305 29.8138
      vertex 89.8003 18.0751 29.548
      vertex 89.3936 18.1012 29.6283
    endloop
  endfacet
  facet normal 0.203495 0.302504 0.931172
    outer loop
      vertex 89.8003 18.0751 29.548
      vertex 89.3936 17.5305 29.8138
      vertex 89.8003 17.5044 29.7334
    endloop
  endfacet
  facet normal 0.64226 0.236821 0.728984
    outer loop
      vertex 89.8003 17.5044 29.7334
      vertex 90.1026 17.9968 29.3071
      vertex 89.8003 18.0751 29.548
    endloop
  endfacet
  facet normal 0.64226 0.236821 0.728984
    outer loop
      vertex 90.1026 17.9968 29.3071
      vertex 89.8003 17.5044 29.7334
      vertex 90.1026 17.4261 29.4925
    endloop
  endfacet
  facet normal 0.908709 0.128973 0.397007
    outer loop
      vertex 90.1026 17.4261 29.4925
      vertex 90.2902 17.8706 28.9187
      vertex 90.1026 17.9968 29.3071
    endloop
  endfacet
  facet normal 0.908709 0.128973 0.397007
    outer loop
      vertex 90.2902 17.8706 28.9187
      vertex 90.1026 17.4261 29.4925
      vertex 90.2902 17.2999 29.1041
    endloop
  endfacet
  facet normal 0.993573 0.0349725 0.107653
    outer loop
      vertex 90.2902 17.2999 29.1041
      vertex 90.3528 17.7008 28.3961
      vertex 90.2902 17.8706 28.9187
    endloop
  endfacet
  facet normal 0.993573 0.0349725 0.107653
    outer loop
      vertex 90.3528 17.7008 28.3961
      vertex 90.2902 17.2999 29.1041
      vertex 90.3528 17.1301 28.5815
    endloop
  endfacet
  facet normal 0.994076 -0.0335804 -0.103367
    outer loop
      vertex 90.3528 17.1301 28.5815
      vertex 90.2934 17.5329 27.8794
      vertex 90.3528 17.7008 28.3961
    endloop
  endfacet
  facet normal 0.994076 -0.0335804 -0.103367
    outer loop
      vertex 90.2934 17.5329 27.8794
      vertex 90.3528 17.1301 28.5815
      vertex 90.2934 16.9622 28.0648
    endloop
  endfacet
  facet normal 0.916433 -0.123646 -0.380607
    outer loop
      vertex 90.2934 16.9622 28.0648
      vertex 90.1153 17.4069 27.4915
      vertex 90.2934 17.5329 27.8794
    endloop
  endfacet
  facet normal 0.916433 -0.123646 -0.380607
    outer loop
      vertex 90.1153 17.4069 27.4915
      vertex 90.2934 16.9622 28.0648
      vertex 90.1153 16.8362 27.6769
    endloop
  endfacet
  facet normal 0.664185 -0.231012 -0.71098
    outer loop
      vertex 89.8282 17.328 27.2489
      vertex 90.1153 16.8362 27.6769
      vertex 89.8282 16.7574 27.4343
    endloop
  endfacet
  facet normal 0.66423 -0.230963 -0.710954
    outer loop
      vertex 90.1153 16.8362 27.6769
      vertex 89.8282 17.328 27.2489
      vertex 90.1153 17.4069 27.4915
    endloop
  endfacet
  facet normal 0.214935 -0.301748 -0.928844
    outer loop
      vertex 89.4421 17.3018 27.1681
      vertex 89.8282 16.7574 27.4343
      vertex 89.4421 16.7311 27.3535
    endloop
  endfacet
  facet normal 0.214861 -0.301801 -0.928844
    outer loop
      vertex 89.8282 16.7574 27.4343
      vertex 89.4421 17.3018 27.1681
      vertex 89.8282 17.328 27.2489
    endloop
  endfacet
  facet normal -0.223108 -0.301181 -0.927099
    outer loop
      vertex 88.9487 16.766 27.4609
      vertex 89.4421 17.3018 27.1681
      vertex 89.4421 16.7311 27.3535
    endloop
  endfacet
  facet normal -0.223108 -0.301181 -0.927099
    outer loop
      vertex 89.4421 17.3018 27.1681
      vertex 88.9487 16.766 27.4609
      vertex 88.9487 17.3367 27.2755
    endloop
  endfacet
  facet normal -0.980549 0.0606435 0.186673
    outer loop
      vertex 89.5498 17.5041 27.7908
      vertex 89.6772 17.1301 28.5815
      vertex 89.6772 17.7008 28.3961
    endloop
  endfacet
  facet normal -0.980541 0.0606942 0.186696
    outer loop
      vertex 89.6772 17.1301 28.5815
      vertex 89.5498 17.5041 27.7908
      vertex 89.5498 16.9335 27.9763
    endloop
  endfacet
  facet normal -0.996498 -0.0258395 -0.0795255
    outer loop
      vertex 89.6772 17.7008 28.3961
      vertex 89.6455 17.2469 28.9408
      vertex 89.6455 17.8175 28.7554
    endloop
  endfacet
  facet normal -0.996498 -0.0258333 -0.0795204
    outer loop
      vertex 89.6455 17.2469 28.9408
      vertex 89.6772 17.7008 28.3961
      vertex 89.6772 17.1301 28.5815
    endloop
  endfacet
  facet normal -0.941852 -0.103822 -0.319587
    outer loop
      vertex 89.6455 17.8175 28.7554
      vertex 89.5504 17.3292 29.1943
      vertex 89.5504 17.8999 29.0089
    endloop
  endfacet
  facet normal -0.94184 -0.103849 -0.319614
    outer loop
      vertex 89.5504 17.3292 29.1943
      vertex 89.6455 17.8175 28.7554
      vertex 89.6455 17.2469 28.9408
    endloop
  endfacet
  facet normal -0.702752 -0.219811 -0.676626
    outer loop
      vertex 89.5504 17.8999 29.0089
      vertex 89.3902 17.3781 29.3448
      vertex 89.3902 17.9488 29.1594
    endloop
  endfacet
  facet normal -0.702752 -0.219811 -0.676626
    outer loop
      vertex 89.3902 17.3781 29.3448
      vertex 89.5504 17.8999 29.0089
      vertex 89.5504 17.3292 29.1943
    endloop
  endfacet
  facet normal -0.225894 -0.300983 -0.926489
    outer loop
      vertex 89.163 17.3944 29.3949
      vertex 89.3902 17.9488 29.1594
      vertex 89.3902 17.3781 29.3448
    endloop
  endfacet
  facet normal -0.225894 -0.300983 -0.926489
    outer loop
      vertex 89.3902 17.9488 29.1594
      vertex 89.163 17.3944 29.3949
      vertex 89.163 17.9651 29.2095
    endloop
  endfacet
  facet normal 0.22926 -0.300934 -0.925677
    outer loop
      vertex 88.9322 17.9482 29.1577
      vertex 89.163 17.3944 29.3949
      vertex 88.9322 17.3776 29.3432
    endloop
  endfacet
  facet normal 0.229763 -0.300703 -0.925628
    outer loop
      vertex 89.163 17.3944 29.3949
      vertex 88.9322 17.9482 29.1577
      vertex 89.163 17.9651 29.2095
    endloop
  endfacet
  facet normal 0.69972 -0.220876 -0.679416
    outer loop
      vertex 88.9322 17.3776 29.3432
      vertex 88.7654 17.8978 29.0023
      vertex 88.9322 17.9482 29.1577
    endloop
  endfacet
  facet normal 0.699996 -0.22065 -0.679205
    outer loop
      vertex 88.7654 17.8978 29.0023
      vertex 88.9322 17.3776 29.3432
      vertex 88.7654 17.3271 29.1877
    endloop
  endfacet
  facet normal 0.933858 -0.110501 -0.340145
    outer loop
      vertex 88.7654 17.3271 29.1877
      vertex 88.6642 17.8161 28.751
      vertex 88.7654 17.8978 29.0023
    endloop
  endfacet
  facet normal 0.933844 -0.11053 -0.340174
    outer loop
      vertex 88.6642 17.8161 28.751
      vertex 88.7654 17.3271 29.1877
      vertex 88.6642 17.2455 28.9364
    endloop
  endfacet
  facet normal 0.995576 -0.0290339 -0.0893568
    outer loop
      vertex 88.6642 17.2455 28.9364
      vertex 88.6305 17.7057 28.4114
      vertex 88.6642 17.8161 28.751
    endloop
  endfacet
  facet normal 0.995576 -0.0290339 -0.0893568
    outer loop
      vertex 88.6305 17.7057 28.4114
      vertex 88.6642 17.2455 28.9364
      vertex 88.6305 17.1351 28.5968
    endloop
  endfacet
  facet normal 0.995469 0.0293833 0.0904319
    outer loop
      vertex 88.6305 17.1351 28.5968
      vertex 88.6656 17.5922 28.0619
      vertex 88.6305 17.7057 28.4114
    endloop
  endfacet
  facet normal 0.995469 0.0293833 0.0904319
    outer loop
      vertex 88.6656 17.5922 28.0619
      vertex 88.6305 17.1351 28.5968
      vertex 88.6656 17.0216 28.2473
    endloop
  endfacet
  facet normal 0.932479 0.111625 0.343544
    outer loop
      vertex 88.6656 17.0216 28.2473
      vertex 88.7711 17.508 27.8029
      vertex 88.6656 17.5922 28.0619
    endloop
  endfacet
  facet normal 0.932479 0.111625 0.343544
    outer loop
      vertex 88.7711 17.508 27.8029
      vertex 88.6656 17.0216 28.2473
      vertex 88.7711 16.9374 27.9883
    endloop
  endfacet
  facet normal 0.705326 0.219058 0.674188
    outer loop
      vertex 88.7711 16.9374 27.9883
      vertex 88.9406 17.4559 27.6425
      vertex 88.7711 17.508 27.8029
    endloop
  endfacet
  facet normal 0.705126 0.219226 0.674342
    outer loop
      vertex 88.9406 17.4559 27.6425
      vertex 88.7711 16.9374 27.9883
      vertex 88.9406 16.8853 27.828
    endloop
  endfacet
  facet normal 0.239949 0.300137 0.923224
    outer loop
      vertex 88.9406 16.8853 27.828
      vertex 89.1677 17.4386 27.5891
      vertex 88.9406 17.4559 27.6425
    endloop
  endfacet
  facet normal 0.240457 0.299904 0.923167
    outer loop
      vertex 89.1677 17.4386 27.5891
      vertex 88.9406 16.8853 27.828
      vertex 89.1677 16.8679 27.7745
    endloop
  endfacet
  facet normal -0.485277 0.270325 0.831523
    outer loop
      vertex 89.1677 17.4386 27.5891
      vertex 89.5498 16.9335 27.9763
      vertex 89.5498 17.5041 27.7908
    endloop
  endfacet
  facet normal -0.485498 0.270113 0.831463
    outer loop
      vertex 89.5498 16.9335 27.9763
      vertex 89.1677 17.4386 27.5891
      vertex 89.1677 16.8679 27.7745
    endloop
  endfacet
  facet normal -0.995059 -0.0306817 -0.0944281
    outer loop
      vertex 91.3635 17.6943 28.3763
      vertex 91.3298 17.2281 28.8829
      vertex 91.3298 17.7987 28.6975
    endloop
  endfacet
  facet normal -0.995059 -0.0306817 -0.0944281
    outer loop
      vertex 91.3298 17.2281 28.8829
      vertex 91.3635 17.6943 28.3763
      vertex 91.3635 17.1237 28.5617
    endloop
  endfacet
  facet normal -0.92332 -0.118654 -0.365243
    outer loop
      vertex 91.3298 17.7987 28.6975
      vertex 91.2286 17.3032 29.1143
      vertex 91.2286 17.8739 28.9289
    endloop
  endfacet
  facet normal -0.923302 -0.118686 -0.365276
    outer loop
      vertex 91.2286 17.3032 29.1143
      vertex 91.3298 17.7987 28.6975
      vertex 91.3298 17.2281 28.8829
    endloop
  endfacet
  facet normal -0.672718 -0.228606 -0.703697
    outer loop
      vertex 91.0669 17.3487 29.2541
      vertex 91.2286 17.8739 28.9289
      vertex 91.2286 17.3032 29.1143
    endloop
  endfacet
  facet normal -0.67264 -0.228664 -0.703753
    outer loop
      vertex 91.2286 17.8739 28.9289
      vertex 91.0669 17.3487 29.2541
      vertex 91.0669 17.9193 29.0687
    endloop
  endfacet
  facet normal -0.221852 -0.301318 -0.927356
    outer loop
      vertex 90.8516 17.3638 29.3007
      vertex 91.0669 17.9193 29.0687
      vertex 91.0669 17.3487 29.2541
    endloop
  endfacet
  facet normal -0.221442 -0.301493 -0.927397
    outer loop
      vertex 91.0669 17.9193 29.0687
      vertex 90.8516 17.3638 29.3007
      vertex 90.8516 17.9344 29.1152
    endloop
  endfacet
  facet normal 0.0674534 -0.308266 -0.948906
    outer loop
      vertex 90.7225 17.9318 29.107
      vertex 90.8516 17.3638 29.3007
      vertex 90.7225 17.3611 29.2924
    endloop
  endfacet
  facet normal 0.0664839 -0.308485 -0.948903
    outer loop
      vertex 90.8516 17.3638 29.3007
      vertex 90.7225 17.9318 29.107
      vertex 90.8516 17.9344 29.1152
    endloop
  endfacet
  facet normal 0.172741 -0.304325 -0.936775
    outer loop
      vertex 90.575 17.9238 29.0824
      vertex 90.7225 17.3611 29.2924
      vertex 90.575 17.3531 29.2678
    endloop
  endfacet
  facet normal 0.172741 -0.304325 -0.936775
    outer loop
      vertex 90.7225 17.3611 29.2924
      vertex 90.575 17.9238 29.0824
      vertex 90.7225 17.9318 29.107
    endloop
  endfacet
  facet normal -1 0 0
    outer loop
      vertex 90.575 17.9238 29.0824
      vertex 90.575 17.5206 29.7831
      vertex 90.575 18.0912 29.5977
    endloop
  endfacet
  facet normal -1 0 -0
    outer loop
      vertex 90.575 17.5206 29.7831
      vertex 90.575 17.9238 29.0824
      vertex 90.575 17.3531 29.2678
    endloop
  endfacet
  facet normal -0.281729 0.296501 0.912533
    outer loop
      vertex 90.575 18.0912 29.5977
      vertex 90.6631 17.5286 29.8077
      vertex 90.6631 18.0992 29.6223
    endloop
  endfacet
  facet normal -0.281729 0.296501 0.912533
    outer loop
      vertex 90.6631 17.5286 29.8077
      vertex 90.575 18.0912 29.5977
      vertex 90.575 17.5206 29.7831
    endloop
  endfacet
  facet normal -0.0774192 0.308042 0.948218
    outer loop
      vertex 90.6631 18.0992 29.6223
      vertex 90.7755 17.5312 29.816
      vertex 90.7755 18.1019 29.6306
    endloop
  endfacet
  facet normal -0.0771467 0.308097 0.948222
    outer loop
      vertex 90.7755 17.5312 29.816
      vertex 90.6631 18.0992 29.6223
      vertex 90.6631 17.5286 29.8077
    endloop
  endfacet
  facet normal 0.0929943 0.30763 0.946951
    outer loop
      vertex 90.7755 17.5312 29.816
      vertex 90.915 18.0979 29.6182
      vertex 90.7755 18.1019 29.6306
    endloop
  endfacet
  facet normal 0.0929943 0.30763 0.946951
    outer loop
      vertex 90.915 18.0979 29.6182
      vertex 90.7755 17.5312 29.816
      vertex 90.915 17.5272 29.8036
    endloop
  endfacet
  facet normal 0.322647 0.292445 0.900208
    outer loop
      vertex 90.915 17.5272 29.8036
      vertex 91.0292 18.0858 29.5812
      vertex 90.915 18.0979 29.6182
    endloop
  endfacet
  facet normal 0.322418 0.292516 0.900267
    outer loop
      vertex 91.0292 18.0858 29.5812
      vertex 90.915 17.5272 29.8036
      vertex 91.0292 17.5152 29.7666
    endloop
  endfacet
  facet normal 0.570918 0.253706 0.780824
    outer loop
      vertex 91.0292 17.5152 29.7666
      vertex 91.1237 18.0655 29.5187
      vertex 91.0292 18.0858 29.5812
    endloop
  endfacet
  facet normal 0.570918 0.253706 0.780824
    outer loop
      vertex 91.1237 18.0655 29.5187
      vertex 91.0292 17.5152 29.7666
      vertex 91.1237 17.4949 29.7041
    endloop
  endfacet
  facet normal 0.756516 0.20209 0.621967
    outer loop
      vertex 91.1237 17.4949 29.7041
      vertex 91.2044 18.0367 29.4299
      vertex 91.1237 18.0655 29.5187
    endloop
  endfacet
  facet normal 0.756623 0.20202 0.621859
    outer loop
      vertex 91.2044 18.0367 29.4299
      vertex 91.1237 17.4949 29.7041
      vertex 91.2044 17.466 29.6153
    endloop
  endfacet
  facet normal 0.879726 0.146909 0.452216
    outer loop
      vertex 91.2044 17.466 29.6153
      vertex 91.2834 17.9915 29.2909
      vertex 91.2044 18.0367 29.4299
    endloop
  endfacet
  facet normal 0.879555 0.147102 0.452487
    outer loop
      vertex 91.2834 17.9915 29.2909
      vertex 91.2044 17.466 29.6153
      vertex 91.2834 17.4209 29.4764
    endloop
  endfacet
  facet normal 0.928828 0.114551 0.35236
    outer loop
      vertex 91.2834 17.4209 29.4764
      vertex 91.3727 17.9223 29.078
      vertex 91.2834 17.9915 29.2909
    endloop
  endfacet
  facet normal 0.928882 0.114453 0.352249
    outer loop
      vertex 91.3727 17.9223 29.078
      vertex 91.2834 17.4209 29.4764
      vertex 91.3727 17.3517 29.2634
    endloop
  endfacet
  facet normal -0 0.309018 0.951056
    outer loop
      vertex 91.3727 17.9223 29.078
      vertex 91.3819 17.3517 29.2634
      vertex 91.3819 17.9223 29.078
    endloop
  endfacet
  facet normal 0 0.309018 0.951056
    outer loop
      vertex 91.3819 17.3517 29.2634
      vertex 91.3727 17.9223 29.078
      vertex 91.3727 17.3517 29.2634
    endloop
  endfacet
  facet normal -0.999616 0.00855932 0.0263474
    outer loop
      vertex 91.3819 17.9223 29.078
      vertex 91.3848 17.384 29.3629
      vertex 91.3848 17.9547 29.1775
    endloop
  endfacet
  facet normal -0.999616 0.00856321 0.0263547
    outer loop
      vertex 91.3848 17.384 29.3629
      vertex 91.3819 17.9223 29.078
      vertex 91.3819 17.3517 29.2634
    endloop
  endfacet
  facet normal -0.998773 0.0153018 0.0470939
    outer loop
      vertex 91.3848 17.9547 29.1775
      vertex 91.3935 17.4383 29.5298
      vertex 91.3935 18.0089 29.3444
    endloop
  endfacet
  facet normal -0.998774 0.0152967 0.0470864
    outer loop
      vertex 91.3935 17.4383 29.5298
      vertex 91.3848 17.9547 29.1775
      vertex 91.3848 17.384 29.3629
    endloop
  endfacet
  facet normal -0.99814 0.0188377 0.0579763
    outer loop
      vertex 91.3935 18.0089 29.3444
      vertex 91.4038 17.4904 29.6902
      vertex 91.4038 18.061 29.5048
    endloop
  endfacet
  facet normal -0.99814 0.0188377 0.0579763
    outer loop
      vertex 91.4038 17.4904 29.6902
      vertex 91.3935 18.0089 29.3444
      vertex 91.3935 17.4383 29.5298
    endloop
  endfacet
  facet normal -0.995361 0.0297298 0.0914984
    outer loop
      vertex 91.4038 18.061 29.5048
      vertex 91.4119 17.5163 29.7699
      vertex 91.4119 18.0869 29.5845
    endloop
  endfacet
  facet normal -0.995361 0.0297298 0.0914984
    outer loop
      vertex 91.4119 17.5163 29.7699
      vertex 91.4038 18.061 29.5048
      vertex 91.4038 17.4904 29.6902
    endloop
  endfacet
  facet normal -0 0.309018 0.951056
    outer loop
      vertex 91.4119 18.0869 29.5845
      vertex 92.0298 17.5163 29.7699
      vertex 92.0298 18.0869 29.5845
    endloop
  endfacet
  facet normal 0 0.309018 0.951056
    outer loop
      vertex 92.0298 17.5163 29.7699
      vertex 91.4119 18.0869 29.5845
      vertex 91.4119 17.5163 29.7699
    endloop
  endfacet
  facet normal 0.998325 -0.0178799 -0.0550284
    outer loop
      vertex 92.0298 17.5163 29.7699
      vertex 92.0232 18.0517 29.4762
      vertex 92.0298 18.0869 29.5845
    endloop
  endfacet
  facet normal 0.998322 -0.0179035 -0.0550714
    outer loop
      vertex 92.0232 18.0517 29.4762
      vertex 92.0298 17.5163 29.7699
      vertex 92.0232 17.4811 29.6617
    endloop
  endfacet
  facet normal 0.998926 -0.0143267 -0.044069
    outer loop
      vertex 92.0232 17.4811 29.6617
      vertex 92.0172 18.0117 29.3532
      vertex 92.0232 18.0517 29.4762
    endloop
  endfacet
  facet normal 0.998927 -0.0143092 -0.044039
    outer loop
      vertex 92.0172 18.0117 29.3532
      vertex 92.0232 17.4811 29.6617
      vertex 92.0172 17.4411 29.5386
    endloop
  endfacet
  facet normal 0.999593 -0.00881239 -0.0271216
    outer loop
      vertex 92.0172 17.4411 29.5386
      vertex 92.0128 17.9641 29.2065
      vertex 92.0172 18.0117 29.3532
    endloop
  endfacet
  facet normal 0.999593 -0.00881239 -0.0271216
    outer loop
      vertex 92.0128 17.9641 29.2065
      vertex 92.0172 17.4411 29.5386
      vertex 92.0128 17.3935 29.3919
    endloop
  endfacet
  facet normal 0.999972 -0.00229956 -0.00707729
    outer loop
      vertex 92.0128 17.3935 29.3919
      vertex 92.0114 17.9059 29.0276
      vertex 92.0128 17.9641 29.2065
    endloop
  endfacet
  facet normal 0.999972 -0.00229956 -0.00707729
    outer loop
      vertex 92.0114 17.9059 29.0276
      vertex 92.0128 17.3935 29.3919
      vertex 92.0114 17.3353 29.213
    endloop
  endfacet
  facet normal 1 0 0
    outer loop
      vertex 92.0114 17.3353 29.213
      vertex 92.0114 17.316 27.2119
      vertex 92.0114 17.9059 29.0276
    endloop
  endfacet
  facet normal 1 0 -0
    outer loop
      vertex 92.0114 17.316 27.2119
      vertex 92.0114 17.3353 29.213
      vertex 92.0114 16.7454 27.3973
    endloop
  endfacet
  facet normal 0 -0.309018 -0.951056
    outer loop
      vertex 91.3635 16.7454 27.3973
      vertex 92.0114 17.316 27.2119
      vertex 92.0114 16.7454 27.3973
    endloop
  endfacet
  facet normal -0 -0.309018 -0.951056
    outer loop
      vertex 92.0114 17.316 27.2119
      vertex 91.3635 16.7454 27.3973
      vertex 91.3635 17.316 27.2119
    endloop
  endfacet
  facet normal -1 0 0
    outer loop
      vertex 91.3635 17.316 27.2119
      vertex 91.3635 17.1237 28.5617
      vertex 91.3635 17.6943 28.3763
    endloop
  endfacet
  facet normal -1 0 -0
    outer loop
      vertex 91.3635 17.1237 28.5617
      vertex 91.3635 17.316 27.2119
      vertex 91.3635 16.7454 27.3973
    endloop
  endfacet
  facet normal -0.304607 -0.294333 -0.90586
    outer loop
      vertex 95.5568 16.765 27.4577
      vertex 95.8139 17.3102 27.1941
      vertex 95.8139 16.7396 27.3795
    endloop
  endfacet
  facet normal -0.304287 -0.294508 -0.905911
    outer loop
      vertex 95.8139 17.3102 27.1941
      vertex 95.5568 16.765 27.4577
      vertex 95.5568 17.3356 27.2722
    endloop
  endfacet
  facet normal -0.517547 -0.264542 -0.813734
    outer loop
      vertex 95.3381 16.8059 27.5835
      vertex 95.5568 17.3356 27.2722
      vertex 95.5568 16.765 27.4577
    endloop
  endfacet
  facet normal -0.517547 -0.264542 -0.813734
    outer loop
      vertex 95.5568 17.3356 27.2722
      vertex 95.3381 16.8059 27.5835
      vertex 95.3381 17.3765 27.398
    endloop
  endfacet
  facet normal -0.718508 -0.215033 -0.661443
    outer loop
      vertex 95.3381 17.3765 27.398
      vertex 95.166 16.8608 27.7526
      vertex 95.166 17.4314 27.5671
    endloop
  endfacet
  facet normal -0.718508 -0.215033 -0.661443
    outer loop
      vertex 95.166 16.8608 27.7526
      vertex 95.3381 17.3765 27.398
      vertex 95.3381 16.8059 27.5835
    endloop
  endfacet
  facet normal -0.872371 -0.151062 -0.464919
    outer loop
      vertex 95.166 17.4314 27.5671
      vertex 95.0458 16.9271 27.9565
      vertex 95.0458 17.4977 27.7711
    endloop
  endfacet
  facet normal -0.872278 -0.151187 -0.465052
    outer loop
      vertex 95.0458 16.9271 27.9565
      vertex 95.166 17.4314 27.5671
      vertex 95.166 16.8608 27.7526
    endloop
  endfacet
  facet normal -0.967683 -0.0779247 -0.239827
    outer loop
      vertex 95.0458 17.4977 27.7711
      vertex 94.9827 17.0019 28.1868
      vertex 94.9827 17.5725 28.0014
    endloop
  endfacet
  facet normal -0.967683 -0.0779247 -0.239827
    outer loop
      vertex 94.9827 17.0019 28.1868
      vertex 95.0458 17.4977 27.7711
      vertex 95.0458 16.9271 27.9565
    endloop
  endfacet
  facet normal -0.0459126 0.308794 0.95002
    outer loop
      vertex 94.9827 17.5725 28.0014
      vertex 95.6329 17.0111 28.2153
      vertex 95.6329 17.5818 28.0298
    endloop
  endfacet
  facet normal -0.046011 0.308691 0.950049
    outer loop
      vertex 95.6329 17.0111 28.2153
      vertex 94.9827 17.5725 28.0014
      vertex 94.9827 17.0019 28.1868
    endloop
  endfacet
  facet normal 0.966556 0.0792761 0.243897
    outer loop
      vertex 95.6329 17.0111 28.2153
      vertex 95.6865 17.5193 27.8377
      vertex 95.6329 17.5818 28.0298
    endloop
  endfacet
  facet normal 0.966576 0.0792265 0.243833
    outer loop
      vertex 95.6865 17.5193 27.8377
      vertex 95.6329 17.0111 28.2153
      vertex 95.6865 16.9487 28.0231
    endloop
  endfacet
  facet normal 0.820815 0.17651 0.543238
    outer loop
      vertex 95.6865 16.9487 28.0231
      vertex 95.7874 17.4745 27.6998
      vertex 95.6865 17.5193 27.8377
    endloop
  endfacet
  facet normal 0.820815 0.17651 0.543238
    outer loop
      vertex 95.7874 17.4745 27.6998
      vertex 95.6865 16.9487 28.0231
      vertex 95.7874 16.9039 27.8852
    endloop
  endfacet
  facet normal 0.530273 0.261994 0.806331
    outer loop
      vertex 95.7874 16.9039 27.8852
      vertex 95.9269 17.4476 27.6168
      vertex 95.7874 17.4745 27.6998
    endloop
  endfacet
  facet normal 0.530408 0.261926 0.806264
    outer loop
      vertex 95.9269 17.4476 27.6168
      vertex 95.7874 16.9039 27.8852
      vertex 95.9269 16.8769 27.8022
    endloop
  endfacet
  facet normal 0.169447 0.304501 0.937319
    outer loop
      vertex 95.9269 16.8769 27.8022
      vertex 96.0963 17.4386 27.5891
      vertex 95.9269 17.4476 27.6168
    endloop
  endfacet
  facet normal 0.169447 0.304501 0.937319
    outer loop
      vertex 96.0963 17.4386 27.5891
      vertex 95.9269 16.8769 27.8022
      vertex 96.0963 16.8679 27.7745
    endloop
  endfacet
  facet normal -0.49123 0.269122 0.828412
    outer loop
      vertex 96.0963 17.4386 27.5891
      vertex 96.4785 16.9345 27.9795
      vertex 96.4785 17.5052 27.7941
    endloop
  endfacet
  facet normal -0.49123 0.269122 0.828412
    outer loop
      vertex 96.4785 16.9345 27.9795
      vertex 96.0963 17.4386 27.5891
      vertex 96.0963 16.8679 27.7745
    endloop
  endfacet
  facet normal -0.981145 0.0597254 0.183815
    outer loop
      vertex 96.4785 17.5052 27.7941
      vertex 96.6059 17.1344 28.5946
      vertex 96.6059 17.705 28.4092
    endloop
  endfacet
  facet normal -0.981146 0.0597132 0.18381
    outer loop
      vertex 96.6059 17.1344 28.5946
      vertex 96.4785 17.5052 27.7941
      vertex 96.4785 16.9345 27.9795
    endloop
  endfacet
  facet normal -0.980714 -0.0603964 -0.18588
    outer loop
      vertex 96.6059 17.705 28.4092
      vertex 96.4808 17.3284 29.1916
      vertex 96.4808 17.899 29.0062
    endloop
  endfacet
  facet normal -0.980714 -0.0603964 -0.18588
    outer loop
      vertex 96.4808 17.3284 29.1916
      vertex 96.6059 17.705 28.4092
      vertex 96.6059 17.1344 28.5946
    endloop
  endfacet
  facet normal -0.486928 -0.26991 -0.830693
    outer loop
      vertex 96.1055 17.393 29.3906
      vertex 96.4808 17.899 29.0062
      vertex 96.4808 17.3284 29.1916
    endloop
  endfacet
  facet normal -0.486983 -0.269857 -0.830677
    outer loop
      vertex 96.4808 17.899 29.0062
      vertex 96.1055 17.393 29.3906
      vertex 96.1055 17.9637 29.2052
    endloop
  endfacet
  facet normal 0.157027 -0.305185 -0.939258
    outer loop
      vertex 95.9257 17.9548 29.178
      vertex 96.1055 17.393 29.3906
      vertex 95.9257 17.3842 29.3634
    endloop
  endfacet
  facet normal 0.157192 -0.305128 -0.939248
    outer loop
      vertex 96.1055 17.393 29.3906
      vertex 95.9257 17.9548 29.178
      vertex 96.1055 17.9637 29.2052
    endloop
  endfacet
  facet normal 0.539081 -0.260272 -0.801031
    outer loop
      vertex 95.792 17.9284 29.0966
      vertex 95.9257 17.3842 29.3634
      vertex 95.792 17.3578 29.282
    endloop
  endfacet
  facet normal 0.539081 -0.260272 -0.801031
    outer loop
      vertex 95.9257 17.3842 29.3634
      vertex 95.792 17.9284 29.0966
      vertex 95.9257 17.9548 29.178
    endloop
  endfacet
  facet normal 0.829018 -0.17281 -0.531851
    outer loop
      vertex 95.792 17.3578 29.282
      vertex 95.702 17.8872 28.9697
      vertex 95.792 17.9284 29.0966
    endloop
  endfacet
  facet normal 0.829078 -0.172755 -0.531775
    outer loop
      vertex 95.702 17.8872 28.9697
      vertex 95.792 17.3578 29.282
      vertex 95.702 17.3165 29.1551
    endloop
  endfacet
  facet normal 0.962628 -0.0836774 -0.257577
    outer loop
      vertex 95.702 17.3165 29.1551
      vertex 95.6536 17.834 28.8061
      vertex 95.702 17.8872 28.9697
    endloop
  endfacet
  facet normal 0.962615 -0.0837046 -0.257615
    outer loop
      vertex 95.6536 17.834 28.8061
      vertex 95.702 17.3165 29.1551
      vertex 95.6536 17.2634 28.9915
    endloop
  endfacet
  facet normal -0.0493828 -0.308641 -0.949896
    outer loop
      vertex 95.0012 17.2733 29.0222
      vertex 95.6536 17.834 28.8061
      vertex 95.6536 17.2634 28.9915
    endloop
  endfacet
  facet normal -0.04943 -0.308592 -0.949909
    outer loop
      vertex 95.6536 17.834 28.8061
      vertex 95.0012 17.2733 29.0222
      vertex 95.0012 17.844 28.8368
    endloop
  endfacet
  facet normal -0.938982 0.106275 0.327136
    outer loop
      vertex 95.0012 17.844 28.8368
      vertex 95.1285 17.3807 29.3527
      vertex 95.1285 17.9514 29.1673
    endloop
  endfacet
  facet normal -0.938982 0.106275 0.327136
    outer loop
      vertex 95.1285 17.3807 29.3527
      vertex 95.0012 17.844 28.8368
      vertex 95.0012 17.2733 29.0222
    endloop
  endfacet
  facet normal -0.746603 0.205548 0.632719
    outer loop
      vertex 95.1285 17.9514 29.1673
      vertex 95.3632 17.4621 29.6032
      vertex 95.3632 18.0328 29.4178
    endloop
  endfacet
  facet normal -0.746603 0.205548 0.632719
    outer loop
      vertex 95.3632 17.4621 29.6032
      vertex 95.1285 17.9514 29.1673
      vertex 95.1285 17.3807 29.3527
    endloop
  endfacet
  facet normal -0.453594 0.275356 0.847603
    outer loop
      vertex 95.3632 18.0328 29.4178
      vertex 95.6894 17.5134 29.7611
      vertex 95.6894 18.0841 29.5757
    endloop
  endfacet
  facet normal -0.453594 0.275356 0.847603
    outer loop
      vertex 95.6894 17.5134 29.7611
      vertex 95.3632 18.0328 29.4178
      vertex 95.3632 17.4621 29.6032
    endloop
  endfacet
  facet normal -0.136203 0.306239 0.94216
    outer loop
      vertex 95.6894 18.0841 29.5757
      vertex 96.0917 17.5305 29.8138
      vertex 96.0917 18.1012 29.6283
    endloop
  endfacet
  facet normal -0.136433 0.30608 0.942179
    outer loop
      vertex 96.0917 17.5305 29.8138
      vertex 95.6894 18.0841 29.5757
      vertex 95.6894 17.5134 29.7611
    endloop
  endfacet
  facet normal 0.167602 0.304747 0.937571
    outer loop
      vertex 96.0917 17.5305 29.8138
      vertex 96.5984 18.0745 29.5464
      vertex 96.0917 18.1012 29.6283
    endloop
  endfacet
  facet normal 0.167723 0.304641 0.937584
    outer loop
      vertex 96.5984 18.0745 29.5464
      vertex 96.0917 17.5305 29.8138
      vertex 96.5984 17.5039 29.7318
    endloop
  endfacet
  facet normal 0.566202 0.254713 0.783924
    outer loop
      vertex 96.5984 17.5039 29.7318
      vertex 96.9748 17.9946 29.3005
      vertex 96.5984 18.0745 29.5464
    endloop
  endfacet
  facet normal 0.566202 0.254713 0.783924
    outer loop
      vertex 96.9748 17.9946 29.3005
      vertex 96.5984 17.5039 29.7318
      vertex 96.9748 17.424 29.4859
    endloop
  endfacet
  facet normal 0.870549 0.152062 0.467998
    outer loop
      vertex 96.9748 17.424 29.4859
      vertex 97.2082 17.867 28.9078
      vertex 96.9748 17.9946 29.3005
    endloop
  endfacet
  facet normal 0.870549 0.152062 0.467998
    outer loop
      vertex 97.2082 17.867 28.9078
      vertex 96.9748 17.424 29.4859
      vertex 97.2082 17.2964 29.0932
    endloop
  endfacet
  facet normal 0.990128 0.0433129 0.133303
    outer loop
      vertex 97.2082 17.2964 29.0932
      vertex 97.286 17.6972 28.3851
      vertex 97.2082 17.867 28.9078
    endloop
  endfacet
  facet normal 0.990128 0.0433129 0.133303
    outer loop
      vertex 97.286 17.6972 28.3851
      vertex 97.2082 17.2964 29.0932
      vertex 97.286 17.1266 28.5705
    endloop
  endfacet
  facet normal 0.989843 -0.0439322 -0.135209
    outer loop
      vertex 97.286 17.1266 28.5705
      vertex 97.2088 17.5311 27.8739
      vertex 97.286 17.6972 28.3851
    endloop
  endfacet
  facet normal 0.989843 -0.0439322 -0.135209
    outer loop
      vertex 97.2088 17.5311 27.8739
      vertex 97.286 17.1266 28.5705
      vertex 97.2088 16.9605 28.0593
    endloop
  endfacet
  facet normal 0.867677 -0.153622 -0.472798
    outer loop
      vertex 97.2088 16.9605 28.0593
      vertex 96.9771 17.4061 27.4893
      vertex 97.2088 17.5311 27.8739
    endloop
  endfacet
  facet normal 0.867677 -0.153622 -0.472798
    outer loop
      vertex 96.9771 17.4061 27.4893
      vertex 97.2088 16.9605 28.0593
      vertex 96.9771 16.8355 27.6747
    endloop
  endfacet
  facet normal 0.561288 -0.255709 -0.787127
    outer loop
      vertex 96.6036 17.3279 27.2484
      vertex 96.9771 16.8355 27.6747
      vertex 96.6036 16.7572 27.4338
    endloop
  endfacet
  facet normal 0.561241 -0.25576 -0.787144
    outer loop
      vertex 96.9771 16.8355 27.6747
      vertex 96.6036 17.3279 27.2484
      vertex 96.9771 17.4061 27.4893
    endloop
  endfacet
  facet normal 0.165643 -0.304701 -0.937934
    outer loop
      vertex 96.1009 17.3018 27.1681
      vertex 96.6036 16.7572 27.4338
      vertex 96.1009 16.7311 27.3535
    endloop
  endfacet
  facet normal 0.165643 -0.304701 -0.937934
    outer loop
      vertex 96.6036 16.7572 27.4338
      vertex 96.1009 17.3018 27.1681
      vertex 96.6036 17.3279 27.2484
    endloop
  endfacet
  facet normal -0.0948805 -0.307575 -0.946781
    outer loop
      vertex 95.8139 16.7396 27.3795
      vertex 96.1009 17.3018 27.1681
      vertex 96.1009 16.7311 27.3535
    endloop
  endfacet
  facet normal -0.0947743 -0.307627 -0.946775
    outer loop
      vertex 96.1009 17.3018 27.1681
      vertex 95.8139 16.7396 27.3795
      vertex 95.8139 17.3102 27.1941
    endloop
  endfacet
  facet normal -0.733413 -0.210168 -0.646479
    outer loop
      vertex 93.5201 17.3397 27.2849
      vertex 93.1788 16.8829 27.8206
      vertex 93.1788 17.4535 27.6351
    endloop
  endfacet
  facet normal -0.733501 -0.210036 -0.646422
    outer loop
      vertex 93.1788 16.8829 27.8206
      vertex 93.5201 17.3397 27.2849
      vertex 93.5201 16.7691 27.4703
    endloop
  endfacet
  facet normal 0 -0.309169 -0.951007
    outer loop
      vertex 93.165 16.8829 27.8206
      vertex 93.1788 17.4535 27.6351
      vertex 93.1788 16.8829 27.8206
    endloop
  endfacet
  facet normal -0 -0.309169 -0.951007
    outer loop
      vertex 93.1788 17.4535 27.6351
      vertex 93.165 16.8829 27.8206
      vertex 93.165 17.4535 27.6351
    endloop
  endfacet
  facet normal 0.975237 -0.0683765 -0.210327
    outer loop
      vertex 93.165 16.8829 27.8206
      vertex 93.1186 17.3903 27.4405
      vertex 93.165 17.4535 27.6351
    endloop
  endfacet
  facet normal 0.975259 -0.068313 -0.210245
    outer loop
      vertex 93.1186 17.3903 27.4405
      vertex 93.165 16.8829 27.8206
      vertex 93.1186 16.8197 27.6259
    endloop
  endfacet
  facet normal 0.846706 -0.164416 -0.506019
    outer loop
      vertex 93.1186 16.8197 27.6259
      vertex 93.0255 17.3445 27.2996
      vertex 93.1186 17.3903 27.4405
    endloop
  endfacet
  facet normal 0.846706 -0.164416 -0.506019
    outer loop
      vertex 93.0255 17.3445 27.2996
      vertex 93.1186 16.8197 27.6259
      vertex 93.0255 16.7739 27.485
    endloop
  endfacet
  facet normal 0.518161 -0.264298 -0.813422
    outer loop
      vertex 92.8771 17.3167 27.2141
      vertex 93.0255 16.7739 27.485
      vertex 92.8771 16.7461 27.3995
    endloop
  endfacet
  facet normal 0.518161 -0.264298 -0.813422
    outer loop
      vertex 93.0255 16.7739 27.485
      vertex 92.8771 17.3167 27.2141
      vertex 93.0255 17.3445 27.2996
    endloop
  endfacet
  facet normal 0.139759 -0.305937 -0.941738
    outer loop
      vertex 92.6647 17.3075 27.1856
      vertex 92.8771 16.7461 27.3995
      vertex 92.6647 16.7368 27.371
    endloop
  endfacet
  facet normal 0.139617 -0.305992 -0.941741
    outer loop
      vertex 92.8771 16.7461 27.3995
      vertex 92.6647 17.3075 27.1856
      vertex 92.8771 17.3167 27.2141
    endloop
  endfacet
  facet normal -0.018049 -0.308919 -0.950917
    outer loop
      vertex 92.5999 16.7372 27.3721
      vertex 92.6647 17.3075 27.1856
      vertex 92.6647 16.7368 27.371
    endloop
  endfacet
  facet normal -0.0175724 -0.308971 -0.950909
    outer loop
      vertex 92.6647 17.3075 27.1856
      vertex 92.5999 16.7372 27.3721
      vertex 92.5999 17.3078 27.1867
    endloop
  endfacet
  facet normal -0.0617751 -0.308428 -0.94924
    outer loop
      vertex 92.5437 16.7383 27.3754
      vertex 92.5999 17.3078 27.1867
      vertex 92.5999 16.7372 27.3721
    endloop
  endfacet
  facet normal -0.0617751 -0.308428 -0.94924
    outer loop
      vertex 92.5999 17.3078 27.1867
      vertex 92.5437 16.7383 27.3754
      vertex 92.5437 17.3089 27.19
    endloop
  endfacet
  facet normal -0.101544 -0.307421 -0.94614
    outer loop
      vertex 92.4932 16.7399 27.3803
      vertex 92.5437 17.3089 27.19
      vertex 92.5437 16.7383 27.3754
    endloop
  endfacet
  facet normal -0.101544 -0.307421 -0.94614
    outer loop
      vertex 92.5437 17.3089 27.19
      vertex 92.4932 16.7399 27.3803
      vertex 92.4932 17.3105 27.1949
    endloop
  endfacet
  facet normal -0.133296 -0.306261 -0.942569
    outer loop
      vertex 92.4457 16.7418 27.3864
      vertex 92.4932 17.3105 27.1949
      vertex 92.4932 16.7399 27.3803
    endloop
  endfacet
  facet normal -0.133929 -0.306186 -0.942504
    outer loop
      vertex 92.4932 17.3105 27.1949
      vertex 92.4457 16.7418 27.3864
      vertex 92.4457 17.3125 27.201
    endloop
  endfacet
  facet normal -0.170992 -0.304419 -0.937065
    outer loop
      vertex 92.3996 16.7443 27.394
      vertex 92.4457 17.3125 27.201
      vertex 92.4457 16.7418 27.3864
    endloop
  endfacet
  facet normal -0.170351 -0.304501 -0.937155
    outer loop
      vertex 92.4457 17.3125 27.201
      vertex 92.3996 16.7443 27.394
      vertex 92.3996 17.3149 27.2086
    endloop
  endfacet
  facet normal -0.220153 -0.301437 -0.927722
    outer loop
      vertex 92.3535 16.7475 27.4039
      vertex 92.3996 17.3149 27.2086
      vertex 92.3996 16.7443 27.394
    endloop
  endfacet
  facet normal -0.220775 -0.301345 -0.927604
    outer loop
      vertex 92.3996 17.3149 27.2086
      vertex 92.3535 16.7475 27.4039
      vertex 92.3535 17.3182 27.2185
    endloop
  endfacet
  facet normal -0.239951 -0.299943 -0.923287
    outer loop
      vertex 92.3045 16.7513 27.4154
      vertex 92.3535 17.3182 27.2185
      vertex 92.3535 16.7475 27.4039
    endloop
  endfacet
  facet normal -0.239374 -0.300034 -0.923407
    outer loop
      vertex 92.3535 17.3182 27.2185
      vertex 92.3045 16.7513 27.4154
      vertex 92.3045 17.3219 27.23
    endloop
  endfacet
  facet normal -0.235021 -0.300363 -0.924417
    outer loop
      vertex 92.2497 16.7554 27.428
      vertex 92.3045 17.3219 27.23
      vertex 92.3045 16.7513 27.4154
    endloop
  endfacet
  facet normal -0.235021 -0.300363 -0.924417
    outer loop
      vertex 92.3045 17.3219 27.23
      vertex 92.2497 16.7554 27.428
      vertex 92.2497 17.326 27.2426
    endloop
  endfacet
  facet normal -1 0 0
    outer loop
      vertex 92.2497 17.326 27.2426
      vertex 92.2497 16.8637 27.7613
      vertex 92.2497 17.4343 27.5759
    endloop
  endfacet
  facet normal -1 0 -0
    outer loop
      vertex 92.2497 16.8637 27.7613
      vertex 92.2497 17.326 27.2426
      vertex 92.2497 16.7554 27.428
    endloop
  endfacet
  facet normal 0.145094 0.305748 0.940992
    outer loop
      vertex 92.2497 16.8637 27.7613
      vertex 92.32 17.4311 27.5661
      vertex 92.2497 17.4343 27.5759
    endloop
  endfacet
  facet normal 0.14552 0.30568 0.940948
    outer loop
      vertex 92.32 17.4311 27.5661
      vertex 92.2497 16.8637 27.7613
      vertex 92.32 16.8604 27.7515
    endloop
  endfacet
  facet normal 0.047857 0.308615 0.949982
    outer loop
      vertex 92.32 16.8604 27.7515
      vertex 92.3926 17.43 27.5628
      vertex 92.32 17.4311 27.5661
    endloop
  endfacet
  facet normal 0.0474328 0.30867 0.949986
    outer loop
      vertex 92.3926 17.43 27.5628
      vertex 92.32 16.8604 27.7515
      vertex 92.3926 16.8594 27.7482
    endloop
  endfacet
  facet normal -0.205141 0.302398 0.930845
    outer loop
      vertex 92.3926 17.43 27.5628
      vertex 92.4875 16.8655 27.7671
      vertex 92.4875 17.4362 27.5817
    endloop
  endfacet
  facet normal -0.204835 0.302466 0.93089
    outer loop
      vertex 92.4875 16.8655 27.7671
      vertex 92.3926 17.43 27.5628
      vertex 92.3926 16.8594 27.7482
    endloop
  endfacet
  facet normal -0.686723 0.224631 0.691341
    outer loop
      vertex 92.4875 17.4362 27.5817
      vertex 92.5506 16.884 27.8238
      vertex 92.5506 17.4546 27.6384
    endloop
  endfacet
  facet normal -0.686911 0.224541 0.691183
    outer loop
      vertex 92.5506 16.884 27.8238
      vertex 92.4875 17.4362 27.5817
      vertex 92.4875 16.8655 27.7671
    endloop
  endfacet
  facet normal -0.953318 0.0933588 0.287173
    outer loop
      vertex 92.5506 17.4546 27.6384
      vertex 92.5861 16.9186 27.9305
      vertex 92.5861 17.4892 27.745
    endloop
  endfacet
  facet normal -0.953392 0.0932413 0.286966
    outer loop
      vertex 92.5861 16.9186 27.9305
      vertex 92.5506 17.4546 27.6384
      vertex 92.5506 16.884 27.8238
    endloop
  endfacet
  facet normal -0.997792 0.020523 0.063163
    outer loop
      vertex 92.5861 17.4892 27.745
      vertex 92.5979 16.9734 28.099
      vertex 92.5979 17.544 27.9136
    endloop
  endfacet
  facet normal -0.99779 0.020544 0.0631935
    outer loop
      vertex 92.5979 16.9734 28.099
      vertex 92.5861 17.4892 27.745
      vertex 92.5861 16.9186 27.9305
    endloop
  endfacet
  facet normal -1 0 0
    outer loop
      vertex 92.5979 17.544 27.9136
      vertex 92.5979 17.2541 28.963
      vertex 92.5979 17.8247 28.7776
    endloop
  endfacet
  facet normal -1 0 -0
    outer loop
      vertex 92.5979 17.2541 28.963
      vertex 92.5979 17.544 27.9136
      vertex 92.5979 16.9734 28.099
    endloop
  endfacet
  facet normal -0.98614 0.0512706 0.157794
    outer loop
      vertex 92.5979 17.8247 28.7776
      vertex 92.6618 17.3715 29.3242
      vertex 92.6618 17.9421 29.1388
    endloop
  endfacet
  facet normal -0.98614 0.0512706 0.157794
    outer loop
      vertex 92.6618 17.3715 29.3242
      vertex 92.5979 17.8247 28.7776
      vertex 92.5979 17.2541 28.963
    endloop
  endfacet
  facet normal -0.8265 0.173958 0.535384
    outer loop
      vertex 92.6618 17.9421 29.1388
      vertex 92.8538 17.4586 29.5923
      vertex 92.8538 18.0292 29.4069
    endloop
  endfacet
  facet normal -0.8265 0.173958 0.535384
    outer loop
      vertex 92.8538 17.4586 29.5923
      vertex 92.6618 17.9421 29.1388
      vertex 92.6618 17.3715 29.3242
    endloop
  endfacet
  facet normal -0.490744 0.269206 0.828673
    outer loop
      vertex 92.8538 18.0292 29.4069
      vertex 93.1639 17.5125 29.7584
      vertex 93.1639 18.0832 29.573
    endloop
  endfacet
  facet normal -0.490678 0.26926 0.828694
    outer loop
      vertex 93.1639 17.5125 29.7584
      vertex 92.8538 18.0292 29.4069
      vertex 92.8538 17.4586 29.5923
    endloop
  endfacet
  facet normal -0.137672 0.306177 0.941967
    outer loop
      vertex 93.1639 18.0832 29.573
      vertex 93.5823 17.5305 29.8138
      vertex 93.5823 18.1012 29.6283
    endloop
  endfacet
  facet normal -0.137893 0.306018 0.941987
    outer loop
      vertex 93.5823 17.5305 29.8138
      vertex 93.1639 18.0832 29.573
      vertex 93.1639 17.5125 29.7584
    endloop
  endfacet
  facet normal 0.111358 0.307197 0.945108
    outer loop
      vertex 93.5823 17.5305 29.8138
      vertex 94.0011 18.0866 29.5837
      vertex 93.5823 18.1012 29.6283
    endloop
  endfacet
  facet normal 0.111509 0.307091 0.945125
    outer loop
      vertex 94.0011 18.0866 29.5837
      vertex 93.5823 17.5305 29.8138
      vertex 94.0011 17.516 29.7691
    endloop
  endfacet
  facet normal 0.402956 0.282819 0.870425
    outer loop
      vertex 94.0011 17.516 29.7691
      vertex 94.3213 18.0431 29.4496
      vertex 94.0011 18.0866 29.5837
    endloop
  endfacet
  facet normal 0.402956 0.282819 0.870425
    outer loop
      vertex 94.3213 18.0431 29.4496
      vertex 94.0011 17.516 29.7691
      vertex 94.3213 17.4725 29.635
    endloop
  endfacet
  facet normal 0.727597 0.211988 0.652429
    outer loop
      vertex 94.3213 17.4725 29.635
      vertex 94.54 17.9714 29.229
      vertex 94.3213 18.0431 29.4496
    endloop
  endfacet
  facet normal 0.727597 0.211988 0.652429
    outer loop
      vertex 94.54 17.9714 29.229
      vertex 94.3213 17.4725 29.635
      vertex 94.54 17.4008 29.4144
    endloop
  endfacet
  facet normal 0.941688 0.103981 0.320018
    outer loop
      vertex 94.54 17.4008 29.4144
      vertex 94.6544 17.8725 28.9245
      vertex 94.54 17.9714 29.229
    endloop
  endfacet
  facet normal 0.941698 0.103955 0.319996
    outer loop
      vertex 94.6544 17.8725 28.9245
      vertex 94.54 17.4008 29.4144
      vertex 94.6544 17.3018 29.1099
    endloop
  endfacet
  facet normal 0.0477436 -0.308617 -0.949987
    outer loop
      vertex 93.9789 17.8625 28.8938
      vertex 94.6544 17.3018 29.1099
      vertex 93.9789 17.2918 29.0792
    endloop
  endfacet
  facet normal 0.0477436 -0.308617 -0.949987
    outer loop
      vertex 94.6544 17.3018 29.1099
      vertex 93.9789 17.8625 28.8938
      vertex 94.6544 17.8725 28.9245
    endloop
  endfacet
  facet normal -0.975483 -0.0680071 -0.209303
    outer loop
      vertex 93.9789 17.8625 28.8938
      vertex 93.9423 17.342 29.2335
      vertex 93.9423 17.9126 29.0481
    endloop
  endfacet
  facet normal -0.975492 -0.067984 -0.209269
    outer loop
      vertex 93.9423 17.342 29.2335
      vertex 93.9789 17.8625 28.8938
      vertex 93.9789 17.2918 29.0792
    endloop
  endfacet
  facet normal -0.846566 -0.164485 -0.506232
    outer loop
      vertex 93.9423 17.9126 29.0481
      vertex 93.874 17.3756 29.3368
      vertex 93.874 17.9462 29.1514
    endloop
  endfacet
  facet normal -0.846566 -0.164485 -0.506232
    outer loop
      vertex 93.874 17.3756 29.3368
      vertex 93.9423 17.9126 29.0481
      vertex 93.9423 17.342 29.2335
    endloop
  endfacet
  facet normal -0.493776 -0.268719 -0.827028
    outer loop
      vertex 93.7659 17.3945 29.3952
      vertex 93.874 17.9462 29.1514
      vertex 93.874 17.3756 29.3368
    endloop
  endfacet
  facet normal -0.493964 -0.268643 -0.82694
    outer loop
      vertex 93.874 17.9462 29.1514
      vertex 93.7659 17.3945 29.3952
      vertex 93.7659 17.9652 29.2098
    endloop
  endfacet
  facet normal -0.130518 -0.306326 -0.942937
    outer loop
      vertex 93.61 17.4009 29.4147
      vertex 93.7659 17.9652 29.2098
      vertex 93.7659 17.3945 29.3952
    endloop
  endfacet
  facet normal -0.130325 -0.306383 -0.942945
    outer loop
      vertex 93.7659 17.9652 29.2098
      vertex 93.61 17.4009 29.4147
      vertex 93.61 17.9715 29.2293
    endloop
  endfacet
  facet normal 0.175291 -0.304234 -0.936331
    outer loop
      vertex 93.4434 17.9623 29.2011
      vertex 93.61 17.4009 29.4147
      vertex 93.4434 17.3917 29.3865
    endloop
  endfacet
  facet normal 0.175291 -0.304234 -0.936331
    outer loop
      vertex 93.61 17.4009 29.4147
      vertex 93.4434 17.9623 29.2011
      vertex 93.61 17.9715 29.2293
    endloop
  endfacet
  facet normal 0.620999 -0.242212 -0.745448
    outer loop
      vertex 93.331 17.9348 29.1164
      vertex 93.4434 17.3917 29.3865
      vertex 93.331 17.3642 29.3018
    endloop
  endfacet
  facet normal 0.620999 -0.242212 -0.745448
    outer loop
      vertex 93.4434 17.3917 29.3865
      vertex 93.331 17.9348 29.1164
      vertex 93.4434 17.9623 29.2011
    endloop
  endfacet
  facet normal 0.919919 -0.121169 -0.372917
    outer loop
      vertex 93.331 17.3642 29.3018
      vertex 93.267 17.8884 28.9736
      vertex 93.331 17.9348 29.1164
    endloop
  endfacet
  facet normal 0.919919 -0.121169 -0.372917
    outer loop
      vertex 93.267 17.8884 28.9736
      vertex 93.331 17.3642 29.3018
      vertex 93.267 17.3178 29.159
    endloop
  endfacet
  facet normal 0.995038 -0.030746 -0.094626
    outer loop
      vertex 93.267 17.3178 29.159
      vertex 93.2457 17.8226 28.771
      vertex 93.267 17.8884 28.9736
    endloop
  endfacet
  facet normal 0.995038 -0.030746 -0.094626
    outer loop
      vertex 93.2457 17.8226 28.771
      vertex 93.267 17.3178 29.159
      vertex 93.2457 17.252 28.9564
    endloop
  endfacet
  facet normal 1 0 0
    outer loop
      vertex 93.2457 17.252 28.9564
      vertex 93.2457 17.7834 28.6504
      vertex 93.2457 17.8226 28.771
    endloop
  endfacet
  facet normal 1 0 0
    outer loop
      vertex 93.2457 17.7834 28.6504
      vertex 93.2457 17.252 28.9564
      vertex 93.2457 17.2128 28.8358
    endloop
  endfacet
  facet normal 0.0171876 0.308973 0.950916
    outer loop
      vertex 93.2457 17.2128 28.8358
      vertex 93.7829 17.7806 28.6416
      vertex 93.2457 17.7834 28.6504
    endloop
  endfacet
  facet normal 0.0172451 0.308923 0.950931
    outer loop
      vertex 93.7829 17.7806 28.6416
      vertex 93.2457 17.2128 28.8358
      vertex 93.7829 17.2099 28.827
    endloop
  endfacet
  facet normal 0.127085 0.306464 0.943361
    outer loop
      vertex 93.7829 17.2099 28.827
      vertex 94.2057 17.7638 28.5901
      vertex 93.7829 17.7806 28.6416
    endloop
  endfacet
  facet normal 0.127014 0.306515 0.943353
    outer loop
      vertex 94.2057 17.7638 28.5901
      vertex 93.7829 17.2099 28.827
      vertex 94.2057 17.1932 28.7755
    endloop
  endfacet
  facet normal 0.444109 0.276872 0.85212
    outer loop
      vertex 94.2057 17.1932 28.7755
      vertex 94.515 17.7164 28.4443
      vertex 94.2057 17.7638 28.5901
    endloop
  endfacet
  facet normal 0.444109 0.276872 0.85212
    outer loop
      vertex 94.515 17.7164 28.4443
      vertex 94.2057 17.1932 28.7755
      vertex 94.515 17.1458 28.6297
    endloop
  endfacet
  facet normal 0.796039 0.187032 0.575622
    outer loop
      vertex 94.515 17.1458 28.6297
      vertex 94.7043 17.6395 28.2075
      vertex 94.515 17.7164 28.4443
    endloop
  endfacet
  facet normal 0.796075 0.186988 0.575587
    outer loop
      vertex 94.7043 17.6395 28.2075
      vertex 94.515 17.1458 28.6297
      vertex 94.7043 17.0688 28.3929
    endloop
  endfacet
  facet normal 0.983337 0.0561685 0.172898
    outer loop
      vertex 94.7043 17.0688 28.3929
      vertex 94.7674 17.534 27.8829
      vertex 94.7043 17.6395 28.2075
    endloop
  endfacet
  facet normal 0.983334 0.0561823 0.172911
    outer loop
      vertex 94.7674 17.534 27.8829
      vertex 94.7043 17.0688 28.3929
      vertex 94.7674 16.9634 28.0683
    endloop
  endfacet
  facet normal 0.987467 -0.0487706 -0.1501
    outer loop
      vertex 94.7674 16.9634 28.0683
      vertex 94.7167 17.436 27.5812
      vertex 94.7674 17.534 27.8829
    endloop
  endfacet
  facet normal 0.987467 -0.0487706 -0.1501
    outer loop
      vertex 94.7167 17.436 27.5812
      vertex 94.7674 16.9634 28.0683
      vertex 94.7167 16.8654 27.7666
    endloop
  endfacet
  facet normal 0.841649 -0.166878 -0.513594
    outer loop
      vertex 94.7167 16.8654 27.7666
      vertex 94.5645 17.3627 27.3556
      vertex 94.7167 17.436 27.5812
    endloop
  endfacet
  facet normal 0.841649 -0.166878 -0.513594
    outer loop
      vertex 94.5645 17.3627 27.3556
      vertex 94.7167 16.8654 27.7666
      vertex 94.5645 16.7921 27.541
    endloop
  endfacet
  facet normal 0.520386 -0.26388 -0.812136
    outer loop
      vertex 94.3219 17.317 27.215
      vertex 94.5645 16.7921 27.541
      vertex 94.3219 16.7464 27.4004
    endloop
  endfacet
  facet normal 0.520386 -0.26388 -0.812136
    outer loop
      vertex 94.5645 16.7921 27.541
      vertex 94.3219 17.317 27.215
      vertex 94.5645 17.3627 27.3556
    endloop
  endfacet
  facet normal 0.151348 -0.30541 -0.940116
    outer loop
      vertex 93.9997 17.3018 27.1681
      vertex 94.3219 16.7464 27.4004
      vertex 93.9997 16.7311 27.3535
    endloop
  endfacet
  facet normal 0.151255 -0.305463 -0.940114
    outer loop
      vertex 94.3219 16.7464 27.4004
      vertex 93.9997 17.3018 27.1681
      vertex 94.3219 17.317 27.215
    endloop
  endfacet
  facet normal -0.248094 -0.29931 -0.921338
    outer loop
      vertex 93.5201 16.7691 27.4703
      vertex 93.9997 17.3018 27.1681
      vertex 93.9997 16.7311 27.3535
    endloop
  endfacet
  facet normal -0.248036 -0.299362 -0.921336
    outer loop
      vertex 93.9997 17.3018 27.1681
      vertex 93.5201 16.7691 27.4703
      vertex 93.5201 17.3397 27.2849
    endloop
  endfacet
  facet normal -0.562242 0.25555 0.786497
    outer loop
      vertex 93.9146 17.4481 27.6184
      vertex 94.01 16.8975 27.8655
      vertex 94.01 17.4681 27.6801
    endloop
  endfacet
  facet normal -0.562242 0.25555 0.786497
    outer loop
      vertex 94.01 16.8975 27.8655
      vertex 93.9146 17.4481 27.6184
      vertex 93.9146 16.8775 27.8038
    endloop
  endfacet
  facet normal -0.871775 0.15139 0.465929
    outer loop
      vertex 94.01 17.4681 27.6801
      vertex 94.0714 16.9313 27.9694
      vertex 94.0714 17.5019 27.784
    endloop
  endfacet
  facet normal -0.871775 0.15139 0.465929
    outer loop
      vertex 94.0714 16.9313 27.9694
      vertex 94.01 17.4681 27.6801
      vertex 94.01 16.8975 27.8655
    endloop
  endfacet
  facet normal -0.991341 0.0405774 0.124884
    outer loop
      vertex 94.0714 17.5019 27.784
      vertex 94.0919 16.9791 28.1166
      vertex 94.0919 17.5497 27.9312
    endloop
  endfacet
  facet normal -0.991341 0.0405774 0.124884
    outer loop
      vertex 94.0919 16.9791 28.1166
      vertex 94.0714 17.5019 27.784
      vertex 94.0714 16.9313 27.9694
    endloop
  endfacet
  facet normal -0.995077 -0.0306208 -0.0942572
    outer loop
      vertex 94.0919 17.5497 27.9312
      vertex 94.0795 17.0175 28.235
      vertex 94.0795 17.5882 28.0496
    endloop
  endfacet
  facet normal -0.995074 -0.0306332 -0.0942788
    outer loop
      vertex 94.0795 17.0175 28.235
      vertex 94.0919 17.5497 27.9312
      vertex 94.0919 16.9791 28.1166
    endloop
  endfacet
  facet normal -0.933485 -0.110819 -0.341065
    outer loop
      vertex 94.0795 17.5882 28.0496
      vertex 94.0423 17.0475 28.3271
      vertex 94.0423 17.6181 28.1417
    endloop
  endfacet
  facet normal -0.933523 -0.110771 -0.340976
    outer loop
      vertex 94.0423 17.0475 28.3271
      vertex 94.0795 17.5882 28.0496
      vertex 94.0795 17.0175 28.235
    endloop
  endfacet
  facet normal -0.76559 -0.198769 -0.611852
    outer loop
      vertex 94.0423 17.6181 28.1417
      vertex 93.9815 17.0698 28.3959
      vertex 93.9815 17.6405 28.2105
    endloop
  endfacet
  facet normal -0.765454 -0.19885 -0.611995
    outer loop
      vertex 93.9815 17.0698 28.3959
      vertex 94.0423 17.6181 28.1417
      vertex 94.0423 17.0475 28.3271
    endloop
  endfacet
  facet normal -0.522219 -0.263493 -0.811085
    outer loop
      vertex 93.8982 17.0856 28.4444
      vertex 93.9815 17.6405 28.2105
      vertex 93.9815 17.0698 28.3959
    endloop
  endfacet
  facet normal -0.521989 -0.263578 -0.811206
    outer loop
      vertex 93.9815 17.6405 28.2105
      vertex 93.8982 17.0856 28.4444
      vertex 93.8982 17.6562 28.259
    endloop
  endfacet
  facet normal -0.247927 -0.29937 -0.921363
    outer loop
      vertex 93.7708 17.0957 28.4754
      vertex 93.8982 17.6562 28.259
      vertex 93.8982 17.0856 28.4444
    endloop
  endfacet
  facet normal -0.247927 -0.29937 -0.921363
    outer loop
      vertex 93.8982 17.6562 28.259
      vertex 93.7708 17.0957 28.4754
      vertex 93.7708 17.6663 28.29
    endloop
  endfacet
  facet normal -0.0872829 -0.307839 -0.947426
    outer loop
      vertex 93.5777 17.1009 28.4915
      vertex 93.7708 17.6663 28.29
      vertex 93.7708 17.0957 28.4754
    endloop
  endfacet
  facet normal -0.0872829 -0.307839 -0.947426
    outer loop
      vertex 93.7708 17.6663 28.29
      vertex 93.5777 17.1009 28.4915
      vertex 93.5777 17.6715 28.3061
    endloop
  endfacet
  facet normal -0.0139061 -0.308988 -0.950964
    outer loop
      vertex 93.2457 17.1023 28.4959
      vertex 93.5777 17.6715 28.3061
      vertex 93.5777 17.1009 28.4915
    endloop
  endfacet
  facet normal -0.0139991 -0.308939 -0.950979
    outer loop
      vertex 93.5777 17.6715 28.3061
      vertex 93.2457 17.1023 28.4959
      vertex 93.2457 17.673 28.3105
    endloop
  endfacet
  facet normal 1 0 0
    outer loop
      vertex 93.2457 17.1023 28.4959
      vertex 93.2457 17.6338 28.1899
      vertex 93.2457 17.673 28.3105
    endloop
  endfacet
  facet normal 1 0 0
    outer loop
      vertex 93.2457 17.6338 28.1899
      vertex 93.2457 17.1023 28.4959
      vertex 93.2457 17.0631 28.3753
    endloop
  endfacet
  facet normal 0.993755 0.0344762 0.106125
    outer loop
      vertex 93.2457 17.0631 28.3753
      vertex 93.2636 17.5845 28.0383
      vertex 93.2457 17.6338 28.1899
    endloop
  endfacet
  facet normal 0.993745 0.0345254 0.106201
    outer loop
      vertex 93.2636 17.5845 28.0383
      vertex 93.2457 17.0631 28.3753
      vertex 93.2636 17.0139 28.2238
    endloop
  endfacet
  facet normal 0.942148 0.103632 0.318774
    outer loop
      vertex 93.2636 17.0139 28.2238
      vertex 93.3172 17.538 27.895
      vertex 93.2636 17.5845 28.0383
    endloop
  endfacet
  facet normal 0.942237 0.103488 0.318559
    outer loop
      vertex 93.3172 17.538 27.895
      vertex 93.2636 17.0139 28.2238
      vertex 93.3172 16.9673 28.0804
    endloop
  endfacet
  facet normal 0.838131 0.168533 0.51878
    outer loop
      vertex 93.3172 16.9673 28.0804
      vertex 93.4022 17.4976 27.7708
      vertex 93.3172 17.538 27.895
    endloop
  endfacet
  facet normal 0.838072 0.168588 0.518857
    outer loop
      vertex 93.4022 17.4976 27.7708
      vertex 93.3172 16.9673 28.0804
      vertex 93.4022 16.927 27.9562
    endloop
  endfacet
  facet normal 0.661293 0.231803 0.713414
    outer loop
      vertex 93.4022 16.927 27.9562
      vertex 93.5143 17.4671 27.6768
      vertex 93.4022 17.4976 27.7708
    endloop
  endfacet
  facet normal 0.661409 0.231735 0.713328
    outer loop
      vertex 93.5143 17.4671 27.6768
      vertex 93.4022 16.927 27.9562
      vertex 93.5143 16.8964 27.8622
    endloop
  endfacet
  facet normal 0.42584 0.279555 0.860528
    outer loop
      vertex 93.5143 16.8964 27.8622
      vertex 93.6466 17.4478 27.6176
      vertex 93.5143 17.4671 27.6768
    endloop
  endfacet
  facet normal 0.425667 0.279624 0.860591
    outer loop
      vertex 93.6466 17.4478 27.6176
      vertex 93.5143 16.8964 27.8622
      vertex 93.6466 16.8772 27.803
    endloop
  endfacet
  facet normal 0.140845 0.305938 0.941576
    outer loop
      vertex 93.6466 16.8772 27.803
      vertex 93.7922 17.4414 27.5979
      vertex 93.6466 17.4478 27.6176
    endloop
  endfacet
  facet normal 0.140845 0.305938 0.941576
    outer loop
      vertex 93.7922 17.4414 27.5979
      vertex 93.6466 16.8772 27.803
      vertex 93.7922 16.8708 27.7833
    endloop
  endfacet
  facet normal -0.173528 0.30433 0.936628
    outer loop
      vertex 93.7922 17.4414 27.5979
      vertex 93.9146 16.8775 27.8038
      vertex 93.9146 17.4481 27.6184
    endloop
  endfacet
  facet normal -0.173528 0.30433 0.936628
    outer loop
      vertex 93.9146 16.8775 27.8038
      vertex 93.7922 17.4414 27.5979
      vertex 93.7922 16.8708 27.7833
    endloop
  endfacet
  facet normal 0 0.951057 -0.309017
    outer loop
      vertex 138 34.2058 8
      vertex 18.35 88.1912 174.15
      vertex 138 88.1912 174.15
    endloop
  endfacet
  facet normal 0 0.951057 -0.309017
    outer loop
      vertex 18.35 88.1912 174.15
      vertex 138 34.2058 8
      vertex 18.35 34.2058 8
    endloop
  endfacet
  facet normal -0 0.309004 0.951061
    outer loop
      vertex 18.35 88.1912 174.15
      vertex 138 84.387 175.386
      vertex 138 88.1912 174.15
    endloop
  endfacet
  facet normal 0 0.309004 0.951061
    outer loop
      vertex 138 84.387 175.386
      vertex 18.35 88.1912 174.15
      vertex 18.35 84.387 175.386
    endloop
  endfacet
  facet normal 0 0 1
    outer loop
      vertex 9.5706 23.3494 8
      vertex 18.35 30 8
      vertex 9.66734 23.6683 8
    endloop
  endfacet
  facet normal 0 0 1
    outer loop
      vertex 18.35 30 8
      vertex 9.66734 12.3317 8
      vertex 9.7 12 8
    endloop
  endfacet
  facet normal 0 0 1
    outer loop
      vertex 9.5706 12.6506 8
      vertex 18.35 30 8
      vertex 9.5706 23.3494 8
    endloop
  endfacet
  facet normal 0 0 1
    outer loop
      vertex 18.35 30 8
      vertex 9.5706 12.6506 8
      vertex 9.66734 12.3317 8
    endloop
  endfacet
  facet normal -0 0 1
    outer loop
      vertex 9.4135 23.0555 8
      vertex 9.5706 12.6506 8
      vertex 9.5706 23.3494 8
    endloop
  endfacet
  facet normal 0 0 1
    outer loop
      vertex 9.4135 23.0555 8
      vertex 9.4135 12.9445 8
      vertex 9.5706 12.6506 8
    endloop
  endfacet
  facet normal -0 0 1
    outer loop
      vertex 9.20208 22.7979 8
      vertex 9.4135 12.9445 8
      vertex 9.4135 23.0555 8
    endloop
  endfacet
  facet normal 0 0 1
    outer loop
      vertex 9.20208 22.7979 8
      vertex 9.20208 13.2021 8
      vertex 9.4135 12.9445 8
    endloop
  endfacet
  facet normal -0 0 1
    outer loop
      vertex 8.94447 22.5865 8
      vertex 9.20208 13.2021 8
      vertex 9.20208 22.7979 8
    endloop
  endfacet
  facet normal 0 0 1
    outer loop
      vertex 8.94447 22.5865 8
      vertex 8.94447 13.4135 8
      vertex 9.20208 13.2021 8
    endloop
  endfacet
  facet normal -0 0 1
    outer loop
      vertex 8.65056 22.4294 8
      vertex 8.94447 13.4135 8
      vertex 8.94447 22.5865 8
    endloop
  endfacet
  facet normal 0 0 1
    outer loop
      vertex 8.65056 22.4294 8
      vertex 8.65056 13.5706 8
      vertex 8.94447 13.4135 8
    endloop
  endfacet
  facet normal -0 0 1
    outer loop
      vertex 8.33165 22.3327 8
      vertex 8.65056 13.5706 8
      vertex 8.65056 22.4294 8
    endloop
  endfacet
  facet normal 0 0 1
    outer loop
      vertex 8.33165 22.3327 8
      vertex 8.33165 13.6673 8
      vertex 8.65056 13.5706 8
    endloop
  endfacet
  facet normal -0 0 1
    outer loop
      vertex 8 22.3 8
      vertex 8.33165 13.6673 8
      vertex 8.33165 22.3327 8
    endloop
  endfacet
  facet normal 0 0 1
    outer loop
      vertex 8 22.3 8
      vertex 8 13.7 8
      vertex 8.33165 13.6673 8
    endloop
  endfacet
  facet normal 0 0 1
    outer loop
      vertex 7.66835 22.3327 8
      vertex 8 13.7 8
      vertex 8 22.3 8
    endloop
  endfacet
  facet normal 0 0 1
    outer loop
      vertex 7.66835 22.3327 8
      vertex 7.66835 13.6673 8
      vertex 8 13.7 8
    endloop
  endfacet
  facet normal 0 0 1
    outer loop
      vertex 7.34944 22.4294 8
      vertex 7.66835 13.6673 8
      vertex 7.66835 22.3327 8
    endloop
  endfacet
  facet normal 0 0 1
    outer loop
      vertex 7.34944 22.4294 8
      vertex 7.34944 13.5706 8
      vertex 7.66835 13.6673 8
    endloop
  endfacet
  facet normal 0 0 1
    outer loop
      vertex 7.05553 22.5865 8
      vertex 7.34944 13.5706 8
      vertex 7.34944 22.4294 8
    endloop
  endfacet
  facet normal 0 0 1
    outer loop
      vertex 7.05553 22.5865 8
      vertex 7.05553 13.4135 8
      vertex 7.34944 13.5706 8
    endloop
  endfacet
  facet normal 0 0 1
    outer loop
      vertex 6.79792 22.7979 8
      vertex 7.05553 13.4135 8
      vertex 7.05553 22.5865 8
    endloop
  endfacet
  facet normal 0 0 1
    outer loop
      vertex 6.79792 22.7979 8
      vertex 6.79792 13.2021 8
      vertex 7.05553 13.4135 8
    endloop
  endfacet
  facet normal 0 0 1
    outer loop
      vertex 6.5865 23.0555 8
      vertex 6.79792 13.2021 8
      vertex 6.79792 22.7979 8
    endloop
  endfacet
  facet normal 0 0 1
    outer loop
      vertex 6.5865 23.0555 8
      vertex 6.5865 12.9445 8
      vertex 6.79792 13.2021 8
    endloop
  endfacet
  facet normal 0 0 1
    outer loop
      vertex 6.42941 23.3494 8
      vertex 6.5865 12.9445 8
      vertex 6.5865 23.0555 8
    endloop
  endfacet
  facet normal 0 0 1
    outer loop
      vertex 6.42941 23.3494 8
      vertex 6.42941 12.6506 8
      vertex 6.5865 12.9445 8
    endloop
  endfacet
  facet normal 0 0 1
    outer loop
      vertex 6.33267 23.6683 8
      vertex 6.42941 12.6506 8
      vertex 6.42941 23.3494 8
    endloop
  endfacet
  facet normal 0 0 1
    outer loop
      vertex 6.33267 23.6683 8
      vertex 6.33267 12.3317 8
      vertex 6.42941 12.6506 8
    endloop
  endfacet
  facet normal 0 0 1
    outer loop
      vertex 0 0 8
      vertex 6.33267 23.6683 8
      vertex 6.3 24 8
    endloop
  endfacet
  facet normal 0 0 1
    outer loop
      vertex 6.33267 23.6683 8
      vertex 0 0 8
      vertex 6.33267 12.3317 8
    endloop
  endfacet
  facet normal 0 0 1
    outer loop
      vertex 138 64 8
      vertex 18.35 34.2058 8
      vertex 138 34.2058 8
    endloop
  endfacet
  facet normal 0 0 1
    outer loop
      vertex 8.65056 25.5706 8
      vertex 18.35 30 8
      vertex 18.35 34.2058 8
    endloop
  endfacet
  facet normal 0 0 1
    outer loop
      vertex 18.35 30 8
      vertex 9.66734 24.3317 8
      vertex 9.7 24 8
    endloop
  endfacet
  facet normal 0 0 1
    outer loop
      vertex 18.35 30 8
      vertex 9.5706 24.6506 8
      vertex 9.66734 24.3317 8
    endloop
  endfacet
  facet normal 0 0 1
    outer loop
      vertex 18.35 30 8
      vertex 9.4135 24.9445 8
      vertex 9.5706 24.6506 8
    endloop
  endfacet
  facet normal 0 0 1
    outer loop
      vertex 18.35 30 8
      vertex 9.20208 25.2021 8
      vertex 9.4135 24.9445 8
    endloop
  endfacet
  facet normal 0 0 1
    outer loop
      vertex 18.35 30 8
      vertex 8.94447 25.4135 8
      vertex 9.20208 25.2021 8
    endloop
  endfacet
  facet normal 0 0 1
    outer loop
      vertex 18.35 30 8
      vertex 8.65056 25.5706 8
      vertex 8.94447 25.4135 8
    endloop
  endfacet
  facet normal 0 0 1
    outer loop
      vertex 18.35 34.2058 8
      vertex 8.33165 25.6673 8
      vertex 8.65056 25.5706 8
    endloop
  endfacet
  facet normal 0 0 1
    outer loop
      vertex 18.35 34.2058 8
      vertex 8 25.7 8
      vertex 8.33165 25.6673 8
    endloop
  endfacet
  facet normal 0 0 1
    outer loop
      vertex 18.35 34.2058 8
      vertex 7.66835 25.6673 8
      vertex 8 25.7 8
    endloop
  endfacet
  facet normal 0 0 1
    outer loop
      vertex 18.35 34.2058 8
      vertex 7.34944 25.5706 8
      vertex 7.66835 25.6673 8
    endloop
  endfacet
  facet normal 0 0 1
    outer loop
      vertex 0 64 8
      vertex 7.34944 25.5706 8
      vertex 18.35 34.2058 8
    endloop
  endfacet
  facet normal 0 0 1
    outer loop
      vertex 0 0 8
      vertex 6.3 24 8
      vertex 0 64 8
    endloop
  endfacet
  facet normal 0 0 1
    outer loop
      vertex 6.33267 24.3317 8
      vertex 0 64 8
      vertex 6.3 24 8
    endloop
  endfacet
  facet normal 0 0 1
    outer loop
      vertex 6.42941 24.6506 8
      vertex 0 64 8
      vertex 6.33267 24.3317 8
    endloop
  endfacet
  facet normal 0 0 1
    outer loop
      vertex 6.5865 24.9445 8
      vertex 0 64 8
      vertex 6.42941 24.6506 8
    endloop
  endfacet
  facet normal 0 0 1
    outer loop
      vertex 6.79792 25.2021 8
      vertex 0 64 8
      vertex 6.5865 24.9445 8
    endloop
  endfacet
  facet normal 0 0 1
    outer loop
      vertex 7.05553 25.4135 8
      vertex 0 64 8
      vertex 6.79792 25.2021 8
    endloop
  endfacet
  facet normal 0 0 1
    outer loop
      vertex 7.34944 25.5706 8
      vertex 0 64 8
      vertex 7.05553 25.4135 8
    endloop
  endfacet
  facet normal -0 0 1
    outer loop
      vertex 0 64 8
      vertex 18.35 34.2058 8
      vertex 138 64 8
    endloop
  endfacet
  facet normal -0 0 1
    outer loop
      vertex 18.35 30 8
      vertex 138 0 8
      vertex 138 30 8
    endloop
  endfacet
  facet normal 0 0 1
    outer loop
      vertex 9.66734 23.6683 8
      vertex 18.35 30 8
      vertex 9.7 24 8
    endloop
  endfacet
  facet normal 0 0 1
    outer loop
      vertex 9.66734 11.6683 8
      vertex 18.35 30 8
      vertex 9.7 12 8
    endloop
  endfacet
  facet normal 0 0 1
    outer loop
      vertex 18.35 30 8
      vertex 9.66734 11.6683 8
      vertex 138 0 8
    endloop
  endfacet
  facet normal -0 0 1
    outer loop
      vertex 9.5706 11.3494 8
      vertex 138 0 8
      vertex 9.66734 11.6683 8
    endloop
  endfacet
  facet normal -0 0 1
    outer loop
      vertex 9.4135 11.0555 8
      vertex 138 0 8
      vertex 9.5706 11.3494 8
    endloop
  endfacet
  facet normal -0 0 1
    outer loop
      vertex 9.20208 10.7979 8
      vertex 138 0 8
      vertex 9.4135 11.0555 8
    endloop
  endfacet
  facet normal 0 0 1
    outer loop
      vertex 0 0 8
      vertex 9.20208 10.7979 8
      vertex 8.94447 10.5865 8
    endloop
  endfacet
  facet normal 0 0 1
    outer loop
      vertex 0 0 8
      vertex 8.94447 10.5865 8
      vertex 8.65056 10.4294 8
    endloop
  endfacet
  facet normal 0 0 1
    outer loop
      vertex 0 0 8
      vertex 8.65056 10.4294 8
      vertex 8.33165 10.3327 8
    endloop
  endfacet
  facet normal 0 0 1
    outer loop
      vertex 0 0 8
      vertex 8.33165 10.3327 8
      vertex 8 10.3 8
    endloop
  endfacet
  facet normal 0 0 1
    outer loop
      vertex 6.33267 12.3317 8
      vertex 0 0 8
      vertex 6.3 12 8
    endloop
  endfacet
  facet normal 0 0 1
    outer loop
      vertex 9.20208 10.7979 8
      vertex 0 0 8
      vertex 138 0 8
    endloop
  endfacet
  facet normal 0 0 1
    outer loop
      vertex 7.66835 10.3327 8
      vertex 0 0 8
      vertex 8 10.3 8
    endloop
  endfacet
  facet normal 0 0 1
    outer loop
      vertex 7.34944 10.4294 8
      vertex 0 0 8
      vertex 7.66835 10.3327 8
    endloop
  endfacet
  facet normal 0 0 1
    outer loop
      vertex 7.05553 10.5865 8
      vertex 0 0 8
      vertex 7.34944 10.4294 8
    endloop
  endfacet
  facet normal 0 0 1
    outer loop
      vertex 6.79792 10.7979 8
      vertex 0 0 8
      vertex 7.05553 10.5865 8
    endloop
  endfacet
  facet normal 0 0 1
    outer loop
      vertex 6.5865 11.0555 8
      vertex 0 0 8
      vertex 6.79792 10.7979 8
    endloop
  endfacet
  facet normal 0 0 1
    outer loop
      vertex 6.42941 11.3494 8
      vertex 0 0 8
      vertex 6.5865 11.0555 8
    endloop
  endfacet
  facet normal 0 0 1
    outer loop
      vertex 6.33267 11.6683 8
      vertex 0 0 8
      vertex 6.42941 11.3494 8
    endloop
  endfacet
  facet normal 0 0 1
    outer loop
      vertex 6.3 12 8
      vertex 0 0 8
      vertex 6.33267 11.6683 8
    endloop
  endfacet
  facet normal 0 0 -1
    outer loop
      vertex 18.35 0 0
      vertex 138 64 0
      vertex 138 0 0
    endloop
  endfacet
  facet normal -0 0 -1
    outer loop
      vertex 138 64 0
      vertex 18.35 0 0
      vertex 18.35 64 0
    endloop
  endfacet
  facet normal 0 1 0
    outer loop
      vertex 138 64 8
      vertex 18.35 64 5
      vertex 0 64 8
    endloop
  endfacet
  facet normal 0 1 -0
    outer loop
      vertex 138 64 0
      vertex 18.35 64 5
      vertex 138 64 8
    endloop
  endfacet
  facet normal 0 1 0
    outer loop
      vertex 18.35 64 5
      vertex 138 64 0
      vertex 18.35 64 0
    endloop
  endfacet
  facet normal 0 1 0
    outer loop
      vertex 0 64 8
      vertex 18.35 64 5
      vertex 0 64 5
    endloop
  endfacet
  facet normal 0 -1 0
    outer loop
      vertex 18.35 0 5
      vertex 0 0 8
      vertex 0 0 5
    endloop
  endfacet
  facet normal 0 -1 0
    outer loop
      vertex 0 0 8
      vertex 18.35 0 5
      vertex 138 0 8
    endloop
  endfacet
  facet normal 0 -1 0
    outer loop
      vertex 138 0 0
      vertex 18.35 0 5
      vertex 18.35 0 0
    endloop
  endfacet
  facet normal 0 -1 0
    outer loop
      vertex 18.35 0 5
      vertex 138 0 0
      vertex 138 0 8
    endloop
  endfacet
  facet normal -1 0 0
    outer loop
      vertex 0 0 5
      vertex 0 64 8
      vertex 0 64 5
    endloop
  endfacet
  facet normal -1 -0 0
    outer loop
      vertex 0 64 8
      vertex 0 0 5
      vertex 0 0 8
    endloop
  endfacet
  facet normal 0 0 -1
    outer loop
      vertex 9.66734 23.6683 5
      vertex 18.35 0 5
      vertex 9.66734 12.3317 5
    endloop
  endfacet
  facet normal 0 0 -1
    outer loop
      vertex 18.35 0 5
      vertex 9.66734 23.6683 5
      vertex 9.7 24 5
    endloop
  endfacet
  facet normal 0 0 -1
    outer loop
      vertex 9.5706 12.6506 5
      vertex 9.66734 23.6683 5
      vertex 9.66734 12.3317 5
    endloop
  endfacet
  facet normal 0 0 -1
    outer loop
      vertex 9.5706 12.6506 5
      vertex 9.5706 23.3494 5
      vertex 9.66734 23.6683 5
    endloop
  endfacet
  facet normal 0 0 -1
    outer loop
      vertex 9.4135 12.9445 5
      vertex 9.5706 23.3494 5
      vertex 9.5706 12.6506 5
    endloop
  endfacet
  facet normal 0 0 -1
    outer loop
      vertex 9.4135 12.9445 5
      vertex 9.4135 23.0555 5
      vertex 9.5706 23.3494 5
    endloop
  endfacet
  facet normal 0 0 -1
    outer loop
      vertex 9.20208 13.2021 5
      vertex 9.4135 23.0555 5
      vertex 9.4135 12.9445 5
    endloop
  endfacet
  facet normal 0 0 -1
    outer loop
      vertex 9.20208 13.2021 5
      vertex 9.20208 22.7979 5
      vertex 9.4135 23.0555 5
    endloop
  endfacet
  facet normal 0 0 -1
    outer loop
      vertex 8.94447 13.4135 5
      vertex 9.20208 22.7979 5
      vertex 9.20208 13.2021 5
    endloop
  endfacet
  facet normal 0 0 -1
    outer loop
      vertex 8.94447 13.4135 5
      vertex 8.94447 22.5865 5
      vertex 9.20208 22.7979 5
    endloop
  endfacet
  facet normal 0 0 -1
    outer loop
      vertex 8.65056 13.5706 5
      vertex 8.94447 22.5865 5
      vertex 8.94447 13.4135 5
    endloop
  endfacet
  facet normal 0 0 -1
    outer loop
      vertex 8.65056 13.5706 5
      vertex 8.65056 22.4294 5
      vertex 8.94447 22.5865 5
    endloop
  endfacet
  facet normal 0 0 -1
    outer loop
      vertex 8.33165 13.6673 5
      vertex 8.65056 22.4294 5
      vertex 8.65056 13.5706 5
    endloop
  endfacet
  facet normal 0 0 -1
    outer loop
      vertex 8.33165 13.6673 5
      vertex 8.33165 22.3327 5
      vertex 8.65056 22.4294 5
    endloop
  endfacet
  facet normal 0 0 -1
    outer loop
      vertex 8 13.7 5
      vertex 8.33165 22.3327 5
      vertex 8.33165 13.6673 5
    endloop
  endfacet
  facet normal 0 0 -1
    outer loop
      vertex 8 13.7 5
      vertex 8 22.3 5
      vertex 8.33165 22.3327 5
    endloop
  endfacet
  facet normal 0 0 -1
    outer loop
      vertex 7.66835 13.6673 5
      vertex 8 22.3 5
      vertex 8 13.7 5
    endloop
  endfacet
  facet normal 0 0 -1
    outer loop
      vertex 7.66835 13.6673 5
      vertex 7.66835 22.3327 5
      vertex 8 22.3 5
    endloop
  endfacet
  facet normal 0 0 -1
    outer loop
      vertex 7.34944 13.5706 5
      vertex 7.66835 22.3327 5
      vertex 7.66835 13.6673 5
    endloop
  endfacet
  facet normal 0 0 -1
    outer loop
      vertex 7.34944 13.5706 5
      vertex 7.34944 22.4294 5
      vertex 7.66835 22.3327 5
    endloop
  endfacet
  facet normal 0 0 -1
    outer loop
      vertex 7.05553 13.4135 5
      vertex 7.34944 22.4294 5
      vertex 7.34944 13.5706 5
    endloop
  endfacet
  facet normal 0 0 -1
    outer loop
      vertex 7.05553 13.4135 5
      vertex 7.05553 22.5865 5
      vertex 7.34944 22.4294 5
    endloop
  endfacet
  facet normal 0 0 -1
    outer loop
      vertex 6.79792 13.2021 5
      vertex 7.05553 22.5865 5
      vertex 7.05553 13.4135 5
    endloop
  endfacet
  facet normal 0 0 -1
    outer loop
      vertex 6.79792 13.2021 5
      vertex 6.79792 22.7979 5
      vertex 7.05553 22.5865 5
    endloop
  endfacet
  facet normal 0 0 -1
    outer loop
      vertex 6.5865 12.9445 5
      vertex 6.79792 22.7979 5
      vertex 6.79792 13.2021 5
    endloop
  endfacet
  facet normal 0 0 -1
    outer loop
      vertex 6.5865 12.9445 5
      vertex 6.5865 23.0555 5
      vertex 6.79792 22.7979 5
    endloop
  endfacet
  facet normal 0 0 -1
    outer loop
      vertex 6.42941 12.6506 5
      vertex 6.5865 23.0555 5
      vertex 6.5865 12.9445 5
    endloop
  endfacet
  facet normal 0 0 -1
    outer loop
      vertex 6.42941 12.6506 5
      vertex 6.42941 23.3494 5
      vertex 6.5865 23.0555 5
    endloop
  endfacet
  facet normal 0 0 -1
    outer loop
      vertex 6.33267 12.3317 5
      vertex 6.42941 23.3494 5
      vertex 6.42941 12.6506 5
    endloop
  endfacet
  facet normal 0 0 -1
    outer loop
      vertex 6.33267 12.3317 5
      vertex 6.33267 23.6683 5
      vertex 6.42941 23.3494 5
    endloop
  endfacet
  facet normal 0 0 -1
    outer loop
      vertex 0 0 5
      vertex 6.33267 12.3317 5
      vertex 6.3 12 5
    endloop
  endfacet
  facet normal -0 0 -1
    outer loop
      vertex 6.33267 12.3317 5
      vertex 0 0 5
      vertex 6.33267 23.6683 5
    endloop
  endfacet
  facet normal 0 0 -1
    outer loop
      vertex 9.66734 12.3317 5
      vertex 18.35 0 5
      vertex 9.7 12 5
    endloop
  endfacet
  facet normal 0 0 -1
    outer loop
      vertex 18.35 0 5
      vertex 9.66734 11.6683 5
      vertex 9.7 12 5
    endloop
  endfacet
  facet normal 0 0 -1
    outer loop
      vertex 18.35 0 5
      vertex 9.5706 11.3494 5
      vertex 9.66734 11.6683 5
    endloop
  endfacet
  facet normal 0 0 -1
    outer loop
      vertex 18.35 0 5
      vertex 9.4135 11.0555 5
      vertex 9.5706 11.3494 5
    endloop
  endfacet
  facet normal 0 0 -1
    outer loop
      vertex 18.35 0 5
      vertex 9.20208 10.7979 5
      vertex 9.4135 11.0555 5
    endloop
  endfacet
  facet normal 0 0 -1
    outer loop
      vertex 18.35 0 5
      vertex 8.94447 10.5865 5
      vertex 9.20208 10.7979 5
    endloop
  endfacet
  facet normal 0 0 -1
    outer loop
      vertex 18.35 0 5
      vertex 8.65056 10.4294 5
      vertex 8.94447 10.5865 5
    endloop
  endfacet
  facet normal 0 0 -1
    outer loop
      vertex 18.35 0 5
      vertex 8.33165 10.3327 5
      vertex 8.65056 10.4294 5
    endloop
  endfacet
  facet normal 0 0 -1
    outer loop
      vertex 0 0 5
      vertex 8.33165 10.3327 5
      vertex 18.35 0 5
    endloop
  endfacet
  facet normal 0 0 -1
    outer loop
      vertex 8.33165 10.3327 5
      vertex 0 0 5
      vertex 8 10.3 5
    endloop
  endfacet
  facet normal -0 0 -1
    outer loop
      vertex 8 10.3 5
      vertex 0 0 5
      vertex 7.66835 10.3327 5
    endloop
  endfacet
  facet normal -0 0 -1
    outer loop
      vertex 7.66835 10.3327 5
      vertex 0 0 5
      vertex 7.34944 10.4294 5
    endloop
  endfacet
  facet normal -0 0 -1
    outer loop
      vertex 7.34944 10.4294 5
      vertex 0 0 5
      vertex 7.05553 10.5865 5
    endloop
  endfacet
  facet normal -0 0 -1
    outer loop
      vertex 6.33267 23.6683 5
      vertex 0 0 5
      vertex 6.3 24 5
    endloop
  endfacet
  facet normal -0 0 -1
    outer loop
      vertex 6.33267 11.6683 5
      vertex 0 0 5
      vertex 6.3 12 5
    endloop
  endfacet
  facet normal -0 0 -1
    outer loop
      vertex 6.42941 11.3494 5
      vertex 0 0 5
      vertex 6.33267 11.6683 5
    endloop
  endfacet
  facet normal -0 0 -1
    outer loop
      vertex 6.5865 11.0555 5
      vertex 0 0 5
      vertex 6.42941 11.3494 5
    endloop
  endfacet
  facet normal -0 0 -1
    outer loop
      vertex 6.79792 10.7979 5
      vertex 0 0 5
      vertex 6.5865 11.0555 5
    endloop
  endfacet
  facet normal -0 0 -1
    outer loop
      vertex 7.05553 10.5865 5
      vertex 0 0 5
      vertex 6.79792 10.7979 5
    endloop
  endfacet
  facet normal 0 0 -1
    outer loop
      vertex 9.66734 24.3317 5
      vertex 18.35 0 5
      vertex 9.7 24 5
    endloop
  endfacet
  facet normal 0 0 -1
    outer loop
      vertex 18.35 0 5
      vertex 9.66734 24.3317 5
      vertex 18.35 64 5
    endloop
  endfacet
  facet normal 0 0 -1
    outer loop
      vertex 9.5706 24.6506 5
      vertex 18.35 64 5
      vertex 9.66734 24.3317 5
    endloop
  endfacet
  facet normal 0 0 -1
    outer loop
      vertex 9.4135 24.9445 5
      vertex 18.35 64 5
      vertex 9.5706 24.6506 5
    endloop
  endfacet
  facet normal 0 0 -1
    outer loop
      vertex 9.20208 25.2021 5
      vertex 18.35 64 5
      vertex 9.4135 24.9445 5
    endloop
  endfacet
  facet normal 0 0 -1
    outer loop
      vertex 8.94447 25.4135 5
      vertex 18.35 64 5
      vertex 9.20208 25.2021 5
    endloop
  endfacet
  facet normal 0 0 -1
    outer loop
      vertex 8.65056 25.5706 5
      vertex 18.35 64 5
      vertex 8.94447 25.4135 5
    endloop
  endfacet
  facet normal 0 0 -1
    outer loop
      vertex 8.33165 25.6673 5
      vertex 18.35 64 5
      vertex 8.65056 25.5706 5
    endloop
  endfacet
  facet normal 0 0 -1
    outer loop
      vertex 8 25.7 5
      vertex 18.35 64 5
      vertex 8.33165 25.6673 5
    endloop
  endfacet
  facet normal 0 0 -1
    outer loop
      vertex 0 64 5
      vertex 8 25.7 5
      vertex 7.66835 25.6673 5
    endloop
  endfacet
  facet normal 0 0 -1
    outer loop
      vertex 0 64 5
      vertex 7.66835 25.6673 5
      vertex 7.34944 25.5706 5
    endloop
  endfacet
  facet normal 0 0 -1
    outer loop
      vertex 0 64 5
      vertex 7.34944 25.5706 5
      vertex 7.05553 25.4135 5
    endloop
  endfacet
  facet normal 0 0 -1
    outer loop
      vertex 0 64 5
      vertex 7.05553 25.4135 5
      vertex 6.79792 25.2021 5
    endloop
  endfacet
  facet normal 0 0 -1
    outer loop
      vertex 0 64 5
      vertex 6.79792 25.2021 5
      vertex 6.5865 24.9445 5
    endloop
  endfacet
  facet normal 0 0 -1
    outer loop
      vertex 0 64 5
      vertex 6.5865 24.9445 5
      vertex 6.42941 24.6506 5
    endloop
  endfacet
  facet normal 0 0 -1
    outer loop
      vertex 0 64 5
      vertex 6.42941 24.6506 5
      vertex 6.33267 24.3317 5
    endloop
  endfacet
  facet normal 0 0 -1
    outer loop
      vertex 0 0 5
      vertex 6.33267 24.3317 5
      vertex 6.3 24 5
    endloop
  endfacet
  facet normal 0 0 -1
    outer loop
      vertex 8 25.7 5
      vertex 0 64 5
      vertex 18.35 64 5
    endloop
  endfacet
  facet normal 0 0 -1
    outer loop
      vertex 0 64 5
      vertex 6.33267 24.3317 5
      vertex 0 0 5
    endloop
  endfacet
  facet normal -0.0981221 0.995174 0
    outer loop
      vertex 8.33165 10.3327 5
      vertex 8 10.3 8
      vertex 8.33165 10.3327 8
    endloop
  endfacet
  facet normal -0.0981221 0.995174 0
    outer loop
      vertex 8 10.3 8
      vertex 8.33165 10.3327 5
      vertex 8 10.3 5
    endloop
  endfacet
  facet normal 0.772991 0.634417 0
    outer loop
      vertex 6.79792 10.7979 8
      vertex 6.5865 11.0555 5
      vertex 6.5865 11.0555 8
    endloop
  endfacet
  facet normal 0.772991 0.634417 0
    outer loop
      vertex 6.5865 11.0555 5
      vertex 6.79792 10.7979 8
      vertex 6.79792 10.7979 5
    endloop
  endfacet
  facet normal 0.956938 -0.290292 0
    outer loop
      vertex 6.33267 12.3317 8
      vertex 6.42941 12.6506 5
      vertex 6.42941 12.6506 8
    endloop
  endfacet
  facet normal 0.956938 -0.290292 0
    outer loop
      vertex 6.42941 12.6506 5
      vertex 6.33267 12.3317 8
      vertex 6.33267 12.3317 5
    endloop
  endfacet
  facet normal 0.995185 -0.0980183 0
    outer loop
      vertex 6.3 12 8
      vertex 6.33267 12.3317 5
      vertex 6.33267 12.3317 8
    endloop
  endfacet
  facet normal 0.995185 -0.0980183 0
    outer loop
      vertex 6.33267 12.3317 5
      vertex 6.3 12 8
      vertex 6.3 12 5
    endloop
  endfacet
  facet normal 0.881925 -0.47139 0
    outer loop
      vertex 6.42941 12.6506 8
      vertex 6.5865 12.9445 5
      vertex 6.5865 12.9445 8
    endloop
  endfacet
  facet normal 0.881925 -0.47139 0
    outer loop
      vertex 6.5865 12.9445 5
      vertex 6.42941 12.6506 8
      vertex 6.42941 12.6506 5
    endloop
  endfacet
  facet normal -0.881912 0.471413 0
    outer loop
      vertex 9.4135 11.0555 5
      vertex 9.5706 11.3494 8
      vertex 9.5706 11.3494 5
    endloop
  endfacet
  facet normal -0.881912 0.471413 0
    outer loop
      vertex 9.5706 11.3494 8
      vertex 9.4135 11.0555 5
      vertex 9.4135 11.0555 8
    endloop
  endfacet
  facet normal 0.995185 0.0980183 0
    outer loop
      vertex 6.33267 11.6683 8
      vertex 6.3 12 5
      vertex 6.3 12 8
    endloop
  endfacet
  facet normal 0.995185 0.0980183 0
    outer loop
      vertex 6.3 12 5
      vertex 6.33267 11.6683 8
      vertex 6.33267 11.6683 5
    endloop
  endfacet
  facet normal 0.290174 0.956974 -0
    outer loop
      vertex 7.66835 10.3327 5
      vertex 7.34944 10.4294 8
      vertex 7.66835 10.3327 8
    endloop
  endfacet
  facet normal 0.290174 0.956974 0
    outer loop
      vertex 7.34944 10.4294 8
      vertex 7.66835 10.3327 5
      vertex 7.34944 10.4294 5
    endloop
  endfacet
  facet normal -0.995188 0.0979886 0
    outer loop
      vertex 9.66734 11.6683 5
      vertex 9.7 12 8
      vertex 9.7 12 5
    endloop
  endfacet
  facet normal -0.995188 0.0979886 0
    outer loop
      vertex 9.7 12 8
      vertex 9.66734 11.6683 5
      vertex 9.66734 11.6683 8
    endloop
  endfacet
  facet normal 0.0981221 -0.995174 0
    outer loop
      vertex 7.66835 13.6673 5
      vertex 8 13.7 8
      vertex 7.66835 13.6673 8
    endloop
  endfacet
  facet normal 0.0981221 -0.995174 0
    outer loop
      vertex 8 13.7 8
      vertex 7.66835 13.6673 5
      vertex 8 13.7 5
    endloop
  endfacet
  facet normal 0.956938 0.290292 0
    outer loop
      vertex 6.42941 11.3494 8
      vertex 6.33267 11.6683 5
      vertex 6.33267 11.6683 8
    endloop
  endfacet
  facet normal 0.956938 0.290292 0
    outer loop
      vertex 6.33267 11.6683 5
      vertex 6.42941 11.3494 8
      vertex 6.42941 11.3494 5
    endloop
  endfacet
  facet normal -0.290174 0.956974 0
    outer loop
      vertex 8.65056 10.4294 5
      vertex 8.33165 10.3327 8
      vertex 8.65056 10.4294 8
    endloop
  endfacet
  facet normal -0.290174 0.956974 0
    outer loop
      vertex 8.33165 10.3327 8
      vertex 8.65056 10.4294 5
      vertex 8.33165 10.3327 5
    endloop
  endfacet
  facet normal -0.995188 -0.0979886 0
    outer loop
      vertex 9.7 12 5
      vertex 9.66734 12.3317 8
      vertex 9.66734 12.3317 5
    endloop
  endfacet
  facet normal -0.995188 -0.0979886 0
    outer loop
      vertex 9.66734 12.3317 8
      vertex 9.7 12 5
      vertex 9.7 12 8
    endloop
  endfacet
  facet normal 0.290174 -0.956974 0
    outer loop
      vertex 7.34944 13.5706 5
      vertex 7.66835 13.6673 8
      vertex 7.34944 13.5706 8
    endloop
  endfacet
  facet normal 0.290174 -0.956974 0
    outer loop
      vertex 7.66835 13.6673 8
      vertex 7.34944 13.5706 5
      vertex 7.66835 13.6673 5
    endloop
  endfacet
  facet normal -0.0981221 -0.995174 0
    outer loop
      vertex 8 13.7 5
      vertex 8.33165 13.6673 8
      vertex 8 13.7 8
    endloop
  endfacet
  facet normal -0.0981221 -0.995174 -0
    outer loop
      vertex 8.33165 13.6673 8
      vertex 8 13.7 5
      vertex 8.33165 13.6673 5
    endloop
  endfacet
  facet normal -0.956938 -0.290292 0
    outer loop
      vertex 9.66734 12.3317 5
      vertex 9.5706 12.6506 8
      vertex 9.5706 12.6506 5
    endloop
  endfacet
  facet normal -0.956938 -0.290292 0
    outer loop
      vertex 9.5706 12.6506 8
      vertex 9.66734 12.3317 5
      vertex 9.66734 12.3317 8
    endloop
  endfacet
  facet normal -0.634366 -0.773033 0
    outer loop
      vertex 8.94447 13.4135 5
      vertex 9.20208 13.2021 8
      vertex 8.94447 13.4135 8
    endloop
  endfacet
  facet normal -0.634366 -0.773033 -0
    outer loop
      vertex 9.20208 13.2021 8
      vertex 8.94447 13.4135 5
      vertex 9.20208 13.2021 5
    endloop
  endfacet
  facet normal 0.772991 -0.634417 0
    outer loop
      vertex 6.5865 12.9445 8
      vertex 6.79792 13.2021 5
      vertex 6.79792 13.2021 8
    endloop
  endfacet
  facet normal 0.772991 -0.634417 0
    outer loop
      vertex 6.79792 13.2021 5
      vertex 6.5865 12.9445 8
      vertex 6.5865 12.9445 5
    endloop
  endfacet
  facet normal -0.471401 -0.881919 0
    outer loop
      vertex 8.65056 13.5706 5
      vertex 8.94447 13.4135 8
      vertex 8.65056 13.5706 8
    endloop
  endfacet
  facet normal -0.471401 -0.881919 -0
    outer loop
      vertex 8.94447 13.4135 8
      vertex 8.65056 13.5706 5
      vertex 8.94447 13.4135 5
    endloop
  endfacet
  facet normal 0.471401 0.881919 -0
    outer loop
      vertex 7.34944 10.4294 5
      vertex 7.05553 10.5865 8
      vertex 7.34944 10.4294 8
    endloop
  endfacet
  facet normal 0.471401 0.881919 0
    outer loop
      vertex 7.05553 10.5865 8
      vertex 7.34944 10.4294 5
      vertex 7.05553 10.5865 5
    endloop
  endfacet
  facet normal 0.881925 0.47139 0
    outer loop
      vertex 6.5865 11.0555 8
      vertex 6.42941 11.3494 5
      vertex 6.42941 11.3494 8
    endloop
  endfacet
  facet normal 0.881925 0.47139 0
    outer loop
      vertex 6.42941 11.3494 5
      vertex 6.5865 11.0555 8
      vertex 6.5865 11.0555 5
    endloop
  endfacet
  facet normal 0.634366 -0.773033 0
    outer loop
      vertex 6.79792 13.2021 5
      vertex 7.05553 13.4135 8
      vertex 6.79792 13.2021 8
    endloop
  endfacet
  facet normal 0.634366 -0.773033 0
    outer loop
      vertex 7.05553 13.4135 8
      vertex 6.79792 13.2021 5
      vertex 7.05553 13.4135 5
    endloop
  endfacet
  facet normal 0.634366 0.773033 -0
    outer loop
      vertex 7.05553 10.5865 5
      vertex 6.79792 10.7979 8
      vertex 7.05553 10.5865 8
    endloop
  endfacet
  facet normal 0.634366 0.773033 0
    outer loop
      vertex 6.79792 10.7979 8
      vertex 7.05553 10.5865 5
      vertex 6.79792 10.7979 5
    endloop
  endfacet
  facet normal 0.471401 -0.881919 0
    outer loop
      vertex 7.05553 13.4135 5
      vertex 7.34944 13.5706 8
      vertex 7.05553 13.4135 8
    endloop
  endfacet
  facet normal 0.471401 -0.881919 0
    outer loop
      vertex 7.34944 13.5706 8
      vertex 7.05553 13.4135 5
      vertex 7.34944 13.5706 5
    endloop
  endfacet
  facet normal -0.290174 -0.956974 0
    outer loop
      vertex 8.33165 13.6673 5
      vertex 8.65056 13.5706 8
      vertex 8.33165 13.6673 8
    endloop
  endfacet
  facet normal -0.290174 -0.956974 -0
    outer loop
      vertex 8.65056 13.5706 8
      vertex 8.33165 13.6673 5
      vertex 8.65056 13.5706 5
    endloop
  endfacet
  facet normal 0.0981221 0.995174 -0
    outer loop
      vertex 8 10.3 5
      vertex 7.66835 10.3327 8
      vertex 8 10.3 8
    endloop
  endfacet
  facet normal 0.0981221 0.995174 0
    outer loop
      vertex 7.66835 10.3327 8
      vertex 8 10.3 5
      vertex 7.66835 10.3327 5
    endloop
  endfacet
  facet normal -0.956938 0.290292 0
    outer loop
      vertex 9.5706 11.3494 5
      vertex 9.66734 11.6683 8
      vertex 9.66734 11.6683 5
    endloop
  endfacet
  facet normal -0.956938 0.290292 0
    outer loop
      vertex 9.66734 11.6683 8
      vertex 9.5706 11.3494 5
      vertex 9.5706 11.3494 8
    endloop
  endfacet
  facet normal -0.772991 -0.634417 0
    outer loop
      vertex 9.4135 12.9445 5
      vertex 9.20208 13.2021 8
      vertex 9.20208 13.2021 5
    endloop
  endfacet
  facet normal -0.772991 -0.634417 0
    outer loop
      vertex 9.20208 13.2021 8
      vertex 9.4135 12.9445 5
      vertex 9.4135 12.9445 8
    endloop
  endfacet
  facet normal -0.772991 0.634417 0
    outer loop
      vertex 9.20208 10.7979 5
      vertex 9.4135 11.0555 8
      vertex 9.4135 11.0555 5
    endloop
  endfacet
  facet normal -0.772991 0.634417 0
    outer loop
      vertex 9.4135 11.0555 8
      vertex 9.20208 10.7979 5
      vertex 9.20208 10.7979 8
    endloop
  endfacet
  facet normal -0.634366 0.773033 0
    outer loop
      vertex 9.20208 10.7979 5
      vertex 8.94447 10.5865 8
      vertex 9.20208 10.7979 8
    endloop
  endfacet
  facet normal -0.634366 0.773033 0
    outer loop
      vertex 8.94447 10.5865 8
      vertex 9.20208 10.7979 5
      vertex 8.94447 10.5865 5
    endloop
  endfacet
  facet normal -0.471401 0.881919 0
    outer loop
      vertex 8.94447 10.5865 5
      vertex 8.65056 10.4294 8
      vertex 8.94447 10.5865 8
    endloop
  endfacet
  facet normal -0.471401 0.881919 0
    outer loop
      vertex 8.65056 10.4294 8
      vertex 8.94447 10.5865 5
      vertex 8.65056 10.4294 5
    endloop
  endfacet
  facet normal -0.881912 -0.471413 0
    outer loop
      vertex 9.5706 12.6506 5
      vertex 9.4135 12.9445 8
      vertex 9.4135 12.9445 5
    endloop
  endfacet
  facet normal -0.881912 -0.471413 0
    outer loop
      vertex 9.4135 12.9445 8
      vertex 9.5706 12.6506 5
      vertex 9.5706 12.6506 8
    endloop
  endfacet
  facet normal -0.0981221 0.995174 0
    outer loop
      vertex 8.33165 22.3327 5
      vertex 8 22.3 8
      vertex 8.33165 22.3327 8
    endloop
  endfacet
  facet normal -0.0981221 0.995174 0
    outer loop
      vertex 8 22.3 8
      vertex 8.33165 22.3327 5
      vertex 8 22.3 5
    endloop
  endfacet
  facet normal 0.772991 0.634417 0
    outer loop
      vertex 6.79792 22.7979 8
      vertex 6.5865 23.0555 5
      vertex 6.5865 23.0555 8
    endloop
  endfacet
  facet normal 0.772991 0.634417 0
    outer loop
      vertex 6.5865 23.0555 5
      vertex 6.79792 22.7979 8
      vertex 6.79792 22.7979 5
    endloop
  endfacet
  facet normal 0.956938 -0.290292 0
    outer loop
      vertex 6.33267 24.3317 8
      vertex 6.42941 24.6506 5
      vertex 6.42941 24.6506 8
    endloop
  endfacet
  facet normal 0.956938 -0.290292 0
    outer loop
      vertex 6.42941 24.6506 5
      vertex 6.33267 24.3317 8
      vertex 6.33267 24.3317 5
    endloop
  endfacet
  facet normal 0.995185 -0.0980183 0
    outer loop
      vertex 6.3 24 8
      vertex 6.33267 24.3317 5
      vertex 6.33267 24.3317 8
    endloop
  endfacet
  facet normal 0.995185 -0.0980183 0
    outer loop
      vertex 6.33267 24.3317 5
      vertex 6.3 24 8
      vertex 6.3 24 5
    endloop
  endfacet
  facet normal 0.881925 -0.47139 0
    outer loop
      vertex 6.42941 24.6506 8
      vertex 6.5865 24.9445 5
      vertex 6.5865 24.9445 8
    endloop
  endfacet
  facet normal 0.881925 -0.47139 0
    outer loop
      vertex 6.5865 24.9445 5
      vertex 6.42941 24.6506 8
      vertex 6.42941 24.6506 5
    endloop
  endfacet
  facet normal -0.881912 0.471413 0
    outer loop
      vertex 9.4135 23.0555 5
      vertex 9.5706 23.3494 8
      vertex 9.5706 23.3494 5
    endloop
  endfacet
  facet normal -0.881912 0.471413 0
    outer loop
      vertex 9.5706 23.3494 8
      vertex 9.4135 23.0555 5
      vertex 9.4135 23.0555 8
    endloop
  endfacet
  facet normal 0.995185 0.0980183 0
    outer loop
      vertex 6.33267 23.6683 8
      vertex 6.3 24 5
      vertex 6.3 24 8
    endloop
  endfacet
  facet normal 0.995185 0.0980183 0
    outer loop
      vertex 6.3 24 5
      vertex 6.33267 23.6683 8
      vertex 6.33267 23.6683 5
    endloop
  endfacet
  facet normal 0.290174 0.956974 -0
    outer loop
      vertex 7.66835 22.3327 5
      vertex 7.34944 22.4294 8
      vertex 7.66835 22.3327 8
    endloop
  endfacet
  facet normal 0.290174 0.956974 0
    outer loop
      vertex 7.34944 22.4294 8
      vertex 7.66835 22.3327 5
      vertex 7.34944 22.4294 5
    endloop
  endfacet
  facet normal -0.995188 0.0979886 0
    outer loop
      vertex 9.66734 23.6683 5
      vertex 9.7 24 8
      vertex 9.7 24 5
    endloop
  endfacet
  facet normal -0.995188 0.0979886 0
    outer loop
      vertex 9.7 24 8
      vertex 9.66734 23.6683 5
      vertex 9.66734 23.6683 8
    endloop
  endfacet
  facet normal 0.0981221 -0.995174 0
    outer loop
      vertex 7.66835 25.6673 5
      vertex 8 25.7 8
      vertex 7.66835 25.6673 8
    endloop
  endfacet
  facet normal 0.0981221 -0.995174 0
    outer loop
      vertex 8 25.7 8
      vertex 7.66835 25.6673 5
      vertex 8 25.7 5
    endloop
  endfacet
  facet normal 0.956938 0.290292 0
    outer loop
      vertex 6.42941 23.3494 8
      vertex 6.33267 23.6683 5
      vertex 6.33267 23.6683 8
    endloop
  endfacet
  facet normal 0.956938 0.290292 0
    outer loop
      vertex 6.33267 23.6683 5
      vertex 6.42941 23.3494 8
      vertex 6.42941 23.3494 5
    endloop
  endfacet
  facet normal -0.290174 0.956974 0
    outer loop
      vertex 8.65056 22.4294 5
      vertex 8.33165 22.3327 8
      vertex 8.65056 22.4294 8
    endloop
  endfacet
  facet normal -0.290174 0.956974 0
    outer loop
      vertex 8.33165 22.3327 8
      vertex 8.65056 22.4294 5
      vertex 8.33165 22.3327 5
    endloop
  endfacet
  facet normal -0.995188 -0.0979886 0
    outer loop
      vertex 9.7 24 5
      vertex 9.66734 24.3317 8
      vertex 9.66734 24.3317 5
    endloop
  endfacet
  facet normal -0.995188 -0.0979886 0
    outer loop
      vertex 9.66734 24.3317 8
      vertex 9.7 24 5
      vertex 9.7 24 8
    endloop
  endfacet
  facet normal 0.290174 -0.956974 0
    outer loop
      vertex 7.34944 25.5706 5
      vertex 7.66835 25.6673 8
      vertex 7.34944 25.5706 8
    endloop
  endfacet
  facet normal 0.290174 -0.956974 0
    outer loop
      vertex 7.66835 25.6673 8
      vertex 7.34944 25.5706 5
      vertex 7.66835 25.6673 5
    endloop
  endfacet
  facet normal -0.0981221 -0.995174 0
    outer loop
      vertex 8 25.7 5
      vertex 8.33165 25.6673 8
      vertex 8 25.7 8
    endloop
  endfacet
  facet normal -0.0981221 -0.995174 -0
    outer loop
      vertex 8.33165 25.6673 8
      vertex 8 25.7 5
      vertex 8.33165 25.6673 5
    endloop
  endfacet
  facet normal -0.956938 -0.290292 0
    outer loop
      vertex 9.66734 24.3317 5
      vertex 9.5706 24.6506 8
      vertex 9.5706 24.6506 5
    endloop
  endfacet
  facet normal -0.956938 -0.290292 0
    outer loop
      vertex 9.5706 24.6506 8
      vertex 9.66734 24.3317 5
      vertex 9.66734 24.3317 8
    endloop
  endfacet
  facet normal -0.634366 -0.773033 0
    outer loop
      vertex 8.94447 25.4135 5
      vertex 9.20208 25.2021 8
      vertex 8.94447 25.4135 8
    endloop
  endfacet
  facet normal -0.634366 -0.773033 -0
    outer loop
      vertex 9.20208 25.2021 8
      vertex 8.94447 25.4135 5
      vertex 9.20208 25.2021 5
    endloop
  endfacet
  facet normal 0.772991 -0.634417 0
    outer loop
      vertex 6.5865 24.9445 8
      vertex 6.79792 25.2021 5
      vertex 6.79792 25.2021 8
    endloop
  endfacet
  facet normal 0.772991 -0.634417 0
    outer loop
      vertex 6.79792 25.2021 5
      vertex 6.5865 24.9445 8
      vertex 6.5865 24.9445 5
    endloop
  endfacet
  facet normal -0.471401 -0.881919 0
    outer loop
      vertex 8.65056 25.5706 5
      vertex 8.94447 25.4135 8
      vertex 8.65056 25.5706 8
    endloop
  endfacet
  facet normal -0.471401 -0.881919 -0
    outer loop
      vertex 8.94447 25.4135 8
      vertex 8.65056 25.5706 5
      vertex 8.94447 25.4135 5
    endloop
  endfacet
  facet normal 0.471401 0.881919 -0
    outer loop
      vertex 7.34944 22.4294 5
      vertex 7.05553 22.5865 8
      vertex 7.34944 22.4294 8
    endloop
  endfacet
  facet normal 0.471401 0.881919 0
    outer loop
      vertex 7.05553 22.5865 8
      vertex 7.34944 22.4294 5
      vertex 7.05553 22.5865 5
    endloop
  endfacet
  facet normal 0.881925 0.47139 0
    outer loop
      vertex 6.5865 23.0555 8
      vertex 6.42941 23.3494 5
      vertex 6.42941 23.3494 8
    endloop
  endfacet
  facet normal 0.881925 0.47139 0
    outer loop
      vertex 6.42941 23.3494 5
      vertex 6.5865 23.0555 8
      vertex 6.5865 23.0555 5
    endloop
  endfacet
  facet normal 0.634366 -0.773033 0
    outer loop
      vertex 6.79792 25.2021 5
      vertex 7.05553 25.4135 8
      vertex 6.79792 25.2021 8
    endloop
  endfacet
  facet normal 0.634366 -0.773033 0
    outer loop
      vertex 7.05553 25.4135 8
      vertex 6.79792 25.2021 5
      vertex 7.05553 25.4135 5
    endloop
  endfacet
  facet normal 0.634366 0.773033 -0
    outer loop
      vertex 7.05553 22.5865 5
      vertex 6.79792 22.7979 8
      vertex 7.05553 22.5865 8
    endloop
  endfacet
  facet normal 0.634366 0.773033 0
    outer loop
      vertex 6.79792 22.7979 8
      vertex 7.05553 22.5865 5
      vertex 6.79792 22.7979 5
    endloop
  endfacet
  facet normal 0.471401 -0.881919 0
    outer loop
      vertex 7.05553 25.4135 5
      vertex 7.34944 25.5706 8
      vertex 7.05553 25.4135 8
    endloop
  endfacet
  facet normal 0.471401 -0.881919 0
    outer loop
      vertex 7.34944 25.5706 8
      vertex 7.05553 25.4135 5
      vertex 7.34944 25.5706 5
    endloop
  endfacet
  facet normal -0.290174 -0.956974 0
    outer loop
      vertex 8.33165 25.6673 5
      vertex 8.65056 25.5706 8
      vertex 8.33165 25.6673 8
    endloop
  endfacet
  facet normal -0.290174 -0.956974 -0
    outer loop
      vertex 8.65056 25.5706 8
      vertex 8.33165 25.6673 5
      vertex 8.65056 25.5706 5
    endloop
  endfacet
  facet normal 0.0981221 0.995174 -0
    outer loop
      vertex 8 22.3 5
      vertex 7.66835 22.3327 8
      vertex 8 22.3 8
    endloop
  endfacet
  facet normal 0.0981221 0.995174 0
    outer loop
      vertex 7.66835 22.3327 8
      vertex 8 22.3 5
      vertex 7.66835 22.3327 5
    endloop
  endfacet
  facet normal -0.956938 0.290292 0
    outer loop
      vertex 9.5706 23.3494 5
      vertex 9.66734 23.6683 8
      vertex 9.66734 23.6683 5
    endloop
  endfacet
  facet normal -0.956938 0.290292 0
    outer loop
      vertex 9.66734 23.6683 8
      vertex 9.5706 23.3494 5
      vertex 9.5706 23.3494 8
    endloop
  endfacet
  facet normal -0.772991 -0.634417 0
    outer loop
      vertex 9.4135 24.9445 5
      vertex 9.20208 25.2021 8
      vertex 9.20208 25.2021 5
    endloop
  endfacet
  facet normal -0.772991 -0.634417 0
    outer loop
      vertex 9.20208 25.2021 8
      vertex 9.4135 24.9445 5
      vertex 9.4135 24.9445 8
    endloop
  endfacet
  facet normal -0.772991 0.634417 0
    outer loop
      vertex 9.20208 22.7979 5
      vertex 9.4135 23.0555 8
      vertex 9.4135 23.0555 5
    endloop
  endfacet
  facet normal -0.772991 0.634417 0
    outer loop
      vertex 9.4135 23.0555 8
      vertex 9.20208 22.7979 5
      vertex 9.20208 22.7979 8
    endloop
  endfacet
  facet normal -0.634366 0.773033 0
    outer loop
      vertex 9.20208 22.7979 5
      vertex 8.94447 22.5865 8
      vertex 9.20208 22.7979 8
    endloop
  endfacet
  facet normal -0.634366 0.773033 0
    outer loop
      vertex 8.94447 22.5865 8
      vertex 9.20208 22.7979 5
      vertex 8.94447 22.5865 5
    endloop
  endfacet
  facet normal -0.471401 0.881919 0
    outer loop
      vertex 8.94447 22.5865 5
      vertex 8.65056 22.4294 8
      vertex 8.94447 22.5865 8
    endloop
  endfacet
  facet normal -0.471401 0.881919 0
    outer loop
      vertex 8.65056 22.4294 8
      vertex 8.94447 22.5865 5
      vertex 8.65056 22.4294 5
    endloop
  endfacet
  facet normal -0.881912 -0.471413 0
    outer loop
      vertex 9.5706 24.6506 5
      vertex 9.4135 24.9445 8
      vertex 9.4135 24.9445 5
    endloop
  endfacet
  facet normal -0.881912 -0.471413 0
    outer loop
      vertex 9.4135 24.9445 8
      vertex 9.5706 24.6506 5
      vertex 9.5706 24.6506 8
    endloop
  endfacet
endsolid OpenSCAD_Model
