solid OpenSCAD_Model
  facet normal 0 1 0
    outer loop
      vertex 54.7332 150.6 3.58853
      vertex 54.9638 150.6 2.8002
      vertex 54.7129 150.6 2.81884
    endloop
  endfacet
  facet normal 0 1 0
    outer loop
      vertex 55.5138 150.6 2.3632
      vertex 56.0394 150.6 2.95901
      vertex 56.2403 150.6 2.78834
    endloop
  endfacet
  facet normal 0 1 0
    outer loop
      vertex 55.7868 150.6 3.08673
      vertex 55.1695 150.6 2.74427
      vertex 54.9638 150.6 2.8002
    endloop
  endfacet
  facet normal 0 1 0
    outer loop
      vertex 55.7868 150.6 3.08673
      vertex 55.33 150.6 2.65104
      vertex 55.1695 150.6 2.74427
    endloop
  endfacet
  facet normal 0 1 0
    outer loop
      vertex 55.5138 150.6 2.3632
      vertex 56.2403 150.6 2.78834
      vertex 56.3863 150.6 2.5785
    endloop
  endfacet
  facet normal 0 1 0
    outer loop
      vertex 55.7868 150.6 3.08673
      vertex 55.4449 150.6 2.52313
      vertex 55.33 150.6 2.65104
    endloop
  endfacet
  facet normal 0 1 0
    outer loop
      vertex 56.0394 150.6 2.95901
      vertex 55.5138 150.6 2.3632
      vertex 55.4449 150.6 2.52313
    endloop
  endfacet
  facet normal 0 1 0
    outer loop
      vertex 55.5368 150.6 2.17125
      vertex 56.3863 150.6 2.5785
      vertex 56.4739 150.6 2.33325
    endloop
  endfacet
  facet normal 0 1 0
    outer loop
      vertex 56.3863 150.6 2.5785
      vertex 55.5368 150.6 2.17125
      vertex 55.5138 150.6 2.3632
    endloop
  endfacet
  facet normal 0 1 0
    outer loop
      vertex 56.5031 150.6 2.05259
      vertex 55.5368 150.6 2.17125
      vertex 56.4739 150.6 2.33325
    endloop
  endfacet
  facet normal 0 1 0
    outer loop
      vertex 56.5031 150.6 2.05259
      vertex 55.5186 150.6 1.98874
      vertex 55.5368 150.6 2.17125
    endloop
  endfacet
  facet normal 0 1 -0
    outer loop
      vertex 56.4562 150.6 1.68359
      vertex 55.5186 150.6 1.98874
      vertex 56.5031 150.6 2.05259
    endloop
  endfacet
  facet normal 0 1 0
    outer loop
      vertex 55.5186 150.6 1.98874
      vertex 56.4562 150.6 1.68359
      vertex 55.4637 150.6 1.83447
    endloop
  endfacet
  facet normal 0 1 -0
    outer loop
      vertex 56.3155 150.6 1.37222
      vertex 55.4637 150.6 1.83447
      vertex 56.4562 150.6 1.68359
    endloop
  endfacet
  facet normal 0 1 -0
    outer loop
      vertex 56.081 150.6 1.1185
      vertex 55.4637 150.6 1.83447
      vertex 56.3155 150.6 1.37222
    endloop
  endfacet
  facet normal 0 1 0
    outer loop
      vertex 55.4637 150.6 1.83447
      vertex 56.081 150.6 1.1185
      vertex 55.3724 150.6 1.70845
    endloop
  endfacet
  facet normal 0 1 -0
    outer loop
      vertex 55.7632 150.6 0.931057
      vertex 55.3724 150.6 1.70845
      vertex 56.081 150.6 1.1185
    endloop
  endfacet
  facet normal 0 1 0
    outer loop
      vertex 55.3724 150.6 1.70845
      vertex 55.7632 150.6 0.931057
      vertex 55.246 150.6 1.6152
    endloop
  endfacet
  facet normal 0 1 -0
    outer loop
      vertex 55.3727 150.6 0.818584
      vertex 55.246 150.6 1.6152
      vertex 55.7632 150.6 0.931057
    endloop
  endfacet
  facet normal -0 1 0
    outer loop
      vertex 54.4691 150.6 0.819897
      vertex 54.8926 150.6 1.5406
      vertex 54.9095 150.6 0.781094
    endloop
  endfacet
  facet normal 0 1 0
    outer loop
      vertex 55.246 150.6 1.6152
      vertex 55.3727 150.6 0.818584
      vertex 55.0861 150.6 1.55925
    endloop
  endfacet
  facet normal -0 1 0
    outer loop
      vertex 54.0882 150.6 0.936321
      vertex 54.8926 150.6 1.5406
      vertex 54.4691 150.6 0.819897
    endloop
  endfacet
  facet normal 0 1 0
    outer loop
      vertex 54.9095 150.6 0.781094
      vertex 55.0861 150.6 1.55925
      vertex 55.3727 150.6 0.818584
    endloop
  endfacet
  facet normal -0 1 0
    outer loop
      vertex 53.7669 150.6 1.13034
      vertex 54.8926 150.6 1.5406
      vertex 54.0882 150.6 0.936321
    endloop
  endfacet
  facet normal 0 1 0
    outer loop
      vertex 55.0861 150.6 1.55925
      vertex 54.9095 150.6 0.781094
      vertex 54.8926 150.6 1.5406
    endloop
  endfacet
  facet normal 0 1 0
    outer loop
      vertex 54.8926 150.6 1.5406
      vertex 53.7669 150.6 1.13034
      vertex 53.5156 150.6 1.39291
    endloop
  endfacet
  facet normal 0 1 0
    outer loop
      vertex 54.9299 150.6 5.70768
      vertex 55.1378 150.6 4.91575
      vertex 54.9265 150.6 4.93458
    endloop
  endfacet
  facet normal 0 1 0
    outer loop
      vertex 56.1844 150.6 5.34147
      vertex 55.3153 150.6 4.85925
      vertex 55.1378 150.6 4.91575
    endloop
  endfacet
  facet normal 0 1 0
    outer loop
      vertex 56.1844 150.6 5.34147
      vertex 55.4588 150.6 4.76507
      vertex 55.3153 150.6 4.85925
    endloop
  endfacet
  facet normal 0 1 0
    outer loop
      vertex 55.6276 150.6 4.45915
      vertex 56.4293 150.6 5.06344
      vertex 56.5762 150.6 4.71759
    endloop
  endfacet
  facet normal 0 1 0
    outer loop
      vertex 56.1844 150.6 5.34147
      vertex 55.5643 150.6 4.63208
      vertex 55.4588 150.6 4.76507
    endloop
  endfacet
  facet normal 0 1 0
    outer loop
      vertex 56.4293 150.6 5.06344
      vertex 55.6276 150.6 4.45915
      vertex 55.5643 150.6 4.63208
    endloop
  endfacet
  facet normal 0 1 0
    outer loop
      vertex 56.6252 150.6 4.30394
      vertex 55.6276 150.6 4.45915
      vertex 56.5762 150.6 4.71759
    endloop
  endfacet
  facet normal 0 1 0
    outer loop
      vertex 56.6252 150.6 4.30394
      vertex 55.6487 150.6 4.24627
      vertex 55.6276 150.6 4.45915
    endloop
  endfacet
  facet normal 0 1 -0
    outer loop
      vertex 56.5922 150.6 4.0148
      vertex 55.6487 150.6 4.24627
      vertex 56.6252 150.6 4.30394
    endloop
  endfacet
  facet normal 0 1 0
    outer loop
      vertex 55.6487 150.6 4.24627
      vertex 56.5922 150.6 4.0148
      vertex 55.6231 150.6 4.0504
    endloop
  endfacet
  facet normal 0 1 -0
    outer loop
      vertex 56.4933 150.6 3.76222
      vertex 55.6231 150.6 4.0504
      vertex 56.5922 150.6 4.0148
    endloop
  endfacet
  facet normal 0 1 -0
    outer loop
      vertex 56.3285 150.6 3.54618
      vertex 55.6231 150.6 4.0504
      vertex 56.4933 150.6 3.76222
    endloop
  endfacet
  facet normal 0 1 0
    outer loop
      vertex 55.6231 150.6 4.0504
      vertex 56.3285 150.6 3.54618
      vertex 55.5462 150.6 3.88766
    endloop
  endfacet
  facet normal 0 1 -0
    outer loop
      vertex 56.1026 150.6 3.37419
      vertex 55.5462 150.6 3.88766
      vertex 56.3285 150.6 3.54618
    endloop
  endfacet
  facet normal 0 1 -0
    outer loop
      vertex 55.8207 150.6 3.25381
      vertex 55.5462 150.6 3.88766
      vertex 56.1026 150.6 3.37419
    endloop
  endfacet
  facet normal 0 1 0
    outer loop
      vertex 55.5462 150.6 3.88766
      vertex 55.8207 150.6 3.25381
      vertex 55.4181 150.6 3.75808
    endloop
  endfacet
  facet normal 0 1 -0
    outer loop
      vertex 55.4826 150.6 3.18504
      vertex 55.4181 150.6 3.75808
      vertex 55.8207 150.6 3.25381
    endloop
  endfacet
  facet normal 0 1 0
    outer loop
      vertex 55.4181 150.6 3.75808
      vertex 55.4826 150.6 3.18504
      vertex 55.2396 150.6 3.66389
    endloop
  endfacet
  facet normal 0 1 0
    outer loop
      vertex 55.2396 150.6 3.66389
      vertex 55.4826 150.6 3.18504
      vertex 55.0113 150.6 3.60737
    endloop
  endfacet
  facet normal 0 1 0
    outer loop
      vertex 54.9638 150.6 2.8002
      vertex 55.4826 150.6 3.18504
      vertex 55.4826 150.6 3.17149
    endloop
  endfacet
  facet normal 0 1 -0
    outer loop
      vertex 54.9638 150.6 2.8002
      vertex 54.7332 150.6 3.58853
      vertex 55.0113 150.6 3.60737
    endloop
  endfacet
  facet normal 0 1 0
    outer loop
      vertex 55.4826 150.6 3.18504
      vertex 54.9638 150.6 2.8002
      vertex 55.0113 150.6 3.60737
    endloop
  endfacet
  facet normal 0 1 0
    outer loop
      vertex 55.4449 150.6 2.52313
      vertex 55.7868 150.6 3.08673
      vertex 56.0394 150.6 2.95901
    endloop
  endfacet
  facet normal 0 1 0
    outer loop
      vertex 54.9638 150.6 2.8002
      vertex 55.4826 150.6 3.17149
      vertex 55.7868 150.6 3.08673
    endloop
  endfacet
  facet normal 0 1 0
    outer loop
      vertex 54.7332 150.6 3.58853
      vertex 54.7129 150.6 2.81884
      vertex 54.4009 150.6 3.58853
    endloop
  endfacet
  facet normal 0 1 0
    outer loop
      vertex 54.4009 150.6 3.58853
      vertex 54.7129 150.6 2.81884
      vertex 54.4009 150.6 2.81884
    endloop
  endfacet
  facet normal 0 1 -0
    outer loop
      vertex 55.1378 150.6 4.91575
      vertex 54.9299 150.6 5.70768
      vertex 55.4309 150.6 5.66699
    endloop
  endfacet
  facet normal 0 1 0
    outer loop
      vertex 54.9299 150.6 5.70768
      vertex 54.9265 150.6 4.93458
      vertex 54.4518 150.6 5.66832
    endloop
  endfacet
  facet normal 0 1 0
    outer loop
      vertex 55.1378 150.6 4.91575
      vertex 55.4309 150.6 5.66699
      vertex 55.8491 150.6 5.54492
    endloop
  endfacet
  facet normal 0 1 -0
    outer loop
      vertex 54.5321 150.6 4.8581
      vertex 54.4518 150.6 5.66832
      vertex 54.9265 150.6 4.93458
    endloop
  endfacet
  facet normal 0 1 0
    outer loop
      vertex 55.1378 150.6 4.91575
      vertex 55.8491 150.6 5.54492
      vertex 56.1844 150.6 5.34147
    endloop
  endfacet
  facet normal 0 1 0
    outer loop
      vertex 54.4518 150.6 5.66832
      vertex 54.5321 150.6 4.8581
      vertex 54.0438 150.6 5.55021
    endloop
  endfacet
  facet normal 0 1 0
    outer loop
      vertex 55.5643 150.6 4.63208
      vertex 56.1844 150.6 5.34147
      vertex 56.4293 150.6 5.06344
    endloop
  endfacet
  facet normal 0 1 -0
    outer loop
      vertex 54.271 150.6 4.62867
      vertex 54.0438 150.6 5.55021
      vertex 54.5321 150.6 4.8581
    endloop
  endfacet
  facet normal 0 1 0
    outer loop
      vertex 54.0438 150.6 5.55021
      vertex 54.271 150.6 4.62867
      vertex 53.7059 150.6 5.35337
    endloop
  endfacet
  facet normal 0 1 0
    outer loop
      vertex 53.7059 150.6 5.35337
      vertex 54.271 150.6 4.62867
      vertex 53.4448 150.6 5.0823
    endloop
  endfacet
  facet normal 0 1 0
    outer loop
      vertex 53.4448 150.6 5.0823
      vertex 54.271 150.6 4.62867
      vertex 53.2674 150.6 4.74153
    endloop
  endfacet
  facet normal 0 1 -0
    outer loop
      vertex 54.1433 150.6 4.24627
      vertex 53.2674 150.6 4.74153
      vertex 54.271 150.6 4.62867
    endloop
  endfacet
  facet normal 0 1 0
    outer loop
      vertex 53.2674 150.6 4.74153
      vertex 54.1433 150.6 4.24627
      vertex 53.1735 150.6 4.33108
    endloop
  endfacet
  facet normal 0 1 0
    outer loop
      vertex 53.345 150.6 1.71501
      vertex 54.2077 150.6 2.1645
      vertex 54.2429 150.6 1.98063
    endloop
  endfacet
  facet normal 0 1 0
    outer loop
      vertex 53.5156 150.6 1.39291
      vertex 54.2429 150.6 1.98063
      vertex 54.3124 150.6 1.82692
    endloop
  endfacet
  facet normal 0 1 0
    outer loop
      vertex 54.2077 150.6 2.1645
      vertex 53.345 150.6 1.71501
      vertex 53.2549 150.6 2.09665
    endloop
  endfacet
  facet normal 0 1 0
    outer loop
      vertex 53.5156 150.6 1.39291
      vertex 54.3124 150.6 1.82692
      vertex 54.4162 150.6 1.70335
    endloop
  endfacet
  facet normal 0 1 0
    outer loop
      vertex 53.5156 150.6 1.39291
      vertex 54.4162 150.6 1.70335
      vertex 54.5498 150.6 1.61293
    endloop
  endfacet
  facet normal 0 1 0
    outer loop
      vertex 53.5156 150.6 1.39291
      vertex 54.5498 150.6 1.61293
      vertex 54.7085 150.6 1.55868
    endloop
  endfacet
  facet normal 0 1 0
    outer loop
      vertex 54.2429 150.6 1.98063
      vertex 53.5156 150.6 1.39291
      vertex 53.345 150.6 1.71501
    endloop
  endfacet
  facet normal 0 1 0
    outer loop
      vertex 53.5156 150.6 1.39291
      vertex 54.7085 150.6 1.55868
      vertex 54.8926 150.6 1.5406
    endloop
  endfacet
  facet normal 0.280201 0 0.959941
    outer loop
      vertex 55.4309 150.6 5.66699
      vertex 55.8491 150 5.54492
      vertex 55.8491 150.6 5.54492
    endloop
  endfacet
  facet normal 0.280201 0 0.959941
    outer loop
      vertex 55.8491 150 5.54492
      vertex 55.4309 150.6 5.66699
      vertex 55.4309 150 5.66699
    endloop
  endfacet
  facet normal 0.518745 0 0.854929
    outer loop
      vertex 55.8491 150.6 5.54492
      vertex 56.1844 150 5.34147
      vertex 56.1844 150.6 5.34147
    endloop
  endfacet
  facet normal 0.518745 0 0.854929
    outer loop
      vertex 56.1844 150 5.34147
      vertex 55.8491 150.6 5.54492
      vertex 55.8491 150 5.54492
    endloop
  endfacet
  facet normal 0.750401 -0 0.660983
    outer loop
      vertex 56.1844 150 5.34147
      vertex 56.4293 150.6 5.06344
      vertex 56.1844 150.6 5.34147
    endloop
  endfacet
  facet normal 0.750401 0 0.660983
    outer loop
      vertex 56.4293 150.6 5.06344
      vertex 56.1844 150 5.34147
      vertex 56.4293 150 5.06344
    endloop
  endfacet
  facet normal 0.920414 -0 0.390946
    outer loop
      vertex 56.4293 150 5.06344
      vertex 56.5762 150.6 4.71759
      vertex 56.4293 150.6 5.06344
    endloop
  endfacet
  facet normal 0.920414 0 0.390946
    outer loop
      vertex 56.5762 150.6 4.71759
      vertex 56.4293 150 5.06344
      vertex 56.5762 150 4.71759
    endloop
  endfacet
  facet normal 0.993057 -0 0.117635
    outer loop
      vertex 56.5762 150 4.71759
      vertex 56.6252 150.6 4.30394
      vertex 56.5762 150.6 4.71759
    endloop
  endfacet
  facet normal 0.993057 0 0.117635
    outer loop
      vertex 56.6252 150.6 4.30394
      vertex 56.5762 150 4.71759
      vertex 56.6252 150 4.30394
    endloop
  endfacet
  facet normal 0.99355 0 -0.113395
    outer loop
      vertex 56.6252 150 4.30394
      vertex 56.5922 150.6 4.0148
      vertex 56.6252 150.6 4.30394
    endloop
  endfacet
  facet normal 0.99355 0 -0.113395
    outer loop
      vertex 56.5922 150.6 4.0148
      vertex 56.6252 150 4.30394
      vertex 56.5922 150 4.0148
    endloop
  endfacet
  facet normal 0.931162 0 -0.364605
    outer loop
      vertex 56.5922 150 4.0148
      vertex 56.4933 150.6 3.76222
      vertex 56.5922 150.6 4.0148
    endloop
  endfacet
  facet normal 0.931162 0 -0.364605
    outer loop
      vertex 56.4933 150.6 3.76222
      vertex 56.5922 150 4.0148
      vertex 56.4933 150 3.76222
    endloop
  endfacet
  facet normal 0.79508 0 -0.606504
    outer loop
      vertex 56.4933 150 3.76222
      vertex 56.3285 150.6 3.54618
      vertex 56.4933 150.6 3.76222
    endloop
  endfacet
  facet normal 0.79508 0 -0.606504
    outer loop
      vertex 56.3285 150.6 3.54618
      vertex 56.4933 150 3.76222
      vertex 56.3285 150 3.54618
    endloop
  endfacet
  facet normal 0.605766 0 -0.795643
    outer loop
      vertex 56.1026 150 3.37419
      vertex 56.3285 150.6 3.54618
      vertex 56.3285 150 3.54618
    endloop
  endfacet
  facet normal 0.605766 0 -0.795643
    outer loop
      vertex 56.3285 150.6 3.54618
      vertex 56.1026 150 3.37419
      vertex 56.1026 150.6 3.37419
    endloop
  endfacet
  facet normal 0.392722 0 -0.919657
    outer loop
      vertex 55.8207 150 3.25381
      vertex 56.1026 150.6 3.37419
      vertex 56.1026 150 3.37419
    endloop
  endfacet
  facet normal 0.392722 0 -0.919657
    outer loop
      vertex 56.1026 150.6 3.37419
      vertex 55.8207 150 3.25381
      vertex 55.8207 150.6 3.25381
    endloop
  endfacet
  facet normal 0.19932 0 -0.979934
    outer loop
      vertex 55.4826 150 3.18504
      vertex 55.8207 150.6 3.25381
      vertex 55.8207 150 3.25381
    endloop
  endfacet
  facet normal 0.19932 0 -0.979934
    outer loop
      vertex 55.8207 150.6 3.25381
      vertex 55.4826 150 3.18504
      vertex 55.4826 150.6 3.18504
    endloop
  endfacet
  facet normal 1 -0 0
    outer loop
      vertex 55.4826 150 3.18504
      vertex 55.4826 150.6 3.17149
      vertex 55.4826 150.6 3.18504
    endloop
  endfacet
  facet normal 1 0 0
    outer loop
      vertex 55.4826 150.6 3.17149
      vertex 55.4826 150 3.18504
      vertex 55.4826 150 3.17149
    endloop
  endfacet
  facet normal 0.268408 0 0.963305
    outer loop
      vertex 55.4826 150.6 3.17149
      vertex 55.7868 150 3.08673
      vertex 55.7868 150.6 3.08673
    endloop
  endfacet
  facet normal 0.268408 0 0.963305
    outer loop
      vertex 55.7868 150 3.08673
      vertex 55.4826 150.6 3.17149
      vertex 55.4826 150 3.17149
    endloop
  endfacet
  facet normal 0.451222 0 0.892411
    outer loop
      vertex 55.7868 150.6 3.08673
      vertex 56.0394 150 2.95901
      vertex 56.0394 150.6 2.95901
    endloop
  endfacet
  facet normal 0.451222 0 0.892411
    outer loop
      vertex 56.0394 150 2.95901
      vertex 55.7868 150.6 3.08673
      vertex 55.7868 150 3.08673
    endloop
  endfacet
  facet normal 0.647439 0 0.762117
    outer loop
      vertex 56.0394 150.6 2.95901
      vertex 56.2403 150 2.78834
      vertex 56.2403 150.6 2.78834
    endloop
  endfacet
  facet normal 0.647439 0 0.762117
    outer loop
      vertex 56.2403 150 2.78834
      vertex 56.0394 150.6 2.95901
      vertex 56.0394 150 2.95901
    endloop
  endfacet
  facet normal 0.820861 -0 0.571129
    outer loop
      vertex 56.2403 150 2.78834
      vertex 56.3863 150.6 2.5785
      vertex 56.2403 150.6 2.78834
    endloop
  endfacet
  facet normal 0.820861 0 0.571129
    outer loop
      vertex 56.3863 150.6 2.5785
      vertex 56.2403 150 2.78834
      vertex 56.3863 150 2.5785
    endloop
  endfacet
  facet normal 0.941729 -0 0.336373
    outer loop
      vertex 56.3863 150 2.5785
      vertex 56.4739 150.6 2.33325
      vertex 56.3863 150.6 2.5785
    endloop
  endfacet
  facet normal 0.941729 0 0.336373
    outer loop
      vertex 56.4739 150.6 2.33325
      vertex 56.3863 150 2.5785
      vertex 56.4739 150 2.33325
    endloop
  endfacet
  facet normal 0.994631 -0 0.103482
    outer loop
      vertex 56.4739 150 2.33325
      vertex 56.5031 150.6 2.05259
      vertex 56.4739 150.6 2.33325
    endloop
  endfacet
  facet normal 0.994631 0 0.103482
    outer loop
      vertex 56.5031 150.6 2.05259
      vertex 56.4739 150 2.33325
      vertex 56.5031 150 2.05259
    endloop
  endfacet
  facet normal 0.992019 0 -0.126086
    outer loop
      vertex 56.5031 150 2.05259
      vertex 56.4562 150.6 1.68359
      vertex 56.5031 150.6 2.05259
    endloop
  endfacet
  facet normal 0.992019 0 -0.126086
    outer loop
      vertex 56.4562 150.6 1.68359
      vertex 56.5031 150 2.05259
      vertex 56.4562 150 1.68359
    endloop
  endfacet
  facet normal 0.911281 0 -0.411784
    outer loop
      vertex 56.4562 150 1.68359
      vertex 56.3155 150.6 1.37222
      vertex 56.4562 150.6 1.68359
    endloop
  endfacet
  facet normal 0.911281 0 -0.411784
    outer loop
      vertex 56.3155 150.6 1.37222
      vertex 56.4562 150 1.68359
      vertex 56.3155 150 1.37222
    endloop
  endfacet
  facet normal 0.734375 0 -0.678744
    outer loop
      vertex 56.3155 150 1.37222
      vertex 56.081 150.6 1.1185
      vertex 56.3155 150.6 1.37222
    endloop
  endfacet
  facet normal 0.734375 0 -0.678744
    outer loop
      vertex 56.081 150.6 1.1185
      vertex 56.3155 150 1.37222
      vertex 56.081 150 1.1185
    endloop
  endfacet
  facet normal 0.50803 0 -0.861339
    outer loop
      vertex 55.7632 150 0.931057
      vertex 56.081 150.6 1.1185
      vertex 56.081 150 1.1185
    endloop
  endfacet
  facet normal 0.50803 0 -0.861339
    outer loop
      vertex 56.081 150.6 1.1185
      vertex 55.7632 150 0.931057
      vertex 55.7632 150.6 0.931057
    endloop
  endfacet
  facet normal 0.276772 0 -0.960936
    outer loop
      vertex 55.3727 150 0.818584
      vertex 55.7632 150.6 0.931057
      vertex 55.7632 150 0.931057
    endloop
  endfacet
  facet normal 0.276772 0 -0.960936
    outer loop
      vertex 55.7632 150.6 0.931057
      vertex 55.3727 150 0.818584
      vertex 55.3727 150.6 0.818584
    endloop
  endfacet
  facet normal 0.0806732 0 -0.996741
    outer loop
      vertex 54.9095 150 0.781094
      vertex 55.3727 150.6 0.818584
      vertex 55.3727 150 0.818584
    endloop
  endfacet
  facet normal 0.0806732 0 -0.996741
    outer loop
      vertex 55.3727 150.6 0.818584
      vertex 54.9095 150 0.781094
      vertex 54.9095 150.6 0.781094
    endloop
  endfacet
  facet normal -0.0877685 0 -0.996141
    outer loop
      vertex 54.4691 150 0.819897
      vertex 54.9095 150.6 0.781094
      vertex 54.9095 150 0.781094
    endloop
  endfacet
  facet normal -0.0877685 0 -0.996141
    outer loop
      vertex 54.9095 150.6 0.781094
      vertex 54.4691 150 0.819897
      vertex 54.4691 150.6 0.819897
    endloop
  endfacet
  facet normal -0.292306 0 -0.956325
    outer loop
      vertex 54.0882 150 0.936321
      vertex 54.4691 150.6 0.819897
      vertex 54.4691 150 0.819897
    endloop
  endfacet
  facet normal -0.292306 0 -0.956325
    outer loop
      vertex 54.4691 150.6 0.819897
      vertex 54.0882 150 0.936321
      vertex 54.0882 150.6 0.936321
    endloop
  endfacet
  facet normal -0.516921 0 -0.856033
    outer loop
      vertex 53.7669 150 1.13034
      vertex 54.0882 150.6 0.936321
      vertex 54.0882 150 0.936321
    endloop
  endfacet
  facet normal -0.516921 0 -0.856033
    outer loop
      vertex 54.0882 150.6 0.936321
      vertex 53.7669 150 1.13034
      vertex 53.7669 150.6 1.13034
    endloop
  endfacet
  facet normal -0.722441 0 -0.691433
    outer loop
      vertex 53.7669 150 1.13034
      vertex 53.5156 150.6 1.39291
      vertex 53.7669 150.6 1.13034
    endloop
  endfacet
  facet normal -0.722441 -0 -0.691433
    outer loop
      vertex 53.5156 150.6 1.39291
      vertex 53.7669 150 1.13034
      vertex 53.5156 150 1.39291
    endloop
  endfacet
  facet normal -0.883701 0 -0.468052
    outer loop
      vertex 53.5156 150 1.39291
      vertex 53.345 150.6 1.71501
      vertex 53.5156 150.6 1.39291
    endloop
  endfacet
  facet normal -0.883701 -0 -0.468052
    outer loop
      vertex 53.345 150.6 1.71501
      vertex 53.5156 150 1.39291
      vertex 53.345 150 1.71501
    endloop
  endfacet
  facet normal -0.973245 0 -0.22977
    outer loop
      vertex 53.345 150 1.71501
      vertex 53.2549 150.6 2.09665
      vertex 53.345 150.6 1.71501
    endloop
  endfacet
  facet normal -0.973245 -0 -0.22977
    outer loop
      vertex 53.2549 150.6 2.09665
      vertex 53.345 150 1.71501
      vertex 53.2549 150 2.09665
    endloop
  endfacet
  facet normal -0.0710313 0 0.997474
    outer loop
      vertex 53.2549 150.6 2.09665
      vertex 54.2077 150 2.1645
      vertex 54.2077 150.6 2.1645
    endloop
  endfacet
  facet normal -0.0710313 0 0.997474
    outer loop
      vertex 54.2077 150 2.1645
      vertex 53.2549 150.6 2.09665
      vertex 53.2549 150 2.09665
    endloop
  endfacet
  facet normal 0.982164 -0 0.188025
    outer loop
      vertex 54.2077 150 2.1645
      vertex 54.2429 150.6 1.98063
      vertex 54.2077 150.6 2.1645
    endloop
  endfacet
  facet normal 0.982164 0 0.188025
    outer loop
      vertex 54.2429 150.6 1.98063
      vertex 54.2077 150 2.1645
      vertex 54.2429 150 1.98063
    endloop
  endfacet
  facet normal 0.911187 -0 0.411993
    outer loop
      vertex 54.2429 150 1.98063
      vertex 54.3124 150.6 1.82692
      vertex 54.2429 150.6 1.98063
    endloop
  endfacet
  facet normal 0.911187 0 0.411993
    outer loop
      vertex 54.3124 150.6 1.82692
      vertex 54.2429 150 1.98063
      vertex 54.3124 150 1.82692
    endloop
  endfacet
  facet normal 0.765701 -0 0.643196
    outer loop
      vertex 54.3124 150 1.82692
      vertex 54.4162 150.6 1.70335
      vertex 54.3124 150.6 1.82692
    endloop
  endfacet
  facet normal 0.765701 0 0.643196
    outer loop
      vertex 54.4162 150.6 1.70335
      vertex 54.3124 150 1.82692
      vertex 54.4162 150 1.70335
    endloop
  endfacet
  facet normal 0.560494 0 0.828158
    outer loop
      vertex 54.4162 150.6 1.70335
      vertex 54.5498 150 1.61293
      vertex 54.5498 150.6 1.61293
    endloop
  endfacet
  facet normal 0.560494 0 0.828158
    outer loop
      vertex 54.5498 150 1.61293
      vertex 54.4162 150.6 1.70335
      vertex 54.4162 150 1.70335
    endloop
  endfacet
  facet normal 0.323463 0 0.946241
    outer loop
      vertex 54.5498 150.6 1.61293
      vertex 54.7085 150 1.55868
      vertex 54.7085 150.6 1.55868
    endloop
  endfacet
  facet normal 0.323463 0 0.946241
    outer loop
      vertex 54.7085 150 1.55868
      vertex 54.5498 150.6 1.61293
      vertex 54.5498 150 1.61293
    endloop
  endfacet
  facet normal 0.0977373 0 0.995212
    outer loop
      vertex 54.7085 150.6 1.55868
      vertex 54.8926 150 1.5406
      vertex 54.8926 150.6 1.5406
    endloop
  endfacet
  facet normal 0.0977373 0 0.995212
    outer loop
      vertex 54.8926 150 1.5406
      vertex 54.7085 150.6 1.55868
      vertex 54.7085 150 1.55868
    endloop
  endfacet
  facet normal -0.0959378 0 0.995387
    outer loop
      vertex 54.8926 150.6 1.5406
      vertex 55.0861 150 1.55925
      vertex 55.0861 150.6 1.55925
    endloop
  endfacet
  facet normal -0.0959378 0 0.995387
    outer loop
      vertex 55.0861 150 1.55925
      vertex 54.8926 150.6 1.5406
      vertex 54.8926 150 1.5406
    endloop
  endfacet
  facet normal -0.330272 0 0.943886
    outer loop
      vertex 55.0861 150.6 1.55925
      vertex 55.246 150 1.6152
      vertex 55.246 150.6 1.6152
    endloop
  endfacet
  facet normal -0.330272 0 0.943886
    outer loop
      vertex 55.246 150 1.6152
      vertex 55.0861 150.6 1.55925
      vertex 55.0861 150 1.55925
    endloop
  endfacet
  facet normal -0.593666 0 0.804712
    outer loop
      vertex 55.246 150.6 1.6152
      vertex 55.3724 150 1.70845
      vertex 55.3724 150.6 1.70845
    endloop
  endfacet
  facet normal -0.593666 0 0.804712
    outer loop
      vertex 55.3724 150 1.70845
      vertex 55.246 150.6 1.6152
      vertex 55.246 150 1.6152
    endloop
  endfacet
  facet normal -0.809807 0 0.586696
    outer loop
      vertex 55.3724 150 1.70845
      vertex 55.4637 150.6 1.83447
      vertex 55.3724 150.6 1.70845
    endloop
  endfacet
  facet normal -0.809807 0 0.586696
    outer loop
      vertex 55.4637 150.6 1.83447
      vertex 55.3724 150 1.70845
      vertex 55.4637 150 1.83447
    endloop
  endfacet
  facet normal -0.942121 0 0.335272
    outer loop
      vertex 55.4637 150 1.83447
      vertex 55.5186 150.6 1.98874
      vertex 55.4637 150.6 1.83447
    endloop
  endfacet
  facet normal -0.942121 0 0.335272
    outer loop
      vertex 55.5186 150.6 1.98874
      vertex 55.4637 150 1.83447
      vertex 55.5186 150 1.98874
    endloop
  endfacet
  facet normal -0.995065 0 0.0992284
    outer loop
      vertex 55.5186 150 1.98874
      vertex 55.5368 150.6 2.17125
      vertex 55.5186 150.6 1.98874
    endloop
  endfacet
  facet normal -0.995065 0 0.0992284
    outer loop
      vertex 55.5368 150.6 2.17125
      vertex 55.5186 150 1.98874
      vertex 55.5368 150 2.17125
    endloop
  endfacet
  facet normal -0.992898 0 -0.118972
    outer loop
      vertex 55.5368 150 2.17125
      vertex 55.5138 150.6 2.3632
      vertex 55.5368 150.6 2.17125
    endloop
  endfacet
  facet normal -0.992898 -0 -0.118972
    outer loop
      vertex 55.5138 150.6 2.3632
      vertex 55.5368 150 2.17125
      vertex 55.5138 150 2.3632
    endloop
  endfacet
  facet normal -0.918398 0 -0.395658
    outer loop
      vertex 55.5138 150 2.3632
      vertex 55.4449 150.6 2.52313
      vertex 55.5138 150.6 2.3632
    endloop
  endfacet
  facet normal -0.918398 -0 -0.395658
    outer loop
      vertex 55.4449 150.6 2.52313
      vertex 55.5138 150 2.3632
      vertex 55.4449 150 2.52313
    endloop
  endfacet
  facet normal -0.743927 0 -0.668261
    outer loop
      vertex 55.4449 150 2.52313
      vertex 55.33 150.6 2.65104
      vertex 55.4449 150.6 2.52313
    endloop
  endfacet
  facet normal -0.743927 -0 -0.668261
    outer loop
      vertex 55.33 150.6 2.65104
      vertex 55.4449 150 2.52313
      vertex 55.33 150 2.65104
    endloop
  endfacet
  facet normal -0.502282 0 -0.864704
    outer loop
      vertex 55.1695 150 2.74427
      vertex 55.33 150.6 2.65104
      vertex 55.33 150 2.65104
    endloop
  endfacet
  facet normal -0.502282 0 -0.864704
    outer loop
      vertex 55.33 150.6 2.65104
      vertex 55.1695 150 2.74427
      vertex 55.1695 150.6 2.74427
    endloop
  endfacet
  facet normal -0.262375 0 -0.964966
    outer loop
      vertex 54.9638 150 2.8002
      vertex 55.1695 150.6 2.74427
      vertex 55.1695 150 2.74427
    endloop
  endfacet
  facet normal -0.262375 0 -0.964966
    outer loop
      vertex 55.1695 150.6 2.74427
      vertex 54.9638 150 2.8002
      vertex 54.9638 150.6 2.8002
    endloop
  endfacet
  facet normal -0.0740884 0 -0.997252
    outer loop
      vertex 54.7129 150 2.81884
      vertex 54.9638 150.6 2.8002
      vertex 54.9638 150 2.8002
    endloop
  endfacet
  facet normal -0.0740884 0 -0.997252
    outer loop
      vertex 54.9638 150.6 2.8002
      vertex 54.7129 150 2.81884
      vertex 54.7129 150.6 2.81884
    endloop
  endfacet
  facet normal 0 0 -1
    outer loop
      vertex 54.4009 150 2.81884
      vertex 54.7129 150.6 2.81884
      vertex 54.7129 150 2.81884
    endloop
  endfacet
  facet normal -0 0 -1
    outer loop
      vertex 54.7129 150.6 2.81884
      vertex 54.4009 150 2.81884
      vertex 54.4009 150.6 2.81884
    endloop
  endfacet
  facet normal -1 0 0
    outer loop
      vertex 54.4009 150 2.81884
      vertex 54.4009 150.6 3.58853
      vertex 54.4009 150.6 2.81884
    endloop
  endfacet
  facet normal -1 -0 0
    outer loop
      vertex 54.4009 150.6 3.58853
      vertex 54.4009 150 2.81884
      vertex 54.4009 150 3.58853
    endloop
  endfacet
  facet normal -0 0 1
    outer loop
      vertex 54.4009 150.6 3.58853
      vertex 54.7332 150 3.58853
      vertex 54.7332 150.6 3.58853
    endloop
  endfacet
  facet normal 0 0 1
    outer loop
      vertex 54.7332 150 3.58853
      vertex 54.4009 150.6 3.58853
      vertex 54.4009 150 3.58853
    endloop
  endfacet
  facet normal -0.0675905 0 0.997713
    outer loop
      vertex 54.7332 150.6 3.58853
      vertex 55.0113 150 3.60737
      vertex 55.0113 150.6 3.60737
    endloop
  endfacet
  facet normal -0.0675905 0 0.997713
    outer loop
      vertex 55.0113 150 3.60737
      vertex 54.7332 150.6 3.58853
      vertex 54.7332 150 3.58853
    endloop
  endfacet
  facet normal -0.240314 0 0.970695
    outer loop
      vertex 55.0113 150.6 3.60737
      vertex 55.2396 150 3.66389
      vertex 55.2396 150.6 3.66389
    endloop
  endfacet
  facet normal -0.240314 0 0.970695
    outer loop
      vertex 55.2396 150 3.66389
      vertex 55.0113 150.6 3.60737
      vertex 55.0113 150 3.60737
    endloop
  endfacet
  facet normal -0.466688 0 0.884422
    outer loop
      vertex 55.2396 150.6 3.66389
      vertex 55.4181 150 3.75808
      vertex 55.4181 150.6 3.75808
    endloop
  endfacet
  facet normal -0.466688 0 0.884422
    outer loop
      vertex 55.4181 150 3.75808
      vertex 55.2396 150.6 3.66389
      vertex 55.2396 150 3.66389
    endloop
  endfacet
  facet normal -0.711156 0 0.703034
    outer loop
      vertex 55.4181 150 3.75808
      vertex 55.5462 150.6 3.88766
      vertex 55.4181 150.6 3.75808
    endloop
  endfacet
  facet normal -0.711156 0 0.703034
    outer loop
      vertex 55.5462 150.6 3.88766
      vertex 55.4181 150 3.75808
      vertex 55.5462 150 3.88766
    endloop
  endfacet
  facet normal -0.90414 0 0.427236
    outer loop
      vertex 55.5462 150 3.88766
      vertex 55.6231 150.6 4.0504
      vertex 55.5462 150.6 3.88766
    endloop
  endfacet
  facet normal -0.90414 0 0.427236
    outer loop
      vertex 55.6231 150.6 4.0504
      vertex 55.5462 150 3.88766
      vertex 55.6231 150 4.0504
    endloop
  endfacet
  facet normal -0.991567 0 0.129597
    outer loop
      vertex 55.6231 150 4.0504
      vertex 55.6487 150.6 4.24627
      vertex 55.6231 150.6 4.0504
    endloop
  endfacet
  facet normal -0.991567 0 0.129597
    outer loop
      vertex 55.6487 150.6 4.24627
      vertex 55.6231 150 4.0504
      vertex 55.6487 150 4.24627
    endloop
  endfacet
  facet normal -0.995124 0 -0.0986336
    outer loop
      vertex 55.6487 150 4.24627
      vertex 55.6276 150.6 4.45915
      vertex 55.6487 150.6 4.24627
    endloop
  endfacet
  facet normal -0.995124 -0 -0.0986336
    outer loop
      vertex 55.6276 150.6 4.45915
      vertex 55.6487 150 4.24627
      vertex 55.6276 150 4.45915
    endloop
  endfacet
  facet normal -0.939065 0 -0.343739
    outer loop
      vertex 55.6276 150 4.45915
      vertex 55.5643 150.6 4.63208
      vertex 55.6276 150.6 4.45915
    endloop
  endfacet
  facet normal -0.939065 -0 -0.343739
    outer loop
      vertex 55.5643 150.6 4.63208
      vertex 55.6276 150 4.45915
      vertex 55.5643 150 4.63208
    endloop
  endfacet
  facet normal -0.783425 0 -0.621486
    outer loop
      vertex 55.5643 150 4.63208
      vertex 55.4588 150.6 4.76507
      vertex 55.5643 150.6 4.63208
    endloop
  endfacet
  facet normal -0.783425 -0 -0.621486
    outer loop
      vertex 55.4588 150.6 4.76507
      vertex 55.5643 150 4.63208
      vertex 55.4588 150 4.76507
    endloop
  endfacet
  facet normal -0.54869 0 -0.836026
    outer loop
      vertex 55.3153 150 4.85925
      vertex 55.4588 150.6 4.76507
      vertex 55.4588 150 4.76507
    endloop
  endfacet
  facet normal -0.54869 0 -0.836026
    outer loop
      vertex 55.4588 150.6 4.76507
      vertex 55.3153 150 4.85925
      vertex 55.3153 150.6 4.85925
    endloop
  endfacet
  facet normal -0.303314 0 -0.952891
    outer loop
      vertex 55.1378 150 4.91575
      vertex 55.3153 150.6 4.85925
      vertex 55.3153 150 4.85925
    endloop
  endfacet
  facet normal -0.303314 0 -0.952891
    outer loop
      vertex 55.3153 150.6 4.85925
      vertex 55.1378 150 4.91575
      vertex 55.1378 150.6 4.91575
    endloop
  endfacet
  facet normal -0.0887632 0 -0.996053
    outer loop
      vertex 54.9265 150 4.93458
      vertex 55.1378 150.6 4.91575
      vertex 55.1378 150 4.91575
    endloop
  endfacet
  facet normal -0.0887632 0 -0.996053
    outer loop
      vertex 55.1378 150.6 4.91575
      vertex 54.9265 150 4.93458
      vertex 54.9265 150.6 4.93458
    endloop
  endfacet
  facet normal 0.190369 0 -0.981713
    outer loop
      vertex 54.5321 150 4.8581
      vertex 54.9265 150.6 4.93458
      vertex 54.9265 150 4.93458
    endloop
  endfacet
  facet normal 0.190369 0 -0.981713
    outer loop
      vertex 54.9265 150.6 4.93458
      vertex 54.5321 150 4.8581
      vertex 54.5321 150.6 4.8581
    endloop
  endfacet
  facet normal 0.66008 0 -0.751196
    outer loop
      vertex 54.271 150 4.62867
      vertex 54.5321 150.6 4.8581
      vertex 54.5321 150 4.8581
    endloop
  endfacet
  facet normal 0.66008 0 -0.751196
    outer loop
      vertex 54.5321 150.6 4.8581
      vertex 54.271 150 4.62867
      vertex 54.271 150.6 4.62867
    endloop
  endfacet
  facet normal 0.94851 0 -0.316749
    outer loop
      vertex 54.271 150 4.62867
      vertex 54.1433 150.6 4.24627
      vertex 54.271 150.6 4.62867
    endloop
  endfacet
  facet normal 0.94851 0 -0.316749
    outer loop
      vertex 54.1433 150.6 4.24627
      vertex 54.271 150 4.62867
      vertex 54.1433 150 4.24627
    endloop
  endfacet
  facet normal -0.0871185 0 -0.996198
    outer loop
      vertex 53.1735 150 4.33108
      vertex 54.1433 150.6 4.24627
      vertex 54.1433 150 4.24627
    endloop
  endfacet
  facet normal -0.0871185 0 -0.996198
    outer loop
      vertex 54.1433 150.6 4.24627
      vertex 53.1735 150 4.33108
      vertex 53.1735 150.6 4.33108
    endloop
  endfacet
  facet normal -0.974816 0 0.223012
    outer loop
      vertex 53.1735 150 4.33108
      vertex 53.2674 150.6 4.74153
      vertex 53.1735 150.6 4.33108
    endloop
  endfacet
  facet normal -0.974816 0 0.223012
    outer loop
      vertex 53.2674 150.6 4.74153
      vertex 53.1735 150 4.33108
      vertex 53.2674 150 4.74153
    endloop
  endfacet
  facet normal -0.887004 0 0.461762
    outer loop
      vertex 53.2674 150 4.74153
      vertex 53.4448 150.6 5.0823
      vertex 53.2674 150.6 4.74153
    endloop
  endfacet
  facet normal -0.887004 0 0.461762
    outer loop
      vertex 53.4448 150.6 5.0823
      vertex 53.2674 150 4.74153
      vertex 53.4448 150 5.0823
    endloop
  endfacet
  facet normal -0.720228 0 0.693738
    outer loop
      vertex 53.4448 150 5.0823
      vertex 53.7059 150.6 5.35337
      vertex 53.4448 150.6 5.0823
    endloop
  endfacet
  facet normal -0.720228 0 0.693738
    outer loop
      vertex 53.7059 150.6 5.35337
      vertex 53.4448 150 5.0823
      vertex 53.7059 150 5.35337
    endloop
  endfacet
  facet normal -0.503359 0 0.864077
    outer loop
      vertex 53.7059 150.6 5.35337
      vertex 54.0438 150 5.55021
      vertex 54.0438 150.6 5.55021
    endloop
  endfacet
  facet normal -0.503359 0 0.864077
    outer loop
      vertex 54.0438 150 5.55021
      vertex 53.7059 150.6 5.35337
      vertex 53.7059 150 5.35337
    endloop
  endfacet
  facet normal -0.278068 0 0.960561
    outer loop
      vertex 54.0438 150.6 5.55021
      vertex 54.4518 150 5.66832
      vertex 54.4518 150.6 5.66832
    endloop
  endfacet
  facet normal -0.278068 0 0.960561
    outer loop
      vertex 54.4518 150 5.66832
      vertex 54.0438 150.6 5.55021
      vertex 54.0438 150 5.55021
    endloop
  endfacet
  facet normal -0.0820483 0 0.996628
    outer loop
      vertex 54.4518 150.6 5.66832
      vertex 54.9299 150 5.70768
      vertex 54.9299 150.6 5.70768
    endloop
  endfacet
  facet normal -0.0820483 0 0.996628
    outer loop
      vertex 54.9299 150 5.70768
      vertex 54.4518 150.6 5.66832
      vertex 54.4518 150 5.66832
    endloop
  endfacet
  facet normal 0.080951 0 0.996718
    outer loop
      vertex 54.9299 150.6 5.70768
      vertex 55.4309 150 5.66699
      vertex 55.4309 150.6 5.66699
    endloop
  endfacet
  facet normal 0.080951 0 0.996718
    outer loop
      vertex 55.4309 150 5.66699
      vertex 54.9299 150.6 5.70768
      vertex 54.9299 150 5.70768
    endloop
  endfacet
  facet normal 0 1 0
    outer loop
      vertex 139.001 150.6 3.95106
      vertex 138.093 150.6 2.38797
      vertex 138.093 150.6 3.95106
    endloop
  endfacet
  facet normal 0 1 -0
    outer loop
      vertex 139.001 150.6 0.855419
      vertex 138.093 150.6 2.38797
      vertex 139.001 150.6 3.95106
    endloop
  endfacet
  facet normal 0 1 0
    outer loop
      vertex 138.093 150.6 2.38797
      vertex 139.001 150.6 0.855419
      vertex 138.094 150.6 2.26254
    endloop
  endfacet
  facet normal 0 1 0
    outer loop
      vertex 138.094 150.6 2.26254
      vertex 139.001 150.6 0.855419
      vertex 138.098 150.6 2.13032
    endloop
  endfacet
  facet normal 0 1 0
    outer loop
      vertex 138.098 150.6 2.13032
      vertex 139.001 150.6 0.855419
      vertex 138.105 150.6 1.99131
    endloop
  endfacet
  facet normal 0 1 0
    outer loop
      vertex 138.105 150.6 1.99131
      vertex 139.001 150.6 0.855419
      vertex 138.112 150.6 1.86584
    endloop
  endfacet
  facet normal 0 1 0
    outer loop
      vertex 138.112 150.6 1.86584
      vertex 139.001 150.6 0.855419
      vertex 138.118 150.6 1.7743
    endloop
  endfacet
  facet normal 0 1 0
    outer loop
      vertex 138.118 150.6 1.7743
      vertex 139.001 150.6 0.855419
      vertex 138.123 150.6 1.71667
    endloop
  endfacet
  facet normal 0 1 0
    outer loop
      vertex 139.001 150.6 3.95106
      vertex 139.001 150.6 4.65971
      vertex 139.639 150.6 4.65971
    endloop
  endfacet
  facet normal 0 1 0
    outer loop
      vertex 139.001 150.6 4.65971
      vertex 139.001 150.6 3.95106
      vertex 138.093 150.6 4.65971
    endloop
  endfacet
  facet normal 0 1 0
    outer loop
      vertex 139.001 150.6 3.95106
      vertex 139.639 150.6 4.65971
      vertex 139.639 150.6 3.95106
    endloop
  endfacet
  facet normal 0 1 0
    outer loop
      vertex 138.093 150.6 4.65971
      vertex 139.001 150.6 3.95106
      vertex 138.093 150.6 3.95106
    endloop
  endfacet
  facet normal 0 1 0
    outer loop
      vertex 136.696 150.6 3.95106
      vertex 138.093 150.6 4.65971
      vertex 138.093 150.6 3.95106
    endloop
  endfacet
  facet normal 0 1 0
    outer loop
      vertex 138.093 150.6 4.65971
      vertex 136.696 150.6 3.95106
      vertex 135.919 150.6 4.65971
    endloop
  endfacet
  facet normal 0 1 0
    outer loop
      vertex 136.696 150.6 3.95106
      vertex 135.919 150.6 3.94426
      vertex 135.919 150.6 4.65971
    endloop
  endfacet
  facet normal 0 1 0
    outer loop
      vertex 137.804 150.6 2.26593
      vertex 135.919 150.6 3.94426
      vertex 136.696 150.6 3.95106
    endloop
  endfacet
  facet normal 0 1 -0
    outer loop
      vertex 137.937 150.6 0.855419
      vertex 137.804 150.6 2.26593
      vertex 137.942 150.6 2.04516
    endloop
  endfacet
  facet normal 0 1 0
    outer loop
      vertex 137.937 150.6 0.855419
      vertex 137.942 150.6 2.04516
      vertex 138.049 150.6 1.86207
    endloop
  endfacet
  facet normal 0 1 0
    outer loop
      vertex 137.937 150.6 0.855419
      vertex 138.049 150.6 1.86207
      vertex 138.123 150.6 1.71667
    endloop
  endfacet
  facet normal 0 1 0
    outer loop
      vertex 137.804 150.6 2.26593
      vertex 137.937 150.6 0.855419
      vertex 135.919 150.6 3.94426
    endloop
  endfacet
  facet normal 0 1 0
    outer loop
      vertex 137.937 150.6 0.855419
      vertex 138.123 150.6 1.71667
      vertex 139.001 150.6 0.855419
    endloop
  endfacet
  facet normal 0 1 -0
    outer loop
      vertex 139.001 150.6 4.65971
      vertex 138.093 150.6 5.63281
      vertex 139.001 150.6 5.63281
    endloop
  endfacet
  facet normal 0 1 0
    outer loop
      vertex 138.093 150.6 5.63281
      vertex 139.001 150.6 4.65971
      vertex 138.093 150.6 4.65971
    endloop
  endfacet
  facet normal -0 0 1
    outer loop
      vertex 139.001 150.6 4.65971
      vertex 139.639 150 4.65971
      vertex 139.639 150.6 4.65971
    endloop
  endfacet
  facet normal 0 0 1
    outer loop
      vertex 139.639 150 4.65971
      vertex 139.001 150.6 4.65971
      vertex 139.001 150 4.65971
    endloop
  endfacet
  facet normal 1 -0 0
    outer loop
      vertex 139.639 150 4.65971
      vertex 139.639 150.6 3.95106
      vertex 139.639 150.6 4.65971
    endloop
  endfacet
  facet normal 1 0 0
    outer loop
      vertex 139.639 150.6 3.95106
      vertex 139.639 150 4.65971
      vertex 139.639 150 3.95106
    endloop
  endfacet
  facet normal 0 0 -1
    outer loop
      vertex 139.001 150 3.95106
      vertex 139.639 150.6 3.95106
      vertex 139.639 150 3.95106
    endloop
  endfacet
  facet normal -0 0 -1
    outer loop
      vertex 139.639 150.6 3.95106
      vertex 139.001 150 3.95106
      vertex 139.001 150.6 3.95106
    endloop
  endfacet
  facet normal 1 -0 0
    outer loop
      vertex 139.001 150 3.95106
      vertex 139.001 150.6 0.855419
      vertex 139.001 150.6 3.95106
    endloop
  endfacet
  facet normal 1 0 0
    outer loop
      vertex 139.001 150.6 0.855419
      vertex 139.001 150 3.95106
      vertex 139.001 150 0.855419
    endloop
  endfacet
  facet normal 0 0 -1
    outer loop
      vertex 137.937 150 0.855419
      vertex 139.001 150.6 0.855419
      vertex 139.001 150 0.855419
    endloop
  endfacet
  facet normal -0 0 -1
    outer loop
      vertex 139.001 150.6 0.855419
      vertex 137.937 150 0.855419
      vertex 137.937 150.6 0.855419
    endloop
  endfacet
  facet normal -0.837172 0 -0.54694
    outer loop
      vertex 137.937 150 0.855419
      vertex 135.919 150.6 3.94426
      vertex 137.937 150.6 0.855419
    endloop
  endfacet
  facet normal -0.837172 -0 -0.54694
    outer loop
      vertex 135.919 150.6 3.94426
      vertex 137.937 150 0.855419
      vertex 135.919 150 3.94426
    endloop
  endfacet
  facet normal -1 0 0
    outer loop
      vertex 135.919 150 3.94426
      vertex 135.919 150.6 4.65971
      vertex 135.919 150.6 3.94426
    endloop
  endfacet
  facet normal -1 -0 0
    outer loop
      vertex 135.919 150.6 4.65971
      vertex 135.919 150 3.94426
      vertex 135.919 150 4.65971
    endloop
  endfacet
  facet normal -0 0 1
    outer loop
      vertex 135.919 150.6 4.65971
      vertex 138.093 150 4.65971
      vertex 138.093 150.6 4.65971
    endloop
  endfacet
  facet normal 0 0 1
    outer loop
      vertex 138.093 150 4.65971
      vertex 135.919 150.6 4.65971
      vertex 135.919 150 4.65971
    endloop
  endfacet
  facet normal -1 0 0
    outer loop
      vertex 138.093 150 4.65971
      vertex 138.093 150.6 5.63281
      vertex 138.093 150.6 4.65971
    endloop
  endfacet
  facet normal -1 -0 0
    outer loop
      vertex 138.093 150.6 5.63281
      vertex 138.093 150 4.65971
      vertex 138.093 150 5.63281
    endloop
  endfacet
  facet normal -0 0 1
    outer loop
      vertex 138.093 150.6 5.63281
      vertex 139.001 150 5.63281
      vertex 139.001 150.6 5.63281
    endloop
  endfacet
  facet normal 0 0 1
    outer loop
      vertex 139.001 150 5.63281
      vertex 138.093 150.6 5.63281
      vertex 138.093 150 5.63281
    endloop
  endfacet
  facet normal 1 -0 0
    outer loop
      vertex 139.001 150 5.63281
      vertex 139.001 150.6 4.65971
      vertex 139.001 150.6 5.63281
    endloop
  endfacet
  facet normal 1 0 0
    outer loop
      vertex 139.001 150.6 4.65971
      vertex 139.001 150 5.63281
      vertex 139.001 150 4.65971
    endloop
  endfacet
  facet normal 0.835562 -0 0.549396
    outer loop
      vertex 136.696 150 3.95106
      vertex 137.804 150.6 2.26593
      vertex 136.696 150.6 3.95106
    endloop
  endfacet
  facet normal 0.835562 0 0.549396
    outer loop
      vertex 137.804 150.6 2.26593
      vertex 136.696 150 3.95106
      vertex 137.804 150 2.26593
    endloop
  endfacet
  facet normal 0.847966 -0 0.530051
    outer loop
      vertex 137.804 150 2.26593
      vertex 137.942 150.6 2.04516
      vertex 137.804 150.6 2.26593
    endloop
  endfacet
  facet normal 0.847966 0 0.530051
    outer loop
      vertex 137.942 150.6 2.04516
      vertex 137.804 150 2.26593
      vertex 137.942 150 2.04516
    endloop
  endfacet
  facet normal 0.863373 -0 0.504566
    outer loop
      vertex 137.942 150 2.04516
      vertex 138.049 150.6 1.86207
      vertex 137.942 150.6 2.04516
    endloop
  endfacet
  facet normal 0.863373 0 0.504566
    outer loop
      vertex 138.049 150.6 1.86207
      vertex 137.942 150 2.04516
      vertex 138.049 150 1.86207
    endloop
  endfacet
  facet normal 0.891217 -0 0.453577
    outer loop
      vertex 138.049 150 1.86207
      vertex 138.123 150.6 1.71667
      vertex 138.049 150.6 1.86207
    endloop
  endfacet
  facet normal 0.891217 0 0.453577
    outer loop
      vertex 138.123 150.6 1.71667
      vertex 138.049 150 1.86207
      vertex 138.123 150 1.71667
    endloop
  endfacet
  facet normal -0.996257 0 -0.0864357
    outer loop
      vertex 138.123 150 1.71667
      vertex 138.118 150.6 1.7743
      vertex 138.123 150.6 1.71667
    endloop
  endfacet
  facet normal -0.996257 -0 -0.0864357
    outer loop
      vertex 138.118 150.6 1.7743
      vertex 138.123 150 1.71667
      vertex 138.118 150 1.7743
    endloop
  endfacet
  facet normal -0.997859 0 -0.0654048
    outer loop
      vertex 138.118 150 1.7743
      vertex 138.112 150.6 1.86584
      vertex 138.118 150.6 1.7743
    endloop
  endfacet
  facet normal -0.997859 -0 -0.0654048
    outer loop
      vertex 138.112 150.6 1.86584
      vertex 138.118 150 1.7743
      vertex 138.112 150 1.86584
    endloop
  endfacet
  facet normal -0.998447 0 -0.0557036
    outer loop
      vertex 138.112 150 1.86584
      vertex 138.105 150.6 1.99131
      vertex 138.112 150.6 1.86584
    endloop
  endfacet
  facet normal -0.998447 -0 -0.0557036
    outer loop
      vertex 138.105 150.6 1.99131
      vertex 138.112 150 1.86584
      vertex 138.105 150 1.99131
    endloop
  endfacet
  facet normal -0.998735 0 -0.0502924
    outer loop
      vertex 138.105 150 1.99131
      vertex 138.098 150.6 2.13032
      vertex 138.105 150.6 1.99131
    endloop
  endfacet
  facet normal -0.998735 -0 -0.0502924
    outer loop
      vertex 138.098 150.6 2.13032
      vertex 138.105 150 1.99131
      vertex 138.098 150 2.13032
    endloop
  endfacet
  facet normal -0.999543 0 -0.0302388
    outer loop
      vertex 138.098 150 2.13032
      vertex 138.094 150.6 2.26254
      vertex 138.098 150.6 2.13032
    endloop
  endfacet
  facet normal -0.999543 -0 -0.0302388
    outer loop
      vertex 138.094 150.6 2.26254
      vertex 138.098 150 2.13032
      vertex 138.094 150 2.26254
    endloop
  endfacet
  facet normal -0.999968 0 -0.00797232
    outer loop
      vertex 138.094 150 2.26254
      vertex 138.093 150.6 2.38797
      vertex 138.094 150.6 2.26254
    endloop
  endfacet
  facet normal -0.999968 -0 -0.00797232
    outer loop
      vertex 138.093 150.6 2.38797
      vertex 138.094 150 2.26254
      vertex 138.093 150 2.38797
    endloop
  endfacet
  facet normal -1 0 0
    outer loop
      vertex 138.093 150 2.38797
      vertex 138.093 150.6 3.95106
      vertex 138.093 150.6 2.38797
    endloop
  endfacet
  facet normal -1 -0 0
    outer loop
      vertex 138.093 150.6 3.95106
      vertex 138.093 150 2.38797
      vertex 138.093 150 3.95106
    endloop
  endfacet
  facet normal 0 0 -1
    outer loop
      vertex 136.696 150 3.95106
      vertex 138.093 150.6 3.95106
      vertex 138.093 150 3.95106
    endloop
  endfacet
  facet normal -0 0 -1
    outer loop
      vertex 138.093 150.6 3.95106
      vertex 136.696 150 3.95106
      vertex 136.696 150.6 3.95106
    endloop
  endfacet
  facet normal 1 0 0
    outer loop
      vertex 182.6 16 6.6
      vertex 182.6 0 6.6
      vertex 182.6 16 4.3
    endloop
  endfacet
  facet normal 1 0 0
    outer loop
      vertex 182.6 22 4.3
      vertex 182.6 150 6.6
      vertex 182.6 22 6.6
    endloop
  endfacet
  facet normal 1 0 0
    outer loop
      vertex 182.6 150 6.6
      vertex 182.6 22 4.3
      vertex 182.6 150 0
    endloop
  endfacet
  facet normal 1 0 0
    outer loop
      vertex 182.6 0 0
      vertex 182.6 22 4.3
      vertex 182.6 16 4.3
    endloop
  endfacet
  facet normal 1 0 0
    outer loop
      vertex 182.6 22 4.3
      vertex 182.6 0 0
      vertex 182.6 150 0
    endloop
  endfacet
  facet normal 1 0 0
    outer loop
      vertex 182.6 0 0
      vertex 182.6 16 4.3
      vertex 182.6 0 6.6
    endloop
  endfacet
  facet normal -0 0 1
    outer loop
      vertex 156.936 69.9017 6.6
      vertex 182.6 22 6.6
      vertex 182.6 150 6.6
    endloop
  endfacet
  facet normal 0 0 1
    outer loop
      vertex 182.6 22 6.6
      vertex 156.936 69.9017 6.6
      vertex 157 69.5 6.6
    endloop
  endfacet
  facet normal 0 0 1
    outer loop
      vertex 182.6 150 6.6
      vertex 156.752 70.2641 6.6
      vertex 156.936 69.9017 6.6
    endloop
  endfacet
  facet normal 0 0 1
    outer loop
      vertex 182.6 150 6.6
      vertex 156.464 70.5517 6.6
      vertex 156.752 70.2641 6.6
    endloop
  endfacet
  facet normal 0 0 1
    outer loop
      vertex 182.6 150 6.6
      vertex 156.102 70.7364 6.6
      vertex 156.464 70.5517 6.6
    endloop
  endfacet
  facet normal -0 0 1
    outer loop
      vertex 146.115 77.9146 6.6
      vertex 156.102 70.7364 6.6
      vertex 182.6 150 6.6
    endloop
  endfacet
  facet normal -0 -0 1
    outer loop
      vertex 146.899 77.0493 6.6
      vertex 156.102 70.7364 6.6
      vertex 146.115 77.9146 6.6
    endloop
  endfacet
  facet normal -0 -0 1
    outer loop
      vertex 147.594 76.1113 6.6
      vertex 156.102 70.7364 6.6
      vertex 146.899 77.0493 6.6
    endloop
  endfacet
  facet normal 0 0 1
    outer loop
      vertex 156.102 70.7364 6.6
      vertex 147.594 76.1113 6.6
      vertex 155.7 70.8 6.6
    endloop
  endfacet
  facet normal -0 -0 1
    outer loop
      vertex 148.694 74.0539 6.6
      vertex 155.7 70.8 6.6
      vertex 148.195 75.1096 6.6
    endloop
  endfacet
  facet normal 0 0 1
    outer loop
      vertex 154.464 69.9017 6.6
      vertex 149.6 69.5 6.6
      vertex 154.4 69.5 6.6
    endloop
  endfacet
  facet normal 0 0 1
    outer loop
      vertex 155.7 70.8 6.6
      vertex 148.694 74.0539 6.6
      vertex 155.298 70.7364 6.6
    endloop
  endfacet
  facet normal 0 0 1
    outer loop
      vertex 154.464 69.9017 6.6
      vertex 149.543 70.6664 6.6
      vertex 149.6 69.5 6.6
    endloop
  endfacet
  facet normal 0 0 1
    outer loop
      vertex 154.648 70.2641 6.6
      vertex 149.543 70.6664 6.6
      vertex 154.464 69.9017 6.6
    endloop
  endfacet
  facet normal -0 -0 1
    outer loop
      vertex 149.543 70.6664 6.6
      vertex 154.648 70.2641 6.6
      vertex 149.371 71.8216 6.6
    endloop
  endfacet
  facet normal 0 0 1
    outer loop
      vertex 154.936 70.5517 6.6
      vertex 149.371 71.8216 6.6
      vertex 154.648 70.2641 6.6
    endloop
  endfacet
  facet normal -0 -0 1
    outer loop
      vertex 149.371 71.8216 6.6
      vertex 154.936 70.5517 6.6
      vertex 149.088 72.9544 6.6
    endloop
  endfacet
  facet normal 0 0 1
    outer loop
      vertex 155.298 70.7364 6.6
      vertex 149.088 72.9544 6.6
      vertex 154.936 70.5517 6.6
    endloop
  endfacet
  facet normal -0 -0 1
    outer loop
      vertex 149.088 72.9544 6.6
      vertex 155.298 70.7364 6.6
      vertex 148.694 74.0539 6.6
    endloop
  endfacet
  facet normal -0 -0 1
    outer loop
      vertex 148.195 75.1096 6.6
      vertex 155.7 70.8 6.6
      vertex 147.594 76.1113 6.6
    endloop
  endfacet
  facet normal 0 0 1
    outer loop
      vertex 182.6 150 6.6
      vertex 145.249 78.6988 6.6
      vertex 146.115 77.9146 6.6
    endloop
  endfacet
  facet normal 0 0 1
    outer loop
      vertex 182.6 150 6.6
      vertex 144.311 79.3945 6.6
      vertex 145.249 78.6988 6.6
    endloop
  endfacet
  facet normal 0 0 1
    outer loop
      vertex 182.6 150 6.6
      vertex 143.31 79.9949 6.6
      vertex 144.311 79.3945 6.6
    endloop
  endfacet
  facet normal 0 0 1
    outer loop
      vertex 182.6 150 6.6
      vertex 142.254 80.4942 6.6
      vertex 143.31 79.9949 6.6
    endloop
  endfacet
  facet normal 0 0 1
    outer loop
      vertex 182.6 150 6.6
      vertex 141.154 80.8876 6.6
      vertex 142.254 80.4942 6.6
    endloop
  endfacet
  facet normal 0 0 1
    outer loop
      vertex 182.6 150 6.6
      vertex 140.022 81.1713 6.6
      vertex 141.154 80.8876 6.6
    endloop
  endfacet
  facet normal 0 0 1
    outer loop
      vertex 182.6 150 6.6
      vertex 138.866 81.3427 6.6
      vertex 140.022 81.1713 6.6
    endloop
  endfacet
  facet normal 0 0 1
    outer loop
      vertex 182.6 150 6.6
      vertex 137.7 81.4 6.6
      vertex 138.866 81.3427 6.6
    endloop
  endfacet
  facet normal 0 0 1
    outer loop
      vertex 182.6 150 6.6
      vertex 136.534 81.3427 6.6
      vertex 137.7 81.4 6.6
    endloop
  endfacet
  facet normal 0 0 1
    outer loop
      vertex 182.6 150 6.6
      vertex 135.378 81.1713 6.6
      vertex 136.534 81.3427 6.6
    endloop
  endfacet
  facet normal 0 0 1
    outer loop
      vertex 182.6 150 6.6
      vertex 134.246 80.8876 6.6
      vertex 135.378 81.1713 6.6
    endloop
  endfacet
  facet normal 0 0 1
    outer loop
      vertex 182.6 150 6.6
      vertex 133.146 80.4942 6.6
      vertex 134.246 80.8876 6.6
    endloop
  endfacet
  facet normal -0 0 1
    outer loop
      vertex 16 150 6.6
      vertex 133.146 80.4942 6.6
      vertex 182.6 150 6.6
    endloop
  endfacet
  facet normal 0 0 1
    outer loop
      vertex 133.146 80.4942 6.6
      vertex 16 150 6.6
      vertex 132.09 79.9949 6.6
    endloop
  endfacet
  facet normal 0 -0 1
    outer loop
      vertex 60.5096 79.9949 6.6
      vertex 132.09 79.9949 6.6
      vertex 16 150 6.6
    endloop
  endfacet
  facet normal 0 0 1
    outer loop
      vertex 132.09 79.9949 6.6
      vertex 60.5096 79.9949 6.6
      vertex 131.089 79.3945 6.6
    endloop
  endfacet
  facet normal 0 -0 1
    outer loop
      vertex 61.5113 79.3945 6.6
      vertex 131.089 79.3945 6.6
      vertex 60.5096 79.9949 6.6
    endloop
  endfacet
  facet normal 0 0 1
    outer loop
      vertex 131.089 79.3945 6.6
      vertex 61.5113 79.3945 6.6
      vertex 130.151 78.6988 6.6
    endloop
  endfacet
  facet normal -0 0 1
    outer loop
      vertex 120.936 69.9017 6.6
      vertex 125.8 69.5 6.6
      vertex 125.857 70.6664 6.6
    endloop
  endfacet
  facet normal 0 0 1
    outer loop
      vertex 120.752 70.2641 6.6
      vertex 125.857 70.6664 6.6
      vertex 126.029 71.8216 6.6
    endloop
  endfacet
  facet normal 0 0 1
    outer loop
      vertex 120.464 70.5517 6.6
      vertex 126.029 71.8216 6.6
      vertex 126.312 72.9544 6.6
    endloop
  endfacet
  facet normal 0 0 1
    outer loop
      vertex 120.102 70.7364 6.6
      vertex 126.312 72.9544 6.6
      vertex 126.706 74.0539 6.6
    endloop
  endfacet
  facet normal 0 0 1
    outer loop
      vertex 119.7 70.8 6.6
      vertex 126.706 74.0539 6.6
      vertex 127.205 75.1096 6.6
    endloop
  endfacet
  facet normal 0 0 1
    outer loop
      vertex 119.7 70.8 6.6
      vertex 127.205 75.1096 6.6
      vertex 127.806 76.1113 6.6
    endloop
  endfacet
  facet normal 0 -0 1
    outer loop
      vertex 62.4493 78.6988 6.6
      vertex 130.151 78.6988 6.6
      vertex 61.5113 79.3945 6.6
    endloop
  endfacet
  facet normal 0 0 1
    outer loop
      vertex 125.8 69.5 6.6
      vertex 120.936 69.9017 6.6
      vertex 121 69.5 6.6
    endloop
  endfacet
  facet normal 0 0 1
    outer loop
      vertex 125.857 70.6664 6.6
      vertex 120.752 70.2641 6.6
      vertex 120.936 69.9017 6.6
    endloop
  endfacet
  facet normal 0 0 1
    outer loop
      vertex 126.029 71.8216 6.6
      vertex 120.464 70.5517 6.6
      vertex 120.752 70.2641 6.6
    endloop
  endfacet
  facet normal 0 0 1
    outer loop
      vertex 126.312 72.9544 6.6
      vertex 120.102 70.7364 6.6
      vertex 120.464 70.5517 6.6
    endloop
  endfacet
  facet normal 0 0 1
    outer loop
      vertex 126.706 74.0539 6.6
      vertex 119.7 70.8 6.6
      vertex 120.102 70.7364 6.6
    endloop
  endfacet
  facet normal 0 0 1
    outer loop
      vertex 127.806 76.1113 6.6
      vertex 119.298 70.7364 6.6
      vertex 119.7 70.8 6.6
    endloop
  endfacet
  facet normal 0 -0 1
    outer loop
      vertex 63.3146 77.9146 6.6
      vertex 129.285 77.9146 6.6
      vertex 62.4493 78.6988 6.6
    endloop
  endfacet
  facet normal 0 -0 1
    outer loop
      vertex 118.936 70.5517 6.6
      vertex 129.285 77.9146 6.6
      vertex 63.3146 77.9146 6.6
    endloop
  endfacet
  facet normal 0 0 1
    outer loop
      vertex 118.464 69.9017 6.6
      vertex 74.2 69.5 6.6
      vertex 118.4 69.5 6.6
    endloop
  endfacet
  facet normal 0 0 1
    outer loop
      vertex 74.1364 69.9017 6.6
      vertex 118.464 69.9017 6.6
      vertex 118.648 70.2641 6.6
    endloop
  endfacet
  facet normal 0 0 1
    outer loop
      vertex 129.285 77.9146 6.6
      vertex 119.298 70.7364 6.6
      vertex 128.501 77.0493 6.6
    endloop
  endfacet
  facet normal 0 0 1
    outer loop
      vertex 118.464 69.9017 6.6
      vertex 74.1364 69.9017 6.6
      vertex 74.2 69.5 6.6
    endloop
  endfacet
  facet normal 0 0 1
    outer loop
      vertex 118.648 70.2641 6.6
      vertex 73.9517 70.2641 6.6
      vertex 74.1364 69.9017 6.6
    endloop
  endfacet
  facet normal 0 0 1
    outer loop
      vertex 118.648 70.2641 6.6
      vertex 73.6641 70.5517 6.6
      vertex 73.9517 70.2641 6.6
    endloop
  endfacet
  facet normal 0 -0 1
    outer loop
      vertex 73.6641 70.5517 6.6
      vertex 118.936 70.5517 6.6
      vertex 63.3146 77.9146 6.6
    endloop
  endfacet
  facet normal 0 0 1
    outer loop
      vertex 118.936 70.5517 6.6
      vertex 73.6641 70.5517 6.6
      vertex 118.648 70.2641 6.6
    endloop
  endfacet
  facet normal -0 -0 1
    outer loop
      vertex 64.0988 77.0493 6.6
      vertex 73.3017 70.7364 6.6
      vertex 63.3146 77.9146 6.6
    endloop
  endfacet
  facet normal -0 -0 1
    outer loop
      vertex 64.7945 76.1113 6.6
      vertex 73.3017 70.7364 6.6
      vertex 64.0988 77.0493 6.6
    endloop
  endfacet
  facet normal 0 0 1
    outer loop
      vertex 71.6636 69.9017 6.6
      vertex 66.8 69.5 6.6
      vertex 71.6 69.5 6.6
    endloop
  endfacet
  facet normal 0 0 1
    outer loop
      vertex 66.7427 70.6664 6.6
      vertex 71.6636 69.9017 6.6
      vertex 71.8483 70.2641 6.6
    endloop
  endfacet
  facet normal 0 0 1
    outer loop
      vertex 66.5713 71.8216 6.6
      vertex 71.8483 70.2641 6.6
      vertex 72.1359 70.5517 6.6
    endloop
  endfacet
  facet normal 0 0 1
    outer loop
      vertex 73.3017 70.7364 6.6
      vertex 64.7945 76.1113 6.6
      vertex 72.9 70.8 6.6
    endloop
  endfacet
  facet normal 0 0 1
    outer loop
      vertex 71.6636 69.9017 6.6
      vertex 66.7427 70.6664 6.6
      vertex 66.8 69.5 6.6
    endloop
  endfacet
  facet normal 0 0 1
    outer loop
      vertex 71.8483 70.2641 6.6
      vertex 66.5713 71.8216 6.6
      vertex 66.7427 70.6664 6.6
    endloop
  endfacet
  facet normal 0 0 1
    outer loop
      vertex 72.1359 70.5517 6.6
      vertex 66.2876 72.9544 6.6
      vertex 66.5713 71.8216 6.6
    endloop
  endfacet
  facet normal 0 0 1
    outer loop
      vertex 72.4983 70.7364 6.6
      vertex 66.2876 72.9544 6.6
      vertex 72.1359 70.5517 6.6
    endloop
  endfacet
  facet normal -0 -0 1
    outer loop
      vertex 66.2876 72.9544 6.6
      vertex 72.4983 70.7364 6.6
      vertex 65.8942 74.0539 6.6
    endloop
  endfacet
  facet normal 0 0 1
    outer loop
      vertex 72.9 70.8 6.6
      vertex 65.8942 74.0539 6.6
      vertex 72.4983 70.7364 6.6
    endloop
  endfacet
  facet normal -0 -0 1
    outer loop
      vertex 65.8942 74.0539 6.6
      vertex 72.9 70.8 6.6
      vertex 65.3949 75.1096 6.6
    endloop
  endfacet
  facet normal -0 -0 1
    outer loop
      vertex 65.3949 75.1096 6.6
      vertex 72.9 70.8 6.6
      vertex 64.7945 76.1113 6.6
    endloop
  endfacet
  facet normal 0 0 1
    outer loop
      vertex 73.6641 70.5517 6.6
      vertex 63.3146 77.9146 6.6
      vertex 73.3017 70.7364 6.6
    endloop
  endfacet
  facet normal 0 -0 1
    outer loop
      vertex 119.298 70.7364 6.6
      vertex 129.285 77.9146 6.6
      vertex 118.936 70.5517 6.6
    endloop
  endfacet
  facet normal 0 0 1
    outer loop
      vertex 128.501 77.0493 6.6
      vertex 119.298 70.7364 6.6
      vertex 127.806 76.1113 6.6
    endloop
  endfacet
  facet normal 0 0 1
    outer loop
      vertex 130.151 78.6988 6.6
      vertex 62.4493 78.6988 6.6
      vertex 129.285 77.9146 6.6
    endloop
  endfacet
  facet normal 0 0 1
    outer loop
      vertex 60.5096 79.9949 6.6
      vertex 16 150 6.6
      vertex 59.4539 80.4942 6.6
    endloop
  endfacet
  facet normal 0 0 1
    outer loop
      vertex 59.4539 80.4942 6.6
      vertex 16 150 6.6
      vertex 58.3544 80.8876 6.6
    endloop
  endfacet
  facet normal 0 0 1
    outer loop
      vertex 58.3544 80.8876 6.6
      vertex 16 150 6.6
      vertex 57.2216 81.1713 6.6
    endloop
  endfacet
  facet normal 0 0 1
    outer loop
      vertex 57.2216 81.1713 6.6
      vertex 16 150 6.6
      vertex 56.0664 81.3427 6.6
    endloop
  endfacet
  facet normal 0 0 1
    outer loop
      vertex 56.0664 81.3427 6.6
      vertex 16 150 6.6
      vertex 54.9 81.4 6.6
    endloop
  endfacet
  facet normal 0 0 1
    outer loop
      vertex 54.9 81.4 6.6
      vertex 16 150 6.6
      vertex 53.7336 81.3427 6.6
    endloop
  endfacet
  facet normal 0 0 1
    outer loop
      vertex 53.7336 81.3427 6.6
      vertex 16 150 6.6
      vertex 52.5784 81.1713 6.6
    endloop
  endfacet
  facet normal 0 0 1
    outer loop
      vertex 52.5784 81.1713 6.6
      vertex 16 150 6.6
      vertex 51.4456 80.8876 6.6
    endloop
  endfacet
  facet normal 0 0 1
    outer loop
      vertex 51.4456 80.8876 6.6
      vertex 16 150 6.6
      vertex 50.3461 80.4942 6.6
    endloop
  endfacet
  facet normal -0 0 1
    outer loop
      vertex 38.1364 69.9017 6.6
      vertex 43 69.5 6.6
      vertex 43.0573 70.6664 6.6
    endloop
  endfacet
  facet normal 0 0 1
    outer loop
      vertex 37.9517 70.2641 6.6
      vertex 43.0573 70.6664 6.6
      vertex 43.2287 71.8216 6.6
    endloop
  endfacet
  facet normal 0 0 1
    outer loop
      vertex 37.6641 70.5517 6.6
      vertex 43.2287 71.8216 6.6
      vertex 43.5124 72.9544 6.6
    endloop
  endfacet
  facet normal 0 0 1
    outer loop
      vertex 37.3017 70.7364 6.6
      vertex 43.5124 72.9544 6.6
      vertex 43.9058 74.0539 6.6
    endloop
  endfacet
  facet normal 0 0 1
    outer loop
      vertex 36.9 70.8 6.6
      vertex 43.9058 74.0539 6.6
      vertex 44.4051 75.1096 6.6
    endloop
  endfacet
  facet normal 0 0 1
    outer loop
      vertex 36.9 70.8 6.6
      vertex 44.4051 75.1096 6.6
      vertex 45.0055 76.1113 6.6
    endloop
  endfacet
  facet normal 0 0 1
    outer loop
      vertex 36.4983 70.7364 6.6
      vertex 45.0055 76.1113 6.6
      vertex 45.7012 77.0493 6.6
    endloop
  endfacet
  facet normal 0 0 1
    outer loop
      vertex 36.4983 70.7364 6.6
      vertex 45.7012 77.0493 6.6
      vertex 46.4854 77.9146 6.6
    endloop
  endfacet
  facet normal 0 0 1
    outer loop
      vertex 43 69.5 6.6
      vertex 38.1364 69.9017 6.6
      vertex 38.2 69.5 6.6
    endloop
  endfacet
  facet normal 0 0 1
    outer loop
      vertex 43.0573 70.6664 6.6
      vertex 37.9517 70.2641 6.6
      vertex 38.1364 69.9017 6.6
    endloop
  endfacet
  facet normal 0 0 1
    outer loop
      vertex 16 150 6.6
      vertex 46.4854 77.9146 6.6
      vertex 47.3507 78.6988 6.6
    endloop
  endfacet
  facet normal 0 0 1
    outer loop
      vertex 43.2287 71.8216 6.6
      vertex 37.6641 70.5517 6.6
      vertex 37.9517 70.2641 6.6
    endloop
  endfacet
  facet normal 0 0 1
    outer loop
      vertex 43.5124 72.9544 6.6
      vertex 37.3017 70.7364 6.6
      vertex 37.6641 70.5517 6.6
    endloop
  endfacet
  facet normal 0 0 1
    outer loop
      vertex 43.9058 74.0539 6.6
      vertex 36.9 70.8 6.6
      vertex 37.3017 70.7364 6.6
    endloop
  endfacet
  facet normal 0 0 1
    outer loop
      vertex 45.0055 76.1113 6.6
      vertex 36.4983 70.7364 6.6
      vertex 36.9 70.8 6.6
    endloop
  endfacet
  facet normal 0 0 1
    outer loop
      vertex 16 150 6.6
      vertex 47.3507 78.6988 6.6
      vertex 48.2887 79.3945 6.6
    endloop
  endfacet
  facet normal 0 0 1
    outer loop
      vertex 46.4854 77.9146 6.6
      vertex 16 150 6.6
      vertex 36.4983 70.7364 6.6
    endloop
  endfacet
  facet normal 0 0 1
    outer loop
      vertex 35.6636 69.9017 6.6
      vertex 16 150 6.6
      vertex 35.6 69.5 6.6
    endloop
  endfacet
  facet normal 0 0 1
    outer loop
      vertex 35.8483 70.2641 6.6
      vertex 16 150 6.6
      vertex 35.6636 69.9017 6.6
    endloop
  endfacet
  facet normal 0 0 1
    outer loop
      vertex 36.1359 70.5517 6.6
      vertex 16 150 6.6
      vertex 35.8483 70.2641 6.6
    endloop
  endfacet
  facet normal 0 0 1
    outer loop
      vertex 36.4983 70.7364 6.6
      vertex 16 150 6.6
      vertex 36.1359 70.5517 6.6
    endloop
  endfacet
  facet normal 0 0 1
    outer loop
      vertex 49.2904 79.9949 6.6
      vertex 16 150 6.6
      vertex 48.2887 79.3945 6.6
    endloop
  endfacet
  facet normal 0 0 1
    outer loop
      vertex 50.3461 80.4942 6.6
      vertex 16 150 6.6
      vertex 49.2904 79.9949 6.6
    endloop
  endfacet
  facet normal -0 0 1
    outer loop
      vertex 156.936 69.0983 6.6
      vertex 182.6 22 6.6
      vertex 157 69.5 6.6
    endloop
  endfacet
  facet normal -0 0 1
    outer loop
      vertex 156.752 68.7359 6.6
      vertex 182.6 22 6.6
      vertex 156.936 69.0983 6.6
    endloop
  endfacet
  facet normal -0 0 1
    outer loop
      vertex 156.464 68.4483 6.6
      vertex 182.6 22 6.6
      vertex 156.752 68.7359 6.6
    endloop
  endfacet
  facet normal -0 0 1
    outer loop
      vertex 156.102 68.2636 6.6
      vertex 182.6 22 6.6
      vertex 156.464 68.4483 6.6
    endloop
  endfacet
  facet normal 0 0 1
    outer loop
      vertex 147.594 62.8887 6.6
      vertex 156.102 68.2636 6.6
      vertex 155.7 68.2 6.6
    endloop
  endfacet
  facet normal 0 0 1
    outer loop
      vertex 148.694 64.9461 6.6
      vertex 155.7 68.2 6.6
      vertex 155.298 68.2636 6.6
    endloop
  endfacet
  facet normal 0 0 1
    outer loop
      vertex 149.088 66.0456 6.6
      vertex 155.298 68.2636 6.6
      vertex 154.936 68.4483 6.6
    endloop
  endfacet
  facet normal 0 0 1
    outer loop
      vertex 149.371 67.1784 6.6
      vertex 154.936 68.4483 6.6
      vertex 154.648 68.7359 6.6
    endloop
  endfacet
  facet normal -0 0 1
    outer loop
      vertex 149.6 69.5 6.6
      vertex 154.464 69.0983 6.6
      vertex 154.4 69.5 6.6
    endloop
  endfacet
  facet normal 0 0 1
    outer loop
      vertex 149.543 68.3336 6.6
      vertex 154.464 69.0983 6.6
      vertex 149.6 69.5 6.6
    endloop
  endfacet
  facet normal 0 0 1
    outer loop
      vertex 154.464 69.0983 6.6
      vertex 149.543 68.3336 6.6
      vertex 154.648 68.7359 6.6
    endloop
  endfacet
  facet normal 0 0 1
    outer loop
      vertex 149.371 67.1784 6.6
      vertex 154.648 68.7359 6.6
      vertex 149.543 68.3336 6.6
    endloop
  endfacet
  facet normal 0 0 1
    outer loop
      vertex 154.936 68.4483 6.6
      vertex 149.371 67.1784 6.6
      vertex 149.088 66.0456 6.6
    endloop
  endfacet
  facet normal 0 0 1
    outer loop
      vertex 155.298 68.2636 6.6
      vertex 149.088 66.0456 6.6
      vertex 148.694 64.9461 6.6
    endloop
  endfacet
  facet normal 0 0 1
    outer loop
      vertex 155.7 68.2 6.6
      vertex 148.694 64.9461 6.6
      vertex 148.195 63.8904 6.6
    endloop
  endfacet
  facet normal 0 0 1
    outer loop
      vertex 155.7 68.2 6.6
      vertex 148.195 63.8904 6.6
      vertex 147.594 62.8887 6.6
    endloop
  endfacet
  facet normal 0 0 1
    outer loop
      vertex 156.102 68.2636 6.6
      vertex 147.594 62.8887 6.6
      vertex 146.899 61.9507 6.6
    endloop
  endfacet
  facet normal 0 0 1
    outer loop
      vertex 156.102 68.2636 6.6
      vertex 146.899 61.9507 6.6
      vertex 182.6 22 6.6
    endloop
  endfacet
  facet normal -0 0 1
    outer loop
      vertex 146.115 61.0854 6.6
      vertex 182.6 22 6.6
      vertex 146.899 61.9507 6.6
    endloop
  endfacet
  facet normal -0 0 1
    outer loop
      vertex 145.249 60.3012 6.6
      vertex 182.6 22 6.6
      vertex 146.115 61.0854 6.6
    endloop
  endfacet
  facet normal 0 0 1
    outer loop
      vertex 140.7 22 6.6
      vertex 145.249 60.3012 6.6
      vertex 144.311 59.6055 6.6
    endloop
  endfacet
  facet normal 0 0 1
    outer loop
      vertex 140.7 22 6.6
      vertex 144.311 59.6055 6.6
      vertex 143.31 59.0051 6.6
    endloop
  endfacet
  facet normal 0 0 1
    outer loop
      vertex 140.7 22 6.6
      vertex 143.31 59.0051 6.6
      vertex 142.254 58.5058 6.6
    endloop
  endfacet
  facet normal 0 0 1
    outer loop
      vertex 140.7 22 6.6
      vertex 142.254 58.5058 6.6
      vertex 141.154 58.1124 6.6
    endloop
  endfacet
  facet normal 0 0 1
    outer loop
      vertex 140.7 22 6.6
      vertex 141.154 58.1124 6.6
      vertex 140.7 57.9986 6.6
    endloop
  endfacet
  facet normal 0 0 1
    outer loop
      vertex 145.249 60.3012 6.6
      vertex 140.7 22 6.6
      vertex 182.6 22 6.6
    endloop
  endfacet
  facet normal 0 0 1
    outer loop
      vertex 134.246 58.1124 6.6
      vertex 134.7 22 6.6
      vertex 134.7 57.9986 6.6
    endloop
  endfacet
  facet normal 0 0 1
    outer loop
      vertex 133.146 58.5058 6.6
      vertex 134.7 22 6.6
      vertex 134.246 58.1124 6.6
    endloop
  endfacet
  facet normal 0 0 1
    outer loop
      vertex 132.09 59.0051 6.6
      vertex 134.7 22 6.6
      vertex 133.146 58.5058 6.6
    endloop
  endfacet
  facet normal 0 0 1
    outer loop
      vertex 131.089 59.6055 6.6
      vertex 134.7 22 6.6
      vertex 132.09 59.0051 6.6
    endloop
  endfacet
  facet normal 0 0 1
    outer loop
      vertex 130.151 60.3012 6.6
      vertex 134.7 22 6.6
      vertex 131.089 59.6055 6.6
    endloop
  endfacet
  facet normal 0 0 1
    outer loop
      vertex 129.285 61.0854 6.6
      vertex 134.7 22 6.6
      vertex 130.151 60.3012 6.6
    endloop
  endfacet
  facet normal 0 0 1
    outer loop
      vertex 119.298 68.2636 6.6
      vertex 129.285 61.0854 6.6
      vertex 128.501 61.9507 6.6
    endloop
  endfacet
  facet normal 0 0 1
    outer loop
      vertex 119.298 68.2636 6.6
      vertex 128.501 61.9507 6.6
      vertex 127.806 62.8887 6.6
    endloop
  endfacet
  facet normal 0 0 1
    outer loop
      vertex 119.7 68.2 6.6
      vertex 127.806 62.8887 6.6
      vertex 127.205 63.8904 6.6
    endloop
  endfacet
  facet normal 0 0 1
    outer loop
      vertex 119.7 68.2 6.6
      vertex 127.205 63.8904 6.6
      vertex 126.706 64.9461 6.6
    endloop
  endfacet
  facet normal 0 0 1
    outer loop
      vertex 120.102 68.2636 6.6
      vertex 126.706 64.9461 6.6
      vertex 126.312 66.0456 6.6
    endloop
  endfacet
  facet normal 0 0 1
    outer loop
      vertex 120.464 68.4483 6.6
      vertex 126.312 66.0456 6.6
      vertex 126.029 67.1784 6.6
    endloop
  endfacet
  facet normal 0 0 1
    outer loop
      vertex 120.936 69.0983 6.6
      vertex 125.8 69.5 6.6
      vertex 121 69.5 6.6
    endloop
  endfacet
  facet normal 0 0 1
    outer loop
      vertex 125.8 69.5 6.6
      vertex 120.936 69.0983 6.6
      vertex 125.857 68.3336 6.6
    endloop
  endfacet
  facet normal -0 0 1
    outer loop
      vertex 120.752 68.7359 6.6
      vertex 125.857 68.3336 6.6
      vertex 120.936 69.0983 6.6
    endloop
  endfacet
  facet normal 0 0 1
    outer loop
      vertex 125.857 68.3336 6.6
      vertex 120.752 68.7359 6.6
      vertex 126.029 67.1784 6.6
    endloop
  endfacet
  facet normal -0 0 1
    outer loop
      vertex 120.464 68.4483 6.6
      vertex 126.029 67.1784 6.6
      vertex 120.752 68.7359 6.6
    endloop
  endfacet
  facet normal 0 0 1
    outer loop
      vertex 126.312 66.0456 6.6
      vertex 120.464 68.4483 6.6
      vertex 120.102 68.2636 6.6
    endloop
  endfacet
  facet normal 0 0 1
    outer loop
      vertex 126.706 64.9461 6.6
      vertex 120.102 68.2636 6.6
      vertex 119.7 68.2 6.6
    endloop
  endfacet
  facet normal 0 0 1
    outer loop
      vertex 127.806 62.8887 6.6
      vertex 119.7 68.2 6.6
      vertex 119.298 68.2636 6.6
    endloop
  endfacet
  facet normal 0 0 1
    outer loop
      vertex 129.285 61.0854 6.6
      vertex 119.298 68.2636 6.6
      vertex 134.7 22 6.6
    endloop
  endfacet
  facet normal 0 0 1
    outer loop
      vertex 118.936 68.4483 6.6
      vertex 134.7 22 6.6
      vertex 119.298 68.2636 6.6
    endloop
  endfacet
  facet normal 0 0 1
    outer loop
      vertex 73.6641 68.4483 6.6
      vertex 118.936 68.4483 6.6
      vertex 118.648 68.7359 6.6
    endloop
  endfacet
  facet normal 0 0 1
    outer loop
      vertex 73.9517 68.7359 6.6
      vertex 118.648 68.7359 6.6
      vertex 118.464 69.0983 6.6
    endloop
  endfacet
  facet normal -0 0 1
    outer loop
      vertex 74.2 69.5 6.6
      vertex 118.464 69.0983 6.6
      vertex 118.4 69.5 6.6
    endloop
  endfacet
  facet normal 0 0 1
    outer loop
      vertex 74.1364 69.0983 6.6
      vertex 118.464 69.0983 6.6
      vertex 74.2 69.5 6.6
    endloop
  endfacet
  facet normal 0 0 1
    outer loop
      vertex 73.9517 68.7359 6.6
      vertex 118.464 69.0983 6.6
      vertex 74.1364 69.0983 6.6
    endloop
  endfacet
  facet normal 0 0 1
    outer loop
      vertex 118.648 68.7359 6.6
      vertex 73.9517 68.7359 6.6
      vertex 73.6641 68.4483 6.6
    endloop
  endfacet
  facet normal 0 0 1
    outer loop
      vertex 118.936 68.4483 6.6
      vertex 73.6641 68.4483 6.6
      vertex 134.7 22 6.6
    endloop
  endfacet
  facet normal 0 0 1
    outer loop
      vertex 57.9 22 6.6
      vertex 73.6641 68.4483 6.6
      vertex 73.3017 68.2636 6.6
    endloop
  endfacet
  facet normal 0 0 1
    outer loop
      vertex 64.7945 62.8887 6.6
      vertex 73.3017 68.2636 6.6
      vertex 72.9 68.2 6.6
    endloop
  endfacet
  facet normal 0 0 1
    outer loop
      vertex 65.8942 64.9461 6.6
      vertex 72.9 68.2 6.6
      vertex 72.4983 68.2636 6.6
    endloop
  endfacet
  facet normal 0 0 1
    outer loop
      vertex 66.2876 66.0456 6.6
      vertex 72.4983 68.2636 6.6
      vertex 72.1359 68.4483 6.6
    endloop
  endfacet
  facet normal -0 0 1
    outer loop
      vertex 66.8 69.5 6.6
      vertex 71.6636 69.0983 6.6
      vertex 71.6 69.5 6.6
    endloop
  endfacet
  facet normal 0 0 1
    outer loop
      vertex 66.7427 68.3336 6.6
      vertex 71.6636 69.0983 6.6
      vertex 66.8 69.5 6.6
    endloop
  endfacet
  facet normal 0 0 1
    outer loop
      vertex 71.6636 69.0983 6.6
      vertex 66.7427 68.3336 6.6
      vertex 71.8483 68.7359 6.6
    endloop
  endfacet
  facet normal 0 0 1
    outer loop
      vertex 66.5713 67.1784 6.6
      vertex 71.8483 68.7359 6.6
      vertex 66.7427 68.3336 6.6
    endloop
  endfacet
  facet normal 0 0 1
    outer loop
      vertex 71.8483 68.7359 6.6
      vertex 66.5713 67.1784 6.6
      vertex 72.1359 68.4483 6.6
    endloop
  endfacet
  facet normal 0 0 1
    outer loop
      vertex 66.2876 66.0456 6.6
      vertex 72.1359 68.4483 6.6
      vertex 66.5713 67.1784 6.6
    endloop
  endfacet
  facet normal 0 0 1
    outer loop
      vertex 72.4983 68.2636 6.6
      vertex 66.2876 66.0456 6.6
      vertex 65.8942 64.9461 6.6
    endloop
  endfacet
  facet normal 0 0 1
    outer loop
      vertex 72.9 68.2 6.6
      vertex 65.8942 64.9461 6.6
      vertex 65.3949 63.8904 6.6
    endloop
  endfacet
  facet normal 0 0 1
    outer loop
      vertex 72.9 68.2 6.6
      vertex 65.3949 63.8904 6.6
      vertex 64.7945 62.8887 6.6
    endloop
  endfacet
  facet normal 0 0 1
    outer loop
      vertex 73.3017 68.2636 6.6
      vertex 64.7945 62.8887 6.6
      vertex 64.0988 61.9507 6.6
    endloop
  endfacet
  facet normal 0 0 1
    outer loop
      vertex 73.3017 68.2636 6.6
      vertex 64.0988 61.9507 6.6
      vertex 63.3146 61.0854 6.6
    endloop
  endfacet
  facet normal 0 0 1
    outer loop
      vertex 73.3017 68.2636 6.6
      vertex 63.3146 61.0854 6.6
      vertex 57.9 22 6.6
    endloop
  endfacet
  facet normal 0 0 1
    outer loop
      vertex 57.9 22 6.6
      vertex 63.3146 61.0854 6.6
      vertex 62.4493 60.3012 6.6
    endloop
  endfacet
  facet normal 0 0 1
    outer loop
      vertex 57.9 22 6.6
      vertex 62.4493 60.3012 6.6
      vertex 61.5113 59.6055 6.6
    endloop
  endfacet
  facet normal 0 0 1
    outer loop
      vertex 57.9 22 6.6
      vertex 61.5113 59.6055 6.6
      vertex 60.5096 59.0051 6.6
    endloop
  endfacet
  facet normal 0 0 1
    outer loop
      vertex 57.9 22 6.6
      vertex 60.5096 59.0051 6.6
      vertex 59.4539 58.5058 6.6
    endloop
  endfacet
  facet normal 0 0 1
    outer loop
      vertex 57.9 22 6.6
      vertex 59.4539 58.5058 6.6
      vertex 58.3544 58.1124 6.6
    endloop
  endfacet
  facet normal 0 0 1
    outer loop
      vertex 57.9 22 6.6
      vertex 58.3544 58.1124 6.6
      vertex 57.9 57.9986 6.6
    endloop
  endfacet
  facet normal 0 0 1
    outer loop
      vertex 73.6641 68.4483 6.6
      vertex 57.9 22 6.6
      vertex 134.7 22 6.6
    endloop
  endfacet
  facet normal 0 0 1
    outer loop
      vertex 51.4456 58.1124 6.6
      vertex 51.9 22 6.6
      vertex 51.9 57.9986 6.6
    endloop
  endfacet
  facet normal 0 0 1
    outer loop
      vertex 50.3461 58.5058 6.6
      vertex 51.9 22 6.6
      vertex 51.4456 58.1124 6.6
    endloop
  endfacet
  facet normal 0 0 1
    outer loop
      vertex 49.2904 59.0051 6.6
      vertex 51.9 22 6.6
      vertex 50.3461 58.5058 6.6
    endloop
  endfacet
  facet normal 0 0 1
    outer loop
      vertex 48.2887 59.6055 6.6
      vertex 51.9 22 6.6
      vertex 49.2904 59.0051 6.6
    endloop
  endfacet
  facet normal 0 0 1
    outer loop
      vertex 16 22 6.6
      vertex 48.2887 59.6055 6.6
      vertex 47.3507 60.3012 6.6
    endloop
  endfacet
  facet normal 0 0 1
    outer loop
      vertex 16 22 6.6
      vertex 47.3507 60.3012 6.6
      vertex 46.4854 61.0854 6.6
    endloop
  endfacet
  facet normal 0 0 1
    outer loop
      vertex 16 22 6.6
      vertex 46.4854 61.0854 6.6
      vertex 45.7012 61.9507 6.6
    endloop
  endfacet
  facet normal 0 0 1
    outer loop
      vertex 36.4983 68.2636 6.6
      vertex 45.7012 61.9507 6.6
      vertex 45.0055 62.8887 6.6
    endloop
  endfacet
  facet normal 0 0 1
    outer loop
      vertex 36.9 68.2 6.6
      vertex 45.0055 62.8887 6.6
      vertex 44.4051 63.8904 6.6
    endloop
  endfacet
  facet normal 0 0 1
    outer loop
      vertex 36.9 68.2 6.6
      vertex 44.4051 63.8904 6.6
      vertex 43.9058 64.9461 6.6
    endloop
  endfacet
  facet normal 0 0 1
    outer loop
      vertex 37.3017 68.2636 6.6
      vertex 43.9058 64.9461 6.6
      vertex 43.5124 66.0456 6.6
    endloop
  endfacet
  facet normal 0 0 1
    outer loop
      vertex 37.6641 68.4483 6.6
      vertex 43.5124 66.0456 6.6
      vertex 43.2287 67.1784 6.6
    endloop
  endfacet
  facet normal 0 0 1
    outer loop
      vertex 38.1364 69.0983 6.6
      vertex 43 69.5 6.6
      vertex 38.2 69.5 6.6
    endloop
  endfacet
  facet normal 0 0 1
    outer loop
      vertex 43 69.5 6.6
      vertex 38.1364 69.0983 6.6
      vertex 43.0573 68.3336 6.6
    endloop
  endfacet
  facet normal -0 0 1
    outer loop
      vertex 37.9517 68.7359 6.6
      vertex 43.0573 68.3336 6.6
      vertex 38.1364 69.0983 6.6
    endloop
  endfacet
  facet normal 0 0 1
    outer loop
      vertex 43.0573 68.3336 6.6
      vertex 37.9517 68.7359 6.6
      vertex 43.2287 67.1784 6.6
    endloop
  endfacet
  facet normal -0 0 1
    outer loop
      vertex 37.6641 68.4483 6.6
      vertex 43.2287 67.1784 6.6
      vertex 37.9517 68.7359 6.6
    endloop
  endfacet
  facet normal 0 0 1
    outer loop
      vertex 43.5124 66.0456 6.6
      vertex 37.6641 68.4483 6.6
      vertex 37.3017 68.2636 6.6
    endloop
  endfacet
  facet normal 0 0 1
    outer loop
      vertex 43.9058 64.9461 6.6
      vertex 37.3017 68.2636 6.6
      vertex 36.9 68.2 6.6
    endloop
  endfacet
  facet normal 0 0 1
    outer loop
      vertex 45.0055 62.8887 6.6
      vertex 36.9 68.2 6.6
      vertex 36.4983 68.2636 6.6
    endloop
  endfacet
  facet normal 0 0 1
    outer loop
      vertex 45.7012 61.9507 6.6
      vertex 36.4983 68.2636 6.6
      vertex 16 22 6.6
    endloop
  endfacet
  facet normal 0 0 1
    outer loop
      vertex 16 22 6.6
      vertex 36.4983 68.2636 6.6
      vertex 36.1359 68.4483 6.6
    endloop
  endfacet
  facet normal 0 0 1
    outer loop
      vertex 16 22 6.6
      vertex 36.1359 68.4483 6.6
      vertex 35.8483 68.7359 6.6
    endloop
  endfacet
  facet normal 0 0 1
    outer loop
      vertex 16 22 6.6
      vertex 35.8483 68.7359 6.6
      vertex 35.6636 69.0983 6.6
    endloop
  endfacet
  facet normal 0 0 1
    outer loop
      vertex 16 22 6.6
      vertex 35.6 69.5 6.6
      vertex 16 150 6.6
    endloop
  endfacet
  facet normal 0 0 1
    outer loop
      vertex 48.2887 59.6055 6.6
      vertex 16 22 6.6
      vertex 51.9 22 6.6
    endloop
  endfacet
  facet normal 0 0 1
    outer loop
      vertex 35.6 69.5 6.6
      vertex 16 22 6.6
      vertex 35.6636 69.0983 6.6
    endloop
  endfacet
  facet normal -0 0 1
    outer loop
      vertex 16 16 6.6
      vertex 182.6 0 6.6
      vertex 182.6 16 6.6
    endloop
  endfacet
  facet normal 0 0 1
    outer loop
      vertex 182.6 0 6.6
      vertex 16 16 6.6
      vertex 16 0 6.6
    endloop
  endfacet
  facet normal 0 0 -1
    outer loop
      vertex 9.66733 95.6684 0
      vertex 19.2 6 0
      vertex 9.66733 36.3317 0
    endloop
  endfacet
  facet normal 0 0 -1
    outer loop
      vertex 19.2 6 0
      vertex 9.66733 95.6684 0
      vertex 9.7 96 0
    endloop
  endfacet
  facet normal 0 0 -1
    outer loop
      vertex 9.57059 36.6506 0
      vertex 9.66733 95.6684 0
      vertex 9.66733 36.3317 0
    endloop
  endfacet
  facet normal 0 0 -1
    outer loop
      vertex 9.57059 36.6506 0
      vertex 9.57059 95.3494 0
      vertex 9.66733 95.6684 0
    endloop
  endfacet
  facet normal 0 0 -1
    outer loop
      vertex 9.4135 36.9445 0
      vertex 9.57059 95.3494 0
      vertex 9.57059 36.6506 0
    endloop
  endfacet
  facet normal 0 0 -1
    outer loop
      vertex 9.4135 36.9445 0
      vertex 9.4135 95.0555 0
      vertex 9.57059 95.3494 0
    endloop
  endfacet
  facet normal 0 0 -1
    outer loop
      vertex 9.20208 37.2021 0
      vertex 9.4135 95.0555 0
      vertex 9.4135 36.9445 0
    endloop
  endfacet
  facet normal 0 0 -1
    outer loop
      vertex 9.20208 37.2021 0
      vertex 9.20208 94.7979 0
      vertex 9.4135 95.0555 0
    endloop
  endfacet
  facet normal 0 0 -1
    outer loop
      vertex 8.94447 37.4135 0
      vertex 9.20208 94.7979 0
      vertex 9.20208 37.2021 0
    endloop
  endfacet
  facet normal 0 0 -1
    outer loop
      vertex 8.94447 37.4135 0
      vertex 8.94447 94.5865 0
      vertex 9.20208 94.7979 0
    endloop
  endfacet
  facet normal 0 0 -1
    outer loop
      vertex 8.65056 37.5706 0
      vertex 8.94447 94.5865 0
      vertex 8.94447 37.4135 0
    endloop
  endfacet
  facet normal 0 0 -1
    outer loop
      vertex 8.65056 37.5706 0
      vertex 8.65056 94.4294 0
      vertex 8.94447 94.5865 0
    endloop
  endfacet
  facet normal 0 0 -1
    outer loop
      vertex 8.33165 37.6673 0
      vertex 8.65056 94.4294 0
      vertex 8.65056 37.5706 0
    endloop
  endfacet
  facet normal 0 0 -1
    outer loop
      vertex 8.33165 37.6673 0
      vertex 8.33165 94.3327 0
      vertex 8.65056 94.4294 0
    endloop
  endfacet
  facet normal 0 0 -1
    outer loop
      vertex 8 37.7 0
      vertex 8.33165 94.3327 0
      vertex 8.33165 37.6673 0
    endloop
  endfacet
  facet normal 0 0 -1
    outer loop
      vertex 8 37.7 0
      vertex 8 94.3 0
      vertex 8.33165 94.3327 0
    endloop
  endfacet
  facet normal 0 0 -1
    outer loop
      vertex 7.66835 37.6673 0
      vertex 8 94.3 0
      vertex 8 37.7 0
    endloop
  endfacet
  facet normal 0 0 -1
    outer loop
      vertex 7.66835 37.6673 0
      vertex 7.66835 94.3327 0
      vertex 8 94.3 0
    endloop
  endfacet
  facet normal 0 0 -1
    outer loop
      vertex 7.34944 37.5706 0
      vertex 7.66835 94.3327 0
      vertex 7.66835 37.6673 0
    endloop
  endfacet
  facet normal 0 0 -1
    outer loop
      vertex 7.34944 37.5706 0
      vertex 7.34944 94.4294 0
      vertex 7.66835 94.3327 0
    endloop
  endfacet
  facet normal 0 0 -1
    outer loop
      vertex 7.05553 37.4135 0
      vertex 7.34944 94.4294 0
      vertex 7.34944 37.5706 0
    endloop
  endfacet
  facet normal 0 0 -1
    outer loop
      vertex 7.05553 37.4135 0
      vertex 7.05553 94.5865 0
      vertex 7.34944 94.4294 0
    endloop
  endfacet
  facet normal 0 0 -1
    outer loop
      vertex 6.79792 37.2021 0
      vertex 7.05553 94.5865 0
      vertex 7.05553 37.4135 0
    endloop
  endfacet
  facet normal 0 0 -1
    outer loop
      vertex 6.79792 37.2021 0
      vertex 6.79792 94.7979 0
      vertex 7.05553 94.5865 0
    endloop
  endfacet
  facet normal 0 0 -1
    outer loop
      vertex 6.5865 36.9445 0
      vertex 6.79792 94.7979 0
      vertex 6.79792 37.2021 0
    endloop
  endfacet
  facet normal 0 0 -1
    outer loop
      vertex 6.5865 36.9445 0
      vertex 6.5865 95.0555 0
      vertex 6.79792 94.7979 0
    endloop
  endfacet
  facet normal 0 0 -1
    outer loop
      vertex 6.4294 36.6506 0
      vertex 6.5865 95.0555 0
      vertex 6.5865 36.9445 0
    endloop
  endfacet
  facet normal 0 0 -1
    outer loop
      vertex 6.4294 36.6506 0
      vertex 6.4294 95.3494 0
      vertex 6.5865 95.0555 0
    endloop
  endfacet
  facet normal 0 0 -1
    outer loop
      vertex 6.33266 36.3317 0
      vertex 6.4294 95.3494 0
      vertex 6.4294 36.6506 0
    endloop
  endfacet
  facet normal 0 0 -1
    outer loop
      vertex 6.33266 36.3317 0
      vertex 6.33266 95.6684 0
      vertex 6.4294 95.3494 0
    endloop
  endfacet
  facet normal 0 0 -1
    outer loop
      vertex 6.3 36 0
      vertex 6.33266 95.6684 0
      vertex 6.33266 36.3317 0
    endloop
  endfacet
  facet normal -0 0 -1
    outer loop
      vertex 6.33266 95.6684 0
      vertex 6.3 36 0
      vertex 6.3 96 0
    endloop
  endfacet
  facet normal 0 0 -1
    outer loop
      vertex 182.6 0 0
      vertex 173.4 6 0
      vertex 182.6 150 0
    endloop
  endfacet
  facet normal 0 0 -1
    outer loop
      vertex 182.6 0 0
      vertex 102 6 0
      vertex 173.4 6 0
    endloop
  endfacet
  facet normal 0 0 -1
    outer loop
      vertex 102 6 0
      vertex 90.6 6 0
      vertex 102 149 0
    endloop
  endfacet
  facet normal 0 0 -1
    outer loop
      vertex 182.6 0 0
      vertex 90.6 6 0
      vertex 102 6 0
    endloop
  endfacet
  facet normal 0 0 -1
    outer loop
      vertex 0 0 0
      vertex 90.6 6 0
      vertex 182.6 0 0
    endloop
  endfacet
  facet normal 0 0 -1
    outer loop
      vertex 9.66733 36.3317 0
      vertex 19.2 6 0
      vertex 9.7 36 0
    endloop
  endfacet
  facet normal 0 0 -1
    outer loop
      vertex 19.2 6 0
      vertex 9.66733 35.6683 0
      vertex 9.7 36 0
    endloop
  endfacet
  facet normal 0 0 -1
    outer loop
      vertex 19.2 6 0
      vertex 9.57059 35.3494 0
      vertex 9.66733 35.6683 0
    endloop
  endfacet
  facet normal 0 0 -1
    outer loop
      vertex 19.2 6 0
      vertex 9.4135 35.0555 0
      vertex 9.57059 35.3494 0
    endloop
  endfacet
  facet normal 0 0 -1
    outer loop
      vertex 19.2 6 0
      vertex 9.20208 34.7979 0
      vertex 9.4135 35.0555 0
    endloop
  endfacet
  facet normal 0 0 -1
    outer loop
      vertex 19.2 6 0
      vertex 8.94447 34.5865 0
      vertex 9.20208 34.7979 0
    endloop
  endfacet
  facet normal 0 0 -1
    outer loop
      vertex 19.2 6 0
      vertex 8.65056 34.4294 0
      vertex 8.94447 34.5865 0
    endloop
  endfacet
  facet normal 0 0 -1
    outer loop
      vertex 19.2 6 0
      vertex 8.33165 34.3327 0
      vertex 8.65056 34.4294 0
    endloop
  endfacet
  facet normal 0 0 -1
    outer loop
      vertex 19.2 6 0
      vertex 8 34.3 0
      vertex 8.33165 34.3327 0
    endloop
  endfacet
  facet normal 0 0 -1
    outer loop
      vertex 19.2 6 0
      vertex 7.66835 34.3327 0
      vertex 8 34.3 0
    endloop
  endfacet
  facet normal 0 0 -1
    outer loop
      vertex 0 0 0
      vertex 7.66835 34.3327 0
      vertex 19.2 6 0
    endloop
  endfacet
  facet normal -0 0 -1
    outer loop
      vertex 7.66835 34.3327 0
      vertex 0 0 0
      vertex 7.34944 34.4294 0
    endloop
  endfacet
  facet normal -0 0 -1
    outer loop
      vertex 7.34944 34.4294 0
      vertex 0 0 0
      vertex 7.05553 34.5865 0
    endloop
  endfacet
  facet normal -0 0 -1
    outer loop
      vertex 7.05553 34.5865 0
      vertex 0 0 0
      vertex 6.79792 34.7979 0
    endloop
  endfacet
  facet normal -0 0 -1
    outer loop
      vertex 6.79792 34.7979 0
      vertex 0 0 0
      vertex 6.5865 35.0555 0
    endloop
  endfacet
  facet normal -0 0 -1
    outer loop
      vertex 6.3 36 0
      vertex 0 0 0
      vertex 6.3 96 0
    endloop
  endfacet
  facet normal -0 0 -1
    outer loop
      vertex 6.33266 35.6683 0
      vertex 0 0 0
      vertex 6.3 36 0
    endloop
  endfacet
  facet normal -0 0 -1
    outer loop
      vertex 6.4294 35.3494 0
      vertex 0 0 0
      vertex 6.33266 35.6683 0
    endloop
  endfacet
  facet normal -0 0 -1
    outer loop
      vertex 6.5865 35.0555 0
      vertex 0 0 0
      vertex 6.4294 35.3494 0
    endloop
  endfacet
  facet normal -0 0 -1
    outer loop
      vertex 90.6 6 0
      vertex 0 0 0
      vertex 19.2 6 0
    endloop
  endfacet
  facet normal 0 0 -1
    outer loop
      vertex 173.4 149 0
      vertex 182.6 150 0
      vertex 173.4 6 0
    endloop
  endfacet
  facet normal 0 0 -1
    outer loop
      vertex 102 149 0
      vertex 182.6 150 0
      vertex 173.4 149 0
    endloop
  endfacet
  facet normal 0 0 -1
    outer loop
      vertex 90.6 149 0
      vertex 102 149 0
      vertex 90.6 6 0
    endloop
  endfacet
  facet normal 0 0 -1
    outer loop
      vertex 90.6 149 0
      vertex 182.6 150 0
      vertex 102 149 0
    endloop
  endfacet
  facet normal 0 0 -1
    outer loop
      vertex 0 150 0
      vertex 90.6 149 0
      vertex 19.2 149 0
    endloop
  endfacet
  facet normal 0 0 -1
    outer loop
      vertex 19.2 6 0
      vertex 9.7 96 0
      vertex 19.2 149 0
    endloop
  endfacet
  facet normal 0 0 -1
    outer loop
      vertex 9.66733 96.3316 0
      vertex 19.2 149 0
      vertex 9.7 96 0
    endloop
  endfacet
  facet normal 0 0 -1
    outer loop
      vertex 9.57059 96.6506 0
      vertex 19.2 149 0
      vertex 9.66733 96.3316 0
    endloop
  endfacet
  facet normal 0 0 -1
    outer loop
      vertex 9.4135 96.9445 0
      vertex 19.2 149 0
      vertex 9.57059 96.6506 0
    endloop
  endfacet
  facet normal 0 0 -1
    outer loop
      vertex 9.20208 97.2021 0
      vertex 19.2 149 0
      vertex 9.4135 96.9445 0
    endloop
  endfacet
  facet normal 0 0 -1
    outer loop
      vertex 8.94447 97.4135 0
      vertex 19.2 149 0
      vertex 9.20208 97.2021 0
    endloop
  endfacet
  facet normal 0 0 -1
    outer loop
      vertex 8.65056 97.5706 0
      vertex 19.2 149 0
      vertex 8.94447 97.4135 0
    endloop
  endfacet
  facet normal 0 0 -1
    outer loop
      vertex 8.33165 97.6673 0
      vertex 19.2 149 0
      vertex 8.65056 97.5706 0
    endloop
  endfacet
  facet normal 0 0 -1
    outer loop
      vertex 8 97.7 0
      vertex 19.2 149 0
      vertex 8.33165 97.6673 0
    endloop
  endfacet
  facet normal 0 0 -1
    outer loop
      vertex 0 150 0
      vertex 8 97.7 0
      vertex 7.66835 97.6673 0
    endloop
  endfacet
  facet normal 0 0 -1
    outer loop
      vertex 0 150 0
      vertex 7.66835 97.6673 0
      vertex 7.34944 97.5706 0
    endloop
  endfacet
  facet normal 0 0 -1
    outer loop
      vertex 0 150 0
      vertex 7.34944 97.5706 0
      vertex 7.05553 97.4135 0
    endloop
  endfacet
  facet normal 0 0 -1
    outer loop
      vertex 0 150 0
      vertex 7.05553 97.4135 0
      vertex 6.79792 97.2021 0
    endloop
  endfacet
  facet normal 0 0 -1
    outer loop
      vertex 0 150 0
      vertex 6.79792 97.2021 0
      vertex 6.5865 96.9445 0
    endloop
  endfacet
  facet normal 0 0 -1
    outer loop
      vertex 0 150 0
      vertex 6.5865 96.9445 0
      vertex 6.4294 96.6506 0
    endloop
  endfacet
  facet normal 0 0 -1
    outer loop
      vertex 0 150 0
      vertex 6.4294 96.6506 0
      vertex 6.33266 96.3316 0
    endloop
  endfacet
  facet normal 0 0 -1
    outer loop
      vertex 90.6 149 0
      vertex 0 150 0
      vertex 182.6 150 0
    endloop
  endfacet
  facet normal 0 0 -1
    outer loop
      vertex 8 97.7 0
      vertex 0 150 0
      vertex 19.2 149 0
    endloop
  endfacet
  facet normal 0 0 -1
    outer loop
      vertex 6.3 96 0
      vertex 0 150 0
      vertex 6.33266 96.3316 0
    endloop
  endfacet
  facet normal 0 0 -1
    outer loop
      vertex 0 150 0
      vertex 6.3 96 0
      vertex 0 0 0
    endloop
  endfacet
  facet normal -1 0 0
    outer loop
      vertex 0 0 0
      vertex 0 150 3.2
      vertex 0 150 0
    endloop
  endfacet
  facet normal -1 -0 0
    outer loop
      vertex 0 150 3.2
      vertex 0 0 0
      vertex 0 0 3.2
    endloop
  endfacet
  facet normal 0 1 0
    outer loop
      vertex 55.0861 150 1.55925
      vertex 55.5368 150 2.17125
      vertex 55.5186 150 1.98874
    endloop
  endfacet
  facet normal 0 1 0
    outer loop
      vertex 55.5368 150 2.17125
      vertex 54.8926 150 1.5406
      vertex 54.2077 150 2.1645
    endloop
  endfacet
  facet normal 0 1 0
    outer loop
      vertex 55.0861 150 1.55925
      vertex 55.5186 150 1.98874
      vertex 55.4637 150 1.83447
    endloop
  endfacet
  facet normal 0 1 0
    outer loop
      vertex 54.2077 150 2.1645
      vertex 54.8926 150 1.5406
      vertex 54.2429 150 1.98063
    endloop
  endfacet
  facet normal 0 1 0
    outer loop
      vertex 55.246 150 1.6152
      vertex 55.4637 150 1.83447
      vertex 55.3724 150 1.70845
    endloop
  endfacet
  facet normal -0 1 -0
    outer loop
      vertex 54.7085 150 1.55868
      vertex 54.2429 150 1.98063
      vertex 54.8926 150 1.5406
    endloop
  endfacet
  facet normal 0 1 0
    outer loop
      vertex 55.4637 150 1.83447
      vertex 55.246 150 1.6152
      vertex 55.0861 150 1.55925
    endloop
  endfacet
  facet normal 0 1 0
    outer loop
      vertex 54.2429 150 1.98063
      vertex 54.7085 150 1.55868
      vertex 54.3124 150 1.82692
    endloop
  endfacet
  facet normal 0 1 0
    outer loop
      vertex 55.5368 150 2.17125
      vertex 55.0861 150 1.55925
      vertex 54.8926 150 1.5406
    endloop
  endfacet
  facet normal -0 1 -0
    outer loop
      vertex 54.5498 150 1.61293
      vertex 54.3124 150 1.82692
      vertex 54.7085 150 1.55868
    endloop
  endfacet
  facet normal 0 1 0
    outer loop
      vertex 54.3124 150 1.82692
      vertex 54.5498 150 1.61293
      vertex 54.4162 150 1.70335
    endloop
  endfacet
  facet normal 0 1 0
    outer loop
      vertex 54.2077 150 2.1645
      vertex 54.7129 150 2.81884
      vertex 54.9638 150 2.8002
    endloop
  endfacet
  facet normal 0 1 0
    outer loop
      vertex 55.6276 150 4.45915
      vertex 55.1378 150 4.91575
      vertex 55.3153 150 4.85925
    endloop
  endfacet
  facet normal 0 1 -0
    outer loop
      vertex 55.2396 150 3.66389
      vertex 55.1378 150 4.91575
      vertex 55.6487 150 4.24627
    endloop
  endfacet
  facet normal 0 1 0
    outer loop
      vertex 55.6276 150 4.45915
      vertex 55.3153 150 4.85925
      vertex 55.4588 150 4.76507
    endloop
  endfacet
  facet normal 0 1 0
    outer loop
      vertex 55.6276 150 4.45915
      vertex 55.4588 150 4.76507
      vertex 55.5643 150 4.63208
    endloop
  endfacet
  facet normal 0 1 0
    outer loop
      vertex 55.1378 150 4.91575
      vertex 55.6276 150 4.45915
      vertex 55.6487 150 4.24627
    endloop
  endfacet
  facet normal 0 1 0
    outer loop
      vertex 54.9265 150 4.93458
      vertex 55.0113 150 3.60737
      vertex 54.5321 150 4.8581
    endloop
  endfacet
  facet normal 0 1 0
    outer loop
      vertex 55.1378 150 4.91575
      vertex 55.2396 150 3.66389
      vertex 54.9265 150 4.93458
    endloop
  endfacet
  facet normal 0 1 0
    outer loop
      vertex 54.5321 150 4.8581
      vertex 55.0113 150 3.60737
      vertex 54.271 150 4.62867
    endloop
  endfacet
  facet normal 0 1 0
    outer loop
      vertex 55.2396 150 3.66389
      vertex 55.6487 150 4.24627
      vertex 55.6231 150 4.0504
    endloop
  endfacet
  facet normal 0 1 0
    outer loop
      vertex 182.6 150 6.6
      vertex 54.9299 150 5.70768
      vertex 16 150 6.6
    endloop
  endfacet
  facet normal 0 1 -0
    outer loop
      vertex 138.093 150 5.63281
      vertex 54.9299 150 5.70768
      vertex 182.6 150 6.6
    endloop
  endfacet
  facet normal 0 1 0
    outer loop
      vertex 138.093 150 5.63281
      vertex 182.6 150 6.6
      vertex 139.001 150 5.63281
    endloop
  endfacet
  facet normal 0 1 0
    outer loop
      vertex 182.6 150 6.6
      vertex 139.639 150 4.65971
      vertex 139.001 150 5.63281
    endloop
  endfacet
  facet normal 0 1 0
    outer loop
      vertex 182.6 150 6.6
      vertex 139.639 150 3.95106
      vertex 139.639 150 4.65971
    endloop
  endfacet
  facet normal 0 1 0
    outer loop
      vertex 139.639 150 3.95106
      vertex 139.001 150 0.855419
      vertex 139.001 150 3.95106
    endloop
  endfacet
  facet normal 0 1 -0
    outer loop
      vertex 182.6 150 0
      vertex 139.639 150 3.95106
      vertex 182.6 150 6.6
    endloop
  endfacet
  facet normal 0 1 0
    outer loop
      vertex 182.6 150 0
      vertex 137.937 150 0.855419
      vertex 139.001 150 0.855419
    endloop
  endfacet
  facet normal 0 1 0
    outer loop
      vertex 137.937 150 0.855419
      vertex 54.9095 150 0.781094
      vertex 55.3727 150 0.818584
    endloop
  endfacet
  facet normal 0 1 0
    outer loop
      vertex 137.937 150 0.855419
      vertex 182.6 150 0
      vertex 54.9095 150 0.781094
    endloop
  endfacet
  facet normal 0 1 0
    outer loop
      vertex 139.639 150 3.95106
      vertex 182.6 150 0
      vertex 139.001 150 0.855419
    endloop
  endfacet
  facet normal 0 1 -0
    outer loop
      vertex 54.4518 150 5.66832
      vertex 16 150 6.6
      vertex 54.9299 150 5.70768
    endloop
  endfacet
  facet normal 0 1 -0
    outer loop
      vertex 54.0438 150 5.55021
      vertex 16 150 6.6
      vertex 54.4518 150 5.66832
    endloop
  endfacet
  facet normal 0 1 -0
    outer loop
      vertex 53.7059 150 5.35337
      vertex 16 150 6.6
      vertex 54.0438 150 5.55021
    endloop
  endfacet
  facet normal 0 1 -0
    outer loop
      vertex 53.4448 150 5.0823
      vertex 16 150 6.6
      vertex 53.7059 150 5.35337
    endloop
  endfacet
  facet normal 0 1 -0
    outer loop
      vertex 53.2674 150 4.74153
      vertex 16 150 6.6
      vertex 53.4448 150 5.0823
    endloop
  endfacet
  facet normal 0 1 -0
    outer loop
      vertex 53.1735 150 4.33108
      vertex 16 150 6.6
      vertex 53.2674 150 4.74153
    endloop
  endfacet
  facet normal 0 1 0
    outer loop
      vertex 54.4009 150 3.58853
      vertex 53.1735 150 4.33108
      vertex 54.1433 150 4.24627
    endloop
  endfacet
  facet normal 0 1 -0
    outer loop
      vertex 54.7332 150 3.58853
      vertex 54.271 150 4.62867
      vertex 55.0113 150 3.60737
    endloop
  endfacet
  facet normal 0 1 0
    outer loop
      vertex 55.4181 150 3.75808
      vertex 55.6231 150 4.0504
      vertex 55.5462 150 3.88766
    endloop
  endfacet
  facet normal 0 1 0
    outer loop
      vertex 55.6231 150 4.0504
      vertex 55.4181 150 3.75808
      vertex 55.2396 150 3.66389
    endloop
  endfacet
  facet normal 0 1 0
    outer loop
      vertex 54.9265 150 4.93458
      vertex 55.2396 150 3.66389
      vertex 55.0113 150 3.60737
    endloop
  endfacet
  facet normal 0 1 0
    outer loop
      vertex 54.271 150 4.62867
      vertex 54.7332 150 3.58853
      vertex 54.1433 150 4.24627
    endloop
  endfacet
  facet normal 0 1 0
    outer loop
      vertex 54.1433 150 4.24627
      vertex 54.7332 150 3.58853
      vertex 54.4009 150 3.58853
    endloop
  endfacet
  facet normal 0 1 0
    outer loop
      vertex 53.1735 150 4.33108
      vertex 54.4009 150 3.58853
      vertex 53.2549 150 2.09665
    endloop
  endfacet
  facet normal -0 1 0
    outer loop
      vertex 16 150 3.2
      vertex 53.1735 150 4.33108
      vertex 53.2549 150 2.09665
    endloop
  endfacet
  facet normal 0 1 0
    outer loop
      vertex 53.2549 150 2.09665
      vertex 54.4009 150 3.58853
      vertex 54.4009 150 2.81884
    endloop
  endfacet
  facet normal 0 1 0
    outer loop
      vertex 53.1735 150 4.33108
      vertex 16 150 3.2
      vertex 16 150 6.6
    endloop
  endfacet
  facet normal 0 1 0
    outer loop
      vertex 54.7129 150 2.81884
      vertex 54.2077 150 2.1645
      vertex 54.4009 150 2.81884
    endloop
  endfacet
  facet normal 0 1 0
    outer loop
      vertex 55.5368 150 2.17125
      vertex 54.9638 150 2.8002
      vertex 55.1695 150 2.74427
    endloop
  endfacet
  facet normal 0 1 0
    outer loop
      vertex 55.5138 150 2.3632
      vertex 55.1695 150 2.74427
      vertex 55.33 150 2.65104
    endloop
  endfacet
  facet normal 0 1 0
    outer loop
      vertex 55.5138 150 2.3632
      vertex 55.33 150 2.65104
      vertex 55.4449 150 2.52313
    endloop
  endfacet
  facet normal 0 1 0
    outer loop
      vertex 55.1695 150 2.74427
      vertex 55.5138 150 2.3632
      vertex 55.5368 150 2.17125
    endloop
  endfacet
  facet normal 0 1 0
    outer loop
      vertex 54.9638 150 2.8002
      vertex 55.5368 150 2.17125
      vertex 54.2077 150 2.1645
    endloop
  endfacet
  facet normal 0 1 0
    outer loop
      vertex 54.4009 150 2.81884
      vertex 54.2077 150 2.1645
      vertex 53.2549 150 2.09665
    endloop
  endfacet
  facet normal 0 1 0
    outer loop
      vertex 53.345 150 1.71501
      vertex 16 150 3.2
      vertex 53.2549 150 2.09665
    endloop
  endfacet
  facet normal 0 1 0
    outer loop
      vertex 53.5156 150 1.39291
      vertex 16 150 3.2
      vertex 53.345 150 1.71501
    endloop
  endfacet
  facet normal 0 1 0
    outer loop
      vertex 53.7669 150 1.13034
      vertex 16 150 3.2
      vertex 53.5156 150 1.39291
    endloop
  endfacet
  facet normal 0 1 0
    outer loop
      vertex 54.0882 150 0.936321
      vertex 16 150 3.2
      vertex 53.7669 150 1.13034
    endloop
  endfacet
  facet normal 0 1 0
    outer loop
      vertex 54.4691 150 0.819897
      vertex 16 150 3.2
      vertex 54.0882 150 0.936321
    endloop
  endfacet
  facet normal 0 1 0
    outer loop
      vertex 16 150 3.2
      vertex 54.4691 150 0.819897
      vertex 0 150 0
    endloop
  endfacet
  facet normal 0 1 0
    outer loop
      vertex 0 150 0
      vertex 54.4691 150 0.819897
      vertex 54.9095 150 0.781094
    endloop
  endfacet
  facet normal 0 1 0
    outer loop
      vertex 16 150 3.2
      vertex 0 150 0
      vertex 0 150 3.2
    endloop
  endfacet
  facet normal 0 1 0
    outer loop
      vertex 0 150 0
      vertex 54.9095 150 0.781094
      vertex 182.6 150 0
    endloop
  endfacet
  facet normal 0 1 0
    outer loop
      vertex 54.9299 150 5.70768
      vertex 138.093 150 5.63281
      vertex 55.4309 150 5.66699
    endloop
  endfacet
  facet normal 0 1 0
    outer loop
      vertex 138.093 150 5.63281
      vertex 55.8491 150 5.54492
      vertex 55.4309 150 5.66699
    endloop
  endfacet
  facet normal 0 1 -0
    outer loop
      vertex 135.919 150 4.65971
      vertex 55.8491 150 5.54492
      vertex 138.093 150 5.63281
    endloop
  endfacet
  facet normal 0 1 0
    outer loop
      vertex 55.8491 150 5.54492
      vertex 135.919 150 4.65971
      vertex 56.1844 150 5.34147
    endloop
  endfacet
  facet normal 0 1 0
    outer loop
      vertex 56.1844 150 5.34147
      vertex 135.919 150 4.65971
      vertex 56.4293 150 5.06344
    endloop
  endfacet
  facet normal 0 1 0
    outer loop
      vertex 135.919 150 4.65971
      vertex 138.093 150 5.63281
      vertex 138.093 150 4.65971
    endloop
  endfacet
  facet normal 0 1 0
    outer loop
      vertex 56.4293 150 5.06344
      vertex 135.919 150 4.65971
      vertex 56.5762 150 4.71759
    endloop
  endfacet
  facet normal 0 1 0
    outer loop
      vertex 135.919 150 4.65971
      vertex 56.6252 150 4.30394
      vertex 56.5762 150 4.71759
    endloop
  endfacet
  facet normal 0 1 -0
    outer loop
      vertex 135.919 150 3.94426
      vertex 56.6252 150 4.30394
      vertex 135.919 150 4.65971
    endloop
  endfacet
  facet normal 0 1 0
    outer loop
      vertex 56.5031 150 2.05259
      vertex 56.6252 150 4.30394
      vertex 135.919 150 3.94426
    endloop
  endfacet
  facet normal 0 1 0
    outer loop
      vertex 56.6252 150 4.30394
      vertex 56.5031 150 2.05259
      vertex 56.5922 150 4.0148
    endloop
  endfacet
  facet normal -0 1 0
    outer loop
      vertex 56.4739 150 2.33325
      vertex 56.5922 150 4.0148
      vertex 56.5031 150 2.05259
    endloop
  endfacet
  facet normal -0 1 0
    outer loop
      vertex 56.3863 150 2.5785
      vertex 56.4933 150 3.76222
      vertex 56.4739 150 2.33325
    endloop
  endfacet
  facet normal -0 1 0
    outer loop
      vertex 56.2403 150 2.78834
      vertex 56.3285 150 3.54618
      vertex 56.3863 150 2.5785
    endloop
  endfacet
  facet normal -0 1 0
    outer loop
      vertex 56.0394 150 2.95901
      vertex 56.1026 150 3.37419
      vertex 56.2403 150 2.78834
    endloop
  endfacet
  facet normal 0 1 0
    outer loop
      vertex 55.8207 150 3.25381
      vertex 55.7868 150 3.08673
      vertex 55.4826 150 3.18504
    endloop
  endfacet
  facet normal 0 1 0
    outer loop
      vertex 55.4826 150 3.18504
      vertex 55.7868 150 3.08673
      vertex 55.4826 150 3.17149
    endloop
  endfacet
  facet normal 0 1 0
    outer loop
      vertex 55.8207 150 3.25381
      vertex 56.0394 150 2.95901
      vertex 55.7868 150 3.08673
    endloop
  endfacet
  facet normal 0 1 0
    outer loop
      vertex 56.1026 150 3.37419
      vertex 56.0394 150 2.95901
      vertex 55.8207 150 3.25381
    endloop
  endfacet
  facet normal 0 1 0
    outer loop
      vertex 56.3285 150 3.54618
      vertex 56.2403 150 2.78834
      vertex 56.1026 150 3.37419
    endloop
  endfacet
  facet normal 0 1 0
    outer loop
      vertex 56.4933 150 3.76222
      vertex 56.3863 150 2.5785
      vertex 56.3285 150 3.54618
    endloop
  endfacet
  facet normal 0 1 0
    outer loop
      vertex 56.5922 150 4.0148
      vertex 56.4739 150 2.33325
      vertex 56.4933 150 3.76222
    endloop
  endfacet
  facet normal 0 1 0
    outer loop
      vertex 135.919 150 3.94426
      vertex 56.4562 150 1.68359
      vertex 56.5031 150 2.05259
    endloop
  endfacet
  facet normal 0 1 0
    outer loop
      vertex 135.919 150 3.94426
      vertex 56.3155 150 1.37222
      vertex 56.4562 150 1.68359
    endloop
  endfacet
  facet normal 0 1 0
    outer loop
      vertex 137.937 150 0.855419
      vertex 56.3155 150 1.37222
      vertex 135.919 150 3.94426
    endloop
  endfacet
  facet normal 0 1 0
    outer loop
      vertex 56.3155 150 1.37222
      vertex 137.937 150 0.855419
      vertex 56.081 150 1.1185
    endloop
  endfacet
  facet normal 0 1 0
    outer loop
      vertex 56.081 150 1.1185
      vertex 137.937 150 0.855419
      vertex 55.7632 150 0.931057
    endloop
  endfacet
  facet normal 0 1 0
    outer loop
      vertex 55.7632 150 0.931057
      vertex 137.937 150 0.855419
      vertex 55.3727 150 0.818584
    endloop
  endfacet
  facet normal 0 1 0
    outer loop
      vertex 139.001 150 5.63281
      vertex 139.639 150 4.65971
      vertex 139.001 150 4.65971
    endloop
  endfacet
  facet normal 0 1 0
    outer loop
      vertex 137.804 150 2.26593
      vertex 138.093 150 3.95106
      vertex 138.093 150 2.38797
    endloop
  endfacet
  facet normal 0 1 0
    outer loop
      vertex 138.093 150 3.95106
      vertex 137.804 150 2.26593
      vertex 136.696 150 3.95106
    endloop
  endfacet
  facet normal 0 1 0
    outer loop
      vertex 138.094 150 2.26254
      vertex 137.804 150 2.26593
      vertex 138.093 150 2.38797
    endloop
  endfacet
  facet normal 0 1 0
    outer loop
      vertex 137.942 150 2.04516
      vertex 138.094 150 2.26254
      vertex 138.098 150 2.13032
    endloop
  endfacet
  facet normal 0 1 0
    outer loop
      vertex 138.094 150 2.26254
      vertex 137.942 150 2.04516
      vertex 137.804 150 2.26593
    endloop
  endfacet
  facet normal 0 1 0
    outer loop
      vertex 138.105 150 1.99131
      vertex 137.942 150 2.04516
      vertex 138.098 150 2.13032
    endloop
  endfacet
  facet normal 0 1 0
    outer loop
      vertex 138.049 150 1.86207
      vertex 138.105 150 1.99131
      vertex 138.112 150 1.86584
    endloop
  endfacet
  facet normal 0 1 0
    outer loop
      vertex 138.105 150 1.99131
      vertex 138.049 150 1.86207
      vertex 137.942 150 2.04516
    endloop
  endfacet
  facet normal 0 1 0
    outer loop
      vertex 138.118 150 1.7743
      vertex 138.049 150 1.86207
      vertex 138.112 150 1.86584
    endloop
  endfacet
  facet normal 0 1 0
    outer loop
      vertex 138.049 150 1.86207
      vertex 138.118 150 1.7743
      vertex 138.123 150 1.71667
    endloop
  endfacet
  facet normal 0 -1 0
    outer loop
      vertex 0 0 3.2
      vertex 0 0 0
      vertex 16 0 3.2
    endloop
  endfacet
  facet normal 0 -1 0
    outer loop
      vertex 16 0 3.2
      vertex 182.6 0 6.6
      vertex 16 0 6.6
    endloop
  endfacet
  facet normal 0 -1 0
    outer loop
      vertex 182.6 0 0
      vertex 16 0 3.2
      vertex 0 0 0
    endloop
  endfacet
  facet normal 0 -1 0
    outer loop
      vertex 16 0 3.2
      vertex 182.6 0 0
      vertex 182.6 0 6.6
    endloop
  endfacet
  facet normal -1 0 0
    outer loop
      vertex 90.6 149 0
      vertex 90.6 141 1
      vertex 90.6 149 1
    endloop
  endfacet
  facet normal -1 0 0
    outer loop
      vertex 90.6 6 0
      vertex 90.6 141 1
      vertex 90.6 149 0
    endloop
  endfacet
  facet normal -1 -0 0
    outer loop
      vertex 90.6 141 1
      vertex 90.6 6 0
      vertex 90.6 6 1
    endloop
  endfacet
  facet normal 0 0 -1
    outer loop
      vertex 19.2 141 1
      vertex 90.6 149 1
      vertex 90.6 141 1
    endloop
  endfacet
  facet normal -0 0 -1
    outer loop
      vertex 90.6 149 1
      vertex 19.2 141 1
      vertex 19.2 149 1
    endloop
  endfacet
  facet normal -0 0 1
    outer loop
      vertex 16 141 1
      vertex 19.2 6 1
      vertex 19.2 141 1
    endloop
  endfacet
  facet normal 0 0 1
    outer loop
      vertex 19.2 6 1
      vertex 16 141 1
      vertex 16 6 1
    endloop
  endfacet
  facet normal -0 0 1
    outer loop
      vertex 90.6 141 1
      vertex 93.8 6 1
      vertex 93.8 141 1
    endloop
  endfacet
  facet normal 0 0 1
    outer loop
      vertex 93.8 6 1
      vertex 90.6 141 1
      vertex 90.6 6 1
    endloop
  endfacet
  facet normal 1 -0 0
    outer loop
      vertex 19.2 141 1
      vertex 19.2 149 0
      vertex 19.2 149 1
    endloop
  endfacet
  facet normal 1 0 0
    outer loop
      vertex 19.2 6 0
      vertex 19.2 141 1
      vertex 19.2 6 1
    endloop
  endfacet
  facet normal 1 0 0
    outer loop
      vertex 19.2 141 1
      vertex 19.2 6 0
      vertex 19.2 149 0
    endloop
  endfacet
  facet normal 0 -1 0
    outer loop
      vertex 19.2 149 0
      vertex 90.6 149 1
      vertex 19.2 149 1
    endloop
  endfacet
  facet normal 0 -1 -0
    outer loop
      vertex 90.6 149 1
      vertex 19.2 149 0
      vertex 90.6 149 0
    endloop
  endfacet
  facet normal 0 1 -0
    outer loop
      vertex 90.6 6 0
      vertex 19.2 6 1
      vertex 90.6 6 1
    endloop
  endfacet
  facet normal 0 1 0
    outer loop
      vertex 19.2 6 1
      vertex 90.6 6 0
      vertex 19.2 6 0
    endloop
  endfacet
  facet normal 0 1 0
    outer loop
      vertex 90.6 6 1
      vertex 93.8 6 2.8
      vertex 93.8 6 1
    endloop
  endfacet
  facet normal 0 1 0
    outer loop
      vertex 93.8 6 2.8
      vertex 90.6 6 1
      vertex 16 6 2.8
    endloop
  endfacet
  facet normal 0 1 -0
    outer loop
      vertex 19.2 6 1
      vertex 16 6 2.8
      vertex 90.6 6 1
    endloop
  endfacet
  facet normal 0 1 0
    outer loop
      vertex 16 6 2.8
      vertex 19.2 6 1
      vertex 16 6 1
    endloop
  endfacet
  facet normal -1 0 0
    outer loop
      vertex 93.8 6 1
      vertex 93.8 141 2.8
      vertex 93.8 141 1
    endloop
  endfacet
  facet normal -1 -0 0
    outer loop
      vertex 93.8 141 2.8
      vertex 93.8 6 1
      vertex 93.8 6 2.8
    endloop
  endfacet
  facet normal 0 0 -1
    outer loop
      vertex 93.8 6 2.8
      vertex 74.2 69.5 2.8
      vertex 93.8 141 2.8
    endloop
  endfacet
  facet normal 0 0 -1
    outer loop
      vertex 93.8 6 2.8
      vertex 74.1364 69.0983 2.8
      vertex 74.2 69.5 2.8
    endloop
  endfacet
  facet normal 0 0 -1
    outer loop
      vertex 93.8 6 2.8
      vertex 73.9517 68.7359 2.8
      vertex 74.1364 69.0983 2.8
    endloop
  endfacet
  facet normal 0 0 -1
    outer loop
      vertex 93.8 6 2.8
      vertex 73.6641 68.4483 2.8
      vertex 73.9517 68.7359 2.8
    endloop
  endfacet
  facet normal 0 0 -1
    outer loop
      vertex 93.8 6 2.8
      vertex 73.3017 68.2636 2.8
      vertex 73.6641 68.4483 2.8
    endloop
  endfacet
  facet normal 0 0 -1
    outer loop
      vertex 93.8 6 2.8
      vertex 72.9 68.2 2.8
      vertex 73.3017 68.2636 2.8
    endloop
  endfacet
  facet normal 0 0 -1
    outer loop
      vertex 56.8134 64.8806 2.8
      vertex 72.9 68.2 2.8
      vertex 93.8 6 2.8
    endloop
  endfacet
  facet normal 0 -0 -1
    outer loop
      vertex 57.4 65.1699 2.8
      vertex 72.9 68.2 2.8
      vertex 56.8134 64.8806 2.8
    endloop
  endfacet
  facet normal -0 0 -1
    outer loop
      vertex 72.9 68.2 2.8
      vertex 57.4 65.1699 2.8
      vertex 72.4983 68.2636 2.8
    endloop
  endfacet
  facet normal 0 -0 -1
    outer loop
      vertex 58.4355 65.9645 2.8
      vertex 72.4983 68.2636 2.8
      vertex 57.9438 65.5332 2.8
    endloop
  endfacet
  facet normal 0 0 -1
    outer loop
      vertex 59.8572 68.8474 2.8
      vertex 71.6 69.5 2.8
      vertex 71.6636 69.0983 2.8
    endloop
  endfacet
  facet normal -0 0 -1
    outer loop
      vertex 72.4983 68.2636 2.8
      vertex 58.4355 65.9645 2.8
      vertex 72.1359 68.4483 2.8
    endloop
  endfacet
  facet normal -0 0 -1
    outer loop
      vertex 71.6 69.5 2.8
      vertex 59.8572 68.8474 2.8
      vertex 59.9 69.5 2.8
    endloop
  endfacet
  facet normal 0 0 -1
    outer loop
      vertex 71.6636 69.0983 2.8
      vertex 59.7296 68.2059 2.8
      vertex 59.8572 68.8474 2.8
    endloop
  endfacet
  facet normal -0 0 -1
    outer loop
      vertex 71.8483 68.7359 2.8
      vertex 59.7296 68.2059 2.8
      vertex 71.6636 69.0983 2.8
    endloop
  endfacet
  facet normal 0 -0 -1
    outer loop
      vertex 59.7296 68.2059 2.8
      vertex 71.8483 68.7359 2.8
      vertex 59.5194 67.5866 2.8
    endloop
  endfacet
  facet normal 0 -0 -1
    outer loop
      vertex 59.5194 67.5866 2.8
      vertex 71.8483 68.7359 2.8
      vertex 59.2301 67 2.8
    endloop
  endfacet
  facet normal -0 0 -1
    outer loop
      vertex 72.1359 68.4483 2.8
      vertex 59.2301 67 2.8
      vertex 71.8483 68.7359 2.8
    endloop
  endfacet
  facet normal 0 -0 -1
    outer loop
      vertex 59.2301 67 2.8
      vertex 72.1359 68.4483 2.8
      vertex 58.8668 66.4562 2.8
    endloop
  endfacet
  facet normal 0 -0 -1
    outer loop
      vertex 58.8668 66.4562 2.8
      vertex 72.1359 68.4483 2.8
      vertex 58.4355 65.9645 2.8
    endloop
  endfacet
  facet normal 0 -0 -1
    outer loop
      vertex 57.9438 65.5332 2.8
      vertex 72.4983 68.2636 2.8
      vertex 57.4 65.1699 2.8
    endloop
  endfacet
  facet normal 0 0 -1
    outer loop
      vertex 93.8 6 2.8
      vertex 56.1941 64.6704 2.8
      vertex 56.8134 64.8806 2.8
    endloop
  endfacet
  facet normal 0 0 -1
    outer loop
      vertex 93.8 6 2.8
      vertex 55.5526 64.5428 2.8
      vertex 56.1941 64.6704 2.8
    endloop
  endfacet
  facet normal 0 0 -1
    outer loop
      vertex 93.8 6 2.8
      vertex 54.9 64.5 2.8
      vertex 55.5526 64.5428 2.8
    endloop
  endfacet
  facet normal 0 0 -1
    outer loop
      vertex 16 6 2.8
      vertex 54.9 64.5 2.8
      vertex 93.8 6 2.8
    endloop
  endfacet
  facet normal -0 0 -1
    outer loop
      vertex 54.9 64.5 2.8
      vertex 16 6 2.8
      vertex 54.2474 64.5428 2.8
    endloop
  endfacet
  facet normal -0 0 -1
    outer loop
      vertex 54.2474 64.5428 2.8
      vertex 16 6 2.8
      vertex 53.6059 64.6704 2.8
    endloop
  endfacet
  facet normal -0 0 -1
    outer loop
      vertex 53.6059 64.6704 2.8
      vertex 16 6 2.8
      vertex 52.9866 64.8806 2.8
    endloop
  endfacet
  facet normal 0 -0 -1
    outer loop
      vertex 36.9 68.2 2.8
      vertex 52.9866 64.8806 2.8
      vertex 16 6 2.8
    endloop
  endfacet
  facet normal 0 0 -1
    outer loop
      vertex 52.9866 64.8806 2.8
      vertex 36.9 68.2 2.8
      vertex 52.4 65.1699 2.8
    endloop
  endfacet
  facet normal 0 -0 -1
    outer loop
      vertex 37.3017 68.2636 2.8
      vertex 52.4 65.1699 2.8
      vertex 36.9 68.2 2.8
    endloop
  endfacet
  facet normal 0 0 -1
    outer loop
      vertex 49.9428 68.8474 2.8
      vertex 38.2 69.5 2.8
      vertex 49.9 69.5 2.8
    endloop
  endfacet
  facet normal 0 0 -1
    outer loop
      vertex 38.1364 69.0983 2.8
      vertex 49.9428 68.8474 2.8
      vertex 50.0704 68.2059 2.8
    endloop
  endfacet
  facet normal 0 0 -1
    outer loop
      vertex 37.9517 68.7359 2.8
      vertex 50.0704 68.2059 2.8
      vertex 50.2806 67.5866 2.8
    endloop
  endfacet
  facet normal 0 0 -1
    outer loop
      vertex 37.9517 68.7359 2.8
      vertex 50.2806 67.5866 2.8
      vertex 50.5699 67 2.8
    endloop
  endfacet
  facet normal 0 0 -1
    outer loop
      vertex 37.6641 68.4483 2.8
      vertex 50.5699 67 2.8
      vertex 50.9332 66.4562 2.8
    endloop
  endfacet
  facet normal 0 0 -1
    outer loop
      vertex 52.4 65.1699 2.8
      vertex 37.3017 68.2636 2.8
      vertex 51.8562 65.5332 2.8
    endloop
  endfacet
  facet normal 0 0 -1
    outer loop
      vertex 49.9428 68.8474 2.8
      vertex 38.1364 69.0983 2.8
      vertex 38.2 69.5 2.8
    endloop
  endfacet
  facet normal 0 0 -1
    outer loop
      vertex 50.0704 68.2059 2.8
      vertex 37.9517 68.7359 2.8
      vertex 38.1364 69.0983 2.8
    endloop
  endfacet
  facet normal 0 0 -1
    outer loop
      vertex 50.5699 67 2.8
      vertex 37.6641 68.4483 2.8
      vertex 37.9517 68.7359 2.8
    endloop
  endfacet
  facet normal 0 0 -1
    outer loop
      vertex 51.3645 65.9645 2.8
      vertex 37.6641 68.4483 2.8
      vertex 50.9332 66.4562 2.8
    endloop
  endfacet
  facet normal 0 0 -1
    outer loop
      vertex 51.8562 65.5332 2.8
      vertex 37.3017 68.2636 2.8
      vertex 51.3645 65.9645 2.8
    endloop
  endfacet
  facet normal 0 -0 -1
    outer loop
      vertex 37.6641 68.4483 2.8
      vertex 51.3645 65.9645 2.8
      vertex 37.3017 68.2636 2.8
    endloop
  endfacet
  facet normal -0 0 -1
    outer loop
      vertex 36.9 68.2 2.8
      vertex 16 6 2.8
      vertex 36.4983 68.2636 2.8
    endloop
  endfacet
  facet normal -0 0 -1
    outer loop
      vertex 36.4983 68.2636 2.8
      vertex 16 6 2.8
      vertex 36.1359 68.4483 2.8
    endloop
  endfacet
  facet normal -0 0 -1
    outer loop
      vertex 35.6636 69.0983 2.8
      vertex 16 6 2.8
      vertex 35.6 69.5 2.8
    endloop
  endfacet
  facet normal -0 0 -1
    outer loop
      vertex 35.8483 68.7359 2.8
      vertex 16 6 2.8
      vertex 35.6636 69.0983 2.8
    endloop
  endfacet
  facet normal -0 0 -1
    outer loop
      vertex 36.1359 68.4483 2.8
      vertex 16 6 2.8
      vertex 35.8483 68.7359 2.8
    endloop
  endfacet
  facet normal 0 0 -1
    outer loop
      vertex 74.1364 69.9017 2.8
      vertex 93.8 141 2.8
      vertex 74.2 69.5 2.8
    endloop
  endfacet
  facet normal 0 0 -1
    outer loop
      vertex 73.9517 70.2641 2.8
      vertex 93.8 141 2.8
      vertex 74.1364 69.9017 2.8
    endloop
  endfacet
  facet normal 0 0 -1
    outer loop
      vertex 73.6641 70.5517 2.8
      vertex 93.8 141 2.8
      vertex 73.9517 70.2641 2.8
    endloop
  endfacet
  facet normal 0 0 -1
    outer loop
      vertex 73.3017 70.7364 2.8
      vertex 93.8 141 2.8
      vertex 73.6641 70.5517 2.8
    endloop
  endfacet
  facet normal 0 0 -1
    outer loop
      vertex 72.9 70.8 2.8
      vertex 93.8 141 2.8
      vertex 73.3017 70.7364 2.8
    endloop
  endfacet
  facet normal 0 0 -1
    outer loop
      vertex 57.4 73.8301 2.8
      vertex 72.9 70.8 2.8
      vertex 72.4983 70.7364 2.8
    endloop
  endfacet
  facet normal 0 0 -1
    outer loop
      vertex 58.4355 73.0355 2.8
      vertex 72.4983 70.7364 2.8
      vertex 72.1359 70.5517 2.8
    endloop
  endfacet
  facet normal 0 0 -1
    outer loop
      vertex 59.2301 72 2.8
      vertex 72.1359 70.5517 2.8
      vertex 71.8483 70.2641 2.8
    endloop
  endfacet
  facet normal 0 0 -1
    outer loop
      vertex 59.7296 70.7941 2.8
      vertex 71.8483 70.2641 2.8
      vertex 71.6636 69.9017 2.8
    endloop
  endfacet
  facet normal 0 0 -1
    outer loop
      vertex 59.8572 70.1526 2.8
      vertex 71.6 69.5 2.8
      vertex 59.9 69.5 2.8
    endloop
  endfacet
  facet normal 0 0 -1
    outer loop
      vertex 71.6 69.5 2.8
      vertex 59.8572 70.1526 2.8
      vertex 71.6636 69.9017 2.8
    endloop
  endfacet
  facet normal 0 0 -1
    outer loop
      vertex 59.7296 70.7941 2.8
      vertex 71.6636 69.9017 2.8
      vertex 59.8572 70.1526 2.8
    endloop
  endfacet
  facet normal 0 0 -1
    outer loop
      vertex 71.8483 70.2641 2.8
      vertex 59.7296 70.7941 2.8
      vertex 59.5194 71.4134 2.8
    endloop
  endfacet
  facet normal 0 0 -1
    outer loop
      vertex 71.8483 70.2641 2.8
      vertex 59.5194 71.4134 2.8
      vertex 59.2301 72 2.8
    endloop
  endfacet
  facet normal 0 0 -1
    outer loop
      vertex 72.1359 70.5517 2.8
      vertex 59.2301 72 2.8
      vertex 58.8668 72.5438 2.8
    endloop
  endfacet
  facet normal 0 0 -1
    outer loop
      vertex 72.1359 70.5517 2.8
      vertex 58.8668 72.5438 2.8
      vertex 58.4355 73.0355 2.8
    endloop
  endfacet
  facet normal 0 0 -1
    outer loop
      vertex 72.4983 70.7364 2.8
      vertex 58.4355 73.0355 2.8
      vertex 57.9438 73.4668 2.8
    endloop
  endfacet
  facet normal 0 0 -1
    outer loop
      vertex 72.4983 70.7364 2.8
      vertex 57.9438 73.4668 2.8
      vertex 57.4 73.8301 2.8
    endloop
  endfacet
  facet normal 0 0 -1
    outer loop
      vertex 72.9 70.8 2.8
      vertex 57.4 73.8301 2.8
      vertex 56.8134 74.1194 2.8
    endloop
  endfacet
  facet normal 0 0 -1
    outer loop
      vertex 72.9 70.8 2.8
      vertex 56.8134 74.1194 2.8
      vertex 93.8 141 2.8
    endloop
  endfacet
  facet normal 0 0 -1
    outer loop
      vertex 56.1941 74.3296 2.8
      vertex 93.8 141 2.8
      vertex 56.8134 74.1194 2.8
    endloop
  endfacet
  facet normal 0 0 -1
    outer loop
      vertex 55.5526 74.4572 2.8
      vertex 93.8 141 2.8
      vertex 56.1941 74.3296 2.8
    endloop
  endfacet
  facet normal 0 0 -1
    outer loop
      vertex 54.9 74.5 2.8
      vertex 93.8 141 2.8
      vertex 55.5526 74.4572 2.8
    endloop
  endfacet
  facet normal 0 0 -1
    outer loop
      vertex 16 141 2.8
      vertex 54.9 74.5 2.8
      vertex 54.2474 74.4572 2.8
    endloop
  endfacet
  facet normal 0 0 -1
    outer loop
      vertex 16 141 2.8
      vertex 54.2474 74.4572 2.8
      vertex 53.6059 74.3296 2.8
    endloop
  endfacet
  facet normal 0 0 -1
    outer loop
      vertex 16 141 2.8
      vertex 53.6059 74.3296 2.8
      vertex 52.9866 74.1194 2.8
    endloop
  endfacet
  facet normal 0 0 -1
    outer loop
      vertex 36.9 70.8 2.8
      vertex 52.9866 74.1194 2.8
      vertex 52.4 73.8301 2.8
    endloop
  endfacet
  facet normal 0 0 -1
    outer loop
      vertex 37.3017 70.7364 2.8
      vertex 52.4 73.8301 2.8
      vertex 51.8562 73.4668 2.8
    endloop
  endfacet
  facet normal 0 0 -1
    outer loop
      vertex 37.3017 70.7364 2.8
      vertex 51.8562 73.4668 2.8
      vertex 51.3645 73.0355 2.8
    endloop
  endfacet
  facet normal 0 0 -1
    outer loop
      vertex 37.6641 70.5517 2.8
      vertex 51.3645 73.0355 2.8
      vertex 50.9332 72.5438 2.8
    endloop
  endfacet
  facet normal 0 0 -1
    outer loop
      vertex 37.6641 70.5517 2.8
      vertex 50.9332 72.5438 2.8
      vertex 50.5699 72 2.8
    endloop
  endfacet
  facet normal 0 0 -1
    outer loop
      vertex 38.2 69.5 2.8
      vertex 49.9428 70.1526 2.8
      vertex 49.9 69.5 2.8
    endloop
  endfacet
  facet normal 0 0 -1
    outer loop
      vertex 38.1364 69.9017 2.8
      vertex 49.9428 70.1526 2.8
      vertex 38.2 69.5 2.8
    endloop
  endfacet
  facet normal -0 0 -1
    outer loop
      vertex 49.9428 70.1526 2.8
      vertex 38.1364 69.9017 2.8
      vertex 50.0704 70.7941 2.8
    endloop
  endfacet
  facet normal 0 0 -1
    outer loop
      vertex 37.9517 70.2641 2.8
      vertex 50.0704 70.7941 2.8
      vertex 38.1364 69.9017 2.8
    endloop
  endfacet
  facet normal -0 0 -1
    outer loop
      vertex 50.0704 70.7941 2.8
      vertex 37.9517 70.2641 2.8
      vertex 50.2806 71.4134 2.8
    endloop
  endfacet
  facet normal -0 0 -1
    outer loop
      vertex 50.2806 71.4134 2.8
      vertex 37.9517 70.2641 2.8
      vertex 50.5699 72 2.8
    endloop
  endfacet
  facet normal 0 0 -1
    outer loop
      vertex 37.6641 70.5517 2.8
      vertex 50.5699 72 2.8
      vertex 37.9517 70.2641 2.8
    endloop
  endfacet
  facet normal 0 0 -1
    outer loop
      vertex 51.3645 73.0355 2.8
      vertex 37.6641 70.5517 2.8
      vertex 37.3017 70.7364 2.8
    endloop
  endfacet
  facet normal 0 0 -1
    outer loop
      vertex 52.4 73.8301 2.8
      vertex 37.3017 70.7364 2.8
      vertex 36.9 70.8 2.8
    endloop
  endfacet
  facet normal -0 0 -1
    outer loop
      vertex 52.9866 74.1194 2.8
      vertex 36.9 70.8 2.8
      vertex 16 141 2.8
    endloop
  endfacet
  facet normal 0 0 -1
    outer loop
      vertex 16 141 2.8
      vertex 36.9 70.8 2.8
      vertex 36.4983 70.7364 2.8
    endloop
  endfacet
  facet normal 0 0 -1
    outer loop
      vertex 16 141 2.8
      vertex 36.4983 70.7364 2.8
      vertex 36.1359 70.5517 2.8
    endloop
  endfacet
  facet normal 0 0 -1
    outer loop
      vertex 16 141 2.8
      vertex 36.1359 70.5517 2.8
      vertex 35.8483 70.2641 2.8
    endloop
  endfacet
  facet normal 0 0 -1
    outer loop
      vertex 16 141 2.8
      vertex 35.6 69.5 2.8
      vertex 16 6 2.8
    endloop
  endfacet
  facet normal 0 0 -1
    outer loop
      vertex 54.9 74.5 2.8
      vertex 16 141 2.8
      vertex 93.8 141 2.8
    endloop
  endfacet
  facet normal 0 0 -1
    outer loop
      vertex 35.6636 69.9017 2.8
      vertex 16 141 2.8
      vertex 35.8483 70.2641 2.8
    endloop
  endfacet
  facet normal 0 0 -1
    outer loop
      vertex 35.6 69.5 2.8
      vertex 16 141 2.8
      vertex 35.6636 69.9017 2.8
    endloop
  endfacet
  facet normal 1 -0 0
    outer loop
      vertex 16 6 2.8
      vertex 16 141 1
      vertex 16 141 2.8
    endloop
  endfacet
  facet normal 1 0 0
    outer loop
      vertex 16 141 1
      vertex 16 6 2.8
      vertex 16 6 1
    endloop
  endfacet
  facet normal 0 -1 0
    outer loop
      vertex 19.2 141 1
      vertex 16 141 2.8
      vertex 16 141 1
    endloop
  endfacet
  facet normal 0 -1 0
    outer loop
      vertex 16 141 2.8
      vertex 19.2 141 1
      vertex 93.8 141 2.8
    endloop
  endfacet
  facet normal 0 -1 0
    outer loop
      vertex 90.6 141 1
      vertex 93.8 141 2.8
      vertex 19.2 141 1
    endloop
  endfacet
  facet normal 0 -1 -0
    outer loop
      vertex 93.8 141 2.8
      vertex 90.6 141 1
      vertex 93.8 141 1
    endloop
  endfacet
  facet normal -0.989171 -0.146766 0
    outer loop
      vertex 66.7427 70.6664 4.2
      vertex 66.5713 71.8216 6.6
      vertex 66.5713 71.8216 4.2
    endloop
  endfacet
  facet normal -0.989171 -0.146766 0
    outer loop
      vertex 66.5713 71.8216 6.6
      vertex 66.7427 70.6664 4.2
      vertex 66.7427 70.6664 6.6
    endloop
  endfacet
  facet normal -0.998796 -0.0490663 0
    outer loop
      vertex 66.8 69.5 4.2
      vertex 66.7427 70.6664 6.6
      vertex 66.7427 70.6664 4.2
    endloop
  endfacet
  facet normal -0.998796 -0.0490663 0
    outer loop
      vertex 66.7427 70.6664 6.6
      vertex 66.8 69.5 4.2
      vertex 66.8 69.5 6.6
    endloop
  endfacet
  facet normal -0.970042 -0.242939 0
    outer loop
      vertex 66.5713 71.8216 4.2
      vertex 66.2876 72.9544 6.6
      vertex 66.2876 72.9544 4.2
    endloop
  endfacet
  facet normal -0.970042 -0.242939 0
    outer loop
      vertex 66.2876 72.9544 6.6
      vertex 66.5713 71.8216 4.2
      vertex 66.5713 71.8216 6.6
    endloop
  endfacet
  facet normal 0.242939 -0.970042 0
    outer loop
      vertex 51.4456 80.8876 4.2
      vertex 52.5784 81.1713 6.6
      vertex 51.4456 80.8876 6.6
    endloop
  endfacet
  facet normal 0.242939 -0.970042 0
    outer loop
      vertex 52.5784 81.1713 6.6
      vertex 51.4456 80.8876 4.2
      vertex 52.5784 81.1713 4.2
    endloop
  endfacet
  facet normal 0.903992 0.427549 0
    outer loop
      vertex 44.4051 63.8904 6.6
      vertex 43.9058 64.9461 4.2
      vertex 43.9058 64.9461 6.6
    endloop
  endfacet
  facet normal 0.903992 0.427549 0
    outer loop
      vertex 43.9058 64.9461 4.2
      vertex 44.4051 63.8904 6.6
      vertex 44.4051 63.8904 4.2
    endloop
  endfacet
  facet normal -0.514105 -0.857727 0
    outer loop
      vertex 60.5096 79.9949 4.2
      vertex 61.5113 79.3945 6.6
      vertex 60.5096 79.9949 6.6
    endloop
  endfacet
  facet normal -0.514105 -0.857727 -0
    outer loop
      vertex 61.5113 79.3945 6.6
      vertex 60.5096 79.9949 4.2
      vertex 61.5113 79.3945 4.2
    endloop
  endfacet
  facet normal -0.514105 0.857727 0
    outer loop
      vertex 61.5113 59.6055 4.2
      vertex 60.5096 59.0051 6.6
      vertex 61.5113 59.6055 6.6
    endloop
  endfacet
  facet normal -0.514105 0.857727 0
    outer loop
      vertex 60.5096 59.0051 6.6
      vertex 61.5113 59.6055 4.2
      vertex 60.5096 59.0051 4.2
    endloop
  endfacet
  facet normal -0.336884 0.941546 0
    outer loop
      vertex 59.4539 58.5058 4.2
      vertex 58.3544 58.1124 6.6
      vertex 59.4539 58.5058 6.6
    endloop
  endfacet
  facet normal -0.336884 0.941546 0
    outer loop
      vertex 58.3544 58.1124 6.6
      vertex 59.4539 58.5058 4.2
      vertex 58.3544 58.1124 4.2
    endloop
  endfacet
  facet normal 0.970042 -0.242939 0
    outer loop
      vertex 43.2287 71.8216 6.6
      vertex 43.5124 72.9544 4.2
      vertex 43.5124 72.9544 6.6
    endloop
  endfacet
  facet normal 0.970042 -0.242939 0
    outer loop
      vertex 43.5124 72.9544 4.2
      vertex 43.2287 71.8216 6.6
      vertex 43.2287 71.8216 4.2
    endloop
  endfacet
  facet normal 0.67153 -0.740978 0
    outer loop
      vertex 46.4854 77.9146 4.2
      vertex 47.3507 78.6988 6.6
      vertex 46.4854 77.9146 6.6
    endloop
  endfacet
  facet normal 0.67153 -0.740978 0
    outer loop
      vertex 47.3507 78.6988 6.6
      vertex 46.4854 77.9146 4.2
      vertex 47.3507 78.6988 4.2
    endloop
  endfacet
  facet normal 0.514105 -0.857727 0
    outer loop
      vertex 48.2887 79.3945 4.2
      vertex 49.2904 79.9949 6.6
      vertex 48.2887 79.3945 6.6
    endloop
  endfacet
  facet normal 0.514105 -0.857727 0
    outer loop
      vertex 49.2904 79.9949 6.6
      vertex 48.2887 79.3945 4.2
      vertex 49.2904 79.9949 4.2
    endloop
  endfacet
  facet normal 0.803195 -0.595717 0
    outer loop
      vertex 45.0055 76.1113 6.6
      vertex 45.7012 77.0493 4.2
      vertex 45.7012 77.0493 6.6
    endloop
  endfacet
  facet normal 0.803195 -0.595717 0
    outer loop
      vertex 45.7012 77.0493 4.2
      vertex 45.0055 76.1113 6.6
      vertex 45.0055 76.1113 4.2
    endloop
  endfacet
  facet normal -0.903992 -0.427549 0
    outer loop
      vertex 65.8942 74.0539 4.2
      vertex 65.3949 75.1096 6.6
      vertex 65.3949 75.1096 4.2
    endloop
  endfacet
  facet normal -0.903992 -0.427549 0
    outer loop
      vertex 65.3949 75.1096 6.6
      vertex 65.8942 74.0539 4.2
      vertex 65.8942 74.0539 6.6
    endloop
  endfacet
  facet normal 0.941546 -0.336884 0
    outer loop
      vertex 43.5124 72.9544 6.6
      vertex 43.9058 74.0539 4.2
      vertex 43.9058 74.0539 6.6
    endloop
  endfacet
  facet normal 0.941546 -0.336884 0
    outer loop
      vertex 43.9058 74.0539 4.2
      vertex 43.5124 72.9544 6.6
      vertex 43.5124 72.9544 4.2
    endloop
  endfacet
  facet normal 0.336884 0.941546 -0
    outer loop
      vertex 51.4456 58.1124 4.2
      vertex 50.3461 58.5058 6.6
      vertex 51.4456 58.1124 6.6
    endloop
  endfacet
  facet normal 0.336884 0.941546 0
    outer loop
      vertex 50.3461 58.5058 6.6
      vertex 51.4456 58.1124 4.2
      vertex 50.3461 58.5058 4.2
    endloop
  endfacet
  facet normal -0.595717 -0.803195 0
    outer loop
      vertex 61.5113 79.3945 4.2
      vertex 62.4493 78.6988 6.6
      vertex 61.5113 79.3945 6.6
    endloop
  endfacet
  facet normal -0.595717 -0.803195 -0
    outer loop
      vertex 62.4493 78.6988 6.6
      vertex 61.5113 79.3945 4.2
      vertex 62.4493 78.6988 4.2
    endloop
  endfacet
  facet normal 0.903992 -0.427549 0
    outer loop
      vertex 43.9058 74.0539 6.6
      vertex 44.4051 75.1096 4.2
      vertex 44.4051 75.1096 6.6
    endloop
  endfacet
  facet normal 0.903992 -0.427549 0
    outer loop
      vertex 44.4051 75.1096 4.2
      vertex 43.9058 74.0539 6.6
      vertex 43.9058 74.0539 4.2
    endloop
  endfacet
  facet normal -0.803195 0.595717 0
    outer loop
      vertex 64.0988 61.9507 4.2
      vertex 64.7945 62.8887 6.6
      vertex 64.7945 62.8887 4.2
    endloop
  endfacet
  facet normal -0.803195 0.595717 0
    outer loop
      vertex 64.7945 62.8887 6.6
      vertex 64.0988 61.9507 4.2
      vertex 64.0988 61.9507 6.6
    endloop
  endfacet
  facet normal -0.146766 -0.989171 0
    outer loop
      vertex 56.0664 81.3427 4.2
      vertex 57.2216 81.1713 6.6
      vertex 56.0664 81.3427 6.6
    endloop
  endfacet
  facet normal -0.146766 -0.989171 -0
    outer loop
      vertex 57.2216 81.1713 6.6
      vertex 56.0664 81.3427 4.2
      vertex 57.2216 81.1713 4.2
    endloop
  endfacet
  facet normal 0.989171 -0.146766 0
    outer loop
      vertex 43.0573 70.6664 6.6
      vertex 43.2287 71.8216 4.2
      vertex 43.2287 71.8216 6.6
    endloop
  endfacet
  facet normal 0.989171 -0.146766 0
    outer loop
      vertex 43.2287 71.8216 4.2
      vertex 43.0573 70.6664 6.6
      vertex 43.0573 70.6664 4.2
    endloop
  endfacet
  facet normal -0.803195 -0.595717 0
    outer loop
      vertex 64.7945 76.1113 4.2
      vertex 64.0988 77.0493 6.6
      vertex 64.0988 77.0493 4.2
    endloop
  endfacet
  facet normal -0.803195 -0.595717 0
    outer loop
      vertex 64.0988 77.0493 6.6
      vertex 64.7945 76.1113 4.2
      vertex 64.7945 76.1113 6.6
    endloop
  endfacet
  facet normal -0.0490663 -0.998796 0
    outer loop
      vertex 54.9 81.4 4.2
      vertex 56.0664 81.3427 6.6
      vertex 54.9 81.4 6.6
    endloop
  endfacet
  facet normal -0.0490663 -0.998796 -0
    outer loop
      vertex 56.0664 81.3427 6.6
      vertex 54.9 81.4 4.2
      vertex 56.0664 81.3427 4.2
    endloop
  endfacet
  facet normal 0.857727 0.514105 0
    outer loop
      vertex 45.0055 62.8887 6.6
      vertex 44.4051 63.8904 4.2
      vertex 44.4051 63.8904 6.6
    endloop
  endfacet
  facet normal 0.857727 0.514105 0
    outer loop
      vertex 44.4051 63.8904 4.2
      vertex 45.0055 62.8887 6.6
      vertex 45.0055 62.8887 4.2
    endloop
  endfacet
  facet normal 0.941546 0.336884 0
    outer loop
      vertex 43.9058 64.9461 6.6
      vertex 43.5124 66.0456 4.2
      vertex 43.5124 66.0456 6.6
    endloop
  endfacet
  facet normal 0.941546 0.336884 0
    outer loop
      vertex 43.5124 66.0456 4.2
      vertex 43.9058 64.9461 6.6
      vertex 43.9058 64.9461 4.2
    endloop
  endfacet
  facet normal 0.427549 -0.903992 0
    outer loop
      vertex 49.2904 79.9949 4.2
      vertex 50.3461 80.4942 6.6
      vertex 49.2904 79.9949 6.6
    endloop
  endfacet
  facet normal 0.427549 -0.903992 0
    outer loop
      vertex 50.3461 80.4942 6.6
      vertex 49.2904 79.9949 4.2
      vertex 50.3461 80.4942 4.2
    endloop
  endfacet
  facet normal -0.903992 0.427549 0
    outer loop
      vertex 65.3949 63.8904 4.2
      vertex 65.8942 64.9461 6.6
      vertex 65.8942 64.9461 4.2
    endloop
  endfacet
  facet normal -0.903992 0.427549 0
    outer loop
      vertex 65.8942 64.9461 6.6
      vertex 65.3949 63.8904 4.2
      vertex 65.3949 63.8904 6.6
    endloop
  endfacet
  facet normal 0.595717 0.803195 -0
    outer loop
      vertex 48.2887 59.6055 4.2
      vertex 47.3507 60.3012 6.6
      vertex 48.2887 59.6055 6.6
    endloop
  endfacet
  facet normal 0.595717 0.803195 0
    outer loop
      vertex 47.3507 60.3012 6.6
      vertex 48.2887 59.6055 4.2
      vertex 47.3507 60.3012 4.2
    endloop
  endfacet
  facet normal 0.857727 -0.514105 0
    outer loop
      vertex 44.4051 75.1096 6.6
      vertex 45.0055 76.1113 4.2
      vertex 45.0055 76.1113 6.6
    endloop
  endfacet
  facet normal 0.857727 -0.514105 0
    outer loop
      vertex 45.0055 76.1113 4.2
      vertex 44.4051 75.1096 6.6
      vertex 44.4051 75.1096 4.2
    endloop
  endfacet
  facet normal -0.998796 0.0490663 0
    outer loop
      vertex 66.7427 68.3336 4.2
      vertex 66.8 69.5 6.6
      vertex 66.8 69.5 4.2
    endloop
  endfacet
  facet normal -0.998796 0.0490663 0
    outer loop
      vertex 66.8 69.5 6.6
      vertex 66.7427 68.3336 4.2
      vertex 66.7427 68.3336 6.6
    endloop
  endfacet
  facet normal -0.941546 0.336884 0
    outer loop
      vertex 65.8942 64.9461 4.2
      vertex 66.2876 66.0456 6.6
      vertex 66.2876 66.0456 4.2
    endloop
  endfacet
  facet normal -0.941546 0.336884 0
    outer loop
      vertex 66.2876 66.0456 6.6
      vertex 65.8942 64.9461 4.2
      vertex 65.8942 64.9461 6.6
    endloop
  endfacet
  facet normal -0.242937 0.970042 0
    outer loop
      vertex 58.3544 58.1124 4.2
      vertex 57.9 57.9986 6.6
      vertex 58.3544 58.1124 6.6
    endloop
  endfacet
  facet normal -0.242937 0.970042 0
    outer loop
      vertex 57.9 57.9986 6.6
      vertex 58.3544 58.1124 4.2
      vertex 57.9 57.9986 4.2
    endloop
  endfacet
  facet normal -0.857727 -0.514105 0
    outer loop
      vertex 65.3949 75.1096 4.2
      vertex 64.7945 76.1113 6.6
      vertex 64.7945 76.1113 4.2
    endloop
  endfacet
  facet normal -0.857727 -0.514105 0
    outer loop
      vertex 64.7945 76.1113 6.6
      vertex 65.3949 75.1096 4.2
      vertex 65.3949 75.1096 6.6
    endloop
  endfacet
  facet normal -0.941546 -0.336884 0
    outer loop
      vertex 66.2876 72.9544 4.2
      vertex 65.8942 74.0539 6.6
      vertex 65.8942 74.0539 4.2
    endloop
  endfacet
  facet normal -0.941546 -0.336884 0
    outer loop
      vertex 65.8942 74.0539 6.6
      vertex 66.2876 72.9544 4.2
      vertex 66.2876 72.9544 6.6
    endloop
  endfacet
  facet normal 0.998796 0.0490663 0
    outer loop
      vertex 43.0573 68.3336 6.6
      vertex 43 69.5 4.2
      vertex 43 69.5 6.6
    endloop
  endfacet
  facet normal 0.998796 0.0490663 0
    outer loop
      vertex 43 69.5 4.2
      vertex 43.0573 68.3336 6.6
      vertex 43.0573 68.3336 4.2
    endloop
  endfacet
  facet normal -0.989171 0.146766 0
    outer loop
      vertex 66.5713 67.1784 4.2
      vertex 66.7427 68.3336 6.6
      vertex 66.7427 68.3336 4.2
    endloop
  endfacet
  facet normal -0.989171 0.146766 0
    outer loop
      vertex 66.7427 68.3336 6.6
      vertex 66.5713 67.1784 4.2
      vertex 66.5713 67.1784 6.6
    endloop
  endfacet
  facet normal 0.67153 0.740978 -0
    outer loop
      vertex 47.3507 60.3012 4.2
      vertex 46.4854 61.0854 6.6
      vertex 47.3507 60.3012 6.6
    endloop
  endfacet
  facet normal 0.67153 0.740978 0
    outer loop
      vertex 46.4854 61.0854 6.6
      vertex 47.3507 60.3012 4.2
      vertex 46.4854 61.0854 4.2
    endloop
  endfacet
  facet normal -0.970042 0.242939 0
    outer loop
      vertex 66.2876 66.0456 4.2
      vertex 66.5713 67.1784 6.6
      vertex 66.5713 67.1784 4.2
    endloop
  endfacet
  facet normal -0.970042 0.242939 0
    outer loop
      vertex 66.5713 67.1784 6.6
      vertex 66.2876 66.0456 4.2
      vertex 66.2876 66.0456 6.6
    endloop
  endfacet
  facet normal -0.67153 -0.740978 0
    outer loop
      vertex 62.4493 78.6988 4.2
      vertex 63.3146 77.9146 6.6
      vertex 62.4493 78.6988 6.6
    endloop
  endfacet
  facet normal -0.67153 -0.740978 -0
    outer loop
      vertex 63.3146 77.9146 6.6
      vertex 62.4493 78.6988 4.2
      vertex 63.3146 77.9146 4.2
    endloop
  endfacet
  facet normal -0.336884 -0.941546 0
    outer loop
      vertex 58.3544 80.8876 4.2
      vertex 59.4539 80.4942 6.6
      vertex 58.3544 80.8876 6.6
    endloop
  endfacet
  facet normal -0.336884 -0.941546 -0
    outer loop
      vertex 59.4539 80.4942 6.6
      vertex 58.3544 80.8876 4.2
      vertex 59.4539 80.4942 4.2
    endloop
  endfacet
  facet normal 0.336884 -0.941546 0
    outer loop
      vertex 50.3461 80.4942 4.2
      vertex 51.4456 80.8876 6.6
      vertex 50.3461 80.4942 6.6
    endloop
  endfacet
  facet normal 0.336884 -0.941546 0
    outer loop
      vertex 51.4456 80.8876 6.6
      vertex 50.3461 80.4942 4.2
      vertex 51.4456 80.8876 4.2
    endloop
  endfacet
  facet normal 0.514105 0.857727 -0
    outer loop
      vertex 49.2904 59.0051 4.2
      vertex 48.2887 59.6055 6.6
      vertex 49.2904 59.0051 6.6
    endloop
  endfacet
  facet normal 0.514105 0.857727 0
    outer loop
      vertex 48.2887 59.6055 6.6
      vertex 49.2904 59.0051 4.2
      vertex 48.2887 59.6055 4.2
    endloop
  endfacet
  facet normal -0.857727 0.514105 0
    outer loop
      vertex 64.7945 62.8887 4.2
      vertex 65.3949 63.8904 6.6
      vertex 65.3949 63.8904 4.2
    endloop
  endfacet
  facet normal -0.857727 0.514105 0
    outer loop
      vertex 65.3949 63.8904 6.6
      vertex 64.7945 62.8887 4.2
      vertex 64.7945 62.8887 6.6
    endloop
  endfacet
  facet normal -0.427549 -0.903992 0
    outer loop
      vertex 59.4539 80.4942 4.2
      vertex 60.5096 79.9949 6.6
      vertex 59.4539 80.4942 6.6
    endloop
  endfacet
  facet normal -0.427549 -0.903992 -0
    outer loop
      vertex 60.5096 79.9949 6.6
      vertex 59.4539 80.4942 4.2
      vertex 60.5096 79.9949 4.2
    endloop
  endfacet
  facet normal 0.595717 -0.803195 0
    outer loop
      vertex 47.3507 78.6988 4.2
      vertex 48.2887 79.3945 6.6
      vertex 47.3507 78.6988 6.6
    endloop
  endfacet
  facet normal 0.595717 -0.803195 0
    outer loop
      vertex 48.2887 79.3945 6.6
      vertex 47.3507 78.6988 4.2
      vertex 48.2887 79.3945 4.2
    endloop
  endfacet
  facet normal 0.740978 -0.67153 0
    outer loop
      vertex 45.7012 77.0493 6.6
      vertex 46.4854 77.9146 4.2
      vertex 46.4854 77.9146 6.6
    endloop
  endfacet
  facet normal 0.740978 -0.67153 0
    outer loop
      vertex 46.4854 77.9146 4.2
      vertex 45.7012 77.0493 6.6
      vertex 45.7012 77.0493 4.2
    endloop
  endfacet
  facet normal 0.146766 -0.989171 0
    outer loop
      vertex 52.5784 81.1713 4.2
      vertex 53.7336 81.3427 6.6
      vertex 52.5784 81.1713 6.6
    endloop
  endfacet
  facet normal 0.146766 -0.989171 0
    outer loop
      vertex 53.7336 81.3427 6.6
      vertex 52.5784 81.1713 4.2
      vertex 53.7336 81.3427 4.2
    endloop
  endfacet
  facet normal 0.242937 0.970042 -0
    outer loop
      vertex 51.9 57.9986 4.2
      vertex 51.4456 58.1124 6.6
      vertex 51.9 57.9986 6.6
    endloop
  endfacet
  facet normal 0.242937 0.970042 0
    outer loop
      vertex 51.4456 58.1124 6.6
      vertex 51.9 57.9986 4.2
      vertex 51.4456 58.1124 4.2
    endloop
  endfacet
  facet normal -0.67153 0.740978 0
    outer loop
      vertex 63.3146 61.0854 4.2
      vertex 62.4493 60.3012 6.6
      vertex 63.3146 61.0854 6.6
    endloop
  endfacet
  facet normal -0.67153 0.740978 0
    outer loop
      vertex 62.4493 60.3012 6.6
      vertex 63.3146 61.0854 4.2
      vertex 62.4493 60.3012 4.2
    endloop
  endfacet
  facet normal -0.242939 -0.970042 0
    outer loop
      vertex 57.2216 81.1713 4.2
      vertex 58.3544 80.8876 6.6
      vertex 57.2216 81.1713 6.6
    endloop
  endfacet
  facet normal -0.242939 -0.970042 -0
    outer loop
      vertex 58.3544 80.8876 6.6
      vertex 57.2216 81.1713 4.2
      vertex 58.3544 80.8876 4.2
    endloop
  endfacet
  facet normal 0.970042 0.242939 0
    outer loop
      vertex 43.5124 66.0456 6.6
      vertex 43.2287 67.1784 4.2
      vertex 43.2287 67.1784 6.6
    endloop
  endfacet
  facet normal 0.970042 0.242939 0
    outer loop
      vertex 43.2287 67.1784 4.2
      vertex 43.5124 66.0456 6.6
      vertex 43.5124 66.0456 4.2
    endloop
  endfacet
  facet normal 0.427549 0.903992 -0
    outer loop
      vertex 50.3461 58.5058 4.2
      vertex 49.2904 59.0051 6.6
      vertex 50.3461 58.5058 6.6
    endloop
  endfacet
  facet normal 0.427549 0.903992 0
    outer loop
      vertex 49.2904 59.0051 6.6
      vertex 50.3461 58.5058 4.2
      vertex 49.2904 59.0051 4.2
    endloop
  endfacet
  facet normal 0.740978 0.67153 0
    outer loop
      vertex 46.4854 61.0854 6.6
      vertex 45.7012 61.9507 4.2
      vertex 45.7012 61.9507 6.6
    endloop
  endfacet
  facet normal 0.740978 0.67153 0
    outer loop
      vertex 45.7012 61.9507 4.2
      vertex 46.4854 61.0854 6.6
      vertex 46.4854 61.0854 4.2
    endloop
  endfacet
  facet normal -0.427549 0.903992 0
    outer loop
      vertex 60.5096 59.0051 4.2
      vertex 59.4539 58.5058 6.6
      vertex 60.5096 59.0051 6.6
    endloop
  endfacet
  facet normal -0.427549 0.903992 0
    outer loop
      vertex 59.4539 58.5058 6.6
      vertex 60.5096 59.0051 4.2
      vertex 59.4539 58.5058 4.2
    endloop
  endfacet
  facet normal 0.0490663 -0.998796 0
    outer loop
      vertex 53.7336 81.3427 4.2
      vertex 54.9 81.4 6.6
      vertex 53.7336 81.3427 6.6
    endloop
  endfacet
  facet normal 0.0490663 -0.998796 0
    outer loop
      vertex 54.9 81.4 6.6
      vertex 53.7336 81.3427 4.2
      vertex 54.9 81.4 4.2
    endloop
  endfacet
  facet normal 0.989171 0.146766 0
    outer loop
      vertex 43.2287 67.1784 6.6
      vertex 43.0573 68.3336 4.2
      vertex 43.0573 68.3336 6.6
    endloop
  endfacet
  facet normal 0.989171 0.146766 0
    outer loop
      vertex 43.0573 68.3336 4.2
      vertex 43.2287 67.1784 6.6
      vertex 43.2287 67.1784 4.2
    endloop
  endfacet
  facet normal -0.740978 -0.67153 0
    outer loop
      vertex 64.0988 77.0493 4.2
      vertex 63.3146 77.9146 6.6
      vertex 63.3146 77.9146 4.2
    endloop
  endfacet
  facet normal -0.740978 -0.67153 0
    outer loop
      vertex 63.3146 77.9146 6.6
      vertex 64.0988 77.0493 4.2
      vertex 64.0988 77.0493 6.6
    endloop
  endfacet
  facet normal -0.595717 0.803195 0
    outer loop
      vertex 62.4493 60.3012 4.2
      vertex 61.5113 59.6055 6.6
      vertex 62.4493 60.3012 6.6
    endloop
  endfacet
  facet normal -0.595717 0.803195 0
    outer loop
      vertex 61.5113 59.6055 6.6
      vertex 62.4493 60.3012 4.2
      vertex 61.5113 59.6055 4.2
    endloop
  endfacet
  facet normal 0 0 1
    outer loop
      vertex 59.9 69.5 4.2
      vertex 66.8 69.5 4.2
      vertex 66.7427 70.6664 4.2
    endloop
  endfacet
  facet normal 0 0 1
    outer loop
      vertex 59.8572 70.1526 4.2
      vertex 66.7427 70.6664 4.2
      vertex 66.5713 71.8216 4.2
    endloop
  endfacet
  facet normal 0 0 1
    outer loop
      vertex 66.8 69.5 4.2
      vertex 59.9 69.5 4.2
      vertex 66.7427 68.3336 4.2
    endloop
  endfacet
  facet normal 0 0 1
    outer loop
      vertex 59.7296 70.7941 4.2
      vertex 66.5713 71.8216 4.2
      vertex 66.2876 72.9544 4.2
    endloop
  endfacet
  facet normal -0 0 1
    outer loop
      vertex 59.8572 68.8474 4.2
      vertex 66.7427 68.3336 4.2
      vertex 59.9 69.5 4.2
    endloop
  endfacet
  facet normal 0 0 1
    outer loop
      vertex 59.5194 71.4134 4.2
      vertex 66.2876 72.9544 4.2
      vertex 65.8942 74.0539 4.2
    endloop
  endfacet
  facet normal 0 0 1
    outer loop
      vertex 66.7427 68.3336 4.2
      vertex 59.8572 68.8474 4.2
      vertex 66.5713 67.1784 4.2
    endloop
  endfacet
  facet normal 0 0 1
    outer loop
      vertex 59.5194 71.4134 4.2
      vertex 65.8942 74.0539 4.2
      vertex 65.3949 75.1096 4.2
    endloop
  endfacet
  facet normal -0 0 1
    outer loop
      vertex 59.7296 68.2059 4.2
      vertex 66.5713 67.1784 4.2
      vertex 59.8572 68.8474 4.2
    endloop
  endfacet
  facet normal 0 0 1
    outer loop
      vertex 59.2301 72 4.2
      vertex 65.3949 75.1096 4.2
      vertex 64.7945 76.1113 4.2
    endloop
  endfacet
  facet normal 0 0 1
    outer loop
      vertex 66.5713 67.1784 4.2
      vertex 59.7296 68.2059 4.2
      vertex 66.2876 66.0456 4.2
    endloop
  endfacet
  facet normal 0 0 1
    outer loop
      vertex 58.8668 72.5438 4.2
      vertex 64.7945 76.1113 4.2
      vertex 64.0988 77.0493 4.2
    endloop
  endfacet
  facet normal -0 0 1
    outer loop
      vertex 59.5194 67.5866 4.2
      vertex 66.2876 66.0456 4.2
      vertex 59.7296 68.2059 4.2
    endloop
  endfacet
  facet normal 0 0 1
    outer loop
      vertex 57.9 75.5 4.2
      vertex 64.0988 77.0493 4.2
      vertex 63.3146 77.9146 4.2
    endloop
  endfacet
  facet normal 0 0 1
    outer loop
      vertex 66.2876 66.0456 4.2
      vertex 59.5194 67.5866 4.2
      vertex 65.8942 64.9461 4.2
    endloop
  endfacet
  facet normal 0 0 1
    outer loop
      vertex 57.9 75.5 4.2
      vertex 63.3146 77.9146 4.2
      vertex 62.4493 78.6988 4.2
    endloop
  endfacet
  facet normal 0 0 1
    outer loop
      vertex 65.8942 64.9461 4.2
      vertex 59.5194 67.5866 4.2
      vertex 65.3949 63.8904 4.2
    endloop
  endfacet
  facet normal 0 0 1
    outer loop
      vertex 57.9 75.5 4.2
      vertex 62.4493 78.6988 4.2
      vertex 61.5113 79.3945 4.2
    endloop
  endfacet
  facet normal -0 0 1
    outer loop
      vertex 59.2301 67 4.2
      vertex 65.3949 63.8904 4.2
      vertex 59.5194 67.5866 4.2
    endloop
  endfacet
  facet normal 0 0 1
    outer loop
      vertex 57.9 75.5 4.2
      vertex 61.5113 79.3945 4.2
      vertex 60.5096 79.9949 4.2
    endloop
  endfacet
  facet normal 0 0 1
    outer loop
      vertex 65.3949 63.8904 4.2
      vertex 59.2301 67 4.2
      vertex 64.7945 62.8887 4.2
    endloop
  endfacet
  facet normal -0 0 1
    outer loop
      vertex 58.8668 66.4562 4.2
      vertex 64.7945 62.8887 4.2
      vertex 59.2301 67 4.2
    endloop
  endfacet
  facet normal 0 0 1
    outer loop
      vertex 66.7427 70.6664 4.2
      vertex 59.8572 70.1526 4.2
      vertex 59.9 69.5 4.2
    endloop
  endfacet
  facet normal 0 0 1
    outer loop
      vertex 66.5713 71.8216 4.2
      vertex 59.7296 70.7941 4.2
      vertex 59.8572 70.1526 4.2
    endloop
  endfacet
  facet normal 0 0 1
    outer loop
      vertex 66.2876 72.9544 4.2
      vertex 59.5194 71.4134 4.2
      vertex 59.7296 70.7941 4.2
    endloop
  endfacet
  facet normal 0 0 1
    outer loop
      vertex 57.9 75.5 4.2
      vertex 60.5096 79.9949 4.2
      vertex 59.4539 80.4942 4.2
    endloop
  endfacet
  facet normal 0 0 1
    outer loop
      vertex 65.3949 75.1096 4.2
      vertex 59.2301 72 4.2
      vertex 59.5194 71.4134 4.2
    endloop
  endfacet
  facet normal 0 0 1
    outer loop
      vertex 64.7945 76.1113 4.2
      vertex 58.8668 72.5438 4.2
      vertex 59.2301 72 4.2
    endloop
  endfacet
  facet normal 0 0 1
    outer loop
      vertex 64.0988 77.0493 4.2
      vertex 57.9 75.5 4.2
      vertex 58.8668 72.5438 4.2
    endloop
  endfacet
  facet normal 0 0 1
    outer loop
      vertex 57.9 75.5 4.2
      vertex 59.4539 80.4942 4.2
      vertex 58.3544 80.8876 4.2
    endloop
  endfacet
  facet normal 0 0 1
    outer loop
      vertex 58.8668 72.5438 4.2
      vertex 57.9 75.5 4.2
      vertex 58.4355 73.0355 4.2
    endloop
  endfacet
  facet normal 0 0 1
    outer loop
      vertex 58.4355 73.0355 4.2
      vertex 57.9 75.5 4.2
      vertex 57.9438 73.4668 4.2
    endloop
  endfacet
  facet normal 0 0 1
    outer loop
      vertex 57.2216 81.1713 4.2
      vertex 57.9 75.5 4.2
      vertex 58.3544 80.8876 4.2
    endloop
  endfacet
  facet normal 0 0 1
    outer loop
      vertex 56.0664 81.3427 4.2
      vertex 57.9 75.5 4.2
      vertex 57.2216 81.1713 4.2
    endloop
  endfacet
  facet normal 0 0 1
    outer loop
      vertex 54.9 81.4 4.2
      vertex 57.9 75.5 4.2
      vertex 56.0664 81.3427 4.2
    endloop
  endfacet
  facet normal 0 0 1
    outer loop
      vertex 51.9 75.5 4.2
      vertex 54.9 81.4 4.2
      vertex 53.7336 81.3427 4.2
    endloop
  endfacet
  facet normal 0 0 1
    outer loop
      vertex 51.9 75.5 4.2
      vertex 53.7336 81.3427 4.2
      vertex 52.5784 81.1713 4.2
    endloop
  endfacet
  facet normal 0 0 1
    outer loop
      vertex 54.9 81.4 4.2
      vertex 51.9 75.5 4.2
      vertex 57.9 75.5 4.2
    endloop
  endfacet
  facet normal 0 0 1
    outer loop
      vertex 51.9 75.5 4.2
      vertex 51.8562 73.4668 4.2
      vertex 51.9 73.496 4.2
    endloop
  endfacet
  facet normal -0 0 1
    outer loop
      vertex 51.4456 80.8876 4.2
      vertex 51.9 75.5 4.2
      vertex 52.5784 81.1713 4.2
    endloop
  endfacet
  facet normal -0 0 1
    outer loop
      vertex 50.3461 80.4942 4.2
      vertex 51.9 75.5 4.2
      vertex 51.4456 80.8876 4.2
    endloop
  endfacet
  facet normal -0 0 1
    outer loop
      vertex 49.2904 79.9949 4.2
      vertex 51.9 75.5 4.2
      vertex 50.3461 80.4942 4.2
    endloop
  endfacet
  facet normal -0 0 1
    outer loop
      vertex 48.2887 79.3945 4.2
      vertex 51.9 75.5 4.2
      vertex 49.2904 79.9949 4.2
    endloop
  endfacet
  facet normal -0 0 1
    outer loop
      vertex 47.3507 78.6988 4.2
      vertex 51.9 75.5 4.2
      vertex 48.2887 79.3945 4.2
    endloop
  endfacet
  facet normal -0 0 1
    outer loop
      vertex 46.4854 77.9146 4.2
      vertex 51.9 75.5 4.2
      vertex 47.3507 78.6988 4.2
    endloop
  endfacet
  facet normal 0 0 1
    outer loop
      vertex 51.9 75.5 4.2
      vertex 51.3645 73.0355 4.2
      vertex 51.8562 73.4668 4.2
    endloop
  endfacet
  facet normal -0 0 1
    outer loop
      vertex 45.7012 77.0493 4.2
      vertex 51.9 75.5 4.2
      vertex 46.4854 77.9146 4.2
    endloop
  endfacet
  facet normal 0 -0 1
    outer loop
      vertex 50.9332 72.5438 4.2
      vertex 51.9 75.5 4.2
      vertex 45.7012 77.0493 4.2
    endloop
  endfacet
  facet normal 0 0 1
    outer loop
      vertex 51.9 75.5 4.2
      vertex 50.9332 72.5438 4.2
      vertex 51.3645 73.0355 4.2
    endloop
  endfacet
  facet normal -0 0 1
    outer loop
      vertex 45.0055 76.1113 4.2
      vertex 50.9332 72.5438 4.2
      vertex 45.7012 77.0493 4.2
    endloop
  endfacet
  facet normal 0 0 1
    outer loop
      vertex 64.7945 62.8887 4.2
      vertex 58.8668 66.4562 4.2
      vertex 64.0988 61.9507 4.2
    endloop
  endfacet
  facet normal -0 0 1
    outer loop
      vertex 58.4355 65.9645 4.2
      vertex 64.0988 61.9507 4.2
      vertex 58.8668 66.4562 4.2
    endloop
  endfacet
  facet normal 0 0 1
    outer loop
      vertex 64.0988 61.9507 4.2
      vertex 58.4355 65.9645 4.2
      vertex 63.3146 61.0854 4.2
    endloop
  endfacet
  facet normal 0 0 1
    outer loop
      vertex 63.3146 61.0854 4.2
      vertex 58.4355 65.9645 4.2
      vertex 62.4493 60.3012 4.2
    endloop
  endfacet
  facet normal -0 0 1
    outer loop
      vertex 57.9438 65.5332 4.2
      vertex 62.4493 60.3012 4.2
      vertex 58.4355 65.9645 4.2
    endloop
  endfacet
  facet normal 0 0 1
    outer loop
      vertex 62.4493 60.3012 4.2
      vertex 57.9438 65.5332 4.2
      vertex 61.5113 59.6055 4.2
    endloop
  endfacet
  facet normal -0 0 1
    outer loop
      vertex 57.9 65.504 4.2
      vertex 61.5113 59.6055 4.2
      vertex 57.9438 65.5332 4.2
    endloop
  endfacet
  facet normal 0 0 1
    outer loop
      vertex 61.5113 59.6055 4.2
      vertex 57.9 65.504 4.2
      vertex 60.5096 59.0051 4.2
    endloop
  endfacet
  facet normal 0 0 1
    outer loop
      vertex 60.5096 59.0051 4.2
      vertex 57.9 65.504 4.2
      vertex 59.4539 58.5058 4.2
    endloop
  endfacet
  facet normal 0 0 1
    outer loop
      vertex 59.4539 58.5058 4.2
      vertex 57.9 65.504 4.2
      vertex 58.3544 58.1124 4.2
    endloop
  endfacet
  facet normal 0 0 1
    outer loop
      vertex 58.3544 58.1124 4.2
      vertex 57.9 65.504 4.2
      vertex 57.9 57.9986 4.2
    endloop
  endfacet
  facet normal 0 0 1
    outer loop
      vertex 57.9438 73.4668 4.2
      vertex 57.9 75.5 4.2
      vertex 57.9 73.496 4.2
    endloop
  endfacet
  facet normal 0 0 1
    outer loop
      vertex 48.2887 59.6055 4.2
      vertex 51.9 65.504 4.2
      vertex 51.8562 65.5332 4.2
    endloop
  endfacet
  facet normal 0 0 1
    outer loop
      vertex 51.9 65.504 4.2
      vertex 51.4456 58.1124 4.2
      vertex 51.9 57.9986 4.2
    endloop
  endfacet
  facet normal 0 0 1
    outer loop
      vertex 47.3507 60.3012 4.2
      vertex 51.8562 65.5332 4.2
      vertex 51.3645 65.9645 4.2
    endloop
  endfacet
  facet normal 0 0 1
    outer loop
      vertex 45.7012 61.9507 4.2
      vertex 51.3645 65.9645 4.2
      vertex 50.9332 66.4562 4.2
    endloop
  endfacet
  facet normal 0 0 1
    outer loop
      vertex 45.0055 62.8887 4.2
      vertex 50.9332 66.4562 4.2
      vertex 50.5699 67 4.2
    endloop
  endfacet
  facet normal 0 0 1
    outer loop
      vertex 51.9 65.504 4.2
      vertex 50.3461 58.5058 4.2
      vertex 51.4456 58.1124 4.2
    endloop
  endfacet
  facet normal 0 0 1
    outer loop
      vertex 44.4051 63.8904 4.2
      vertex 50.5699 67 4.2
      vertex 50.2806 67.5866 4.2
    endloop
  endfacet
  facet normal 0 0 1
    outer loop
      vertex 43.5124 66.0456 4.2
      vertex 50.2806 67.5866 4.2
      vertex 50.0704 68.2059 4.2
    endloop
  endfacet
  facet normal 0 0 1
    outer loop
      vertex 43.2287 67.1784 4.2
      vertex 50.0704 68.2059 4.2
      vertex 49.9428 68.8474 4.2
    endloop
  endfacet
  facet normal 0 0 1
    outer loop
      vertex 43.0573 68.3336 4.2
      vertex 49.9428 68.8474 4.2
      vertex 49.9 69.5 4.2
    endloop
  endfacet
  facet normal 0 0 1
    outer loop
      vertex 50.9332 72.5438 4.2
      vertex 45.0055 76.1113 4.2
      vertex 50.5699 72 4.2
    endloop
  endfacet
  facet normal 0 0 1
    outer loop
      vertex 51.9 65.504 4.2
      vertex 49.2904 59.0051 4.2
      vertex 50.3461 58.5058 4.2
    endloop
  endfacet
  facet normal -0 0 1
    outer loop
      vertex 44.4051 75.1096 4.2
      vertex 50.5699 72 4.2
      vertex 45.0055 76.1113 4.2
    endloop
  endfacet
  facet normal 0 0 1
    outer loop
      vertex 51.9 65.504 4.2
      vertex 48.2887 59.6055 4.2
      vertex 49.2904 59.0051 4.2
    endloop
  endfacet
  facet normal 0 0 1
    outer loop
      vertex 50.5699 72 4.2
      vertex 44.4051 75.1096 4.2
      vertex 50.2806 71.4134 4.2
    endloop
  endfacet
  facet normal 0 0 1
    outer loop
      vertex 51.8562 65.5332 4.2
      vertex 47.3507 60.3012 4.2
      vertex 48.2887 59.6055 4.2
    endloop
  endfacet
  facet normal -0 0 1
    outer loop
      vertex 43.9058 74.0539 4.2
      vertex 50.2806 71.4134 4.2
      vertex 44.4051 75.1096 4.2
    endloop
  endfacet
  facet normal 0 0 1
    outer loop
      vertex 51.3645 65.9645 4.2
      vertex 46.4854 61.0854 4.2
      vertex 47.3507 60.3012 4.2
    endloop
  endfacet
  facet normal -0 0 1
    outer loop
      vertex 43.5124 72.9544 4.2
      vertex 50.2806 71.4134 4.2
      vertex 43.9058 74.0539 4.2
    endloop
  endfacet
  facet normal 0 0 1
    outer loop
      vertex 51.3645 65.9645 4.2
      vertex 45.7012 61.9507 4.2
      vertex 46.4854 61.0854 4.2
    endloop
  endfacet
  facet normal 0 0 1
    outer loop
      vertex 50.2806 71.4134 4.2
      vertex 43.5124 72.9544 4.2
      vertex 50.0704 70.7941 4.2
    endloop
  endfacet
  facet normal 0 0 1
    outer loop
      vertex 50.9332 66.4562 4.2
      vertex 45.0055 62.8887 4.2
      vertex 45.7012 61.9507 4.2
    endloop
  endfacet
  facet normal -0 0 1
    outer loop
      vertex 43.2287 71.8216 4.2
      vertex 50.0704 70.7941 4.2
      vertex 43.5124 72.9544 4.2
    endloop
  endfacet
  facet normal 0 0 1
    outer loop
      vertex 50.5699 67 4.2
      vertex 44.4051 63.8904 4.2
      vertex 45.0055 62.8887 4.2
    endloop
  endfacet
  facet normal 0 0 1
    outer loop
      vertex 50.0704 70.7941 4.2
      vertex 43.2287 71.8216 4.2
      vertex 49.9428 70.1526 4.2
    endloop
  endfacet
  facet normal 0 0 1
    outer loop
      vertex 50.2806 67.5866 4.2
      vertex 43.9058 64.9461 4.2
      vertex 44.4051 63.8904 4.2
    endloop
  endfacet
  facet normal -0 0 1
    outer loop
      vertex 43.0573 70.6664 4.2
      vertex 49.9428 70.1526 4.2
      vertex 43.2287 71.8216 4.2
    endloop
  endfacet
  facet normal 0 0 1
    outer loop
      vertex 50.2806 67.5866 4.2
      vertex 43.5124 66.0456 4.2
      vertex 43.9058 64.9461 4.2
    endloop
  endfacet
  facet normal 0 0 1
    outer loop
      vertex 49.9428 70.1526 4.2
      vertex 43.0573 70.6664 4.2
      vertex 49.9 69.5 4.2
    endloop
  endfacet
  facet normal 0 0 1
    outer loop
      vertex 50.0704 68.2059 4.2
      vertex 43.2287 67.1784 4.2
      vertex 43.5124 66.0456 4.2
    endloop
  endfacet
  facet normal 0 0 1
    outer loop
      vertex 43 69.5 4.2
      vertex 49.9 69.5 4.2
      vertex 43.0573 70.6664 4.2
    endloop
  endfacet
  facet normal 0 0 1
    outer loop
      vertex 49.9428 68.8474 4.2
      vertex 43.0573 68.3336 4.2
      vertex 43.2287 67.1784 4.2
    endloop
  endfacet
  facet normal 0 0 1
    outer loop
      vertex 49.9 69.5 4.2
      vertex 43 69.5 4.2
      vertex 43.0573 68.3336 4.2
    endloop
  endfacet
  facet normal 0.803195 0.595717 0
    outer loop
      vertex 45.7012 61.9507 6.6
      vertex 45.0055 62.8887 4.2
      vertex 45.0055 62.8887 6.6
    endloop
  endfacet
  facet normal 0.803195 0.595717 0
    outer loop
      vertex 45.0055 62.8887 4.2
      vertex 45.7012 61.9507 6.6
      vertex 45.7012 61.9507 4.2
    endloop
  endfacet
  facet normal 0.998796 -0.0490663 0
    outer loop
      vertex 43 69.5 6.6
      vertex 43.0573 70.6664 4.2
      vertex 43.0573 70.6664 6.6
    endloop
  endfacet
  facet normal 0.998796 -0.0490663 0
    outer loop
      vertex 43.0573 70.6664 4.2
      vertex 43 69.5 6.6
      vertex 43 69.5 4.2
    endloop
  endfacet
  facet normal -0.740978 0.67153 0
    outer loop
      vertex 63.3146 61.0854 4.2
      vertex 64.0988 61.9507 6.6
      vertex 64.0988 61.9507 4.2
    endloop
  endfacet
  facet normal -0.740978 0.67153 0
    outer loop
      vertex 64.0988 61.9507 6.6
      vertex 63.3146 61.0854 4.2
      vertex 63.3146 61.0854 6.6
    endloop
  endfacet
  facet normal -0.195087 0.980786 0
    outer loop
      vertex 56.1941 64.6704 2.8
      vertex 55.5526 64.5428 4.1
      vertex 56.1941 64.6704 4.1
    endloop
  endfacet
  facet normal -0.195087 0.980786 0
    outer loop
      vertex 55.5526 64.5428 4.1
      vertex 56.1941 64.6704 2.8
      vertex 55.5526 64.5428 2.8
    endloop
  endfacet
  facet normal -0.980786 -0.195087 0
    outer loop
      vertex 59.8572 70.1526 2.8
      vertex 59.7296 70.7941 4.2
      vertex 59.7296 70.7941 2.8
    endloop
  endfacet
  facet normal -0.980786 -0.195087 0
    outer loop
      vertex 59.7296 70.7941 4.2
      vertex 59.8572 70.1526 2.8
      vertex 59.8572 70.1526 4.2
    endloop
  endfacet
  facet normal -0.997856 -0.0654432 0
    outer loop
      vertex 59.9 69.5 2.8
      vertex 59.8572 70.1526 4.2
      vertex 59.8572 70.1526 2.8
    endloop
  endfacet
  facet normal -0.997856 -0.0654432 0
    outer loop
      vertex 59.8572 70.1526 4.2
      vertex 59.9 69.5 2.8
      vertex 59.9 69.5 4.2
    endloop
  endfacet
  facet normal 0.659424 -0.751771 0
    outer loop
      vertex 51.3645 73.0355 2.8
      vertex 51.8562 73.4668 4.2
      vertex 51.3645 73.0355 4.2
    endloop
  endfacet
  facet normal 0.659424 -0.751771 0
    outer loop
      vertex 51.8562 73.4668 4.2
      vertex 51.3645 73.0355 2.8
      vertex 51.8562 73.4668 2.8
    endloop
  endfacet
  facet normal 0.89686 0.442314 0
    outer loop
      vertex 50.5699 67 4.2
      vertex 50.2806 67.5866 2.8
      vertex 50.2806 67.5866 4.2
    endloop
  endfacet
  facet normal 0.89686 0.442314 0
    outer loop
      vertex 50.2806 67.5866 2.8
      vertex 50.5699 67 4.2
      vertex 50.5699 67 2.8
    endloop
  endfacet
  facet normal 0.946941 0.321407 0
    outer loop
      vertex 50.2806 67.5866 4.2
      vertex 50.0704 68.2059 2.8
      vertex 50.0704 68.2059 4.2
    endloop
  endfacet
  facet normal 0.946941 0.321407 0
    outer loop
      vertex 50.0704 68.2059 2.8
      vertex 50.2806 67.5866 4.2
      vertex 50.2806 67.5866 2.8
    endloop
  endfacet
  facet normal -0.946941 0.321407 0
    outer loop
      vertex 59.5194 67.5866 2.8
      vertex 59.7296 68.2059 4.2
      vertex 59.7296 68.2059 2.8
    endloop
  endfacet
  facet normal -0.946941 0.321407 0
    outer loop
      vertex 59.7296 68.2059 4.2
      vertex 59.5194 67.5866 2.8
      vertex 59.5194 67.5866 4.2
    endloop
  endfacet
  facet normal -0.89686 0.442314 0
    outer loop
      vertex 59.2301 67 2.8
      vertex 59.5194 67.5866 4.2
      vertex 59.5194 67.5866 2.8
    endloop
  endfacet
  facet normal -0.89686 0.442314 0
    outer loop
      vertex 59.5194 67.5866 4.2
      vertex 59.2301 67 2.8
      vertex 59.2301 67 4.2
    endloop
  endfacet
  facet normal -0.831509 0.555512 0
    outer loop
      vertex 58.8668 66.4562 2.8
      vertex 59.2301 67 4.2
      vertex 59.2301 67 2.8
    endloop
  endfacet
  facet normal -0.831509 0.555512 0
    outer loop
      vertex 59.2301 67 4.2
      vertex 58.8668 66.4562 2.8
      vertex 58.8668 66.4562 4.2
    endloop
  endfacet
  facet normal 0.0654432 -0.997856 0
    outer loop
      vertex 54.2474 74.4572 2.8
      vertex 54.9 74.5 4.1
      vertex 54.2474 74.4572 4.1
    endloop
  endfacet
  facet normal 0.0654432 -0.997856 0
    outer loop
      vertex 54.9 74.5 4.1
      vertex 54.2474 74.4572 2.8
      vertex 54.9 74.5 2.8
    endloop
  endfacet
  facet normal 0.997856 0.0654432 0
    outer loop
      vertex 49.9428 68.8474 4.2
      vertex 49.9 69.5 2.8
      vertex 49.9 69.5 4.2
    endloop
  endfacet
  facet normal 0.997856 0.0654432 0
    outer loop
      vertex 49.9 69.5 2.8
      vertex 49.9428 68.8474 4.2
      vertex 49.9428 68.8474 2.8
    endloop
  endfacet
  facet normal -0.195087 -0.980786 0
    outer loop
      vertex 55.5526 74.4572 2.8
      vertex 56.1941 74.3296 4.1
      vertex 55.5526 74.4572 4.1
    endloop
  endfacet
  facet normal -0.195087 -0.980786 -0
    outer loop
      vertex 56.1941 74.3296 4.1
      vertex 55.5526 74.4572 2.8
      vertex 56.1941 74.3296 2.8
    endloop
  endfacet
  facet normal 0.555583 0.831461 0
    outer loop
      vertex 52.4 65.1699 4.1
      vertex 52.4 65.1699 2.8
      vertex 51.9 65.504 4.1
    endloop
  endfacet
  facet normal 0.5547 0.83205 -0
    outer loop
      vertex 51.9 65.504 4.1
      vertex 51.8562 65.5332 4.2
      vertex 51.9 65.504 4.2
    endloop
  endfacet
  facet normal 0.555512 0.831509 -3.94971e-05
    outer loop
      vertex 51.8562 65.5332 2.8
      vertex 51.9 65.504 4.1
      vertex 52.4 65.1699 2.8
    endloop
  endfacet
  facet normal 0.5547 0.83205 0
    outer loop
      vertex 51.9 65.504 4.1
      vertex 51.8562 65.5332 2.8
      vertex 51.8562 65.5332 4.2
    endloop
  endfacet
  facet normal 0.0654432 0.997856 -0
    outer loop
      vertex 54.9 64.5 2.8
      vertex 54.2474 64.5428 4.1
      vertex 54.9 64.5 4.1
    endloop
  endfacet
  facet normal 0.0654432 0.997856 0
    outer loop
      vertex 54.2474 64.5428 4.1
      vertex 54.9 64.5 2.8
      vertex 54.2474 64.5428 2.8
    endloop
  endfacet
  facet normal 0.195087 0.980786 -0
    outer loop
      vertex 54.2474 64.5428 2.8
      vertex 53.6059 64.6704 4.1
      vertex 54.2474 64.5428 4.1
    endloop
  endfacet
  facet normal 0.195087 0.980786 0
    outer loop
      vertex 53.6059 64.6704 4.1
      vertex 54.2474 64.5428 2.8
      vertex 53.6059 64.6704 2.8
    endloop
  endfacet
  facet normal -0.980786 0.195087 0
    outer loop
      vertex 59.7296 68.2059 2.8
      vertex 59.8572 68.8474 4.2
      vertex 59.8572 68.8474 2.8
    endloop
  endfacet
  facet normal -0.980786 0.195087 0
    outer loop
      vertex 59.8572 68.8474 4.2
      vertex 59.7296 68.2059 2.8
      vertex 59.7296 68.2059 4.2
    endloop
  endfacet
  facet normal -0.831509 -0.555512 0
    outer loop
      vertex 59.2301 72 2.8
      vertex 58.8668 72.5438 4.2
      vertex 58.8668 72.5438 2.8
    endloop
  endfacet
  facet normal -0.831509 -0.555512 0
    outer loop
      vertex 58.8668 72.5438 4.2
      vertex 59.2301 72 2.8
      vertex 59.2301 72 4.2
    endloop
  endfacet
  facet normal 0.751771 0.659424 0
    outer loop
      vertex 51.3645 65.9645 4.2
      vertex 50.9332 66.4562 2.8
      vertex 50.9332 66.4562 4.2
    endloop
  endfacet
  facet normal 0.751771 0.659424 0
    outer loop
      vertex 50.9332 66.4562 2.8
      vertex 51.3645 65.9645 4.2
      vertex 51.3645 65.9645 2.8
    endloop
  endfacet
  facet normal 0.980786 0.195087 0
    outer loop
      vertex 50.0704 68.2059 4.2
      vertex 49.9428 68.8474 2.8
      vertex 49.9428 68.8474 4.2
    endloop
  endfacet
  facet normal 0.980786 0.195087 0
    outer loop
      vertex 49.9428 68.8474 2.8
      vertex 50.0704 68.2059 4.2
      vertex 50.0704 68.2059 2.8
    endloop
  endfacet
  facet normal 0.831509 0.555512 0
    outer loop
      vertex 50.9332 66.4562 4.2
      vertex 50.5699 67 2.8
      vertex 50.5699 67 4.2
    endloop
  endfacet
  facet normal 0.831509 0.555512 0
    outer loop
      vertex 50.5699 67 2.8
      vertex 50.9332 66.4562 4.2
      vertex 50.9332 66.4562 2.8
    endloop
  endfacet
  facet normal -0.442314 0.89686 0
    outer loop
      vertex 57.4 65.1699 2.8
      vertex 56.8134 64.8806 4.1
      vertex 57.4 65.1699 4.1
    endloop
  endfacet
  facet normal -0.442314 0.89686 0
    outer loop
      vertex 56.8134 64.8806 4.1
      vertex 57.4 65.1699 2.8
      vertex 56.8134 64.8806 2.8
    endloop
  endfacet
  facet normal -0.659424 -0.751771 0
    outer loop
      vertex 57.9438 73.4668 2.8
      vertex 58.4355 73.0355 4.2
      vertex 57.9438 73.4668 4.2
    endloop
  endfacet
  facet normal -0.659424 -0.751771 -0
    outer loop
      vertex 58.4355 73.0355 4.2
      vertex 57.9438 73.4668 2.8
      vertex 58.4355 73.0355 2.8
    endloop
  endfacet
  facet normal -0.442314 -0.89686 0
    outer loop
      vertex 56.8134 74.1194 2.8
      vertex 57.4 73.8301 4.1
      vertex 56.8134 74.1194 4.1
    endloop
  endfacet
  facet normal -0.442314 -0.89686 -0
    outer loop
      vertex 57.4 73.8301 4.1
      vertex 56.8134 74.1194 2.8
      vertex 57.4 73.8301 2.8
    endloop
  endfacet
  facet normal -0.997856 0.0654432 0
    outer loop
      vertex 59.8572 68.8474 2.8
      vertex 59.9 69.5 4.2
      vertex 59.9 69.5 2.8
    endloop
  endfacet
  facet normal -0.997856 0.0654432 0
    outer loop
      vertex 59.9 69.5 4.2
      vertex 59.8572 68.8474 2.8
      vertex 59.8572 68.8474 4.2
    endloop
  endfacet
  facet normal -0.0654432 -0.997856 0
    outer loop
      vertex 54.9 74.5 2.8
      vertex 55.5526 74.4572 4.1
      vertex 54.9 74.5 4.1
    endloop
  endfacet
  facet normal -0.0654432 -0.997856 -0
    outer loop
      vertex 55.5526 74.4572 4.1
      vertex 54.9 74.5 2.8
      vertex 55.5526 74.4572 2.8
    endloop
  endfacet
  facet normal 0.751771 -0.659424 0
    outer loop
      vertex 50.9332 72.5438 4.2
      vertex 51.3645 73.0355 2.8
      vertex 51.3645 73.0355 4.2
    endloop
  endfacet
  facet normal 0.751771 -0.659424 0
    outer loop
      vertex 51.3645 73.0355 2.8
      vertex 50.9332 72.5438 4.2
      vertex 50.9332 72.5438 2.8
    endloop
  endfacet
  facet normal -0.555583 -0.831461 -0
    outer loop
      vertex 57.4 73.8301 4.1
      vertex 57.4 73.8301 2.8
      vertex 57.9 73.496 4.1
    endloop
  endfacet
  facet normal -0.5547 -0.83205 0
    outer loop
      vertex 57.9 73.496 4.1
      vertex 57.9438 73.4668 4.2
      vertex 57.9 73.496 4.2
    endloop
  endfacet
  facet normal -0.555512 -0.831509 -3.94971e-05
    outer loop
      vertex 57.9438 73.4668 2.8
      vertex 57.9 73.496 4.1
      vertex 57.4 73.8301 2.8
    endloop
  endfacet
  facet normal -0.5547 -0.83205 0
    outer loop
      vertex 57.9 73.496 4.1
      vertex 57.9438 73.4668 2.8
      vertex 57.9438 73.4668 4.2
    endloop
  endfacet
  facet normal 0.5547 -0.83205 0
    outer loop
      vertex 51.8562 73.4668 4.2
      vertex 51.9 73.496 4.1
      vertex 51.9 73.496 4.2
    endloop
  endfacet
  facet normal 0.5547 -0.83205 0
    outer loop
      vertex 51.8562 73.4668 2.8
      vertex 51.9 73.496 4.1
      vertex 51.8562 73.4668 4.2
    endloop
  endfacet
  facet normal 0.555512 -0.831509 -3.94971e-05
    outer loop
      vertex 52.4 73.8301 2.8
      vertex 51.9 73.496 4.1
      vertex 51.8562 73.4668 2.8
    endloop
  endfacet
  facet normal 0.555583 -0.831461 0
    outer loop
      vertex 51.9 73.496 4.1
      vertex 52.4 73.8301 2.8
      vertex 52.4 73.8301 4.1
    endloop
  endfacet
  facet normal 0.195087 -0.980786 0
    outer loop
      vertex 53.6059 74.3296 2.8
      vertex 54.2474 74.4572 4.1
      vertex 53.6059 74.3296 4.1
    endloop
  endfacet
  facet normal 0.195087 -0.980786 0
    outer loop
      vertex 54.2474 74.4572 4.1
      vertex 53.6059 74.3296 2.8
      vertex 54.2474 74.4572 2.8
    endloop
  endfacet
  facet normal 0.442314 -0.89686 0
    outer loop
      vertex 52.4 73.8301 2.8
      vertex 52.9866 74.1194 4.1
      vertex 52.4 73.8301 4.1
    endloop
  endfacet
  facet normal 0.442314 -0.89686 0
    outer loop
      vertex 52.9866 74.1194 4.1
      vertex 52.4 73.8301 2.8
      vertex 52.9866 74.1194 2.8
    endloop
  endfacet
  facet normal 0.659424 0.751771 -0
    outer loop
      vertex 51.8562 65.5332 2.8
      vertex 51.3645 65.9645 4.2
      vertex 51.8562 65.5332 4.2
    endloop
  endfacet
  facet normal 0.659424 0.751771 0
    outer loop
      vertex 51.3645 65.9645 4.2
      vertex 51.8562 65.5332 2.8
      vertex 51.3645 65.9645 2.8
    endloop
  endfacet
  facet normal -0.659424 0.751771 0
    outer loop
      vertex 58.4355 65.9645 2.8
      vertex 57.9438 65.5332 4.2
      vertex 58.4355 65.9645 4.2
    endloop
  endfacet
  facet normal -0.659424 0.751771 0
    outer loop
      vertex 57.9438 65.5332 4.2
      vertex 58.4355 65.9645 2.8
      vertex 57.9438 65.5332 2.8
    endloop
  endfacet
  facet normal -0.5547 0.83205 0
    outer loop
      vertex 57.9438 65.5332 4.2
      vertex 57.9 65.504 4.1
      vertex 57.9 65.504 4.2
    endloop
  endfacet
  facet normal -0.5547 0.83205 0
    outer loop
      vertex 57.9438 65.5332 2.8
      vertex 57.9 65.504 4.1
      vertex 57.9438 65.5332 4.2
    endloop
  endfacet
  facet normal -0.555512 0.831509 -3.94971e-05
    outer loop
      vertex 57.4 65.1699 2.8
      vertex 57.9 65.504 4.1
      vertex 57.9438 65.5332 2.8
    endloop
  endfacet
  facet normal -0.555583 0.831461 0
    outer loop
      vertex 57.9 65.504 4.1
      vertex 57.4 65.1699 2.8
      vertex 57.4 65.1699 4.1
    endloop
  endfacet
  facet normal -0.751771 0.659424 0
    outer loop
      vertex 58.4355 65.9645 2.8
      vertex 58.8668 66.4562 4.2
      vertex 58.8668 66.4562 2.8
    endloop
  endfacet
  facet normal -0.751771 0.659424 0
    outer loop
      vertex 58.8668 66.4562 4.2
      vertex 58.4355 65.9645 2.8
      vertex 58.4355 65.9645 4.2
    endloop
  endfacet
  facet normal -0.321407 -0.946941 0
    outer loop
      vertex 56.1941 74.3296 2.8
      vertex 56.8134 74.1194 4.1
      vertex 56.1941 74.3296 4.1
    endloop
  endfacet
  facet normal -0.321407 -0.946941 -0
    outer loop
      vertex 56.8134 74.1194 4.1
      vertex 56.1941 74.3296 2.8
      vertex 56.8134 74.1194 2.8
    endloop
  endfacet
  facet normal 0.980786 -0.195087 0
    outer loop
      vertex 49.9428 70.1526 4.2
      vertex 50.0704 70.7941 2.8
      vertex 50.0704 70.7941 4.2
    endloop
  endfacet
  facet normal 0.980786 -0.195087 0
    outer loop
      vertex 50.0704 70.7941 2.8
      vertex 49.9428 70.1526 4.2
      vertex 49.9428 70.1526 2.8
    endloop
  endfacet
  facet normal -0.89686 -0.442314 0
    outer loop
      vertex 59.5194 71.4134 2.8
      vertex 59.2301 72 4.2
      vertex 59.2301 72 2.8
    endloop
  endfacet
  facet normal -0.89686 -0.442314 0
    outer loop
      vertex 59.2301 72 4.2
      vertex 59.5194 71.4134 2.8
      vertex 59.5194 71.4134 4.2
    endloop
  endfacet
  facet normal -0.751771 -0.659424 0
    outer loop
      vertex 58.8668 72.5438 2.8
      vertex 58.4355 73.0355 4.2
      vertex 58.4355 73.0355 2.8
    endloop
  endfacet
  facet normal -0.751771 -0.659424 0
    outer loop
      vertex 58.4355 73.0355 4.2
      vertex 58.8668 72.5438 2.8
      vertex 58.8668 72.5438 4.2
    endloop
  endfacet
  facet normal -0.946941 -0.321407 0
    outer loop
      vertex 59.7296 70.7941 2.8
      vertex 59.5194 71.4134 4.2
      vertex 59.5194 71.4134 2.8
    endloop
  endfacet
  facet normal -0.946941 -0.321407 0
    outer loop
      vertex 59.5194 71.4134 4.2
      vertex 59.7296 70.7941 2.8
      vertex 59.7296 70.7941 4.2
    endloop
  endfacet
  facet normal 0.997856 -0.0654432 0
    outer loop
      vertex 49.9 69.5 4.2
      vertex 49.9428 70.1526 2.8
      vertex 49.9428 70.1526 4.2
    endloop
  endfacet
  facet normal 0.997856 -0.0654432 0
    outer loop
      vertex 49.9428 70.1526 2.8
      vertex 49.9 69.5 4.2
      vertex 49.9 69.5 2.8
    endloop
  endfacet
  facet normal 0.321407 -0.946941 0
    outer loop
      vertex 52.9866 74.1194 2.8
      vertex 53.6059 74.3296 4.1
      vertex 52.9866 74.1194 4.1
    endloop
  endfacet
  facet normal 0.321407 -0.946941 0
    outer loop
      vertex 53.6059 74.3296 4.1
      vertex 52.9866 74.1194 2.8
      vertex 53.6059 74.3296 2.8
    endloop
  endfacet
  facet normal 0.831509 -0.555512 0
    outer loop
      vertex 50.5699 72 4.2
      vertex 50.9332 72.5438 2.8
      vertex 50.9332 72.5438 4.2
    endloop
  endfacet
  facet normal 0.831509 -0.555512 0
    outer loop
      vertex 50.9332 72.5438 2.8
      vertex 50.5699 72 4.2
      vertex 50.5699 72 2.8
    endloop
  endfacet
  facet normal -0.321407 0.946941 0
    outer loop
      vertex 56.8134 64.8806 2.8
      vertex 56.1941 64.6704 4.1
      vertex 56.8134 64.8806 4.1
    endloop
  endfacet
  facet normal -0.321407 0.946941 0
    outer loop
      vertex 56.1941 64.6704 4.1
      vertex 56.8134 64.8806 2.8
      vertex 56.1941 64.6704 2.8
    endloop
  endfacet
  facet normal 0.89686 -0.442314 0
    outer loop
      vertex 50.2806 71.4134 4.2
      vertex 50.5699 72 2.8
      vertex 50.5699 72 4.2
    endloop
  endfacet
  facet normal 0.89686 -0.442314 0
    outer loop
      vertex 50.5699 72 2.8
      vertex 50.2806 71.4134 4.2
      vertex 50.2806 71.4134 2.8
    endloop
  endfacet
  facet normal 0.946941 -0.321407 0
    outer loop
      vertex 50.0704 70.7941 4.2
      vertex 50.2806 71.4134 2.8
      vertex 50.2806 71.4134 4.2
    endloop
  endfacet
  facet normal 0.946941 -0.321407 0
    outer loop
      vertex 50.2806 71.4134 2.8
      vertex 50.0704 70.7941 4.2
      vertex 50.0704 70.7941 2.8
    endloop
  endfacet
  facet normal -0.0654432 0.997856 0
    outer loop
      vertex 55.5526 64.5428 2.8
      vertex 54.9 64.5 4.1
      vertex 55.5526 64.5428 4.1
    endloop
  endfacet
  facet normal -0.0654432 0.997856 0
    outer loop
      vertex 54.9 64.5 4.1
      vertex 55.5526 64.5428 2.8
      vertex 54.9 64.5 2.8
    endloop
  endfacet
  facet normal 0.321407 0.946941 -0
    outer loop
      vertex 53.6059 64.6704 2.8
      vertex 52.9866 64.8806 4.1
      vertex 53.6059 64.6704 4.1
    endloop
  endfacet
  facet normal 0.321407 0.946941 0
    outer loop
      vertex 52.9866 64.8806 4.1
      vertex 53.6059 64.6704 2.8
      vertex 52.9866 64.8806 2.8
    endloop
  endfacet
  facet normal 0.442314 0.89686 -0
    outer loop
      vertex 52.9866 64.8806 2.8
      vertex 52.4 65.1699 4.1
      vertex 52.9866 64.8806 4.1
    endloop
  endfacet
  facet normal 0.442314 0.89686 0
    outer loop
      vertex 52.4 65.1699 4.1
      vertex 52.9866 64.8806 2.8
      vertex 52.4 65.1699 2.8
    endloop
  endfacet
  facet normal -0.890959 -0.454084 0
    outer loop
      vertex 38.1364 69.9017 2.8
      vertex 37.9517 70.2641 6.6
      vertex 37.9517 70.2641 2.8
    endloop
  endfacet
  facet normal -0.890959 -0.454084 0
    outer loop
      vertex 37.9517 70.2641 6.6
      vertex 38.1364 69.9017 2.8
      vertex 38.1364 69.9017 6.6
    endloop
  endfacet
  facet normal -0.987697 -0.156379 0
    outer loop
      vertex 38.2 69.5 2.8
      vertex 38.1364 69.9017 6.6
      vertex 38.1364 69.9017 2.8
    endloop
  endfacet
  facet normal -0.987697 -0.156379 0
    outer loop
      vertex 38.1364 69.9017 6.6
      vertex 38.2 69.5 2.8
      vertex 38.2 69.5 6.6
    endloop
  endfacet
  facet normal -0.707107 -0.707107 0
    outer loop
      vertex 37.6641 70.5517 2.8
      vertex 37.9517 70.2641 6.6
      vertex 37.6641 70.5517 6.6
    endloop
  endfacet
  facet normal -0.707107 -0.707107 -0
    outer loop
      vertex 37.9517 70.2641 6.6
      vertex 37.6641 70.5517 2.8
      vertex 37.9517 70.2641 2.8
    endloop
  endfacet
  facet normal 0.987697 -0.156379 0
    outer loop
      vertex 35.6 69.5 6.6
      vertex 35.6636 69.9017 2.8
      vertex 35.6636 69.9017 6.6
    endloop
  endfacet
  facet normal 0.987697 -0.156379 0
    outer loop
      vertex 35.6636 69.9017 2.8
      vertex 35.6 69.5 6.6
      vertex 35.6 69.5 2.8
    endloop
  endfacet
  facet normal -0.454084 0.890959 0
    outer loop
      vertex 37.6641 68.4483 2.8
      vertex 37.3017 68.2636 6.6
      vertex 37.6641 68.4483 6.6
    endloop
  endfacet
  facet normal -0.454084 0.890959 0
    outer loop
      vertex 37.3017 68.2636 6.6
      vertex 37.6641 68.4483 2.8
      vertex 37.3017 68.2636 2.8
    endloop
  endfacet
  facet normal -0.890959 0.454084 0
    outer loop
      vertex 37.9517 68.7359 2.8
      vertex 38.1364 69.0983 6.6
      vertex 38.1364 69.0983 2.8
    endloop
  endfacet
  facet normal -0.890959 0.454084 0
    outer loop
      vertex 38.1364 69.0983 6.6
      vertex 37.9517 68.7359 2.8
      vertex 37.9517 68.7359 6.6
    endloop
  endfacet
  facet normal -0.156379 -0.987697 0
    outer loop
      vertex 36.9 70.8 2.8
      vertex 37.3017 70.7364 6.6
      vertex 36.9 70.8 6.6
    endloop
  endfacet
  facet normal -0.156379 -0.987697 -0
    outer loop
      vertex 37.3017 70.7364 6.6
      vertex 36.9 70.8 2.8
      vertex 37.3017 70.7364 2.8
    endloop
  endfacet
  facet normal 0.454084 0.890959 -0
    outer loop
      vertex 36.4983 68.2636 2.8
      vertex 36.1359 68.4483 6.6
      vertex 36.4983 68.2636 6.6
    endloop
  endfacet
  facet normal 0.454084 0.890959 0
    outer loop
      vertex 36.1359 68.4483 6.6
      vertex 36.4983 68.2636 2.8
      vertex 36.1359 68.4483 2.8
    endloop
  endfacet
  facet normal -0.454084 -0.890959 0
    outer loop
      vertex 37.3017 70.7364 2.8
      vertex 37.6641 70.5517 6.6
      vertex 37.3017 70.7364 6.6
    endloop
  endfacet
  facet normal -0.454084 -0.890959 -0
    outer loop
      vertex 37.6641 70.5517 6.6
      vertex 37.3017 70.7364 2.8
      vertex 37.6641 70.5517 2.8
    endloop
  endfacet
  facet normal 0.454084 -0.890959 0
    outer loop
      vertex 36.1359 70.5517 2.8
      vertex 36.4983 70.7364 6.6
      vertex 36.1359 70.5517 6.6
    endloop
  endfacet
  facet normal 0.454084 -0.890959 0
    outer loop
      vertex 36.4983 70.7364 6.6
      vertex 36.1359 70.5517 2.8
      vertex 36.4983 70.7364 2.8
    endloop
  endfacet
  facet normal 0.987697 0.156379 0
    outer loop
      vertex 35.6636 69.0983 6.6
      vertex 35.6 69.5 2.8
      vertex 35.6 69.5 6.6
    endloop
  endfacet
  facet normal 0.987697 0.156379 0
    outer loop
      vertex 35.6 69.5 2.8
      vertex 35.6636 69.0983 6.6
      vertex 35.6636 69.0983 2.8
    endloop
  endfacet
  facet normal 0.890959 -0.454084 0
    outer loop
      vertex 35.6636 69.9017 6.6
      vertex 35.8483 70.2641 2.8
      vertex 35.8483 70.2641 6.6
    endloop
  endfacet
  facet normal 0.890959 -0.454084 0
    outer loop
      vertex 35.8483 70.2641 2.8
      vertex 35.6636 69.9017 6.6
      vertex 35.6636 69.9017 2.8
    endloop
  endfacet
  facet normal -0.987697 0.156379 0
    outer loop
      vertex 38.1364 69.0983 2.8
      vertex 38.2 69.5 6.6
      vertex 38.2 69.5 2.8
    endloop
  endfacet
  facet normal -0.987697 0.156379 0
    outer loop
      vertex 38.2 69.5 6.6
      vertex 38.1364 69.0983 2.8
      vertex 38.1364 69.0983 6.6
    endloop
  endfacet
  facet normal 0.890959 0.454084 0
    outer loop
      vertex 35.8483 68.7359 6.6
      vertex 35.6636 69.0983 2.8
      vertex 35.6636 69.0983 6.6
    endloop
  endfacet
  facet normal 0.890959 0.454084 0
    outer loop
      vertex 35.6636 69.0983 2.8
      vertex 35.8483 68.7359 6.6
      vertex 35.8483 68.7359 2.8
    endloop
  endfacet
  facet normal 0.707107 -0.707107 0
    outer loop
      vertex 35.8483 70.2641 2.8
      vertex 36.1359 70.5517 6.6
      vertex 35.8483 70.2641 6.6
    endloop
  endfacet
  facet normal 0.707107 -0.707107 0
    outer loop
      vertex 36.1359 70.5517 6.6
      vertex 35.8483 70.2641 2.8
      vertex 36.1359 70.5517 2.8
    endloop
  endfacet
  facet normal -0.156379 0.987697 0
    outer loop
      vertex 37.3017 68.2636 2.8
      vertex 36.9 68.2 6.6
      vertex 37.3017 68.2636 6.6
    endloop
  endfacet
  facet normal -0.156379 0.987697 0
    outer loop
      vertex 36.9 68.2 6.6
      vertex 37.3017 68.2636 2.8
      vertex 36.9 68.2 2.8
    endloop
  endfacet
  facet normal -0.707107 0.707107 0
    outer loop
      vertex 37.9517 68.7359 2.8
      vertex 37.6641 68.4483 6.6
      vertex 37.9517 68.7359 6.6
    endloop
  endfacet
  facet normal -0.707107 0.707107 0
    outer loop
      vertex 37.6641 68.4483 6.6
      vertex 37.9517 68.7359 2.8
      vertex 37.6641 68.4483 2.8
    endloop
  endfacet
  facet normal 0.156379 0.987697 -0
    outer loop
      vertex 36.9 68.2 2.8
      vertex 36.4983 68.2636 6.6
      vertex 36.9 68.2 6.6
    endloop
  endfacet
  facet normal 0.156379 0.987697 0
    outer loop
      vertex 36.4983 68.2636 6.6
      vertex 36.9 68.2 2.8
      vertex 36.4983 68.2636 2.8
    endloop
  endfacet
  facet normal 0.707107 0.707107 -0
    outer loop
      vertex 36.1359 68.4483 2.8
      vertex 35.8483 68.7359 6.6
      vertex 36.1359 68.4483 6.6
    endloop
  endfacet
  facet normal 0.707107 0.707107 0
    outer loop
      vertex 35.8483 68.7359 6.6
      vertex 36.1359 68.4483 2.8
      vertex 35.8483 68.7359 2.8
    endloop
  endfacet
  facet normal 0.156379 -0.987697 0
    outer loop
      vertex 36.4983 70.7364 2.8
      vertex 36.9 70.8 6.6
      vertex 36.4983 70.7364 6.6
    endloop
  endfacet
  facet normal 0.156379 -0.987697 0
    outer loop
      vertex 36.9 70.8 6.6
      vertex 36.4983 70.7364 2.8
      vertex 36.9 70.8 2.8
    endloop
  endfacet
  facet normal -0.890959 -0.454084 0
    outer loop
      vertex 74.1364 69.9017 2.8
      vertex 73.9517 70.2641 6.6
      vertex 73.9517 70.2641 2.8
    endloop
  endfacet
  facet normal -0.890959 -0.454084 0
    outer loop
      vertex 73.9517 70.2641 6.6
      vertex 74.1364 69.9017 2.8
      vertex 74.1364 69.9017 6.6
    endloop
  endfacet
  facet normal -0.987697 -0.156379 0
    outer loop
      vertex 74.2 69.5 2.8
      vertex 74.1364 69.9017 6.6
      vertex 74.1364 69.9017 2.8
    endloop
  endfacet
  facet normal -0.987697 -0.156379 0
    outer loop
      vertex 74.1364 69.9017 6.6
      vertex 74.2 69.5 2.8
      vertex 74.2 69.5 6.6
    endloop
  endfacet
  facet normal -0.707107 -0.707107 0
    outer loop
      vertex 73.9517 70.2641 2.8
      vertex 73.6641 70.5517 6.6
      vertex 73.6641 70.5517 2.8
    endloop
  endfacet
  facet normal -0.707107 -0.707107 0
    outer loop
      vertex 73.6641 70.5517 6.6
      vertex 73.9517 70.2641 2.8
      vertex 73.9517 70.2641 6.6
    endloop
  endfacet
  facet normal 0.987697 -0.156379 0
    outer loop
      vertex 71.6 69.5 6.6
      vertex 71.6636 69.9017 2.8
      vertex 71.6636 69.9017 6.6
    endloop
  endfacet
  facet normal 0.987697 -0.156379 0
    outer loop
      vertex 71.6636 69.9017 2.8
      vertex 71.6 69.5 6.6
      vertex 71.6 69.5 2.8
    endloop
  endfacet
  facet normal -0.454084 0.890959 0
    outer loop
      vertex 73.6641 68.4483 2.8
      vertex 73.3017 68.2636 6.6
      vertex 73.6641 68.4483 6.6
    endloop
  endfacet
  facet normal -0.454084 0.890959 0
    outer loop
      vertex 73.3017 68.2636 6.6
      vertex 73.6641 68.4483 2.8
      vertex 73.3017 68.2636 2.8
    endloop
  endfacet
  facet normal -0.890959 0.454084 0
    outer loop
      vertex 73.9517 68.7359 2.8
      vertex 74.1364 69.0983 6.6
      vertex 74.1364 69.0983 2.8
    endloop
  endfacet
  facet normal -0.890959 0.454084 0
    outer loop
      vertex 74.1364 69.0983 6.6
      vertex 73.9517 68.7359 2.8
      vertex 73.9517 68.7359 6.6
    endloop
  endfacet
  facet normal -0.156379 -0.987697 0
    outer loop
      vertex 72.9 70.8 2.8
      vertex 73.3017 70.7364 6.6
      vertex 72.9 70.8 6.6
    endloop
  endfacet
  facet normal -0.156379 -0.987697 -0
    outer loop
      vertex 73.3017 70.7364 6.6
      vertex 72.9 70.8 2.8
      vertex 73.3017 70.7364 2.8
    endloop
  endfacet
  facet normal 0.454084 0.890959 -0
    outer loop
      vertex 72.4983 68.2636 2.8
      vertex 72.1359 68.4483 6.6
      vertex 72.4983 68.2636 6.6
    endloop
  endfacet
  facet normal 0.454084 0.890959 0
    outer loop
      vertex 72.1359 68.4483 6.6
      vertex 72.4983 68.2636 2.8
      vertex 72.1359 68.4483 2.8
    endloop
  endfacet
  facet normal -0.454084 -0.890959 0
    outer loop
      vertex 73.3017 70.7364 2.8
      vertex 73.6641 70.5517 6.6
      vertex 73.3017 70.7364 6.6
    endloop
  endfacet
  facet normal -0.454084 -0.890959 -0
    outer loop
      vertex 73.6641 70.5517 6.6
      vertex 73.3017 70.7364 2.8
      vertex 73.6641 70.5517 2.8
    endloop
  endfacet
  facet normal 0.454084 -0.890959 0
    outer loop
      vertex 72.1359 70.5517 2.8
      vertex 72.4983 70.7364 6.6
      vertex 72.1359 70.5517 6.6
    endloop
  endfacet
  facet normal 0.454084 -0.890959 0
    outer loop
      vertex 72.4983 70.7364 6.6
      vertex 72.1359 70.5517 2.8
      vertex 72.4983 70.7364 2.8
    endloop
  endfacet
  facet normal 0.987697 0.156379 0
    outer loop
      vertex 71.6636 69.0983 6.6
      vertex 71.6 69.5 2.8
      vertex 71.6 69.5 6.6
    endloop
  endfacet
  facet normal 0.987697 0.156379 0
    outer loop
      vertex 71.6 69.5 2.8
      vertex 71.6636 69.0983 6.6
      vertex 71.6636 69.0983 2.8
    endloop
  endfacet
  facet normal 0.890959 -0.454084 0
    outer loop
      vertex 71.6636 69.9017 6.6
      vertex 71.8483 70.2641 2.8
      vertex 71.8483 70.2641 6.6
    endloop
  endfacet
  facet normal 0.890959 -0.454084 0
    outer loop
      vertex 71.8483 70.2641 2.8
      vertex 71.6636 69.9017 6.6
      vertex 71.6636 69.9017 2.8
    endloop
  endfacet
  facet normal -0.987697 0.156379 0
    outer loop
      vertex 74.1364 69.0983 2.8
      vertex 74.2 69.5 6.6
      vertex 74.2 69.5 2.8
    endloop
  endfacet
  facet normal -0.987697 0.156379 0
    outer loop
      vertex 74.2 69.5 6.6
      vertex 74.1364 69.0983 2.8
      vertex 74.1364 69.0983 6.6
    endloop
  endfacet
  facet normal 0.890959 0.454084 0
    outer loop
      vertex 71.8483 68.7359 6.6
      vertex 71.6636 69.0983 2.8
      vertex 71.6636 69.0983 6.6
    endloop
  endfacet
  facet normal 0.890959 0.454084 0
    outer loop
      vertex 71.6636 69.0983 2.8
      vertex 71.8483 68.7359 6.6
      vertex 71.8483 68.7359 2.8
    endloop
  endfacet
  facet normal 0.707107 -0.707107 0
    outer loop
      vertex 71.8483 70.2641 2.8
      vertex 72.1359 70.5517 6.6
      vertex 71.8483 70.2641 6.6
    endloop
  endfacet
  facet normal 0.707107 -0.707107 0
    outer loop
      vertex 72.1359 70.5517 6.6
      vertex 71.8483 70.2641 2.8
      vertex 72.1359 70.5517 2.8
    endloop
  endfacet
  facet normal -0.156379 0.987697 0
    outer loop
      vertex 73.3017 68.2636 2.8
      vertex 72.9 68.2 6.6
      vertex 73.3017 68.2636 6.6
    endloop
  endfacet
  facet normal -0.156379 0.987697 0
    outer loop
      vertex 72.9 68.2 6.6
      vertex 73.3017 68.2636 2.8
      vertex 72.9 68.2 2.8
    endloop
  endfacet
  facet normal -0.707107 0.707107 0
    outer loop
      vertex 73.6641 68.4483 2.8
      vertex 73.9517 68.7359 6.6
      vertex 73.9517 68.7359 2.8
    endloop
  endfacet
  facet normal -0.707107 0.707107 0
    outer loop
      vertex 73.9517 68.7359 6.6
      vertex 73.6641 68.4483 2.8
      vertex 73.6641 68.4483 6.6
    endloop
  endfacet
  facet normal 0.156379 0.987697 -0
    outer loop
      vertex 72.9 68.2 2.8
      vertex 72.4983 68.2636 6.6
      vertex 72.9 68.2 6.6
    endloop
  endfacet
  facet normal 0.156379 0.987697 0
    outer loop
      vertex 72.4983 68.2636 6.6
      vertex 72.9 68.2 2.8
      vertex 72.4983 68.2636 2.8
    endloop
  endfacet
  facet normal 0.707107 0.707107 -0
    outer loop
      vertex 72.1359 68.4483 2.8
      vertex 71.8483 68.7359 6.6
      vertex 72.1359 68.4483 6.6
    endloop
  endfacet
  facet normal 0.707107 0.707107 0
    outer loop
      vertex 71.8483 68.7359 6.6
      vertex 72.1359 68.4483 2.8
      vertex 71.8483 68.7359 2.8
    endloop
  endfacet
  facet normal 0.156379 -0.987697 0
    outer loop
      vertex 72.4983 70.7364 2.8
      vertex 72.9 70.8 6.6
      vertex 72.4983 70.7364 6.6
    endloop
  endfacet
  facet normal 0.156379 -0.987697 0
    outer loop
      vertex 72.9 70.8 6.6
      vertex 72.4983 70.7364 2.8
      vertex 72.9 70.8 2.8
    endloop
  endfacet
  facet normal -1 0 0
    outer loop
      vertex 57.9 73.496 4.1
      vertex 57.9 75.5 4.2
      vertex 57.9 75.5 4.1
    endloop
  endfacet
  facet normal -1 -0 0
    outer loop
      vertex 57.9 75.5 4.2
      vertex 57.9 73.496 4.1
      vertex 57.9 73.496 4.2
    endloop
  endfacet
  facet normal -1 0 0
    outer loop
      vertex 57.9 65.504 4.1
      vertex 57.9 57.9986 4.2
      vertex 57.9 65.504 4.2
    endloop
  endfacet
  facet normal -1 0 0
    outer loop
      vertex 57.9 57.9986 4.2
      vertex 57.9 22 4.3
      vertex 57.9 57.9986 6.6
    endloop
  endfacet
  facet normal -1 0 0
    outer loop
      vertex 57.9 16 4.1
      vertex 57.9 57.9986 4.2
      vertex 57.9 65.504 4.1
    endloop
  endfacet
  facet normal -1 -0 0
    outer loop
      vertex 57.9 57.9986 4.2
      vertex 57.9 16 4.1
      vertex 57.9 22 4.3
    endloop
  endfacet
  facet normal -1 -0 0
    outer loop
      vertex 57.9 22 4.3
      vertex 57.9 16 4.1
      vertex 57.9 16 4.3
    endloop
  endfacet
  facet normal -1 -0 0
    outer loop
      vertex 57.9 57.9986 6.6
      vertex 57.9 22 4.3
      vertex 57.9 22 6.6
    endloop
  endfacet
  facet normal 0 0 1
    outer loop
      vertex 57.9 75.5 4.1
      vertex 57.4 73.8301 4.1
      vertex 57.9 73.496 4.1
    endloop
  endfacet
  facet normal 0 0 1
    outer loop
      vertex 57.9 75.5 4.1
      vertex 56.8134 74.1194 4.1
      vertex 57.4 73.8301 4.1
    endloop
  endfacet
  facet normal 0 0 1
    outer loop
      vertex 57.9 75.5 4.1
      vertex 56.1941 74.3296 4.1
      vertex 56.8134 74.1194 4.1
    endloop
  endfacet
  facet normal 0 0 1
    outer loop
      vertex 57.9 75.5 4.1
      vertex 55.5526 74.4572 4.1
      vertex 56.1941 74.3296 4.1
    endloop
  endfacet
  facet normal 0 0 1
    outer loop
      vertex 57.9 75.5 4.1
      vertex 54.9 74.5 4.1
      vertex 55.5526 74.4572 4.1
    endloop
  endfacet
  facet normal -0 0 1
    outer loop
      vertex 51.9 75.5 4.1
      vertex 54.9 74.5 4.1
      vertex 57.9 75.5 4.1
    endloop
  endfacet
  facet normal 0 0 1
    outer loop
      vertex 54.9 74.5 4.1
      vertex 51.9 75.5 4.1
      vertex 54.2474 74.4572 4.1
    endloop
  endfacet
  facet normal 0 0 1
    outer loop
      vertex 54.2474 74.4572 4.1
      vertex 51.9 75.5 4.1
      vertex 53.6059 74.3296 4.1
    endloop
  endfacet
  facet normal 0 0 1
    outer loop
      vertex 51.9 75.5 4.1
      vertex 52.9866 74.1194 4.1
      vertex 53.6059 74.3296 4.1
    endloop
  endfacet
  facet normal 0 0 1
    outer loop
      vertex 51.9 75.5 4.1
      vertex 52.4 73.8301 4.1
      vertex 52.9866 74.1194 4.1
    endloop
  endfacet
  facet normal 0 0 1
    outer loop
      vertex 52.4 73.8301 4.1
      vertex 51.9 75.5 4.1
      vertex 51.9 73.496 4.1
    endloop
  endfacet
  facet normal -0 0 1
    outer loop
      vertex 57.4 65.1699 4.1
      vertex 57.9 16 4.1
      vertex 57.9 65.504 4.1
    endloop
  endfacet
  facet normal -0 0 1
    outer loop
      vertex 56.8134 64.8806 4.1
      vertex 57.9 16 4.1
      vertex 57.4 65.1699 4.1
    endloop
  endfacet
  facet normal -0 0 1
    outer loop
      vertex 56.1941 64.6704 4.1
      vertex 57.9 16 4.1
      vertex 56.8134 64.8806 4.1
    endloop
  endfacet
  facet normal -0 0 1
    outer loop
      vertex 55.5526 64.5428 4.1
      vertex 57.9 16 4.1
      vertex 56.1941 64.6704 4.1
    endloop
  endfacet
  facet normal -0 0 1
    outer loop
      vertex 54.9 64.5 4.1
      vertex 57.9 16 4.1
      vertex 55.5526 64.5428 4.1
    endloop
  endfacet
  facet normal 0 0 1
    outer loop
      vertex 51.9 16 4.1
      vertex 54.9 64.5 4.1
      vertex 54.2474 64.5428 4.1
    endloop
  endfacet
  facet normal 0 0 1
    outer loop
      vertex 51.9 16 4.1
      vertex 54.2474 64.5428 4.1
      vertex 53.6059 64.6704 4.1
    endloop
  endfacet
  facet normal 0 0 1
    outer loop
      vertex 51.9 16 4.1
      vertex 53.6059 64.6704 4.1
      vertex 52.9866 64.8806 4.1
    endloop
  endfacet
  facet normal 0 0 1
    outer loop
      vertex 51.9 16 4.1
      vertex 52.9866 64.8806 4.1
      vertex 52.4 65.1699 4.1
    endloop
  endfacet
  facet normal 0 0 1
    outer loop
      vertex 51.9 16 4.1
      vertex 52.4 65.1699 4.1
      vertex 51.9 65.504 4.1
    endloop
  endfacet
  facet normal 0 0 1
    outer loop
      vertex 54.9 64.5 4.1
      vertex 51.9 16 4.1
      vertex 57.9 16 4.1
    endloop
  endfacet
  facet normal 1 0 0
    outer loop
      vertex 51.9 57.9986 6.6
      vertex 51.9 22 6.6
      vertex 51.9 57.9986 4.2
    endloop
  endfacet
  facet normal 1 -0 0
    outer loop
      vertex 51.9 57.9986 4.2
      vertex 51.9 65.504 4.1
      vertex 51.9 65.504 4.2
    endloop
  endfacet
  facet normal 1 -0 0
    outer loop
      vertex 51.9 22 4.3
      vertex 51.9 57.9986 4.2
      vertex 51.9 22 6.6
    endloop
  endfacet
  facet normal 1 0 0
    outer loop
      vertex 51.9 16 4.1
      vertex 51.9 57.9986 4.2
      vertex 51.9 22 4.3
    endloop
  endfacet
  facet normal 1 0 0
    outer loop
      vertex 51.9 16 4.1
      vertex 51.9 22 4.3
      vertex 51.9 16 4.3
    endloop
  endfacet
  facet normal 1 0 0
    outer loop
      vertex 51.9 57.9986 4.2
      vertex 51.9 16 4.1
      vertex 51.9 65.504 4.1
    endloop
  endfacet
  facet normal 1 -0 0
    outer loop
      vertex 51.9 73.496 4.2
      vertex 51.9 75.5 4.1
      vertex 51.9 75.5 4.2
    endloop
  endfacet
  facet normal 1 0 0
    outer loop
      vertex 51.9 75.5 4.1
      vertex 51.9 73.496 4.2
      vertex 51.9 73.496 4.1
    endloop
  endfacet
  facet normal 0 -1 0
    outer loop
      vertex 51.9 75.5 4.1
      vertex 57.9 75.5 4.2
      vertex 51.9 75.5 4.2
    endloop
  endfacet
  facet normal 0 -1 -0
    outer loop
      vertex 57.9 75.5 4.2
      vertex 51.9 75.5 4.1
      vertex 57.9 75.5 4.1
    endloop
  endfacet
  facet normal 0 1 -0
    outer loop
      vertex 57.9 16 4.1
      vertex 51.9 16 4.3
      vertex 57.9 16 4.3
    endloop
  endfacet
  facet normal 0 1 0
    outer loop
      vertex 51.9 16 4.3
      vertex 57.9 16 4.1
      vertex 51.9 16 4.1
    endloop
  endfacet
  facet normal 0 1 -0
    outer loop
      vertex 140.7 16 4.1
      vertex 134.7 16 4.3
      vertex 140.7 16 4.3
    endloop
  endfacet
  facet normal 0 1 0
    outer loop
      vertex 134.7 16 4.3
      vertex 140.7 16 4.1
      vertex 134.7 16 4.1
    endloop
  endfacet
  facet normal 0 1 0
    outer loop
      vertex 140.7 16 4.3
      vertex 182.6 16 6.6
      vertex 182.6 16 4.3
    endloop
  endfacet
  facet normal 0 1 0
    outer loop
      vertex 134.7 16 4.3
      vertex 182.6 16 6.6
      vertex 140.7 16 4.3
    endloop
  endfacet
  facet normal 0 1 0
    outer loop
      vertex 182.6 16 6.6
      vertex 134.7 16 4.3
      vertex 16 16 6.6
    endloop
  endfacet
  facet normal 0 1 -0
    outer loop
      vertex 57.9 16 4.3
      vertex 16 16 6.6
      vertex 134.7 16 4.3
    endloop
  endfacet
  facet normal 0 1 -0
    outer loop
      vertex 51.9 16 4.3
      vertex 16 16 6.6
      vertex 57.9 16 4.3
    endloop
  endfacet
  facet normal 0 1 0
    outer loop
      vertex 16 16 6.6
      vertex 51.9 16 4.3
      vertex 16 16 4.3
    endloop
  endfacet
  facet normal -1 0 0
    outer loop
      vertex 173.4 149 0
      vertex 173.4 141 1
      vertex 173.4 149 1
    endloop
  endfacet
  facet normal -1 0 0
    outer loop
      vertex 173.4 6 0
      vertex 173.4 141 1
      vertex 173.4 149 0
    endloop
  endfacet
  facet normal -1 -0 0
    outer loop
      vertex 173.4 141 1
      vertex 173.4 6 0
      vertex 173.4 6 1
    endloop
  endfacet
  facet normal 0 0 -1
    outer loop
      vertex 102 141 1
      vertex 173.4 149 1
      vertex 173.4 141 1
    endloop
  endfacet
  facet normal -0 0 -1
    outer loop
      vertex 173.4 149 1
      vertex 102 141 1
      vertex 102 149 1
    endloop
  endfacet
  facet normal -0 0 1
    outer loop
      vertex 98.8 141 1
      vertex 102 6 1
      vertex 102 141 1
    endloop
  endfacet
  facet normal 0 0 1
    outer loop
      vertex 102 6 1
      vertex 98.8 141 1
      vertex 98.8 6 1
    endloop
  endfacet
  facet normal -0 0 1
    outer loop
      vertex 173.4 141 1
      vertex 176.6 6 1
      vertex 176.6 141 1
    endloop
  endfacet
  facet normal 0 0 1
    outer loop
      vertex 176.6 6 1
      vertex 173.4 141 1
      vertex 173.4 6 1
    endloop
  endfacet
  facet normal 1 -0 0
    outer loop
      vertex 102 141 1
      vertex 102 149 0
      vertex 102 149 1
    endloop
  endfacet
  facet normal 1 0 0
    outer loop
      vertex 102 6 0
      vertex 102 141 1
      vertex 102 6 1
    endloop
  endfacet
  facet normal 1 0 0
    outer loop
      vertex 102 141 1
      vertex 102 6 0
      vertex 102 149 0
    endloop
  endfacet
  facet normal 0 -1 0
    outer loop
      vertex 102 149 0
      vertex 173.4 149 1
      vertex 102 149 1
    endloop
  endfacet
  facet normal 0 -1 -0
    outer loop
      vertex 173.4 149 1
      vertex 102 149 0
      vertex 173.4 149 0
    endloop
  endfacet
  facet normal 0 1 -0
    outer loop
      vertex 173.4 6 0
      vertex 102 6 1
      vertex 173.4 6 1
    endloop
  endfacet
  facet normal 0 1 0
    outer loop
      vertex 102 6 1
      vertex 173.4 6 0
      vertex 102 6 0
    endloop
  endfacet
  facet normal 0 1 0
    outer loop
      vertex 173.4 6 1
      vertex 176.6 6 2.8
      vertex 176.6 6 1
    endloop
  endfacet
  facet normal 0 1 0
    outer loop
      vertex 176.6 6 2.8
      vertex 173.4 6 1
      vertex 98.8 6 2.8
    endloop
  endfacet
  facet normal 0 1 -0
    outer loop
      vertex 102 6 1
      vertex 98.8 6 2.8
      vertex 173.4 6 1
    endloop
  endfacet
  facet normal 0 1 0
    outer loop
      vertex 98.8 6 2.8
      vertex 102 6 1
      vertex 98.8 6 1
    endloop
  endfacet
  facet normal -1 0 0
    outer loop
      vertex 176.6 6 1
      vertex 176.6 141 2.8
      vertex 176.6 141 1
    endloop
  endfacet
  facet normal -1 -0 0
    outer loop
      vertex 176.6 141 2.8
      vertex 176.6 6 1
      vertex 176.6 6 2.8
    endloop
  endfacet
  facet normal 0 0 -1
    outer loop
      vertex 176.6 6 2.8
      vertex 157 69.5 2.8
      vertex 176.6 141 2.8
    endloop
  endfacet
  facet normal 0 0 -1
    outer loop
      vertex 176.6 6 2.8
      vertex 156.936 69.0983 2.8
      vertex 157 69.5 2.8
    endloop
  endfacet
  facet normal 0 0 -1
    outer loop
      vertex 176.6 6 2.8
      vertex 156.752 68.7359 2.8
      vertex 156.936 69.0983 2.8
    endloop
  endfacet
  facet normal 0 0 -1
    outer loop
      vertex 176.6 6 2.8
      vertex 156.464 68.4483 2.8
      vertex 156.752 68.7359 2.8
    endloop
  endfacet
  facet normal 0 0 -1
    outer loop
      vertex 176.6 6 2.8
      vertex 156.102 68.2636 2.8
      vertex 156.464 68.4483 2.8
    endloop
  endfacet
  facet normal 0 0 -1
    outer loop
      vertex 176.6 6 2.8
      vertex 155.7 68.2 2.8
      vertex 156.102 68.2636 2.8
    endloop
  endfacet
  facet normal 0 0 -1
    outer loop
      vertex 139.613 64.8806 2.8
      vertex 155.7 68.2 2.8
      vertex 176.6 6 2.8
    endloop
  endfacet
  facet normal 0 -0 -1
    outer loop
      vertex 140.2 65.1699 2.8
      vertex 155.7 68.2 2.8
      vertex 139.613 64.8806 2.8
    endloop
  endfacet
  facet normal -0 0 -1
    outer loop
      vertex 155.7 68.2 2.8
      vertex 140.2 65.1699 2.8
      vertex 155.298 68.2636 2.8
    endloop
  endfacet
  facet normal 0 -0 -1
    outer loop
      vertex 141.236 65.9645 2.8
      vertex 155.298 68.2636 2.8
      vertex 140.744 65.5332 2.8
    endloop
  endfacet
  facet normal 0 0 -1
    outer loop
      vertex 142.657 68.8474 2.8
      vertex 154.4 69.5 2.8
      vertex 154.464 69.0983 2.8
    endloop
  endfacet
  facet normal -0 0 -1
    outer loop
      vertex 155.298 68.2636 2.8
      vertex 141.236 65.9645 2.8
      vertex 154.936 68.4483 2.8
    endloop
  endfacet
  facet normal -0 0 -1
    outer loop
      vertex 154.4 69.5 2.8
      vertex 142.657 68.8474 2.8
      vertex 142.7 69.5 2.8
    endloop
  endfacet
  facet normal 0 0 -1
    outer loop
      vertex 154.464 69.0983 2.8
      vertex 142.53 68.2059 2.8
      vertex 142.657 68.8474 2.8
    endloop
  endfacet
  facet normal -0 0 -1
    outer loop
      vertex 154.648 68.7359 2.8
      vertex 142.53 68.2059 2.8
      vertex 154.464 69.0983 2.8
    endloop
  endfacet
  facet normal 0 -0 -1
    outer loop
      vertex 142.53 68.2059 2.8
      vertex 154.648 68.7359 2.8
      vertex 142.319 67.5866 2.8
    endloop
  endfacet
  facet normal 0 -0 -1
    outer loop
      vertex 142.319 67.5866 2.8
      vertex 154.648 68.7359 2.8
      vertex 142.03 67 2.8
    endloop
  endfacet
  facet normal -0 0 -1
    outer loop
      vertex 154.936 68.4483 2.8
      vertex 142.03 67 2.8
      vertex 154.648 68.7359 2.8
    endloop
  endfacet
  facet normal 0 -0 -1
    outer loop
      vertex 142.03 67 2.8
      vertex 154.936 68.4483 2.8
      vertex 141.667 66.4562 2.8
    endloop
  endfacet
  facet normal 0 -0 -1
    outer loop
      vertex 141.667 66.4562 2.8
      vertex 154.936 68.4483 2.8
      vertex 141.236 65.9645 2.8
    endloop
  endfacet
  facet normal 0 -0 -1
    outer loop
      vertex 140.744 65.5332 2.8
      vertex 155.298 68.2636 2.8
      vertex 140.2 65.1699 2.8
    endloop
  endfacet
  facet normal 0 0 -1
    outer loop
      vertex 176.6 6 2.8
      vertex 138.994 64.6704 2.8
      vertex 139.613 64.8806 2.8
    endloop
  endfacet
  facet normal 0 0 -1
    outer loop
      vertex 176.6 6 2.8
      vertex 138.353 64.5428 2.8
      vertex 138.994 64.6704 2.8
    endloop
  endfacet
  facet normal 0 0 -1
    outer loop
      vertex 176.6 6 2.8
      vertex 137.7 64.5 2.8
      vertex 138.353 64.5428 2.8
    endloop
  endfacet
  facet normal 0 0 -1
    outer loop
      vertex 98.8 6 2.8
      vertex 137.7 64.5 2.8
      vertex 176.6 6 2.8
    endloop
  endfacet
  facet normal -0 0 -1
    outer loop
      vertex 137.7 64.5 2.8
      vertex 98.8 6 2.8
      vertex 137.047 64.5428 2.8
    endloop
  endfacet
  facet normal -0 0 -1
    outer loop
      vertex 137.047 64.5428 2.8
      vertex 98.8 6 2.8
      vertex 136.406 64.6704 2.8
    endloop
  endfacet
  facet normal -0 0 -1
    outer loop
      vertex 136.406 64.6704 2.8
      vertex 98.8 6 2.8
      vertex 135.787 64.8806 2.8
    endloop
  endfacet
  facet normal 0 -0 -1
    outer loop
      vertex 119.7 68.2 2.8
      vertex 135.787 64.8806 2.8
      vertex 98.8 6 2.8
    endloop
  endfacet
  facet normal 0 0 -1
    outer loop
      vertex 135.787 64.8806 2.8
      vertex 119.7 68.2 2.8
      vertex 135.2 65.1699 2.8
    endloop
  endfacet
  facet normal 0 -0 -1
    outer loop
      vertex 120.102 68.2636 2.8
      vertex 135.2 65.1699 2.8
      vertex 119.7 68.2 2.8
    endloop
  endfacet
  facet normal 0 0 -1
    outer loop
      vertex 132.743 68.8474 2.8
      vertex 121 69.5 2.8
      vertex 132.7 69.5 2.8
    endloop
  endfacet
  facet normal 0 0 -1
    outer loop
      vertex 120.936 69.0983 2.8
      vertex 132.743 68.8474 2.8
      vertex 132.87 68.2059 2.8
    endloop
  endfacet
  facet normal 0 0 -1
    outer loop
      vertex 120.752 68.7359 2.8
      vertex 132.87 68.2059 2.8
      vertex 133.081 67.5866 2.8
    endloop
  endfacet
  facet normal 0 0 -1
    outer loop
      vertex 120.752 68.7359 2.8
      vertex 133.081 67.5866 2.8
      vertex 133.37 67 2.8
    endloop
  endfacet
  facet normal 0 0 -1
    outer loop
      vertex 120.464 68.4483 2.8
      vertex 133.37 67 2.8
      vertex 133.733 66.4562 2.8
    endloop
  endfacet
  facet normal 0 0 -1
    outer loop
      vertex 135.2 65.1699 2.8
      vertex 120.102 68.2636 2.8
      vertex 134.656 65.5332 2.8
    endloop
  endfacet
  facet normal 0 0 -1
    outer loop
      vertex 132.743 68.8474 2.8
      vertex 120.936 69.0983 2.8
      vertex 121 69.5 2.8
    endloop
  endfacet
  facet normal 0 0 -1
    outer loop
      vertex 132.87 68.2059 2.8
      vertex 120.752 68.7359 2.8
      vertex 120.936 69.0983 2.8
    endloop
  endfacet
  facet normal 0 0 -1
    outer loop
      vertex 133.37 67 2.8
      vertex 120.464 68.4483 2.8
      vertex 120.752 68.7359 2.8
    endloop
  endfacet
  facet normal 0 0 -1
    outer loop
      vertex 134.164 65.9645 2.8
      vertex 120.464 68.4483 2.8
      vertex 133.733 66.4562 2.8
    endloop
  endfacet
  facet normal 0 0 -1
    outer loop
      vertex 134.656 65.5332 2.8
      vertex 120.102 68.2636 2.8
      vertex 134.164 65.9645 2.8
    endloop
  endfacet
  facet normal 0 -0 -1
    outer loop
      vertex 120.464 68.4483 2.8
      vertex 134.164 65.9645 2.8
      vertex 120.102 68.2636 2.8
    endloop
  endfacet
  facet normal -0 0 -1
    outer loop
      vertex 119.7 68.2 2.8
      vertex 98.8 6 2.8
      vertex 119.298 68.2636 2.8
    endloop
  endfacet
  facet normal -0 0 -1
    outer loop
      vertex 119.298 68.2636 2.8
      vertex 98.8 6 2.8
      vertex 118.936 68.4483 2.8
    endloop
  endfacet
  facet normal -0 0 -1
    outer loop
      vertex 118.464 69.0983 2.8
      vertex 98.8 6 2.8
      vertex 118.4 69.5 2.8
    endloop
  endfacet
  facet normal -0 0 -1
    outer loop
      vertex 118.648 68.7359 2.8
      vertex 98.8 6 2.8
      vertex 118.464 69.0983 2.8
    endloop
  endfacet
  facet normal -0 0 -1
    outer loop
      vertex 118.936 68.4483 2.8
      vertex 98.8 6 2.8
      vertex 118.648 68.7359 2.8
    endloop
  endfacet
  facet normal 0 0 -1
    outer loop
      vertex 156.936 69.9017 2.8
      vertex 176.6 141 2.8
      vertex 157 69.5 2.8
    endloop
  endfacet
  facet normal 0 0 -1
    outer loop
      vertex 156.752 70.2641 2.8
      vertex 176.6 141 2.8
      vertex 156.936 69.9017 2.8
    endloop
  endfacet
  facet normal 0 0 -1
    outer loop
      vertex 156.464 70.5517 2.8
      vertex 176.6 141 2.8
      vertex 156.752 70.2641 2.8
    endloop
  endfacet
  facet normal 0 0 -1
    outer loop
      vertex 156.102 70.7364 2.8
      vertex 176.6 141 2.8
      vertex 156.464 70.5517 2.8
    endloop
  endfacet
  facet normal 0 0 -1
    outer loop
      vertex 155.7 70.8 2.8
      vertex 176.6 141 2.8
      vertex 156.102 70.7364 2.8
    endloop
  endfacet
  facet normal 0 0 -1
    outer loop
      vertex 140.2 73.8301 2.8
      vertex 155.7 70.8 2.8
      vertex 155.298 70.7364 2.8
    endloop
  endfacet
  facet normal 0 0 -1
    outer loop
      vertex 141.236 73.0355 2.8
      vertex 155.298 70.7364 2.8
      vertex 154.936 70.5517 2.8
    endloop
  endfacet
  facet normal 0 0 -1
    outer loop
      vertex 142.03 72 2.8
      vertex 154.936 70.5517 2.8
      vertex 154.648 70.2641 2.8
    endloop
  endfacet
  facet normal 0 0 -1
    outer loop
      vertex 142.53 70.7941 2.8
      vertex 154.648 70.2641 2.8
      vertex 154.464 69.9017 2.8
    endloop
  endfacet
  facet normal 0 0 -1
    outer loop
      vertex 142.657 70.1526 2.8
      vertex 154.4 69.5 2.8
      vertex 142.7 69.5 2.8
    endloop
  endfacet
  facet normal 0 0 -1
    outer loop
      vertex 154.4 69.5 2.8
      vertex 142.657 70.1526 2.8
      vertex 154.464 69.9017 2.8
    endloop
  endfacet
  facet normal 0 0 -1
    outer loop
      vertex 142.53 70.7941 2.8
      vertex 154.464 69.9017 2.8
      vertex 142.657 70.1526 2.8
    endloop
  endfacet
  facet normal 0 0 -1
    outer loop
      vertex 154.648 70.2641 2.8
      vertex 142.53 70.7941 2.8
      vertex 142.319 71.4134 2.8
    endloop
  endfacet
  facet normal 0 0 -1
    outer loop
      vertex 154.648 70.2641 2.8
      vertex 142.319 71.4134 2.8
      vertex 142.03 72 2.8
    endloop
  endfacet
  facet normal 0 0 -1
    outer loop
      vertex 154.936 70.5517 2.8
      vertex 142.03 72 2.8
      vertex 141.667 72.5438 2.8
    endloop
  endfacet
  facet normal 0 0 -1
    outer loop
      vertex 154.936 70.5517 2.8
      vertex 141.667 72.5438 2.8
      vertex 141.236 73.0355 2.8
    endloop
  endfacet
  facet normal 0 0 -1
    outer loop
      vertex 155.298 70.7364 2.8
      vertex 141.236 73.0355 2.8
      vertex 140.744 73.4668 2.8
    endloop
  endfacet
  facet normal 0 0 -1
    outer loop
      vertex 155.298 70.7364 2.8
      vertex 140.744 73.4668 2.8
      vertex 140.2 73.8301 2.8
    endloop
  endfacet
  facet normal 0 0 -1
    outer loop
      vertex 155.7 70.8 2.8
      vertex 140.2 73.8301 2.8
      vertex 139.613 74.1194 2.8
    endloop
  endfacet
  facet normal 0 0 -1
    outer loop
      vertex 155.7 70.8 2.8
      vertex 139.613 74.1194 2.8
      vertex 176.6 141 2.8
    endloop
  endfacet
  facet normal 0 0 -1
    outer loop
      vertex 138.994 74.3296 2.8
      vertex 176.6 141 2.8
      vertex 139.613 74.1194 2.8
    endloop
  endfacet
  facet normal 0 0 -1
    outer loop
      vertex 138.353 74.4572 2.8
      vertex 176.6 141 2.8
      vertex 138.994 74.3296 2.8
    endloop
  endfacet
  facet normal 0 0 -1
    outer loop
      vertex 137.7 74.5 2.8
      vertex 176.6 141 2.8
      vertex 138.353 74.4572 2.8
    endloop
  endfacet
  facet normal 0 0 -1
    outer loop
      vertex 98.8 141 2.8
      vertex 137.7 74.5 2.8
      vertex 137.047 74.4572 2.8
    endloop
  endfacet
  facet normal 0 0 -1
    outer loop
      vertex 98.8 141 2.8
      vertex 137.047 74.4572 2.8
      vertex 136.406 74.3296 2.8
    endloop
  endfacet
  facet normal 0 0 -1
    outer loop
      vertex 98.8 141 2.8
      vertex 136.406 74.3296 2.8
      vertex 135.787 74.1194 2.8
    endloop
  endfacet
  facet normal 0 0 -1
    outer loop
      vertex 119.7 70.8 2.8
      vertex 135.787 74.1194 2.8
      vertex 135.2 73.8301 2.8
    endloop
  endfacet
  facet normal 0 0 -1
    outer loop
      vertex 120.102 70.7364 2.8
      vertex 135.2 73.8301 2.8
      vertex 134.656 73.4668 2.8
    endloop
  endfacet
  facet normal 0 0 -1
    outer loop
      vertex 120.102 70.7364 2.8
      vertex 134.656 73.4668 2.8
      vertex 134.164 73.0355 2.8
    endloop
  endfacet
  facet normal 0 0 -1
    outer loop
      vertex 120.464 70.5517 2.8
      vertex 134.164 73.0355 2.8
      vertex 133.733 72.5438 2.8
    endloop
  endfacet
  facet normal 0 0 -1
    outer loop
      vertex 120.464 70.5517 2.8
      vertex 133.733 72.5438 2.8
      vertex 133.37 72 2.8
    endloop
  endfacet
  facet normal 0 0 -1
    outer loop
      vertex 121 69.5 2.8
      vertex 132.743 70.1526 2.8
      vertex 132.7 69.5 2.8
    endloop
  endfacet
  facet normal 0 0 -1
    outer loop
      vertex 120.936 69.9017 2.8
      vertex 132.743 70.1526 2.8
      vertex 121 69.5 2.8
    endloop
  endfacet
  facet normal -0 0 -1
    outer loop
      vertex 132.743 70.1526 2.8
      vertex 120.936 69.9017 2.8
      vertex 132.87 70.7941 2.8
    endloop
  endfacet
  facet normal 0 0 -1
    outer loop
      vertex 120.752 70.2641 2.8
      vertex 132.87 70.7941 2.8
      vertex 120.936 69.9017 2.8
    endloop
  endfacet
  facet normal -0 0 -1
    outer loop
      vertex 132.87 70.7941 2.8
      vertex 120.752 70.2641 2.8
      vertex 133.081 71.4134 2.8
    endloop
  endfacet
  facet normal -0 0 -1
    outer loop
      vertex 133.081 71.4134 2.8
      vertex 120.752 70.2641 2.8
      vertex 133.37 72 2.8
    endloop
  endfacet
  facet normal 0 0 -1
    outer loop
      vertex 120.464 70.5517 2.8
      vertex 133.37 72 2.8
      vertex 120.752 70.2641 2.8
    endloop
  endfacet
  facet normal 0 0 -1
    outer loop
      vertex 134.164 73.0355 2.8
      vertex 120.464 70.5517 2.8
      vertex 120.102 70.7364 2.8
    endloop
  endfacet
  facet normal 0 0 -1
    outer loop
      vertex 135.2 73.8301 2.8
      vertex 120.102 70.7364 2.8
      vertex 119.7 70.8 2.8
    endloop
  endfacet
  facet normal -0 0 -1
    outer loop
      vertex 135.787 74.1194 2.8
      vertex 119.7 70.8 2.8
      vertex 98.8 141 2.8
    endloop
  endfacet
  facet normal 0 0 -1
    outer loop
      vertex 98.8 141 2.8
      vertex 119.7 70.8 2.8
      vertex 119.298 70.7364 2.8
    endloop
  endfacet
  facet normal 0 0 -1
    outer loop
      vertex 98.8 141 2.8
      vertex 119.298 70.7364 2.8
      vertex 118.936 70.5517 2.8
    endloop
  endfacet
  facet normal 0 0 -1
    outer loop
      vertex 98.8 141 2.8
      vertex 118.936 70.5517 2.8
      vertex 118.648 70.2641 2.8
    endloop
  endfacet
  facet normal 0 0 -1
    outer loop
      vertex 98.8 141 2.8
      vertex 118.4 69.5 2.8
      vertex 98.8 6 2.8
    endloop
  endfacet
  facet normal 0 0 -1
    outer loop
      vertex 137.7 74.5 2.8
      vertex 98.8 141 2.8
      vertex 176.6 141 2.8
    endloop
  endfacet
  facet normal 0 0 -1
    outer loop
      vertex 118.464 69.9017 2.8
      vertex 98.8 141 2.8
      vertex 118.648 70.2641 2.8
    endloop
  endfacet
  facet normal 0 0 -1
    outer loop
      vertex 118.4 69.5 2.8
      vertex 98.8 141 2.8
      vertex 118.464 69.9017 2.8
    endloop
  endfacet
  facet normal 1 -0 0
    outer loop
      vertex 98.8 6 2.8
      vertex 98.8 141 1
      vertex 98.8 141 2.8
    endloop
  endfacet
  facet normal 1 0 0
    outer loop
      vertex 98.8 141 1
      vertex 98.8 6 2.8
      vertex 98.8 6 1
    endloop
  endfacet
  facet normal 0 -1 0
    outer loop
      vertex 102 141 1
      vertex 98.8 141 2.8
      vertex 98.8 141 1
    endloop
  endfacet
  facet normal 0 -1 0
    outer loop
      vertex 98.8 141 2.8
      vertex 102 141 1
      vertex 176.6 141 2.8
    endloop
  endfacet
  facet normal 0 -1 0
    outer loop
      vertex 173.4 141 1
      vertex 176.6 141 2.8
      vertex 102 141 1
    endloop
  endfacet
  facet normal 0 -1 -0
    outer loop
      vertex 176.6 141 2.8
      vertex 173.4 141 1
      vertex 176.6 141 1
    endloop
  endfacet
  facet normal -0.989097 -0.147269 0
    outer loop
      vertex 149.543 70.6664 4.2
      vertex 149.371 71.8216 6.6
      vertex 149.371 71.8216 4.2
    endloop
  endfacet
  facet normal -0.989097 -0.147269 0
    outer loop
      vertex 149.371 71.8216 6.6
      vertex 149.543 70.6664 4.2
      vertex 149.543 70.6664 6.6
    endloop
  endfacet
  facet normal -0.998808 -0.0488101 0
    outer loop
      vertex 149.6 69.5 4.2
      vertex 149.543 70.6664 6.6
      vertex 149.543 70.6664 4.2
    endloop
  endfacet
  facet normal -0.998808 -0.0488101 0
    outer loop
      vertex 149.543 70.6664 6.6
      vertex 149.6 69.5 4.2
      vertex 149.6 69.5 6.6
    endloop
  endfacet
  facet normal -0.970183 -0.242374 0
    outer loop
      vertex 149.371 71.8216 4.2
      vertex 149.088 72.9544 6.6
      vertex 149.088 72.9544 4.2
    endloop
  endfacet
  facet normal -0.970183 -0.242374 0
    outer loop
      vertex 149.088 72.9544 6.6
      vertex 149.371 71.8216 4.2
      vertex 149.371 71.8216 6.6
    endloop
  endfacet
  facet normal -0.998808 0.0488101 0
    outer loop
      vertex 149.543 68.3336 4.2
      vertex 149.6 69.5 6.6
      vertex 149.6 69.5 4.2
    endloop
  endfacet
  facet normal -0.998808 0.0488101 0
    outer loop
      vertex 149.6 69.5 6.6
      vertex 149.543 68.3336 4.2
      vertex 149.543 68.3336 6.6
    endloop
  endfacet
  facet normal 0.42745 -0.904039 0
    outer loop
      vertex 132.09 79.9949 4.2
      vertex 133.146 80.4942 6.6
      vertex 132.09 79.9949 6.6
    endloop
  endfacet
  facet normal 0.42745 -0.904039 0
    outer loop
      vertex 133.146 80.4942 6.6
      vertex 132.09 79.9949 4.2
      vertex 133.146 80.4942 4.2
    endloop
  endfacet
  facet normal -0.941383 0.33734 0
    outer loop
      vertex 148.694 64.9461 4.2
      vertex 149.088 66.0456 6.6
      vertex 149.088 66.0456 4.2
    endloop
  endfacet
  facet normal -0.941383 0.33734 0
    outer loop
      vertex 149.088 66.0456 6.6
      vertex 148.694 64.9461 4.2
      vertex 148.694 64.9461 6.6
    endloop
  endfacet
  facet normal 0.989097 0.147269 0
    outer loop
      vertex 126.029 67.1784 6.6
      vertex 125.857 68.3336 4.2
      vertex 125.857 68.3336 6.6
    endloop
  endfacet
  facet normal 0.989097 0.147269 0
    outer loop
      vertex 125.857 68.3336 4.2
      vertex 126.029 67.1784 6.6
      vertex 126.029 67.1784 4.2
    endloop
  endfacet
  facet normal -0.336748 -0.941595 0
    outer loop
      vertex 141.154 80.8876 4.2
      vertex 142.254 80.4942 6.6
      vertex 141.154 80.8876 6.6
    endloop
  endfacet
  facet normal -0.336748 -0.941595 -0
    outer loop
      vertex 142.254 80.4942 6.6
      vertex 141.154 80.8876 4.2
      vertex 142.254 80.4942 4.2
    endloop
  endfacet
  facet normal -0.671232 0.741248 0
    outer loop
      vertex 146.115 61.0854 4.2
      vertex 145.249 60.3012 6.6
      vertex 146.115 61.0854 6.6
    endloop
  endfacet
  facet normal -0.671232 0.741248 0
    outer loop
      vertex 145.249 60.3012 6.6
      vertex 146.115 61.0854 4.2
      vertex 145.249 60.3012 4.2
    endloop
  endfacet
  facet normal 0.671232 -0.741248 0
    outer loop
      vertex 129.285 77.9146 4.2
      vertex 130.151 78.6988 6.6
      vertex 129.285 77.9146 6.6
    endloop
  endfacet
  facet normal 0.671232 -0.741248 0
    outer loop
      vertex 130.151 78.6988 6.6
      vertex 129.285 77.9146 4.2
      vertex 130.151 78.6988 4.2
    endloop
  endfacet
  facet normal -0.803481 -0.59533 0
    outer loop
      vertex 147.594 76.1113 4.2
      vertex 146.899 77.0493 6.6
      vertex 146.899 77.0493 4.2
    endloop
  endfacet
  facet normal -0.803481 -0.59533 0
    outer loop
      vertex 146.899 77.0493 6.6
      vertex 147.594 76.1113 4.2
      vertex 147.594 76.1113 6.6
    endloop
  endfacet
  facet normal -0.51437 -0.857569 0
    outer loop
      vertex 143.31 79.9949 4.2
      vertex 144.311 79.3945 6.6
      vertex 143.31 79.9949 6.6
    endloop
  endfacet
  facet normal -0.51437 -0.857569 -0
    outer loop
      vertex 144.311 79.3945 6.6
      vertex 143.31 79.9949 4.2
      vertex 144.311 79.3945 4.2
    endloop
  endfacet
  facet normal 0.998808 -0.0488101 0
    outer loop
      vertex 125.8 69.5 6.6
      vertex 125.857 70.6664 4.2
      vertex 125.857 70.6664 6.6
    endloop
  endfacet
  facet normal 0.998808 -0.0488101 0
    outer loop
      vertex 125.857 70.6664 4.2
      vertex 125.8 69.5 6.6
      vertex 125.8 69.5 4.2
    endloop
  endfacet
  facet normal -0.671232 -0.741248 0
    outer loop
      vertex 145.249 78.6988 4.2
      vertex 146.115 77.9146 6.6
      vertex 145.249 78.6988 6.6
    endloop
  endfacet
  facet normal -0.671232 -0.741248 -0
    outer loop
      vertex 146.115 77.9146 6.6
      vertex 145.249 78.6988 4.2
      vertex 146.115 77.9146 4.2
    endloop
  endfacet
  facet normal -0.243139 0.969991 0
    outer loop
      vertex 141.154 58.1124 4.2
      vertex 140.7 57.9986 6.6
      vertex 141.154 58.1124 6.6
    endloop
  endfacet
  facet normal -0.243139 0.969991 0
    outer loop
      vertex 140.7 57.9986 6.6
      vertex 141.154 58.1124 4.2
      vertex 140.7 57.9986 4.2
    endloop
  endfacet
  facet normal 0.336748 0.941595 -0
    outer loop
      vertex 134.246 58.1124 4.2
      vertex 133.146 58.5058 6.6
      vertex 134.246 58.1124 6.6
    endloop
  endfacet
  facet normal 0.336748 0.941595 0
    outer loop
      vertex 133.146 58.5058 6.6
      vertex 134.246 58.1124 4.2
      vertex 133.146 58.5058 4.2
    endloop
  endfacet
  facet normal 0.595717 -0.803195 0
    outer loop
      vertex 130.151 78.6988 4.2
      vertex 131.089 79.3945 6.6
      vertex 130.151 78.6988 6.6
    endloop
  endfacet
  facet normal 0.595717 -0.803195 0
    outer loop
      vertex 131.089 79.3945 6.6
      vertex 130.151 78.6988 4.2
      vertex 131.089 79.3945 4.2
    endloop
  endfacet
  facet normal 0.941383 0.33734 0
    outer loop
      vertex 126.706 64.9461 6.6
      vertex 126.312 66.0456 4.2
      vertex 126.312 66.0456 6.6
    endloop
  endfacet
  facet normal 0.941383 0.33734 0
    outer loop
      vertex 126.312 66.0456 4.2
      vertex 126.706 64.9461 6.6
      vertex 126.706 64.9461 4.2
    endloop
  endfacet
  facet normal -0.904092 0.427339 0
    outer loop
      vertex 148.195 63.8904 4.2
      vertex 148.694 64.9461 6.6
      vertex 148.694 64.9461 4.2
    endloop
  endfacet
  facet normal -0.904092 0.427339 0
    outer loop
      vertex 148.694 64.9461 6.6
      vertex 148.195 63.8904 4.2
      vertex 148.195 63.8904 6.6
    endloop
  endfacet
  facet normal -0.989097 0.147269 0
    outer loop
      vertex 149.371 67.1784 4.2
      vertex 149.543 68.3336 6.6
      vertex 149.543 68.3336 4.2
    endloop
  endfacet
  facet normal -0.989097 0.147269 0
    outer loop
      vertex 149.543 68.3336 6.6
      vertex 149.371 67.1784 4.2
      vertex 149.371 67.1784 6.6
    endloop
  endfacet
  facet normal 0.0490831 -0.998795 0
    outer loop
      vertex 136.534 81.3427 4.2
      vertex 137.7 81.4 6.6
      vertex 136.534 81.3427 6.6
    endloop
  endfacet
  facet normal 0.0490831 -0.998795 0
    outer loop
      vertex 137.7 81.4 6.6
      vertex 136.534 81.3427 4.2
      vertex 137.7 81.4 4.2
    endloop
  endfacet
  facet normal -0.146667 -0.989186 0
    outer loop
      vertex 138.866 81.3427 4.2
      vertex 140.022 81.1713 6.6
      vertex 138.866 81.3427 6.6
    endloop
  endfacet
  facet normal -0.146667 -0.989186 -0
    outer loop
      vertex 140.022 81.1713 6.6
      vertex 138.866 81.3427 4.2
      vertex 140.022 81.1713 4.2
    endloop
  endfacet
  facet normal -0.741063 -0.671436 0
    outer loop
      vertex 146.899 77.0493 4.2
      vertex 146.115 77.9146 6.6
      vertex 146.115 77.9146 4.2
    endloop
  endfacet
  facet normal -0.741063 -0.671436 0
    outer loop
      vertex 146.115 77.9146 6.6
      vertex 146.899 77.0493 4.2
      vertex 146.899 77.0493 6.6
    endloop
  endfacet
  facet normal 0.336748 -0.941595 0
    outer loop
      vertex 133.146 80.4942 4.2
      vertex 134.246 80.8876 6.6
      vertex 133.146 80.4942 6.6
    endloop
  endfacet
  facet normal 0.336748 -0.941595 0
    outer loop
      vertex 134.246 80.8876 6.6
      vertex 133.146 80.4942 4.2
      vertex 134.246 80.8876 4.2
    endloop
  endfacet
  facet normal -0.336748 0.941595 0
    outer loop
      vertex 142.254 58.5058 4.2
      vertex 141.154 58.1124 6.6
      vertex 142.254 58.5058 6.6
    endloop
  endfacet
  facet normal -0.336748 0.941595 0
    outer loop
      vertex 141.154 58.1124 6.6
      vertex 142.254 58.5058 4.2
      vertex 141.154 58.1124 4.2
    endloop
  endfacet
  facet normal 0.904092 -0.427339 0
    outer loop
      vertex 126.706 74.0539 6.6
      vertex 127.205 75.1096 4.2
      vertex 127.205 75.1096 6.6
    endloop
  endfacet
  facet normal 0.904092 -0.427339 0
    outer loop
      vertex 127.205 75.1096 4.2
      vertex 126.706 74.0539 6.6
      vertex 126.706 74.0539 4.2
    endloop
  endfacet
  facet normal -0.0490831 -0.998795 0
    outer loop
      vertex 137.7 81.4 4.2
      vertex 138.866 81.3427 6.6
      vertex 137.7 81.4 6.6
    endloop
  endfacet
  facet normal -0.0490831 -0.998795 -0
    outer loop
      vertex 138.866 81.3427 6.6
      vertex 137.7 81.4 4.2
      vertex 138.866 81.3427 4.2
    endloop
  endfacet
  facet normal 0.51437 0.857569 -0
    outer loop
      vertex 132.09 59.0051 4.2
      vertex 131.089 59.6055 6.6
      vertex 132.09 59.0051 6.6
    endloop
  endfacet
  facet normal 0.51437 0.857569 0
    outer loop
      vertex 131.089 59.6055 6.6
      vertex 132.09 59.0051 4.2
      vertex 131.089 59.6055 4.2
    endloop
  endfacet
  facet normal 0.42745 0.904039 -0
    outer loop
      vertex 133.146 58.5058 4.2
      vertex 132.09 59.0051 6.6
      vertex 133.146 58.5058 6.6
    endloop
  endfacet
  facet normal 0.42745 0.904039 0
    outer loop
      vertex 132.09 59.0051 6.6
      vertex 133.146 58.5058 4.2
      vertex 132.09 59.0051 4.2
    endloop
  endfacet
  facet normal 0.595717 0.803195 -0
    outer loop
      vertex 131.089 59.6055 4.2
      vertex 130.151 60.3012 6.6
      vertex 131.089 59.6055 6.6
    endloop
  endfacet
  facet normal 0.595717 0.803195 0
    outer loop
      vertex 130.151 60.3012 6.6
      vertex 131.089 59.6055 4.2
      vertex 130.151 60.3012 4.2
    endloop
  endfacet
  facet normal 0.998808 0.0488101 0
    outer loop
      vertex 125.857 68.3336 6.6
      vertex 125.8 69.5 4.2
      vertex 125.8 69.5 6.6
    endloop
  endfacet
  facet normal 0.998808 0.0488101 0
    outer loop
      vertex 125.8 69.5 4.2
      vertex 125.857 68.3336 6.6
      vertex 125.857 68.3336 4.2
    endloop
  endfacet
  facet normal -0.42745 -0.904039 0
    outer loop
      vertex 142.254 80.4942 4.2
      vertex 143.31 79.9949 6.6
      vertex 142.254 80.4942 6.6
    endloop
  endfacet
  facet normal -0.42745 -0.904039 -0
    outer loop
      vertex 143.31 79.9949 6.6
      vertex 142.254 80.4942 4.2
      vertex 143.31 79.9949 4.2
    endloop
  endfacet
  facet normal 0.2431 -0.970001 0
    outer loop
      vertex 134.246 80.8876 4.2
      vertex 135.378 81.1713 6.6
      vertex 134.246 80.8876 6.6
    endloop
  endfacet
  facet normal 0.2431 -0.970001 0
    outer loop
      vertex 135.378 81.1713 6.6
      vertex 134.246 80.8876 4.2
      vertex 135.378 81.1713 4.2
    endloop
  endfacet
  facet normal 0.671232 0.741248 -0
    outer loop
      vertex 130.151 60.3012 4.2
      vertex 129.285 61.0854 6.6
      vertex 130.151 60.3012 6.6
    endloop
  endfacet
  facet normal 0.671232 0.741248 0
    outer loop
      vertex 129.285 61.0854 6.6
      vertex 130.151 60.3012 4.2
      vertex 129.285 61.0854 4.2
    endloop
  endfacet
  facet normal 0.904092 0.427339 0
    outer loop
      vertex 127.205 63.8904 6.6
      vertex 126.706 64.9461 4.2
      vertex 126.706 64.9461 6.6
    endloop
  endfacet
  facet normal 0.904092 0.427339 0
    outer loop
      vertex 126.706 64.9461 4.2
      vertex 127.205 63.8904 6.6
      vertex 127.205 63.8904 4.2
    endloop
  endfacet
  facet normal -0.595717 0.803195 0
    outer loop
      vertex 145.249 60.3012 4.2
      vertex 144.311 59.6055 6.6
      vertex 145.249 60.3012 6.6
    endloop
  endfacet
  facet normal -0.595717 0.803195 0
    outer loop
      vertex 144.311 59.6055 6.6
      vertex 145.249 60.3012 4.2
      vertex 144.311 59.6055 4.2
    endloop
  endfacet
  facet normal 0.741063 0.671436 0
    outer loop
      vertex 129.285 61.0854 6.6
      vertex 128.501 61.9507 4.2
      vertex 128.501 61.9507 6.6
    endloop
  endfacet
  facet normal 0.741063 0.671436 0
    outer loop
      vertex 128.501 61.9507 4.2
      vertex 129.285 61.0854 6.6
      vertex 129.285 61.0854 4.2
    endloop
  endfacet
  facet normal -0.803481 0.59533 0
    outer loop
      vertex 146.899 61.9507 4.2
      vertex 147.594 62.8887 6.6
      vertex 147.594 62.8887 4.2
    endloop
  endfacet
  facet normal -0.803481 0.59533 0
    outer loop
      vertex 147.594 62.8887 6.6
      vertex 146.899 61.9507 4.2
      vertex 146.899 61.9507 6.6
    endloop
  endfacet
  facet normal 0.741063 -0.671436 0
    outer loop
      vertex 128.501 77.0493 6.6
      vertex 129.285 77.9146 4.2
      vertex 129.285 77.9146 6.6
    endloop
  endfacet
  facet normal 0.741063 -0.671436 0
    outer loop
      vertex 129.285 77.9146 4.2
      vertex 128.501 77.0493 6.6
      vertex 128.501 77.0493 4.2
    endloop
  endfacet
  facet normal -0.595717 -0.803195 0
    outer loop
      vertex 144.311 79.3945 4.2
      vertex 145.249 78.6988 6.6
      vertex 144.311 79.3945 6.6
    endloop
  endfacet
  facet normal -0.595717 -0.803195 -0
    outer loop
      vertex 145.249 78.6988 6.6
      vertex 144.311 79.3945 4.2
      vertex 145.249 78.6988 4.2
    endloop
  endfacet
  facet normal -0.42745 0.904039 0
    outer loop
      vertex 143.31 59.0051 4.2
      vertex 142.254 58.5058 6.6
      vertex 143.31 59.0051 6.6
    endloop
  endfacet
  facet normal -0.42745 0.904039 0
    outer loop
      vertex 142.254 58.5058 6.6
      vertex 143.31 59.0051 4.2
      vertex 142.254 58.5058 4.2
    endloop
  endfacet
  facet normal -0.8575 0.514483 0
    outer loop
      vertex 147.594 62.8887 4.2
      vertex 148.195 63.8904 6.6
      vertex 148.195 63.8904 4.2
    endloop
  endfacet
  facet normal -0.8575 0.514483 0
    outer loop
      vertex 148.195 63.8904 6.6
      vertex 147.594 62.8887 4.2
      vertex 147.594 62.8887 6.6
    endloop
  endfacet
  facet normal -0.941383 -0.33734 0
    outer loop
      vertex 149.088 72.9544 4.2
      vertex 148.694 74.0539 6.6
      vertex 148.694 74.0539 4.2
    endloop
  endfacet
  facet normal -0.941383 -0.33734 0
    outer loop
      vertex 148.694 74.0539 6.6
      vertex 149.088 72.9544 4.2
      vertex 149.088 72.9544 6.6
    endloop
  endfacet
  facet normal -0.741063 0.671436 0
    outer loop
      vertex 146.115 61.0854 4.2
      vertex 146.899 61.9507 6.6
      vertex 146.899 61.9507 4.2
    endloop
  endfacet
  facet normal -0.741063 0.671436 0
    outer loop
      vertex 146.899 61.9507 6.6
      vertex 146.115 61.0854 4.2
      vertex 146.115 61.0854 6.6
    endloop
  endfacet
  facet normal -0.904092 -0.427339 0
    outer loop
      vertex 148.694 74.0539 4.2
      vertex 148.195 75.1096 6.6
      vertex 148.195 75.1096 4.2
    endloop
  endfacet
  facet normal -0.904092 -0.427339 0
    outer loop
      vertex 148.195 75.1096 6.6
      vertex 148.694 74.0539 4.2
      vertex 148.694 74.0539 6.6
    endloop
  endfacet
  facet normal -0.970183 0.242374 0
    outer loop
      vertex 149.088 66.0456 4.2
      vertex 149.371 67.1784 6.6
      vertex 149.371 67.1784 4.2
    endloop
  endfacet
  facet normal -0.970183 0.242374 0
    outer loop
      vertex 149.371 67.1784 6.6
      vertex 149.088 66.0456 4.2
      vertex 149.088 66.0456 6.6
    endloop
  endfacet
  facet normal 0.803481 0.59533 0
    outer loop
      vertex 128.501 61.9507 6.6
      vertex 127.806 62.8887 4.2
      vertex 127.806 62.8887 6.6
    endloop
  endfacet
  facet normal 0.803481 0.59533 0
    outer loop
      vertex 127.806 62.8887 4.2
      vertex 128.501 61.9507 6.6
      vertex 128.501 61.9507 4.2
    endloop
  endfacet
  facet normal -0.8575 -0.514483 0
    outer loop
      vertex 148.195 75.1096 4.2
      vertex 147.594 76.1113 6.6
      vertex 147.594 76.1113 4.2
    endloop
  endfacet
  facet normal -0.8575 -0.514483 0
    outer loop
      vertex 147.594 76.1113 6.6
      vertex 148.195 75.1096 4.2
      vertex 148.195 75.1096 6.6
    endloop
  endfacet
  facet normal 0.243139 0.969991 -0
    outer loop
      vertex 134.7 57.9986 4.2
      vertex 134.246 58.1124 6.6
      vertex 134.7 57.9986 6.6
    endloop
  endfacet
  facet normal 0.243139 0.969991 0
    outer loop
      vertex 134.246 58.1124 6.6
      vertex 134.7 57.9986 4.2
      vertex 134.246 58.1124 4.2
    endloop
  endfacet
  facet normal 0.8575 -0.514483 0
    outer loop
      vertex 127.205 75.1096 6.6
      vertex 127.806 76.1113 4.2
      vertex 127.806 76.1113 6.6
    endloop
  endfacet
  facet normal 0.8575 -0.514483 0
    outer loop
      vertex 127.806 76.1113 4.2
      vertex 127.205 75.1096 6.6
      vertex 127.205 75.1096 4.2
    endloop
  endfacet
  facet normal 0.146667 -0.989186 0
    outer loop
      vertex 135.378 81.1713 4.2
      vertex 136.534 81.3427 6.6
      vertex 135.378 81.1713 6.6
    endloop
  endfacet
  facet normal 0.146667 -0.989186 0
    outer loop
      vertex 136.534 81.3427 6.6
      vertex 135.378 81.1713 4.2
      vertex 136.534 81.3427 4.2
    endloop
  endfacet
  facet normal 0.970183 -0.242374 0
    outer loop
      vertex 126.029 71.8216 6.6
      vertex 126.312 72.9544 4.2
      vertex 126.312 72.9544 6.6
    endloop
  endfacet
  facet normal 0.970183 -0.242374 0
    outer loop
      vertex 126.312 72.9544 4.2
      vertex 126.029 71.8216 6.6
      vertex 126.029 71.8216 4.2
    endloop
  endfacet
  facet normal 0.970183 0.242374 0
    outer loop
      vertex 126.312 66.0456 6.6
      vertex 126.029 67.1784 4.2
      vertex 126.029 67.1784 6.6
    endloop
  endfacet
  facet normal 0.970183 0.242374 0
    outer loop
      vertex 126.029 67.1784 4.2
      vertex 126.312 66.0456 6.6
      vertex 126.312 66.0456 4.2
    endloop
  endfacet
  facet normal 0 0 1
    outer loop
      vertex 142.7 69.5 4.2
      vertex 149.6 69.5 4.2
      vertex 149.543 70.6664 4.2
    endloop
  endfacet
  facet normal 0 0 1
    outer loop
      vertex 142.657 70.1526 4.2
      vertex 149.543 70.6664 4.2
      vertex 149.371 71.8216 4.2
    endloop
  endfacet
  facet normal 0 0 1
    outer loop
      vertex 149.6 69.5 4.2
      vertex 142.7 69.5 4.2
      vertex 149.543 68.3336 4.2
    endloop
  endfacet
  facet normal 0 0 1
    outer loop
      vertex 142.53 70.7941 4.2
      vertex 149.371 71.8216 4.2
      vertex 149.088 72.9544 4.2
    endloop
  endfacet
  facet normal -0 0 1
    outer loop
      vertex 142.657 68.8474 4.2
      vertex 149.543 68.3336 4.2
      vertex 142.7 69.5 4.2
    endloop
  endfacet
  facet normal 0 0 1
    outer loop
      vertex 142.319 71.4134 4.2
      vertex 149.088 72.9544 4.2
      vertex 148.694 74.0539 4.2
    endloop
  endfacet
  facet normal 0 0 1
    outer loop
      vertex 149.543 68.3336 4.2
      vertex 142.657 68.8474 4.2
      vertex 149.371 67.1784 4.2
    endloop
  endfacet
  facet normal 0 0 1
    outer loop
      vertex 142.319 71.4134 4.2
      vertex 148.694 74.0539 4.2
      vertex 148.195 75.1096 4.2
    endloop
  endfacet
  facet normal -0 0 1
    outer loop
      vertex 142.53 68.2059 4.2
      vertex 149.371 67.1784 4.2
      vertex 142.657 68.8474 4.2
    endloop
  endfacet
  facet normal 0 0 1
    outer loop
      vertex 142.03 72 4.2
      vertex 148.195 75.1096 4.2
      vertex 147.594 76.1113 4.2
    endloop
  endfacet
  facet normal 0 0 1
    outer loop
      vertex 149.371 67.1784 4.2
      vertex 142.53 68.2059 4.2
      vertex 149.088 66.0456 4.2
    endloop
  endfacet
  facet normal 0 0 1
    outer loop
      vertex 141.667 72.5438 4.2
      vertex 147.594 76.1113 4.2
      vertex 146.899 77.0493 4.2
    endloop
  endfacet
  facet normal -0 0 1
    outer loop
      vertex 142.319 67.5866 4.2
      vertex 149.088 66.0456 4.2
      vertex 142.53 68.2059 4.2
    endloop
  endfacet
  facet normal 0 0 1
    outer loop
      vertex 140.7 75.5 4.2
      vertex 146.899 77.0493 4.2
      vertex 146.115 77.9146 4.2
    endloop
  endfacet
  facet normal 0 0 1
    outer loop
      vertex 149.088 66.0456 4.2
      vertex 142.319 67.5866 4.2
      vertex 148.694 64.9461 4.2
    endloop
  endfacet
  facet normal 0 0 1
    outer loop
      vertex 140.7 75.5 4.2
      vertex 146.115 77.9146 4.2
      vertex 145.249 78.6988 4.2
    endloop
  endfacet
  facet normal 0 0 1
    outer loop
      vertex 148.694 64.9461 4.2
      vertex 142.319 67.5866 4.2
      vertex 148.195 63.8904 4.2
    endloop
  endfacet
  facet normal 0 0 1
    outer loop
      vertex 140.7 75.5 4.2
      vertex 145.249 78.6988 4.2
      vertex 144.311 79.3945 4.2
    endloop
  endfacet
  facet normal -0 0 1
    outer loop
      vertex 142.03 67 4.2
      vertex 148.195 63.8904 4.2
      vertex 142.319 67.5866 4.2
    endloop
  endfacet
  facet normal 0 0 1
    outer loop
      vertex 140.7 75.5 4.2
      vertex 144.311 79.3945 4.2
      vertex 143.31 79.9949 4.2
    endloop
  endfacet
  facet normal 0 0 1
    outer loop
      vertex 148.195 63.8904 4.2
      vertex 142.03 67 4.2
      vertex 147.594 62.8887 4.2
    endloop
  endfacet
  facet normal -0 0 1
    outer loop
      vertex 141.667 66.4562 4.2
      vertex 147.594 62.8887 4.2
      vertex 142.03 67 4.2
    endloop
  endfacet
  facet normal 0 0 1
    outer loop
      vertex 149.543 70.6664 4.2
      vertex 142.657 70.1526 4.2
      vertex 142.7 69.5 4.2
    endloop
  endfacet
  facet normal 0 0 1
    outer loop
      vertex 149.371 71.8216 4.2
      vertex 142.53 70.7941 4.2
      vertex 142.657 70.1526 4.2
    endloop
  endfacet
  facet normal 0 0 1
    outer loop
      vertex 149.088 72.9544 4.2
      vertex 142.319 71.4134 4.2
      vertex 142.53 70.7941 4.2
    endloop
  endfacet
  facet normal 0 0 1
    outer loop
      vertex 140.7 75.5 4.2
      vertex 143.31 79.9949 4.2
      vertex 142.254 80.4942 4.2
    endloop
  endfacet
  facet normal 0 0 1
    outer loop
      vertex 148.195 75.1096 4.2
      vertex 142.03 72 4.2
      vertex 142.319 71.4134 4.2
    endloop
  endfacet
  facet normal 0 0 1
    outer loop
      vertex 147.594 76.1113 4.2
      vertex 141.667 72.5438 4.2
      vertex 142.03 72 4.2
    endloop
  endfacet
  facet normal 0 0 1
    outer loop
      vertex 146.899 77.0493 4.2
      vertex 140.7 75.5 4.2
      vertex 141.667 72.5438 4.2
    endloop
  endfacet
  facet normal 0 0 1
    outer loop
      vertex 140.7 75.5 4.2
      vertex 142.254 80.4942 4.2
      vertex 141.154 80.8876 4.2
    endloop
  endfacet
  facet normal 0 0 1
    outer loop
      vertex 141.667 72.5438 4.2
      vertex 140.7 75.5 4.2
      vertex 141.236 73.0355 4.2
    endloop
  endfacet
  facet normal 0 0 1
    outer loop
      vertex 141.236 73.0355 4.2
      vertex 140.7 75.5 4.2
      vertex 140.744 73.4668 4.2
    endloop
  endfacet
  facet normal 0 0 1
    outer loop
      vertex 140.022 81.1713 4.2
      vertex 140.7 75.5 4.2
      vertex 141.154 80.8876 4.2
    endloop
  endfacet
  facet normal 0 0 1
    outer loop
      vertex 138.866 81.3427 4.2
      vertex 140.7 75.5 4.2
      vertex 140.022 81.1713 4.2
    endloop
  endfacet
  facet normal 0 0 1
    outer loop
      vertex 137.7 81.4 4.2
      vertex 140.7 75.5 4.2
      vertex 138.866 81.3427 4.2
    endloop
  endfacet
  facet normal 0 0 1
    outer loop
      vertex 134.7 75.5 4.2
      vertex 137.7 81.4 4.2
      vertex 136.534 81.3427 4.2
    endloop
  endfacet
  facet normal 0 0 1
    outer loop
      vertex 134.7 75.5 4.2
      vertex 136.534 81.3427 4.2
      vertex 135.378 81.1713 4.2
    endloop
  endfacet
  facet normal 0 0 1
    outer loop
      vertex 137.7 81.4 4.2
      vertex 134.7 75.5 4.2
      vertex 140.7 75.5 4.2
    endloop
  endfacet
  facet normal 0 0 1
    outer loop
      vertex 134.7 75.5 4.2
      vertex 134.656 73.4668 4.2
      vertex 134.7 73.496 4.2
    endloop
  endfacet
  facet normal -0 0 1
    outer loop
      vertex 134.246 80.8876 4.2
      vertex 134.7 75.5 4.2
      vertex 135.378 81.1713 4.2
    endloop
  endfacet
  facet normal -0 0 1
    outer loop
      vertex 133.146 80.4942 4.2
      vertex 134.7 75.5 4.2
      vertex 134.246 80.8876 4.2
    endloop
  endfacet
  facet normal -0 0 1
    outer loop
      vertex 132.09 79.9949 4.2
      vertex 134.7 75.5 4.2
      vertex 133.146 80.4942 4.2
    endloop
  endfacet
  facet normal -0 0 1
    outer loop
      vertex 131.089 79.3945 4.2
      vertex 134.7 75.5 4.2
      vertex 132.09 79.9949 4.2
    endloop
  endfacet
  facet normal -0 0 1
    outer loop
      vertex 130.151 78.6988 4.2
      vertex 134.7 75.5 4.2
      vertex 131.089 79.3945 4.2
    endloop
  endfacet
  facet normal -0 0 1
    outer loop
      vertex 129.285 77.9146 4.2
      vertex 134.7 75.5 4.2
      vertex 130.151 78.6988 4.2
    endloop
  endfacet
  facet normal 0 0 1
    outer loop
      vertex 134.7 75.5 4.2
      vertex 134.164 73.0355 4.2
      vertex 134.656 73.4668 4.2
    endloop
  endfacet
  facet normal -0 0 1
    outer loop
      vertex 128.501 77.0493 4.2
      vertex 134.7 75.5 4.2
      vertex 129.285 77.9146 4.2
    endloop
  endfacet
  facet normal 0 -0 1
    outer loop
      vertex 133.733 72.5438 4.2
      vertex 134.7 75.5 4.2
      vertex 128.501 77.0493 4.2
    endloop
  endfacet
  facet normal 0 0 1
    outer loop
      vertex 134.7 75.5 4.2
      vertex 133.733 72.5438 4.2
      vertex 134.164 73.0355 4.2
    endloop
  endfacet
  facet normal -0 0 1
    outer loop
      vertex 127.806 76.1113 4.2
      vertex 133.733 72.5438 4.2
      vertex 128.501 77.0493 4.2
    endloop
  endfacet
  facet normal 0 0 1
    outer loop
      vertex 147.594 62.8887 4.2
      vertex 141.667 66.4562 4.2
      vertex 146.899 61.9507 4.2
    endloop
  endfacet
  facet normal -0 0 1
    outer loop
      vertex 141.236 65.9645 4.2
      vertex 146.899 61.9507 4.2
      vertex 141.667 66.4562 4.2
    endloop
  endfacet
  facet normal 0 0 1
    outer loop
      vertex 146.899 61.9507 4.2
      vertex 141.236 65.9645 4.2
      vertex 146.115 61.0854 4.2
    endloop
  endfacet
  facet normal 0 0 1
    outer loop
      vertex 146.115 61.0854 4.2
      vertex 141.236 65.9645 4.2
      vertex 145.249 60.3012 4.2
    endloop
  endfacet
  facet normal -0 0 1
    outer loop
      vertex 140.744 65.5332 4.2
      vertex 145.249 60.3012 4.2
      vertex 141.236 65.9645 4.2
    endloop
  endfacet
  facet normal 0 0 1
    outer loop
      vertex 145.249 60.3012 4.2
      vertex 140.744 65.5332 4.2
      vertex 144.311 59.6055 4.2
    endloop
  endfacet
  facet normal -0 0 1
    outer loop
      vertex 140.7 65.504 4.2
      vertex 144.311 59.6055 4.2
      vertex 140.744 65.5332 4.2
    endloop
  endfacet
  facet normal 0 0 1
    outer loop
      vertex 144.311 59.6055 4.2
      vertex 140.7 65.504 4.2
      vertex 143.31 59.0051 4.2
    endloop
  endfacet
  facet normal 0 0 1
    outer loop
      vertex 143.31 59.0051 4.2
      vertex 140.7 65.504 4.2
      vertex 142.254 58.5058 4.2
    endloop
  endfacet
  facet normal 0 0 1
    outer loop
      vertex 142.254 58.5058 4.2
      vertex 140.7 65.504 4.2
      vertex 141.154 58.1124 4.2
    endloop
  endfacet
  facet normal 0 0 1
    outer loop
      vertex 141.154 58.1124 4.2
      vertex 140.7 65.504 4.2
      vertex 140.7 57.9986 4.2
    endloop
  endfacet
  facet normal 0 0 1
    outer loop
      vertex 140.744 73.4668 4.2
      vertex 140.7 75.5 4.2
      vertex 140.7 73.496 4.2
    endloop
  endfacet
  facet normal 0 0 1
    outer loop
      vertex 131.089 59.6055 4.2
      vertex 134.7 65.504 4.2
      vertex 134.656 65.5332 4.2
    endloop
  endfacet
  facet normal 0 0 1
    outer loop
      vertex 134.7 65.504 4.2
      vertex 134.246 58.1124 4.2
      vertex 134.7 57.9986 4.2
    endloop
  endfacet
  facet normal 0 0 1
    outer loop
      vertex 130.151 60.3012 4.2
      vertex 134.656 65.5332 4.2
      vertex 134.164 65.9645 4.2
    endloop
  endfacet
  facet normal 0 0 1
    outer loop
      vertex 128.501 61.9507 4.2
      vertex 134.164 65.9645 4.2
      vertex 133.733 66.4562 4.2
    endloop
  endfacet
  facet normal 0 0 1
    outer loop
      vertex 127.806 62.8887 4.2
      vertex 133.733 66.4562 4.2
      vertex 133.37 67 4.2
    endloop
  endfacet
  facet normal 0 0 1
    outer loop
      vertex 134.7 65.504 4.2
      vertex 133.146 58.5058 4.2
      vertex 134.246 58.1124 4.2
    endloop
  endfacet
  facet normal 0 0 1
    outer loop
      vertex 127.205 63.8904 4.2
      vertex 133.37 67 4.2
      vertex 133.081 67.5866 4.2
    endloop
  endfacet
  facet normal 0 0 1
    outer loop
      vertex 126.312 66.0456 4.2
      vertex 133.081 67.5866 4.2
      vertex 132.87 68.2059 4.2
    endloop
  endfacet
  facet normal 0 0 1
    outer loop
      vertex 126.029 67.1784 4.2
      vertex 132.87 68.2059 4.2
      vertex 132.743 68.8474 4.2
    endloop
  endfacet
  facet normal 0 0 1
    outer loop
      vertex 125.857 68.3336 4.2
      vertex 132.743 68.8474 4.2
      vertex 132.7 69.5 4.2
    endloop
  endfacet
  facet normal 0 0 1
    outer loop
      vertex 133.733 72.5438 4.2
      vertex 127.806 76.1113 4.2
      vertex 133.37 72 4.2
    endloop
  endfacet
  facet normal 0 0 1
    outer loop
      vertex 134.7 65.504 4.2
      vertex 132.09 59.0051 4.2
      vertex 133.146 58.5058 4.2
    endloop
  endfacet
  facet normal -0 0 1
    outer loop
      vertex 127.205 75.1096 4.2
      vertex 133.37 72 4.2
      vertex 127.806 76.1113 4.2
    endloop
  endfacet
  facet normal 0 0 1
    outer loop
      vertex 134.7 65.504 4.2
      vertex 131.089 59.6055 4.2
      vertex 132.09 59.0051 4.2
    endloop
  endfacet
  facet normal 0 0 1
    outer loop
      vertex 133.37 72 4.2
      vertex 127.205 75.1096 4.2
      vertex 133.081 71.4134 4.2
    endloop
  endfacet
  facet normal 0 0 1
    outer loop
      vertex 134.656 65.5332 4.2
      vertex 130.151 60.3012 4.2
      vertex 131.089 59.6055 4.2
    endloop
  endfacet
  facet normal -0 0 1
    outer loop
      vertex 126.706 74.0539 4.2
      vertex 133.081 71.4134 4.2
      vertex 127.205 75.1096 4.2
    endloop
  endfacet
  facet normal 0 0 1
    outer loop
      vertex 134.164 65.9645 4.2
      vertex 129.285 61.0854 4.2
      vertex 130.151 60.3012 4.2
    endloop
  endfacet
  facet normal -0 0 1
    outer loop
      vertex 126.312 72.9544 4.2
      vertex 133.081 71.4134 4.2
      vertex 126.706 74.0539 4.2
    endloop
  endfacet
  facet normal 0 0 1
    outer loop
      vertex 134.164 65.9645 4.2
      vertex 128.501 61.9507 4.2
      vertex 129.285 61.0854 4.2
    endloop
  endfacet
  facet normal 0 0 1
    outer loop
      vertex 133.081 71.4134 4.2
      vertex 126.312 72.9544 4.2
      vertex 132.87 70.7941 4.2
    endloop
  endfacet
  facet normal 0 0 1
    outer loop
      vertex 133.733 66.4562 4.2
      vertex 127.806 62.8887 4.2
      vertex 128.501 61.9507 4.2
    endloop
  endfacet
  facet normal -0 0 1
    outer loop
      vertex 126.029 71.8216 4.2
      vertex 132.87 70.7941 4.2
      vertex 126.312 72.9544 4.2
    endloop
  endfacet
  facet normal 0 0 1
    outer loop
      vertex 133.37 67 4.2
      vertex 127.205 63.8904 4.2
      vertex 127.806 62.8887 4.2
    endloop
  endfacet
  facet normal 0 0 1
    outer loop
      vertex 132.87 70.7941 4.2
      vertex 126.029 71.8216 4.2
      vertex 132.743 70.1526 4.2
    endloop
  endfacet
  facet normal 0 0 1
    outer loop
      vertex 133.081 67.5866 4.2
      vertex 126.706 64.9461 4.2
      vertex 127.205 63.8904 4.2
    endloop
  endfacet
  facet normal -0 0 1
    outer loop
      vertex 125.857 70.6664 4.2
      vertex 132.743 70.1526 4.2
      vertex 126.029 71.8216 4.2
    endloop
  endfacet
  facet normal 0 0 1
    outer loop
      vertex 133.081 67.5866 4.2
      vertex 126.312 66.0456 4.2
      vertex 126.706 64.9461 4.2
    endloop
  endfacet
  facet normal 0 0 1
    outer loop
      vertex 132.743 70.1526 4.2
      vertex 125.857 70.6664 4.2
      vertex 132.7 69.5 4.2
    endloop
  endfacet
  facet normal 0 0 1
    outer loop
      vertex 132.87 68.2059 4.2
      vertex 126.029 67.1784 4.2
      vertex 126.312 66.0456 4.2
    endloop
  endfacet
  facet normal 0 0 1
    outer loop
      vertex 125.8 69.5 4.2
      vertex 132.7 69.5 4.2
      vertex 125.857 70.6664 4.2
    endloop
  endfacet
  facet normal 0 0 1
    outer loop
      vertex 132.743 68.8474 4.2
      vertex 125.857 68.3336 4.2
      vertex 126.029 67.1784 4.2
    endloop
  endfacet
  facet normal 0 0 1
    outer loop
      vertex 132.7 69.5 4.2
      vertex 125.8 69.5 4.2
      vertex 125.857 68.3336 4.2
    endloop
  endfacet
  facet normal 0.51437 -0.857569 0
    outer loop
      vertex 131.089 79.3945 4.2
      vertex 132.09 79.9949 6.6
      vertex 131.089 79.3945 6.6
    endloop
  endfacet
  facet normal 0.51437 -0.857569 0
    outer loop
      vertex 132.09 79.9949 6.6
      vertex 131.089 79.3945 4.2
      vertex 132.09 79.9949 4.2
    endloop
  endfacet
  facet normal -0.51437 0.857569 0
    outer loop
      vertex 144.311 59.6055 4.2
      vertex 143.31 59.0051 6.6
      vertex 144.311 59.6055 6.6
    endloop
  endfacet
  facet normal -0.51437 0.857569 0
    outer loop
      vertex 143.31 59.0051 6.6
      vertex 144.311 59.6055 4.2
      vertex 143.31 59.0051 4.2
    endloop
  endfacet
  facet normal 0.989097 -0.147269 0
    outer loop
      vertex 125.857 70.6664 6.6
      vertex 126.029 71.8216 4.2
      vertex 126.029 71.8216 6.6
    endloop
  endfacet
  facet normal 0.989097 -0.147269 0
    outer loop
      vertex 126.029 71.8216 4.2
      vertex 125.857 70.6664 6.6
      vertex 125.857 70.6664 4.2
    endloop
  endfacet
  facet normal 0.941383 -0.33734 0
    outer loop
      vertex 126.312 72.9544 6.6
      vertex 126.706 74.0539 4.2
      vertex 126.706 74.0539 6.6
    endloop
  endfacet
  facet normal 0.941383 -0.33734 0
    outer loop
      vertex 126.706 74.0539 4.2
      vertex 126.312 72.9544 6.6
      vertex 126.312 72.9544 4.2
    endloop
  endfacet
  facet normal 0.8575 0.514483 0
    outer loop
      vertex 127.806 62.8887 6.6
      vertex 127.205 63.8904 4.2
      vertex 127.205 63.8904 6.6
    endloop
  endfacet
  facet normal 0.8575 0.514483 0
    outer loop
      vertex 127.205 63.8904 4.2
      vertex 127.806 62.8887 6.6
      vertex 127.806 62.8887 4.2
    endloop
  endfacet
  facet normal -0.2431 -0.970001 0
    outer loop
      vertex 140.022 81.1713 4.2
      vertex 141.154 80.8876 6.6
      vertex 140.022 81.1713 6.6
    endloop
  endfacet
  facet normal -0.2431 -0.970001 -0
    outer loop
      vertex 141.154 80.8876 6.6
      vertex 140.022 81.1713 4.2
      vertex 141.154 80.8876 4.2
    endloop
  endfacet
  facet normal 0.803481 -0.59533 0
    outer loop
      vertex 127.806 76.1113 6.6
      vertex 128.501 77.0493 4.2
      vertex 128.501 77.0493 6.6
    endloop
  endfacet
  facet normal 0.803481 -0.59533 0
    outer loop
      vertex 128.501 77.0493 4.2
      vertex 127.806 76.1113 6.6
      vertex 127.806 76.1113 4.2
    endloop
  endfacet
  facet normal -0.195233 0.980757 0
    outer loop
      vertex 138.994 64.6704 2.8
      vertex 138.353 64.5428 4.1
      vertex 138.994 64.6704 4.1
    endloop
  endfacet
  facet normal -0.195233 0.980757 0
    outer loop
      vertex 138.353 64.5428 4.1
      vertex 138.994 64.6704 2.8
      vertex 138.353 64.5428 2.8
    endloop
  endfacet
  facet normal -0.980961 -0.194204 0
    outer loop
      vertex 142.657 70.1526 2.8
      vertex 142.53 70.7941 4.2
      vertex 142.53 70.7941 2.8
    endloop
  endfacet
  facet normal -0.980961 -0.194204 0
    outer loop
      vertex 142.53 70.7941 4.2
      vertex 142.657 70.1526 2.8
      vertex 142.657 70.1526 4.2
    endloop
  endfacet
  facet normal -0.997836 -0.0657477 0
    outer loop
      vertex 142.7 69.5 2.8
      vertex 142.657 70.1526 4.2
      vertex 142.657 70.1526 2.8
    endloop
  endfacet
  facet normal -0.997836 -0.0657477 0
    outer loop
      vertex 142.657 70.1526 4.2
      vertex 142.7 69.5 2.8
      vertex 142.7 69.5 4.2
    endloop
  endfacet
  facet normal 0.997836 0.0657477 0
    outer loop
      vertex 132.743 68.8474 4.2
      vertex 132.7 69.5 2.8
      vertex 132.7 69.5 4.2
    endloop
  endfacet
  facet normal 0.997836 0.0657477 0
    outer loop
      vertex 132.7 69.5 2.8
      vertex 132.743 68.8474 4.2
      vertex 132.743 68.8474 2.8
    endloop
  endfacet
  facet normal 0.0654033 -0.997859 0
    outer loop
      vertex 137.047 74.4572 2.8
      vertex 137.7 74.5 4.1
      vertex 137.047 74.4572 4.1
    endloop
  endfacet
  facet normal 0.0654033 -0.997859 0
    outer loop
      vertex 137.7 74.5 4.1
      vertex 137.047 74.4572 2.8
      vertex 137.7 74.5 2.8
    endloop
  endfacet
  facet normal -0.0654033 -0.997859 0
    outer loop
      vertex 137.7 74.5 2.8
      vertex 138.353 74.4572 4.1
      vertex 137.7 74.5 4.1
    endloop
  endfacet
  facet normal -0.0654033 -0.997859 -0
    outer loop
      vertex 138.353 74.4572 4.1
      vertex 137.7 74.5 2.8
      vertex 138.353 74.4572 2.8
    endloop
  endfacet
  facet normal 0.659197 -0.75197 0
    outer loop
      vertex 134.164 73.0355 2.8
      vertex 134.656 73.4668 4.2
      vertex 134.164 73.0355 4.2
    endloop
  endfacet
  facet normal 0.659197 -0.75197 0
    outer loop
      vertex 134.656 73.4668 4.2
      vertex 134.164 73.0355 2.8
      vertex 134.656 73.4668 2.8
    endloop
  endfacet
  facet normal 0.751998 0.659165 0
    outer loop
      vertex 134.164 65.9645 4.2
      vertex 133.733 66.4562 2.8
      vertex 133.733 66.4562 4.2
    endloop
  endfacet
  facet normal 0.751998 0.659165 0
    outer loop
      vertex 133.733 66.4562 2.8
      vertex 134.164 65.9645 4.2
      vertex 134.164 65.9645 2.8
    endloop
  endfacet
  facet normal -0.946569 0.322503 0
    outer loop
      vertex 142.319 67.5866 2.8
      vertex 142.53 68.2059 4.2
      vertex 142.53 68.2059 2.8
    endloop
  endfacet
  facet normal -0.946569 0.322503 0
    outer loop
      vertex 142.53 68.2059 4.2
      vertex 142.319 67.5866 2.8
      vertex 142.319 67.5866 4.2
    endloop
  endfacet
  facet normal 0.897042 -0.441945 0
    outer loop
      vertex 133.081 71.4134 4.2
      vertex 133.37 72 2.8
      vertex 133.37 72 4.2
    endloop
  endfacet
  facet normal 0.897042 -0.441945 0
    outer loop
      vertex 133.37 72 2.8
      vertex 133.081 71.4134 4.2
      vertex 133.081 71.4134 2.8
    endloop
  endfacet
  facet normal -0.195233 -0.980757 0
    outer loop
      vertex 138.353 74.4572 2.8
      vertex 138.994 74.3296 4.1
      vertex 138.353 74.4572 4.1
    endloop
  endfacet
  facet normal -0.195233 -0.980757 -0
    outer loop
      vertex 138.994 74.3296 4.1
      vertex 138.353 74.4572 2.8
      vertex 138.994 74.3296 2.8
    endloop
  endfacet
  facet normal 0.442072 0.89698 -0
    outer loop
      vertex 135.787 64.8806 2.8
      vertex 135.2 65.1699 4.1
      vertex 135.787 64.8806 4.1
    endloop
  endfacet
  facet normal 0.442072 0.89698 0
    outer loop
      vertex 135.2 65.1699 4.1
      vertex 135.787 64.8806 2.8
      vertex 135.2 65.1699 2.8
    endloop
  endfacet
  facet normal -0.659197 0.75197 0
    outer loop
      vertex 141.236 65.9645 2.8
      vertex 140.744 65.5332 4.2
      vertex 141.236 65.9645 4.2
    endloop
  endfacet
  facet normal -0.659197 0.75197 0
    outer loop
      vertex 140.744 65.5332 4.2
      vertex 141.236 65.9645 2.8
      vertex 140.744 65.5332 2.8
    endloop
  endfacet
  facet normal -0.831721 -0.555194 0
    outer loop
      vertex 142.03 72 2.8
      vertex 141.667 72.5438 4.2
      vertex 141.667 72.5438 2.8
    endloop
  endfacet
  facet normal -0.831721 -0.555194 0
    outer loop
      vertex 141.667 72.5438 4.2
      vertex 142.03 72 2.8
      vertex 142.03 72 4.2
    endloop
  endfacet
  facet normal 0.946569 -0.322503 0
    outer loop
      vertex 132.87 70.7941 4.2
      vertex 133.081 71.4134 2.8
      vertex 133.081 71.4134 4.2
    endloop
  endfacet
  facet normal 0.946569 -0.322503 0
    outer loop
      vertex 133.081 71.4134 2.8
      vertex 132.87 70.7941 4.2
      vertex 132.87 70.7941 2.8
    endloop
  endfacet
  facet normal 0.552951 -0.833214 0
    outer loop
      vertex 134.656 73.4668 4.2
      vertex 134.7 73.496 4.1
      vertex 134.7 73.496 4.2
    endloop
  endfacet
  facet normal 0.552951 -0.833214 0
    outer loop
      vertex 134.656 73.4668 2.8
      vertex 134.7 73.496 4.1
      vertex 134.656 73.4668 4.2
    endloop
  endfacet
  facet normal 0.55537 -0.831603 -0.000118061
    outer loop
      vertex 135.2 73.8301 2.8
      vertex 134.7 73.496 4.1
      vertex 134.656 73.4668 2.8
    endloop
  endfacet
  facet normal 0.555583 -0.831461 0
    outer loop
      vertex 134.7 73.496 4.1
      vertex 135.2 73.8301 2.8
      vertex 135.2 73.8301 4.1
    endloop
  endfacet
  facet normal -0.442072 0.89698 0
    outer loop
      vertex 140.2 65.1699 2.8
      vertex 139.613 64.8806 4.1
      vertex 140.2 65.1699 4.1
    endloop
  endfacet
  facet normal -0.442072 0.89698 0
    outer loop
      vertex 139.613 64.8806 4.1
      vertex 140.2 65.1699 2.8
      vertex 139.613 64.8806 2.8
    endloop
  endfacet
  facet normal -0.552951 0.833214 0
    outer loop
      vertex 140.744 65.5332 4.2
      vertex 140.7 65.504 4.1
      vertex 140.7 65.504 4.2
    endloop
  endfacet
  facet normal -0.552951 0.833214 0
    outer loop
      vertex 140.744 65.5332 2.8
      vertex 140.7 65.504 4.1
      vertex 140.744 65.5332 4.2
    endloop
  endfacet
  facet normal -0.55537 0.831603 -0.000118061
    outer loop
      vertex 140.2 65.1699 2.8
      vertex 140.7 65.504 4.1
      vertex 140.744 65.5332 2.8
    endloop
  endfacet
  facet normal -0.555583 0.831461 0
    outer loop
      vertex 140.7 65.504 4.1
      vertex 140.2 65.1699 2.8
      vertex 140.2 65.1699 4.1
    endloop
  endfacet
  facet normal -0.659197 -0.75197 0
    outer loop
      vertex 140.744 73.4668 2.8
      vertex 141.236 73.0355 4.2
      vertex 140.744 73.4668 4.2
    endloop
  endfacet
  facet normal -0.659197 -0.75197 -0
    outer loop
      vertex 141.236 73.0355 4.2
      vertex 140.744 73.4668 2.8
      vertex 141.236 73.0355 2.8
    endloop
  endfacet
  facet normal -0.442072 -0.89698 0
    outer loop
      vertex 139.613 74.1194 2.8
      vertex 140.2 73.8301 4.1
      vertex 139.613 74.1194 4.1
    endloop
  endfacet
  facet normal -0.442072 -0.89698 -0
    outer loop
      vertex 140.2 73.8301 4.1
      vertex 139.613 74.1194 2.8
      vertex 140.2 73.8301 2.8
    endloop
  endfacet
  facet normal -0.997836 0.0657477 0
    outer loop
      vertex 142.657 68.8474 2.8
      vertex 142.7 69.5 4.2
      vertex 142.7 69.5 2.8
    endloop
  endfacet
  facet normal -0.997836 0.0657477 0
    outer loop
      vertex 142.7 69.5 4.2
      vertex 142.657 68.8474 2.8
      vertex 142.657 68.8474 4.2
    endloop
  endfacet
  facet normal 0.751998 -0.659165 0
    outer loop
      vertex 133.733 72.5438 4.2
      vertex 134.164 73.0355 2.8
      vertex 134.164 73.0355 4.2
    endloop
  endfacet
  facet normal 0.751998 -0.659165 0
    outer loop
      vertex 134.164 73.0355 2.8
      vertex 133.733 72.5438 4.2
      vertex 133.733 72.5438 2.8
    endloop
  endfacet
  facet normal -0.555583 -0.831461 -0
    outer loop
      vertex 140.2 73.8301 4.1
      vertex 140.2 73.8301 2.8
      vertex 140.7 73.496 4.1
    endloop
  endfacet
  facet normal -0.552951 -0.833214 0
    outer loop
      vertex 140.7 73.496 4.1
      vertex 140.744 73.4668 4.2
      vertex 140.7 73.496 4.2
    endloop
  endfacet
  facet normal -0.55537 -0.831603 -0.000118061
    outer loop
      vertex 140.744 73.4668 2.8
      vertex 140.7 73.496 4.1
      vertex 140.2 73.8301 2.8
    endloop
  endfacet
  facet normal -0.552951 -0.833214 0
    outer loop
      vertex 140.7 73.496 4.1
      vertex 140.744 73.4668 2.8
      vertex 140.744 73.4668 4.2
    endloop
  endfacet
  facet normal 0.980961 -0.194204 0
    outer loop
      vertex 132.743 70.1526 4.2
      vertex 132.87 70.7941 2.8
      vertex 132.87 70.7941 4.2
    endloop
  endfacet
  facet normal 0.980961 -0.194204 0
    outer loop
      vertex 132.87 70.7941 2.8
      vertex 132.743 70.1526 4.2
      vertex 132.743 70.1526 2.8
    endloop
  endfacet
  facet normal 0.321546 0.946894 -0
    outer loop
      vertex 136.406 64.6704 2.8
      vertex 135.787 64.8806 4.1
      vertex 136.406 64.6704 4.1
    endloop
  endfacet
  facet normal 0.321546 0.946894 0
    outer loop
      vertex 135.787 64.8806 4.1
      vertex 136.406 64.6704 2.8
      vertex 135.787 64.8806 2.8
    endloop
  endfacet
  facet normal 0.946569 0.322503 0
    outer loop
      vertex 133.081 67.5866 4.2
      vertex 132.87 68.2059 2.8
      vertex 132.87 68.2059 4.2
    endloop
  endfacet
  facet normal 0.946569 0.322503 0
    outer loop
      vertex 132.87 68.2059 2.8
      vertex 133.081 67.5866 4.2
      vertex 133.081 67.5866 2.8
    endloop
  endfacet
  facet normal 0.555583 0.831461 0
    outer loop
      vertex 135.2 65.1699 4.1
      vertex 135.2 65.1699 2.8
      vertex 134.7 65.504 4.1
    endloop
  endfacet
  facet normal 0.552951 0.833214 -0
    outer loop
      vertex 134.7 65.504 4.1
      vertex 134.656 65.5332 4.2
      vertex 134.7 65.504 4.2
    endloop
  endfacet
  facet normal 0.55537 0.831603 -0.000118061
    outer loop
      vertex 134.656 65.5332 2.8
      vertex 134.7 65.504 4.1
      vertex 135.2 65.1699 2.8
    endloop
  endfacet
  facet normal 0.552951 0.833214 0
    outer loop
      vertex 134.7 65.504 4.1
      vertex 134.656 65.5332 2.8
      vertex 134.656 65.5332 4.2
    endloop
  endfacet
  facet normal 0.195233 -0.980757 0
    outer loop
      vertex 136.406 74.3296 2.8
      vertex 137.047 74.4572 4.1
      vertex 136.406 74.3296 4.1
    endloop
  endfacet
  facet normal 0.195233 -0.980757 0
    outer loop
      vertex 137.047 74.4572 4.1
      vertex 136.406 74.3296 2.8
      vertex 137.047 74.4572 2.8
    endloop
  endfacet
  facet normal 0.442072 -0.89698 0
    outer loop
      vertex 135.2 73.8301 2.8
      vertex 135.787 74.1194 4.1
      vertex 135.2 73.8301 4.1
    endloop
  endfacet
  facet normal 0.442072 -0.89698 0
    outer loop
      vertex 135.787 74.1194 4.1
      vertex 135.2 73.8301 2.8
      vertex 135.787 74.1194 2.8
    endloop
  endfacet
  facet normal 0.831721 0.555194 0
    outer loop
      vertex 133.733 66.4562 4.2
      vertex 133.37 67 2.8
      vertex 133.37 67 4.2
    endloop
  endfacet
  facet normal 0.831721 0.555194 0
    outer loop
      vertex 133.37 67 2.8
      vertex 133.733 66.4562 4.2
      vertex 133.733 66.4562 2.8
    endloop
  endfacet
  facet normal -0.897042 0.441945 0
    outer loop
      vertex 142.03 67 2.8
      vertex 142.319 67.5866 4.2
      vertex 142.319 67.5866 2.8
    endloop
  endfacet
  facet normal -0.897042 0.441945 0
    outer loop
      vertex 142.319 67.5866 4.2
      vertex 142.03 67 2.8
      vertex 142.03 67 4.2
    endloop
  endfacet
  facet normal -0.831721 0.555194 0
    outer loop
      vertex 141.667 66.4562 2.8
      vertex 142.03 67 4.2
      vertex 142.03 67 2.8
    endloop
  endfacet
  facet normal -0.831721 0.555194 0
    outer loop
      vertex 142.03 67 4.2
      vertex 141.667 66.4562 2.8
      vertex 141.667 66.4562 4.2
    endloop
  endfacet
  facet normal 0.897042 0.441945 0
    outer loop
      vertex 133.37 67 4.2
      vertex 133.081 67.5866 2.8
      vertex 133.081 67.5866 4.2
    endloop
  endfacet
  facet normal 0.897042 0.441945 0
    outer loop
      vertex 133.081 67.5866 2.8
      vertex 133.37 67 4.2
      vertex 133.37 67 2.8
    endloop
  endfacet
  facet normal -0.980961 0.194204 0
    outer loop
      vertex 142.53 68.2059 2.8
      vertex 142.657 68.8474 4.2
      vertex 142.657 68.8474 2.8
    endloop
  endfacet
  facet normal -0.980961 0.194204 0
    outer loop
      vertex 142.657 68.8474 4.2
      vertex 142.53 68.2059 2.8
      vertex 142.53 68.2059 4.2
    endloop
  endfacet
  facet normal -0.751998 0.659165 0
    outer loop
      vertex 141.236 65.9645 2.8
      vertex 141.667 66.4562 4.2
      vertex 141.667 66.4562 2.8
    endloop
  endfacet
  facet normal -0.751998 0.659165 0
    outer loop
      vertex 141.667 66.4562 4.2
      vertex 141.236 65.9645 2.8
      vertex 141.236 65.9645 4.2
    endloop
  endfacet
  facet normal 0.997836 -0.0657477 0
    outer loop
      vertex 132.7 69.5 4.2
      vertex 132.743 70.1526 2.8
      vertex 132.743 70.1526 4.2
    endloop
  endfacet
  facet normal 0.997836 -0.0657477 0
    outer loop
      vertex 132.743 70.1526 2.8
      vertex 132.7 69.5 4.2
      vertex 132.7 69.5 2.8
    endloop
  endfacet
  facet normal -0.321546 -0.946894 0
    outer loop
      vertex 138.994 74.3296 2.8
      vertex 139.613 74.1194 4.1
      vertex 138.994 74.3296 4.1
    endloop
  endfacet
  facet normal -0.321546 -0.946894 -0
    outer loop
      vertex 139.613 74.1194 4.1
      vertex 138.994 74.3296 2.8
      vertex 139.613 74.1194 2.8
    endloop
  endfacet
  facet normal 0.980961 0.194204 0
    outer loop
      vertex 132.87 68.2059 4.2
      vertex 132.743 68.8474 2.8
      vertex 132.743 68.8474 4.2
    endloop
  endfacet
  facet normal 0.980961 0.194204 0
    outer loop
      vertex 132.743 68.8474 2.8
      vertex 132.87 68.2059 4.2
      vertex 132.87 68.2059 2.8
    endloop
  endfacet
  facet normal 0.831721 -0.555194 0
    outer loop
      vertex 133.37 72 4.2
      vertex 133.733 72.5438 2.8
      vertex 133.733 72.5438 4.2
    endloop
  endfacet
  facet normal 0.831721 -0.555194 0
    outer loop
      vertex 133.733 72.5438 2.8
      vertex 133.37 72 4.2
      vertex 133.37 72 2.8
    endloop
  endfacet
  facet normal -0.897042 -0.441945 0
    outer loop
      vertex 142.319 71.4134 2.8
      vertex 142.03 72 4.2
      vertex 142.03 72 2.8
    endloop
  endfacet
  facet normal -0.897042 -0.441945 0
    outer loop
      vertex 142.03 72 4.2
      vertex 142.319 71.4134 2.8
      vertex 142.319 71.4134 4.2
    endloop
  endfacet
  facet normal -0.751998 -0.659165 0
    outer loop
      vertex 141.667 72.5438 2.8
      vertex 141.236 73.0355 4.2
      vertex 141.236 73.0355 2.8
    endloop
  endfacet
  facet normal -0.751998 -0.659165 0
    outer loop
      vertex 141.236 73.0355 4.2
      vertex 141.667 72.5438 2.8
      vertex 141.667 72.5438 4.2
    endloop
  endfacet
  facet normal 0.659197 0.75197 -0
    outer loop
      vertex 134.656 65.5332 2.8
      vertex 134.164 65.9645 4.2
      vertex 134.656 65.5332 4.2
    endloop
  endfacet
  facet normal 0.659197 0.75197 0
    outer loop
      vertex 134.164 65.9645 4.2
      vertex 134.656 65.5332 2.8
      vertex 134.164 65.9645 2.8
    endloop
  endfacet
  facet normal -0.946569 -0.322503 0
    outer loop
      vertex 142.53 70.7941 2.8
      vertex 142.319 71.4134 4.2
      vertex 142.319 71.4134 2.8
    endloop
  endfacet
  facet normal -0.946569 -0.322503 0
    outer loop
      vertex 142.319 71.4134 4.2
      vertex 142.53 70.7941 2.8
      vertex 142.53 70.7941 4.2
    endloop
  endfacet
  facet normal 0.321546 -0.946894 0
    outer loop
      vertex 135.787 74.1194 2.8
      vertex 136.406 74.3296 4.1
      vertex 135.787 74.1194 4.1
    endloop
  endfacet
  facet normal 0.321546 -0.946894 0
    outer loop
      vertex 136.406 74.3296 4.1
      vertex 135.787 74.1194 2.8
      vertex 136.406 74.3296 2.8
    endloop
  endfacet
  facet normal -0.321546 0.946894 0
    outer loop
      vertex 139.613 64.8806 2.8
      vertex 138.994 64.6704 4.1
      vertex 139.613 64.8806 4.1
    endloop
  endfacet
  facet normal -0.321546 0.946894 0
    outer loop
      vertex 138.994 64.6704 4.1
      vertex 139.613 64.8806 2.8
      vertex 138.994 64.6704 2.8
    endloop
  endfacet
  facet normal 0.195233 0.980757 -0
    outer loop
      vertex 137.047 64.5428 2.8
      vertex 136.406 64.6704 4.1
      vertex 137.047 64.5428 4.1
    endloop
  endfacet
  facet normal 0.195233 0.980757 0
    outer loop
      vertex 136.406 64.6704 4.1
      vertex 137.047 64.5428 2.8
      vertex 136.406 64.6704 2.8
    endloop
  endfacet
  facet normal 0.0654033 0.997859 -0
    outer loop
      vertex 137.7 64.5 2.8
      vertex 137.047 64.5428 4.1
      vertex 137.7 64.5 4.1
    endloop
  endfacet
  facet normal 0.0654033 0.997859 0
    outer loop
      vertex 137.047 64.5428 4.1
      vertex 137.7 64.5 2.8
      vertex 137.047 64.5428 2.8
    endloop
  endfacet
  facet normal -0.0654033 0.997859 0
    outer loop
      vertex 138.353 64.5428 2.8
      vertex 137.7 64.5 4.1
      vertex 138.353 64.5428 4.1
    endloop
  endfacet
  facet normal -0.0654033 0.997859 0
    outer loop
      vertex 137.7 64.5 4.1
      vertex 138.353 64.5428 2.8
      vertex 137.7 64.5 2.8
    endloop
  endfacet
  facet normal -0.891655 -0.452716 0
    outer loop
      vertex 120.936 69.9017 2.8
      vertex 120.752 70.2641 6.6
      vertex 120.752 70.2641 2.8
    endloop
  endfacet
  facet normal -0.891655 -0.452716 0
    outer loop
      vertex 120.752 70.2641 6.6
      vertex 120.936 69.9017 2.8
      vertex 120.936 69.9017 6.6
    endloop
  endfacet
  facet normal -0.987545 -0.157338 0
    outer loop
      vertex 121 69.5 2.8
      vertex 120.936 69.9017 6.6
      vertex 120.936 69.9017 2.8
    endloop
  endfacet
  facet normal -0.987545 -0.157338 0
    outer loop
      vertex 120.936 69.9017 6.6
      vertex 121 69.5 2.8
      vertex 121 69.5 6.6
    endloop
  endfacet
  facet normal 0.156265 0.987715 -0
    outer loop
      vertex 119.7 68.2 2.8
      vertex 119.298 68.2636 6.6
      vertex 119.7 68.2 6.6
    endloop
  endfacet
  facet normal 0.156265 0.987715 0
    outer loop
      vertex 119.298 68.2636 6.6
      vertex 119.7 68.2 2.8
      vertex 119.298 68.2636 2.8
    endloop
  endfacet
  facet normal -0.454482 0.890756 0
    outer loop
      vertex 120.464 68.4483 2.8
      vertex 120.102 68.2636 6.6
      vertex 120.464 68.4483 6.6
    endloop
  endfacet
  facet normal -0.454482 0.890756 0
    outer loop
      vertex 120.102 68.2636 6.6
      vertex 120.464 68.4483 2.8
      vertex 120.102 68.2636 2.8
    endloop
  endfacet
  facet normal -0.706615 0.707598 0
    outer loop
      vertex 120.752 68.7359 2.8
      vertex 120.464 68.4483 6.6
      vertex 120.752 68.7359 6.6
    endloop
  endfacet
  facet normal -0.706615 0.707598 0
    outer loop
      vertex 120.464 68.4483 6.6
      vertex 120.752 68.7359 2.8
      vertex 120.464 68.4483 2.8
    endloop
  endfacet
  facet normal -0.454482 -0.890756 0
    outer loop
      vertex 120.102 70.7364 2.8
      vertex 120.464 70.5517 6.6
      vertex 120.102 70.7364 6.6
    endloop
  endfacet
  facet normal -0.454482 -0.890756 -0
    outer loop
      vertex 120.464 70.5517 6.6
      vertex 120.102 70.7364 2.8
      vertex 120.464 70.5517 2.8
    endloop
  endfacet
  facet normal 0.891655 -0.452716 0
    outer loop
      vertex 118.464 69.9017 6.6
      vertex 118.648 70.2641 2.8
      vertex 118.648 70.2641 6.6
    endloop
  endfacet
  facet normal 0.891655 -0.452716 0
    outer loop
      vertex 118.648 70.2641 2.8
      vertex 118.464 69.9017 6.6
      vertex 118.464 69.9017 2.8
    endloop
  endfacet
  facet normal 0.156265 -0.987715 0
    outer loop
      vertex 119.298 70.7364 2.8
      vertex 119.7 70.8 6.6
      vertex 119.298 70.7364 6.6
    endloop
  endfacet
  facet normal 0.156265 -0.987715 0
    outer loop
      vertex 119.7 70.8 6.6
      vertex 119.298 70.7364 2.8
      vertex 119.7 70.8 2.8
    endloop
  endfacet
  facet normal 0.454482 -0.890756 0
    outer loop
      vertex 118.936 70.5517 2.8
      vertex 119.298 70.7364 6.6
      vertex 118.936 70.5517 6.6
    endloop
  endfacet
  facet normal 0.454482 -0.890756 0
    outer loop
      vertex 119.298 70.7364 6.6
      vertex 118.936 70.5517 2.8
      vertex 119.298 70.7364 2.8
    endloop
  endfacet
  facet normal 0.454482 0.890756 -0
    outer loop
      vertex 119.298 68.2636 2.8
      vertex 118.936 68.4483 6.6
      vertex 119.298 68.2636 6.6
    endloop
  endfacet
  facet normal 0.454482 0.890756 0
    outer loop
      vertex 118.936 68.4483 6.6
      vertex 119.298 68.2636 2.8
      vertex 118.936 68.4483 2.8
    endloop
  endfacet
  facet normal -0.891655 0.452716 0
    outer loop
      vertex 120.752 68.7359 2.8
      vertex 120.936 69.0983 6.6
      vertex 120.936 69.0983 2.8
    endloop
  endfacet
  facet normal -0.891655 0.452716 0
    outer loop
      vertex 120.936 69.0983 6.6
      vertex 120.752 68.7359 2.8
      vertex 120.752 68.7359 6.6
    endloop
  endfacet
  facet normal 0.987545 0.157338 0
    outer loop
      vertex 118.464 69.0983 6.6
      vertex 118.4 69.5 2.8
      vertex 118.4 69.5 6.6
    endloop
  endfacet
  facet normal 0.987545 0.157338 0
    outer loop
      vertex 118.4 69.5 2.8
      vertex 118.464 69.0983 6.6
      vertex 118.464 69.0983 2.8
    endloop
  endfacet
  facet normal -0.987545 0.157338 0
    outer loop
      vertex 120.936 69.0983 2.8
      vertex 121 69.5 6.6
      vertex 121 69.5 2.8
    endloop
  endfacet
  facet normal -0.987545 0.157338 0
    outer loop
      vertex 121 69.5 6.6
      vertex 120.936 69.0983 2.8
      vertex 120.936 69.0983 6.6
    endloop
  endfacet
  facet normal 0.891655 0.452716 0
    outer loop
      vertex 118.648 68.7359 6.6
      vertex 118.464 69.0983 2.8
      vertex 118.464 69.0983 6.6
    endloop
  endfacet
  facet normal 0.891655 0.452716 0
    outer loop
      vertex 118.464 69.0983 2.8
      vertex 118.648 68.7359 6.6
      vertex 118.648 68.7359 2.8
    endloop
  endfacet
  facet normal -0.156265 -0.987715 0
    outer loop
      vertex 119.7 70.8 2.8
      vertex 120.102 70.7364 6.6
      vertex 119.7 70.8 6.6
    endloop
  endfacet
  facet normal -0.156265 -0.987715 -0
    outer loop
      vertex 120.102 70.7364 6.6
      vertex 119.7 70.8 2.8
      vertex 120.102 70.7364 2.8
    endloop
  endfacet
  facet normal -0.156265 0.987715 0
    outer loop
      vertex 120.102 68.2636 2.8
      vertex 119.7 68.2 6.6
      vertex 120.102 68.2636 6.6
    endloop
  endfacet
  facet normal -0.156265 0.987715 0
    outer loop
      vertex 119.7 68.2 6.6
      vertex 120.102 68.2636 2.8
      vertex 119.7 68.2 2.8
    endloop
  endfacet
  facet normal 0.987545 -0.157338 0
    outer loop
      vertex 118.4 69.5 6.6
      vertex 118.464 69.9017 2.8
      vertex 118.464 69.9017 6.6
    endloop
  endfacet
  facet normal 0.987545 -0.157338 0
    outer loop
      vertex 118.464 69.9017 2.8
      vertex 118.4 69.5 6.6
      vertex 118.4 69.5 2.8
    endloop
  endfacet
  facet normal 0.706615 0.707598 -0
    outer loop
      vertex 118.936 68.4483 2.8
      vertex 118.648 68.7359 6.6
      vertex 118.936 68.4483 6.6
    endloop
  endfacet
  facet normal 0.706615 0.707598 0
    outer loop
      vertex 118.648 68.7359 6.6
      vertex 118.936 68.4483 2.8
      vertex 118.648 68.7359 2.8
    endloop
  endfacet
  facet normal 0.706615 -0.707598 0
    outer loop
      vertex 118.648 70.2641 2.8
      vertex 118.936 70.5517 6.6
      vertex 118.648 70.2641 6.6
    endloop
  endfacet
  facet normal 0.706615 -0.707598 0
    outer loop
      vertex 118.936 70.5517 6.6
      vertex 118.648 70.2641 2.8
      vertex 118.936 70.5517 2.8
    endloop
  endfacet
  facet normal -0.706615 -0.707598 0
    outer loop
      vertex 120.464 70.5517 2.8
      vertex 120.752 70.2641 6.6
      vertex 120.464 70.5517 6.6
    endloop
  endfacet
  facet normal -0.706615 -0.707598 -0
    outer loop
      vertex 120.752 70.2641 6.6
      vertex 120.464 70.5517 2.8
      vertex 120.752 70.2641 2.8
    endloop
  endfacet
  facet normal -0.891655 -0.452716 0
    outer loop
      vertex 156.936 69.9017 2.8
      vertex 156.752 70.2641 6.6
      vertex 156.752 70.2641 2.8
    endloop
  endfacet
  facet normal -0.891655 -0.452716 0
    outer loop
      vertex 156.752 70.2641 6.6
      vertex 156.936 69.9017 2.8
      vertex 156.936 69.9017 6.6
    endloop
  endfacet
  facet normal -0.987545 -0.157338 0
    outer loop
      vertex 157 69.5 2.8
      vertex 156.936 69.9017 6.6
      vertex 156.936 69.9017 2.8
    endloop
  endfacet
  facet normal -0.987545 -0.157338 0
    outer loop
      vertex 156.936 69.9017 6.6
      vertex 157 69.5 2.8
      vertex 157 69.5 6.6
    endloop
  endfacet
  facet normal 0.156265 0.987715 -0
    outer loop
      vertex 155.7 68.2 2.8
      vertex 155.298 68.2636 6.6
      vertex 155.7 68.2 6.6
    endloop
  endfacet
  facet normal 0.156265 0.987715 0
    outer loop
      vertex 155.298 68.2636 6.6
      vertex 155.7 68.2 2.8
      vertex 155.298 68.2636 2.8
    endloop
  endfacet
  facet normal -0.454482 0.890756 0
    outer loop
      vertex 156.464 68.4483 2.8
      vertex 156.102 68.2636 6.6
      vertex 156.464 68.4483 6.6
    endloop
  endfacet
  facet normal -0.454482 0.890756 0
    outer loop
      vertex 156.102 68.2636 6.6
      vertex 156.464 68.4483 2.8
      vertex 156.102 68.2636 2.8
    endloop
  endfacet
  facet normal -0.706615 0.707598 0
    outer loop
      vertex 156.464 68.4483 2.8
      vertex 156.752 68.7359 6.6
      vertex 156.752 68.7359 2.8
    endloop
  endfacet
  facet normal -0.706615 0.707598 0
    outer loop
      vertex 156.752 68.7359 6.6
      vertex 156.464 68.4483 2.8
      vertex 156.464 68.4483 6.6
    endloop
  endfacet
  facet normal -0.454482 -0.890756 0
    outer loop
      vertex 156.102 70.7364 2.8
      vertex 156.464 70.5517 6.6
      vertex 156.102 70.7364 6.6
    endloop
  endfacet
  facet normal -0.454482 -0.890756 -0
    outer loop
      vertex 156.464 70.5517 6.6
      vertex 156.102 70.7364 2.8
      vertex 156.464 70.5517 2.8
    endloop
  endfacet
  facet normal 0.891655 -0.452716 0
    outer loop
      vertex 154.464 69.9017 6.6
      vertex 154.648 70.2641 2.8
      vertex 154.648 70.2641 6.6
    endloop
  endfacet
  facet normal 0.891655 -0.452716 0
    outer loop
      vertex 154.648 70.2641 2.8
      vertex 154.464 69.9017 6.6
      vertex 154.464 69.9017 2.8
    endloop
  endfacet
  facet normal 0.156265 -0.987715 0
    outer loop
      vertex 155.298 70.7364 2.8
      vertex 155.7 70.8 6.6
      vertex 155.298 70.7364 6.6
    endloop
  endfacet
  facet normal 0.156265 -0.987715 0
    outer loop
      vertex 155.7 70.8 6.6
      vertex 155.298 70.7364 2.8
      vertex 155.7 70.8 2.8
    endloop
  endfacet
  facet normal 0.454482 -0.890756 0
    outer loop
      vertex 154.936 70.5517 2.8
      vertex 155.298 70.7364 6.6
      vertex 154.936 70.5517 6.6
    endloop
  endfacet
  facet normal 0.454482 -0.890756 0
    outer loop
      vertex 155.298 70.7364 6.6
      vertex 154.936 70.5517 2.8
      vertex 155.298 70.7364 2.8
    endloop
  endfacet
  facet normal 0.454482 0.890756 -0
    outer loop
      vertex 155.298 68.2636 2.8
      vertex 154.936 68.4483 6.6
      vertex 155.298 68.2636 6.6
    endloop
  endfacet
  facet normal 0.454482 0.890756 0
    outer loop
      vertex 154.936 68.4483 6.6
      vertex 155.298 68.2636 2.8
      vertex 154.936 68.4483 2.8
    endloop
  endfacet
  facet normal -0.891655 0.452716 0
    outer loop
      vertex 156.752 68.7359 2.8
      vertex 156.936 69.0983 6.6
      vertex 156.936 69.0983 2.8
    endloop
  endfacet
  facet normal -0.891655 0.452716 0
    outer loop
      vertex 156.936 69.0983 6.6
      vertex 156.752 68.7359 2.8
      vertex 156.752 68.7359 6.6
    endloop
  endfacet
  facet normal 0.987545 0.157338 0
    outer loop
      vertex 154.464 69.0983 6.6
      vertex 154.4 69.5 2.8
      vertex 154.4 69.5 6.6
    endloop
  endfacet
  facet normal 0.987545 0.157338 0
    outer loop
      vertex 154.4 69.5 2.8
      vertex 154.464 69.0983 6.6
      vertex 154.464 69.0983 2.8
    endloop
  endfacet
  facet normal -0.987545 0.157338 0
    outer loop
      vertex 156.936 69.0983 2.8
      vertex 157 69.5 6.6
      vertex 157 69.5 2.8
    endloop
  endfacet
  facet normal -0.987545 0.157338 0
    outer loop
      vertex 157 69.5 6.6
      vertex 156.936 69.0983 2.8
      vertex 156.936 69.0983 6.6
    endloop
  endfacet
  facet normal 0.891655 0.452716 0
    outer loop
      vertex 154.648 68.7359 6.6
      vertex 154.464 69.0983 2.8
      vertex 154.464 69.0983 6.6
    endloop
  endfacet
  facet normal 0.891655 0.452716 0
    outer loop
      vertex 154.464 69.0983 2.8
      vertex 154.648 68.7359 6.6
      vertex 154.648 68.7359 2.8
    endloop
  endfacet
  facet normal -0.156265 -0.987715 0
    outer loop
      vertex 155.7 70.8 2.8
      vertex 156.102 70.7364 6.6
      vertex 155.7 70.8 6.6
    endloop
  endfacet
  facet normal -0.156265 -0.987715 -0
    outer loop
      vertex 156.102 70.7364 6.6
      vertex 155.7 70.8 2.8
      vertex 156.102 70.7364 2.8
    endloop
  endfacet
  facet normal -0.156265 0.987715 0
    outer loop
      vertex 156.102 68.2636 2.8
      vertex 155.7 68.2 6.6
      vertex 156.102 68.2636 6.6
    endloop
  endfacet
  facet normal -0.156265 0.987715 0
    outer loop
      vertex 155.7 68.2 6.6
      vertex 156.102 68.2636 2.8
      vertex 155.7 68.2 2.8
    endloop
  endfacet
  facet normal 0.987545 -0.157338 0
    outer loop
      vertex 154.4 69.5 6.6
      vertex 154.464 69.9017 2.8
      vertex 154.464 69.9017 6.6
    endloop
  endfacet
  facet normal 0.987545 -0.157338 0
    outer loop
      vertex 154.464 69.9017 2.8
      vertex 154.4 69.5 6.6
      vertex 154.4 69.5 2.8
    endloop
  endfacet
  facet normal 0.706615 0.707598 0
    outer loop
      vertex 154.936 68.4483 6.6
      vertex 154.648 68.7359 2.8
      vertex 154.648 68.7359 6.6
    endloop
  endfacet
  facet normal 0.706615 0.707598 0
    outer loop
      vertex 154.648 68.7359 2.8
      vertex 154.936 68.4483 6.6
      vertex 154.936 68.4483 2.8
    endloop
  endfacet
  facet normal 0.706615 -0.707598 0
    outer loop
      vertex 154.648 70.2641 6.6
      vertex 154.936 70.5517 2.8
      vertex 154.936 70.5517 6.6
    endloop
  endfacet
  facet normal 0.706615 -0.707598 0
    outer loop
      vertex 154.936 70.5517 2.8
      vertex 154.648 70.2641 6.6
      vertex 154.648 70.2641 2.8
    endloop
  endfacet
  facet normal -0.706615 -0.707598 0
    outer loop
      vertex 156.752 70.2641 2.8
      vertex 156.464 70.5517 6.6
      vertex 156.464 70.5517 2.8
    endloop
  endfacet
  facet normal -0.706615 -0.707598 0
    outer loop
      vertex 156.464 70.5517 6.6
      vertex 156.752 70.2641 2.8
      vertex 156.752 70.2641 6.6
    endloop
  endfacet
  facet normal -1 0 0
    outer loop
      vertex 140.7 73.496 4.1
      vertex 140.7 75.5 4.2
      vertex 140.7 75.5 4.1
    endloop
  endfacet
  facet normal -1 -0 0
    outer loop
      vertex 140.7 75.5 4.2
      vertex 140.7 73.496 4.1
      vertex 140.7 73.496 4.2
    endloop
  endfacet
  facet normal -1 0 0
    outer loop
      vertex 140.7 65.504 4.1
      vertex 140.7 57.9986 4.2
      vertex 140.7 65.504 4.2
    endloop
  endfacet
  facet normal -1 0 0
    outer loop
      vertex 140.7 57.9986 4.2
      vertex 140.7 22 4.3
      vertex 140.7 57.9986 6.6
    endloop
  endfacet
  facet normal -1 0 0
    outer loop
      vertex 140.7 16 4.1
      vertex 140.7 57.9986 4.2
      vertex 140.7 65.504 4.1
    endloop
  endfacet
  facet normal -1 -0 0
    outer loop
      vertex 140.7 57.9986 4.2
      vertex 140.7 16 4.1
      vertex 140.7 22 4.3
    endloop
  endfacet
  facet normal -1 -0 0
    outer loop
      vertex 140.7 22 4.3
      vertex 140.7 16 4.1
      vertex 140.7 16 4.3
    endloop
  endfacet
  facet normal -1 -0 0
    outer loop
      vertex 140.7 57.9986 6.6
      vertex 140.7 22 4.3
      vertex 140.7 22 6.6
    endloop
  endfacet
  facet normal 0 0 1
    outer loop
      vertex 140.7 75.5 4.1
      vertex 140.2 73.8301 4.1
      vertex 140.7 73.496 4.1
    endloop
  endfacet
  facet normal 0 0 1
    outer loop
      vertex 140.7 75.5 4.1
      vertex 139.613 74.1194 4.1
      vertex 140.2 73.8301 4.1
    endloop
  endfacet
  facet normal 0 0 1
    outer loop
      vertex 140.7 75.5 4.1
      vertex 138.994 74.3296 4.1
      vertex 139.613 74.1194 4.1
    endloop
  endfacet
  facet normal 0 0 1
    outer loop
      vertex 140.7 75.5 4.1
      vertex 138.353 74.4572 4.1
      vertex 138.994 74.3296 4.1
    endloop
  endfacet
  facet normal 0 0 1
    outer loop
      vertex 140.7 75.5 4.1
      vertex 137.7 74.5 4.1
      vertex 138.353 74.4572 4.1
    endloop
  endfacet
  facet normal -0 0 1
    outer loop
      vertex 134.7 75.5 4.1
      vertex 137.7 74.5 4.1
      vertex 140.7 75.5 4.1
    endloop
  endfacet
  facet normal 0 0 1
    outer loop
      vertex 137.7 74.5 4.1
      vertex 134.7 75.5 4.1
      vertex 137.047 74.4572 4.1
    endloop
  endfacet
  facet normal 0 0 1
    outer loop
      vertex 137.047 74.4572 4.1
      vertex 134.7 75.5 4.1
      vertex 136.406 74.3296 4.1
    endloop
  endfacet
  facet normal 0 0 1
    outer loop
      vertex 134.7 75.5 4.1
      vertex 135.787 74.1194 4.1
      vertex 136.406 74.3296 4.1
    endloop
  endfacet
  facet normal 0 0 1
    outer loop
      vertex 134.7 75.5 4.1
      vertex 135.2 73.8301 4.1
      vertex 135.787 74.1194 4.1
    endloop
  endfacet
  facet normal 0 0 1
    outer loop
      vertex 135.2 73.8301 4.1
      vertex 134.7 75.5 4.1
      vertex 134.7 73.496 4.1
    endloop
  endfacet
  facet normal -0 0 1
    outer loop
      vertex 140.2 65.1699 4.1
      vertex 140.7 16 4.1
      vertex 140.7 65.504 4.1
    endloop
  endfacet
  facet normal -0 0 1
    outer loop
      vertex 139.613 64.8806 4.1
      vertex 140.7 16 4.1
      vertex 140.2 65.1699 4.1
    endloop
  endfacet
  facet normal -0 0 1
    outer loop
      vertex 138.994 64.6704 4.1
      vertex 140.7 16 4.1
      vertex 139.613 64.8806 4.1
    endloop
  endfacet
  facet normal -0 0 1
    outer loop
      vertex 138.353 64.5428 4.1
      vertex 140.7 16 4.1
      vertex 138.994 64.6704 4.1
    endloop
  endfacet
  facet normal -0 0 1
    outer loop
      vertex 137.7 64.5 4.1
      vertex 140.7 16 4.1
      vertex 138.353 64.5428 4.1
    endloop
  endfacet
  facet normal 0 0 1
    outer loop
      vertex 134.7 16 4.1
      vertex 137.7 64.5 4.1
      vertex 137.047 64.5428 4.1
    endloop
  endfacet
  facet normal 0 0 1
    outer loop
      vertex 134.7 16 4.1
      vertex 137.047 64.5428 4.1
      vertex 136.406 64.6704 4.1
    endloop
  endfacet
  facet normal 0 0 1
    outer loop
      vertex 134.7 16 4.1
      vertex 136.406 64.6704 4.1
      vertex 135.787 64.8806 4.1
    endloop
  endfacet
  facet normal 0 0 1
    outer loop
      vertex 134.7 16 4.1
      vertex 135.787 64.8806 4.1
      vertex 135.2 65.1699 4.1
    endloop
  endfacet
  facet normal 0 0 1
    outer loop
      vertex 134.7 16 4.1
      vertex 135.2 65.1699 4.1
      vertex 134.7 65.504 4.1
    endloop
  endfacet
  facet normal 0 0 1
    outer loop
      vertex 137.7 64.5 4.1
      vertex 134.7 16 4.1
      vertex 140.7 16 4.1
    endloop
  endfacet
  facet normal 1 0 0
    outer loop
      vertex 134.7 57.9986 6.6
      vertex 134.7 22 6.6
      vertex 134.7 57.9986 4.2
    endloop
  endfacet
  facet normal 1 -0 0
    outer loop
      vertex 134.7 57.9986 4.2
      vertex 134.7 65.504 4.1
      vertex 134.7 65.504 4.2
    endloop
  endfacet
  facet normal 1 -0 0
    outer loop
      vertex 134.7 22 4.3
      vertex 134.7 57.9986 4.2
      vertex 134.7 22 6.6
    endloop
  endfacet
  facet normal 1 0 0
    outer loop
      vertex 134.7 16 4.1
      vertex 134.7 57.9986 4.2
      vertex 134.7 22 4.3
    endloop
  endfacet
  facet normal 1 0 0
    outer loop
      vertex 134.7 16 4.1
      vertex 134.7 22 4.3
      vertex 134.7 16 4.3
    endloop
  endfacet
  facet normal 1 0 0
    outer loop
      vertex 134.7 57.9986 4.2
      vertex 134.7 16 4.1
      vertex 134.7 65.504 4.1
    endloop
  endfacet
  facet normal 1 -0 0
    outer loop
      vertex 134.7 73.496 4.2
      vertex 134.7 75.5 4.1
      vertex 134.7 75.5 4.2
    endloop
  endfacet
  facet normal 1 0 0
    outer loop
      vertex 134.7 75.5 4.1
      vertex 134.7 73.496 4.2
      vertex 134.7 73.496 4.1
    endloop
  endfacet
  facet normal 0 -1 0
    outer loop
      vertex 134.7 75.5 4.1
      vertex 140.7 75.5 4.2
      vertex 134.7 75.5 4.2
    endloop
  endfacet
  facet normal 0 -1 -0
    outer loop
      vertex 140.7 75.5 4.2
      vertex 134.7 75.5 4.1
      vertex 140.7 75.5 4.1
    endloop
  endfacet
  facet normal 0.0981221 0.995174 -0
    outer loop
      vertex 8 34.3 0
      vertex 7.66835 34.3327 3.2
      vertex 8 34.3 3.2
    endloop
  endfacet
  facet normal 0.0981221 0.995174 0
    outer loop
      vertex 7.66835 34.3327 3.2
      vertex 8 34.3 0
      vertex 7.66835 34.3327 0
    endloop
  endfacet
  facet normal -0.956938 -0.290292 0
    outer loop
      vertex 9.66733 36.3317 0
      vertex 9.57059 36.6506 3.2
      vertex 9.57059 36.6506 0
    endloop
  endfacet
  facet normal -0.956938 -0.290292 0
    outer loop
      vertex 9.57059 36.6506 3.2
      vertex 9.66733 36.3317 0
      vertex 9.66733 36.3317 3.2
    endloop
  endfacet
  facet normal -0.995185 -0.0980183 0
    outer loop
      vertex 9.7 36 0
      vertex 9.66733 36.3317 3.2
      vertex 9.66733 36.3317 0
    endloop
  endfacet
  facet normal -0.995185 -0.0980183 0
    outer loop
      vertex 9.66733 36.3317 3.2
      vertex 9.7 36 0
      vertex 9.7 36 3.2
    endloop
  endfacet
  facet normal -0.881925 -0.47139 0
    outer loop
      vertex 9.57059 36.6506 0
      vertex 9.4135 36.9445 3.2
      vertex 9.4135 36.9445 0
    endloop
  endfacet
  facet normal -0.881925 -0.47139 0
    outer loop
      vertex 9.4135 36.9445 3.2
      vertex 9.57059 36.6506 0
      vertex 9.57059 36.6506 3.2
    endloop
  endfacet
  facet normal 0.881912 0.471413 0
    outer loop
      vertex 6.5865 35.0555 3.2
      vertex 6.4294 35.3494 0
      vertex 6.4294 35.3494 3.2
    endloop
  endfacet
  facet normal 0.881912 0.471413 0
    outer loop
      vertex 6.4294 35.3494 0
      vertex 6.5865 35.0555 3.2
      vertex 6.5865 35.0555 0
    endloop
  endfacet
  facet normal 0.290174 -0.956974 0
    outer loop
      vertex 7.34944 37.5706 0
      vertex 7.66835 37.6673 3.2
      vertex 7.34944 37.5706 3.2
    endloop
  endfacet
  facet normal 0.290174 -0.956974 0
    outer loop
      vertex 7.66835 37.6673 3.2
      vertex 7.34944 37.5706 0
      vertex 7.66835 37.6673 0
    endloop
  endfacet
  facet normal -0.995185 0.0980183 0
    outer loop
      vertex 9.66733 35.6683 0
      vertex 9.7 36 3.2
      vertex 9.7 36 0
    endloop
  endfacet
  facet normal -0.995185 0.0980183 0
    outer loop
      vertex 9.7 36 3.2
      vertex 9.66733 35.6683 0
      vertex 9.66733 35.6683 3.2
    endloop
  endfacet
  facet normal -0.290174 0.956974 0
    outer loop
      vertex 8.65056 34.4294 0
      vertex 8.33165 34.3327 3.2
      vertex 8.65056 34.4294 3.2
    endloop
  endfacet
  facet normal -0.290174 0.956974 0
    outer loop
      vertex 8.33165 34.3327 3.2
      vertex 8.65056 34.4294 0
      vertex 8.33165 34.3327 0
    endloop
  endfacet
  facet normal 0.995188 0.0979886 0
    outer loop
      vertex 6.33266 35.6683 3.2
      vertex 6.3 36 0
      vertex 6.3 36 3.2
    endloop
  endfacet
  facet normal 0.995188 0.0979886 0
    outer loop
      vertex 6.3 36 0
      vertex 6.33266 35.6683 3.2
      vertex 6.33266 35.6683 0
    endloop
  endfacet
  facet normal -0.0981221 -0.995174 0
    outer loop
      vertex 8 37.7 0
      vertex 8.33165 37.6673 3.2
      vertex 8 37.7 3.2
    endloop
  endfacet
  facet normal -0.0981221 -0.995174 -0
    outer loop
      vertex 8.33165 37.6673 3.2
      vertex 8 37.7 0
      vertex 8.33165 37.6673 0
    endloop
  endfacet
  facet normal -0.956938 0.290292 0
    outer loop
      vertex 9.57059 35.3494 0
      vertex 9.66733 35.6683 3.2
      vertex 9.66733 35.6683 0
    endloop
  endfacet
  facet normal -0.956938 0.290292 0
    outer loop
      vertex 9.66733 35.6683 3.2
      vertex 9.57059 35.3494 0
      vertex 9.57059 35.3494 3.2
    endloop
  endfacet
  facet normal 0.290174 0.956974 -0
    outer loop
      vertex 7.66835 34.3327 0
      vertex 7.34944 34.4294 3.2
      vertex 7.66835 34.3327 3.2
    endloop
  endfacet
  facet normal 0.290174 0.956974 0
    outer loop
      vertex 7.34944 34.4294 3.2
      vertex 7.66835 34.3327 0
      vertex 7.34944 34.4294 0
    endloop
  endfacet
  facet normal 0.995188 -0.0979886 0
    outer loop
      vertex 6.3 36 3.2
      vertex 6.33266 36.3317 0
      vertex 6.33266 36.3317 3.2
    endloop
  endfacet
  facet normal 0.995188 -0.0979886 0
    outer loop
      vertex 6.33266 36.3317 0
      vertex 6.3 36 3.2
      vertex 6.3 36 0
    endloop
  endfacet
  facet normal -0.471401 -0.881919 0
    outer loop
      vertex 8.65056 37.5706 0
      vertex 8.94447 37.4135 3.2
      vertex 8.65056 37.5706 3.2
    endloop
  endfacet
  facet normal -0.471401 -0.881919 -0
    outer loop
      vertex 8.94447 37.4135 3.2
      vertex 8.65056 37.5706 0
      vertex 8.94447 37.4135 0
    endloop
  endfacet
  facet normal -0.290174 -0.956974 0
    outer loop
      vertex 8.33165 37.6673 0
      vertex 8.65056 37.5706 3.2
      vertex 8.33165 37.6673 3.2
    endloop
  endfacet
  facet normal -0.290174 -0.956974 -0
    outer loop
      vertex 8.65056 37.5706 3.2
      vertex 8.33165 37.6673 0
      vertex 8.65056 37.5706 0
    endloop
  endfacet
  facet normal 0.0981221 -0.995174 0
    outer loop
      vertex 7.66835 37.6673 0
      vertex 8 37.7 3.2
      vertex 7.66835 37.6673 3.2
    endloop
  endfacet
  facet normal 0.0981221 -0.995174 0
    outer loop
      vertex 8 37.7 3.2
      vertex 7.66835 37.6673 0
      vertex 8 37.7 0
    endloop
  endfacet
  facet normal 0.956938 -0.290292 0
    outer loop
      vertex 6.33266 36.3317 3.2
      vertex 6.4294 36.6506 0
      vertex 6.4294 36.6506 3.2
    endloop
  endfacet
  facet normal 0.956938 -0.290292 0
    outer loop
      vertex 6.4294 36.6506 0
      vertex 6.33266 36.3317 3.2
      vertex 6.33266 36.3317 0
    endloop
  endfacet
  facet normal 0.634366 -0.773033 0
    outer loop
      vertex 6.79792 37.2021 0
      vertex 7.05553 37.4135 3.2
      vertex 6.79792 37.2021 3.2
    endloop
  endfacet
  facet normal 0.634366 -0.773033 0
    outer loop
      vertex 7.05553 37.4135 3.2
      vertex 6.79792 37.2021 0
      vertex 7.05553 37.4135 0
    endloop
  endfacet
  facet normal -0.772991 -0.634417 0
    outer loop
      vertex 9.4135 36.9445 0
      vertex 9.20208 37.2021 3.2
      vertex 9.20208 37.2021 0
    endloop
  endfacet
  facet normal -0.772991 -0.634417 0
    outer loop
      vertex 9.20208 37.2021 3.2
      vertex 9.4135 36.9445 0
      vertex 9.4135 36.9445 3.2
    endloop
  endfacet
  facet normal 0.471401 -0.881919 0
    outer loop
      vertex 7.05553 37.4135 0
      vertex 7.34944 37.5706 3.2
      vertex 7.05553 37.4135 3.2
    endloop
  endfacet
  facet normal 0.471401 -0.881919 0
    outer loop
      vertex 7.34944 37.5706 3.2
      vertex 7.05553 37.4135 0
      vertex 7.34944 37.5706 0
    endloop
  endfacet
  facet normal -0.471401 0.881919 0
    outer loop
      vertex 8.94447 34.5865 0
      vertex 8.65056 34.4294 3.2
      vertex 8.94447 34.5865 3.2
    endloop
  endfacet
  facet normal -0.471401 0.881919 0
    outer loop
      vertex 8.65056 34.4294 3.2
      vertex 8.94447 34.5865 0
      vertex 8.65056 34.4294 0
    endloop
  endfacet
  facet normal -0.881925 0.47139 0
    outer loop
      vertex 9.4135 35.0555 0
      vertex 9.57059 35.3494 3.2
      vertex 9.57059 35.3494 0
    endloop
  endfacet
  facet normal -0.881925 0.47139 0
    outer loop
      vertex 9.57059 35.3494 3.2
      vertex 9.4135 35.0555 0
      vertex 9.4135 35.0555 3.2
    endloop
  endfacet
  facet normal -0.772991 0.634417 0
    outer loop
      vertex 9.20208 34.7979 0
      vertex 9.4135 35.0555 3.2
      vertex 9.4135 35.0555 0
    endloop
  endfacet
  facet normal -0.772991 0.634417 0
    outer loop
      vertex 9.4135 35.0555 3.2
      vertex 9.20208 34.7979 0
      vertex 9.20208 34.7979 3.2
    endloop
  endfacet
  facet normal -0.634366 -0.773033 0
    outer loop
      vertex 8.94447 37.4135 0
      vertex 9.20208 37.2021 3.2
      vertex 8.94447 37.4135 3.2
    endloop
  endfacet
  facet normal -0.634366 -0.773033 -0
    outer loop
      vertex 9.20208 37.2021 3.2
      vertex 8.94447 37.4135 0
      vertex 9.20208 37.2021 0
    endloop
  endfacet
  facet normal -0.634366 0.773033 0
    outer loop
      vertex 9.20208 34.7979 0
      vertex 8.94447 34.5865 3.2
      vertex 9.20208 34.7979 3.2
    endloop
  endfacet
  facet normal -0.634366 0.773033 0
    outer loop
      vertex 8.94447 34.5865 3.2
      vertex 9.20208 34.7979 0
      vertex 8.94447 34.5865 0
    endloop
  endfacet
  facet normal -0.0981221 0.995174 0
    outer loop
      vertex 8.33165 34.3327 0
      vertex 8 34.3 3.2
      vertex 8.33165 34.3327 3.2
    endloop
  endfacet
  facet normal -0.0981221 0.995174 0
    outer loop
      vertex 8 34.3 3.2
      vertex 8.33165 34.3327 0
      vertex 8 34.3 0
    endloop
  endfacet
  facet normal 0.956938 0.290292 0
    outer loop
      vertex 6.4294 35.3494 3.2
      vertex 6.33266 35.6683 0
      vertex 6.33266 35.6683 3.2
    endloop
  endfacet
  facet normal 0.956938 0.290292 0
    outer loop
      vertex 6.33266 35.6683 0
      vertex 6.4294 35.3494 3.2
      vertex 6.4294 35.3494 0
    endloop
  endfacet
  facet normal 0.772991 -0.634417 0
    outer loop
      vertex 6.5865 36.9445 3.2
      vertex 6.79792 37.2021 0
      vertex 6.79792 37.2021 3.2
    endloop
  endfacet
  facet normal 0.772991 -0.634417 0
    outer loop
      vertex 6.79792 37.2021 0
      vertex 6.5865 36.9445 3.2
      vertex 6.5865 36.9445 0
    endloop
  endfacet
  facet normal 0.772991 0.634417 0
    outer loop
      vertex 6.79792 34.7979 3.2
      vertex 6.5865 35.0555 0
      vertex 6.5865 35.0555 3.2
    endloop
  endfacet
  facet normal 0.772991 0.634417 0
    outer loop
      vertex 6.5865 35.0555 0
      vertex 6.79792 34.7979 3.2
      vertex 6.79792 34.7979 0
    endloop
  endfacet
  facet normal 0.634366 0.773033 -0
    outer loop
      vertex 7.05553 34.5865 0
      vertex 6.79792 34.7979 3.2
      vertex 7.05553 34.5865 3.2
    endloop
  endfacet
  facet normal 0.634366 0.773033 0
    outer loop
      vertex 6.79792 34.7979 3.2
      vertex 7.05553 34.5865 0
      vertex 6.79792 34.7979 0
    endloop
  endfacet
  facet normal 0.471401 0.881919 -0
    outer loop
      vertex 7.34944 34.4294 0
      vertex 7.05553 34.5865 3.2
      vertex 7.34944 34.4294 3.2
    endloop
  endfacet
  facet normal 0.471401 0.881919 0
    outer loop
      vertex 7.05553 34.5865 3.2
      vertex 7.34944 34.4294 0
      vertex 7.05553 34.5865 0
    endloop
  endfacet
  facet normal 0.881912 -0.471413 0
    outer loop
      vertex 6.4294 36.6506 3.2
      vertex 6.5865 36.9445 0
      vertex 6.5865 36.9445 3.2
    endloop
  endfacet
  facet normal 0.881912 -0.471413 0
    outer loop
      vertex 6.5865 36.9445 0
      vertex 6.4294 36.6506 3.2
      vertex 6.4294 36.6506 0
    endloop
  endfacet
  facet normal 0.0981221 0.995174 -0
    outer loop
      vertex 8 94.3 0
      vertex 7.66835 94.3327 3.2
      vertex 8 94.3 3.2
    endloop
  endfacet
  facet normal 0.0981221 0.995174 0
    outer loop
      vertex 7.66835 94.3327 3.2
      vertex 8 94.3 0
      vertex 7.66835 94.3327 0
    endloop
  endfacet
  facet normal -0.956963 -0.290209 0
    outer loop
      vertex 9.66733 96.3316 0
      vertex 9.57059 96.6506 3.2
      vertex 9.57059 96.6506 0
    endloop
  endfacet
  facet normal -0.956963 -0.290209 0
    outer loop
      vertex 9.57059 96.6506 3.2
      vertex 9.66733 96.3316 0
      vertex 9.66733 96.3316 3.2
    endloop
  endfacet
  facet normal -0.995182 -0.0980476 0
    outer loop
      vertex 9.7 96 0
      vertex 9.66733 96.3316 3.2
      vertex 9.66733 96.3316 0
    endloop
  endfacet
  facet normal -0.995182 -0.0980476 0
    outer loop
      vertex 9.66733 96.3316 3.2
      vertex 9.7 96 0
      vertex 9.7 96 3.2
    endloop
  endfacet
  facet normal -0.881925 -0.47139 0
    outer loop
      vertex 9.57059 96.6506 0
      vertex 9.4135 96.9445 3.2
      vertex 9.4135 96.9445 0
    endloop
  endfacet
  facet normal -0.881925 -0.47139 0
    outer loop
      vertex 9.4135 96.9445 3.2
      vertex 9.57059 96.6506 0
      vertex 9.57059 96.6506 3.2
    endloop
  endfacet
  facet normal 0.881912 0.471413 0
    outer loop
      vertex 6.5865 95.0555 3.2
      vertex 6.4294 95.3494 0
      vertex 6.4294 95.3494 3.2
    endloop
  endfacet
  facet normal 0.881912 0.471413 0
    outer loop
      vertex 6.4294 95.3494 0
      vertex 6.5865 95.0555 3.2
      vertex 6.5865 95.0555 0
    endloop
  endfacet
  facet normal -0.995182 0.0980476 0
    outer loop
      vertex 9.66733 95.6684 0
      vertex 9.7 96 3.2
      vertex 9.7 96 0
    endloop
  endfacet
  facet normal -0.995182 0.0980476 0
    outer loop
      vertex 9.7 96 3.2
      vertex 9.66733 95.6684 0
      vertex 9.66733 95.6684 3.2
    endloop
  endfacet
  facet normal -0.290174 0.956974 0
    outer loop
      vertex 8.65056 94.4294 0
      vertex 8.33165 94.3327 3.2
      vertex 8.65056 94.4294 3.2
    endloop
  endfacet
  facet normal -0.290174 0.956974 0
    outer loop
      vertex 8.33165 94.3327 3.2
      vertex 8.65056 94.4294 0
      vertex 8.33165 94.3327 0
    endloop
  endfacet
  facet normal 0.995185 0.0980179 0
    outer loop
      vertex 6.33266 95.6684 3.2
      vertex 6.3 96 0
      vertex 6.3 96 3.2
    endloop
  endfacet
  facet normal 0.995185 0.0980179 0
    outer loop
      vertex 6.3 96 0
      vertex 6.33266 95.6684 3.2
      vertex 6.33266 95.6684 0
    endloop
  endfacet
  facet normal -0.0981221 -0.995174 0
    outer loop
      vertex 8 97.7 0
      vertex 8.33165 97.6673 3.2
      vertex 8 97.7 3.2
    endloop
  endfacet
  facet normal -0.0981221 -0.995174 -0
    outer loop
      vertex 8.33165 97.6673 3.2
      vertex 8 97.7 0
      vertex 8.33165 97.6673 0
    endloop
  endfacet
  facet normal -0.956963 0.290209 0
    outer loop
      vertex 9.57059 95.3494 0
      vertex 9.66733 95.6684 3.2
      vertex 9.66733 95.6684 0
    endloop
  endfacet
  facet normal -0.956963 0.290209 0
    outer loop
      vertex 9.66733 95.6684 3.2
      vertex 9.57059 95.3494 0
      vertex 9.57059 95.3494 3.2
    endloop
  endfacet
  facet normal 0.290174 0.956974 -0
    outer loop
      vertex 7.66835 94.3327 0
      vertex 7.34944 94.4294 3.2
      vertex 7.66835 94.3327 3.2
    endloop
  endfacet
  facet normal 0.290174 0.956974 0
    outer loop
      vertex 7.34944 94.4294 3.2
      vertex 7.66835 94.3327 0
      vertex 7.34944 94.4294 0
    endloop
  endfacet
  facet normal 0.995185 -0.0980179 0
    outer loop
      vertex 6.3 96 3.2
      vertex 6.33266 96.3316 0
      vertex 6.33266 96.3316 3.2
    endloop
  endfacet
  facet normal 0.995185 -0.0980179 0
    outer loop
      vertex 6.33266 96.3316 0
      vertex 6.3 96 3.2
      vertex 6.3 96 0
    endloop
  endfacet
  facet normal -0.290174 -0.956974 0
    outer loop
      vertex 8.33165 97.6673 0
      vertex 8.65056 97.5706 3.2
      vertex 8.33165 97.6673 3.2
    endloop
  endfacet
  facet normal -0.290174 -0.956974 -0
    outer loop
      vertex 8.65056 97.5706 3.2
      vertex 8.33165 97.6673 0
      vertex 8.65056 97.5706 0
    endloop
  endfacet
  facet normal 0.0981221 -0.995174 0
    outer loop
      vertex 7.66835 97.6673 0
      vertex 8 97.7 3.2
      vertex 7.66835 97.6673 3.2
    endloop
  endfacet
  facet normal 0.0981221 -0.995174 0
    outer loop
      vertex 8 97.7 3.2
      vertex 7.66835 97.6673 0
      vertex 8 97.7 0
    endloop
  endfacet
  facet normal 0.956963 -0.290209 0
    outer loop
      vertex 6.33266 96.3316 3.2
      vertex 6.4294 96.6506 0
      vertex 6.4294 96.6506 3.2
    endloop
  endfacet
  facet normal 0.956963 -0.290209 0
    outer loop
      vertex 6.4294 96.6506 0
      vertex 6.33266 96.3316 3.2
      vertex 6.33266 96.3316 0
    endloop
  endfacet
  facet normal 0.634366 -0.773033 0
    outer loop
      vertex 6.79792 97.2021 0
      vertex 7.05553 97.4135 3.2
      vertex 6.79792 97.2021 3.2
    endloop
  endfacet
  facet normal 0.634366 -0.773033 0
    outer loop
      vertex 7.05553 97.4135 3.2
      vertex 6.79792 97.2021 0
      vertex 7.05553 97.4135 0
    endloop
  endfacet
  facet normal -0.772991 -0.634417 0
    outer loop
      vertex 9.4135 96.9445 0
      vertex 9.20208 97.2021 3.2
      vertex 9.20208 97.2021 0
    endloop
  endfacet
  facet normal -0.772991 -0.634417 0
    outer loop
      vertex 9.20208 97.2021 3.2
      vertex 9.4135 96.9445 0
      vertex 9.4135 96.9445 3.2
    endloop
  endfacet
  facet normal 0.471401 -0.881919 0
    outer loop
      vertex 7.05553 97.4135 0
      vertex 7.34944 97.5706 3.2
      vertex 7.05553 97.4135 3.2
    endloop
  endfacet
  facet normal 0.471401 -0.881919 0
    outer loop
      vertex 7.34944 97.5706 3.2
      vertex 7.05553 97.4135 0
      vertex 7.34944 97.5706 0
    endloop
  endfacet
  facet normal -0.471401 0.881919 0
    outer loop
      vertex 8.94447 94.5865 0
      vertex 8.65056 94.4294 3.2
      vertex 8.94447 94.5865 3.2
    endloop
  endfacet
  facet normal -0.471401 0.881919 0
    outer loop
      vertex 8.65056 94.4294 3.2
      vertex 8.94447 94.5865 0
      vertex 8.65056 94.4294 0
    endloop
  endfacet
  facet normal -0.881925 0.47139 0
    outer loop
      vertex 9.4135 95.0555 0
      vertex 9.57059 95.3494 3.2
      vertex 9.57059 95.3494 0
    endloop
  endfacet
  facet normal -0.881925 0.47139 0
    outer loop
      vertex 9.57059 95.3494 3.2
      vertex 9.4135 95.0555 0
      vertex 9.4135 95.0555 3.2
    endloop
  endfacet
  facet normal -0.772991 0.634417 0
    outer loop
      vertex 9.20208 94.7979 0
      vertex 9.4135 95.0555 3.2
      vertex 9.4135 95.0555 0
    endloop
  endfacet
  facet normal -0.772991 0.634417 0
    outer loop
      vertex 9.4135 95.0555 3.2
      vertex 9.20208 94.7979 0
      vertex 9.20208 94.7979 3.2
    endloop
  endfacet
  facet normal -0.634366 -0.773033 0
    outer loop
      vertex 8.94447 97.4135 0
      vertex 9.20208 97.2021 3.2
      vertex 8.94447 97.4135 3.2
    endloop
  endfacet
  facet normal -0.634366 -0.773033 -0
    outer loop
      vertex 9.20208 97.2021 3.2
      vertex 8.94447 97.4135 0
      vertex 9.20208 97.2021 0
    endloop
  endfacet
  facet normal -0.634366 0.773033 0
    outer loop
      vertex 9.20208 94.7979 0
      vertex 8.94447 94.5865 3.2
      vertex 9.20208 94.7979 3.2
    endloop
  endfacet
  facet normal -0.634366 0.773033 0
    outer loop
      vertex 8.94447 94.5865 3.2
      vertex 9.20208 94.7979 0
      vertex 8.94447 94.5865 0
    endloop
  endfacet
  facet normal -0.471401 -0.881919 0
    outer loop
      vertex 8.65056 97.5706 0
      vertex 8.94447 97.4135 3.2
      vertex 8.65056 97.5706 3.2
    endloop
  endfacet
  facet normal -0.471401 -0.881919 -0
    outer loop
      vertex 8.94447 97.4135 3.2
      vertex 8.65056 97.5706 0
      vertex 8.94447 97.4135 0
    endloop
  endfacet
  facet normal 0.290174 -0.956974 0
    outer loop
      vertex 7.34944 97.5706 0
      vertex 7.66835 97.6673 3.2
      vertex 7.34944 97.5706 3.2
    endloop
  endfacet
  facet normal 0.290174 -0.956974 0
    outer loop
      vertex 7.66835 97.6673 3.2
      vertex 7.34944 97.5706 0
      vertex 7.66835 97.6673 0
    endloop
  endfacet
  facet normal -0.0981221 0.995174 0
    outer loop
      vertex 8.33165 94.3327 0
      vertex 8 94.3 3.2
      vertex 8.33165 94.3327 3.2
    endloop
  endfacet
  facet normal -0.0981221 0.995174 0
    outer loop
      vertex 8 94.3 3.2
      vertex 8.33165 94.3327 0
      vertex 8 94.3 0
    endloop
  endfacet
  facet normal 0.956963 0.290209 0
    outer loop
      vertex 6.4294 95.3494 3.2
      vertex 6.33266 95.6684 0
      vertex 6.33266 95.6684 3.2
    endloop
  endfacet
  facet normal 0.956963 0.290209 0
    outer loop
      vertex 6.33266 95.6684 0
      vertex 6.4294 95.3494 3.2
      vertex 6.4294 95.3494 0
    endloop
  endfacet
  facet normal 0.772991 -0.634417 0
    outer loop
      vertex 6.5865 96.9445 3.2
      vertex 6.79792 97.2021 0
      vertex 6.79792 97.2021 3.2
    endloop
  endfacet
  facet normal 0.772991 -0.634417 0
    outer loop
      vertex 6.79792 97.2021 0
      vertex 6.5865 96.9445 3.2
      vertex 6.5865 96.9445 0
    endloop
  endfacet
  facet normal 0.772991 0.634417 0
    outer loop
      vertex 6.79792 94.7979 3.2
      vertex 6.5865 95.0555 0
      vertex 6.5865 95.0555 3.2
    endloop
  endfacet
  facet normal 0.772991 0.634417 0
    outer loop
      vertex 6.5865 95.0555 0
      vertex 6.79792 94.7979 3.2
      vertex 6.79792 94.7979 0
    endloop
  endfacet
  facet normal 0.634366 0.773033 -0
    outer loop
      vertex 7.05553 94.5865 0
      vertex 6.79792 94.7979 3.2
      vertex 7.05553 94.5865 3.2
    endloop
  endfacet
  facet normal 0.634366 0.773033 0
    outer loop
      vertex 6.79792 94.7979 3.2
      vertex 7.05553 94.5865 0
      vertex 6.79792 94.7979 0
    endloop
  endfacet
  facet normal 0.471401 0.881919 -0
    outer loop
      vertex 7.34944 94.4294 0
      vertex 7.05553 94.5865 3.2
      vertex 7.34944 94.4294 3.2
    endloop
  endfacet
  facet normal 0.471401 0.881919 0
    outer loop
      vertex 7.05553 94.5865 3.2
      vertex 7.34944 94.4294 0
      vertex 7.05553 94.5865 0
    endloop
  endfacet
  facet normal 0.881912 -0.471413 0
    outer loop
      vertex 6.4294 96.6506 3.2
      vertex 6.5865 96.9445 0
      vertex 6.5865 96.9445 3.2
    endloop
  endfacet
  facet normal 0.881912 -0.471413 0
    outer loop
      vertex 6.5865 96.9445 0
      vertex 6.4294 96.6506 3.2
      vertex 6.4294 96.6506 0
    endloop
  endfacet
  facet normal -1 0 0
    outer loop
      vertex 16 150 3.2
      vertex 16 22 4.3
      vertex 16 150 6.6
    endloop
  endfacet
  facet normal -1 0 0
    outer loop
      vertex 16 0 3.2
      vertex 16 22 4.3
      vertex 16 150 3.2
    endloop
  endfacet
  facet normal -1 -0 0
    outer loop
      vertex 16 22 4.3
      vertex 16 0 3.2
      vertex 16 16 4.3
    endloop
  endfacet
  facet normal -1 0 0
    outer loop
      vertex 16 0 6.6
      vertex 16 16 4.3
      vertex 16 0 3.2
    endloop
  endfacet
  facet normal -1 0 0
    outer loop
      vertex 16 16 4.3
      vertex 16 0 6.6
      vertex 16 16 6.6
    endloop
  endfacet
  facet normal -1 -0 0
    outer loop
      vertex 16 150 6.6
      vertex 16 22 4.3
      vertex 16 22 6.6
    endloop
  endfacet
  facet normal -0 0 1
    outer loop
      vertex 9.66733 95.6684 3.2
      vertex 9.7 36 3.2
      vertex 9.7 96 3.2
    endloop
  endfacet
  facet normal 0 0 1
    outer loop
      vertex 9.66733 95.6684 3.2
      vertex 9.66733 36.3317 3.2
      vertex 9.7 36 3.2
    endloop
  endfacet
  facet normal -0 0 1
    outer loop
      vertex 9.57059 95.3494 3.2
      vertex 9.66733 36.3317 3.2
      vertex 9.66733 95.6684 3.2
    endloop
  endfacet
  facet normal 0 0 1
    outer loop
      vertex 9.57059 95.3494 3.2
      vertex 9.57059 36.6506 3.2
      vertex 9.66733 36.3317 3.2
    endloop
  endfacet
  facet normal -0 0 1
    outer loop
      vertex 9.4135 95.0555 3.2
      vertex 9.57059 36.6506 3.2
      vertex 9.57059 95.3494 3.2
    endloop
  endfacet
  facet normal 0 0 1
    outer loop
      vertex 9.4135 95.0555 3.2
      vertex 9.4135 36.9445 3.2
      vertex 9.57059 36.6506 3.2
    endloop
  endfacet
  facet normal -0 0 1
    outer loop
      vertex 9.20208 94.7979 3.2
      vertex 9.4135 36.9445 3.2
      vertex 9.4135 95.0555 3.2
    endloop
  endfacet
  facet normal 0 0 1
    outer loop
      vertex 9.20208 94.7979 3.2
      vertex 9.20208 37.2021 3.2
      vertex 9.4135 36.9445 3.2
    endloop
  endfacet
  facet normal -0 0 1
    outer loop
      vertex 8.94447 94.5865 3.2
      vertex 9.20208 37.2021 3.2
      vertex 9.20208 94.7979 3.2
    endloop
  endfacet
  facet normal 0 0 1
    outer loop
      vertex 8.94447 94.5865 3.2
      vertex 8.94447 37.4135 3.2
      vertex 9.20208 37.2021 3.2
    endloop
  endfacet
  facet normal -0 0 1
    outer loop
      vertex 8.65056 94.4294 3.2
      vertex 8.94447 37.4135 3.2
      vertex 8.94447 94.5865 3.2
    endloop
  endfacet
  facet normal 0 0 1
    outer loop
      vertex 8.65056 94.4294 3.2
      vertex 8.65056 37.5706 3.2
      vertex 8.94447 37.4135 3.2
    endloop
  endfacet
  facet normal -0 0 1
    outer loop
      vertex 8.33165 94.3327 3.2
      vertex 8.65056 37.5706 3.2
      vertex 8.65056 94.4294 3.2
    endloop
  endfacet
  facet normal 0 0 1
    outer loop
      vertex 8.33165 94.3327 3.2
      vertex 8.33165 37.6673 3.2
      vertex 8.65056 37.5706 3.2
    endloop
  endfacet
  facet normal -0 0 1
    outer loop
      vertex 8 94.3 3.2
      vertex 8.33165 37.6673 3.2
      vertex 8.33165 94.3327 3.2
    endloop
  endfacet
  facet normal 0 0 1
    outer loop
      vertex 8 94.3 3.2
      vertex 8 37.7 3.2
      vertex 8.33165 37.6673 3.2
    endloop
  endfacet
  facet normal 0 0 1
    outer loop
      vertex 7.66835 94.3327 3.2
      vertex 8 37.7 3.2
      vertex 8 94.3 3.2
    endloop
  endfacet
  facet normal 0 0 1
    outer loop
      vertex 7.66835 94.3327 3.2
      vertex 7.66835 37.6673 3.2
      vertex 8 37.7 3.2
    endloop
  endfacet
  facet normal 0 0 1
    outer loop
      vertex 7.34944 94.4294 3.2
      vertex 7.66835 37.6673 3.2
      vertex 7.66835 94.3327 3.2
    endloop
  endfacet
  facet normal 0 0 1
    outer loop
      vertex 7.34944 94.4294 3.2
      vertex 7.34944 37.5706 3.2
      vertex 7.66835 37.6673 3.2
    endloop
  endfacet
  facet normal 0 0 1
    outer loop
      vertex 7.05553 94.5865 3.2
      vertex 7.34944 37.5706 3.2
      vertex 7.34944 94.4294 3.2
    endloop
  endfacet
  facet normal 0 0 1
    outer loop
      vertex 7.05553 94.5865 3.2
      vertex 7.05553 37.4135 3.2
      vertex 7.34944 37.5706 3.2
    endloop
  endfacet
  facet normal 0 0 1
    outer loop
      vertex 6.79792 94.7979 3.2
      vertex 7.05553 37.4135 3.2
      vertex 7.05553 94.5865 3.2
    endloop
  endfacet
  facet normal 0 0 1
    outer loop
      vertex 6.79792 94.7979 3.2
      vertex 6.79792 37.2021 3.2
      vertex 7.05553 37.4135 3.2
    endloop
  endfacet
  facet normal 0 0 1
    outer loop
      vertex 6.5865 95.0555 3.2
      vertex 6.79792 37.2021 3.2
      vertex 6.79792 94.7979 3.2
    endloop
  endfacet
  facet normal 0 0 1
    outer loop
      vertex 6.5865 95.0555 3.2
      vertex 6.5865 36.9445 3.2
      vertex 6.79792 37.2021 3.2
    endloop
  endfacet
  facet normal 0 0 1
    outer loop
      vertex 6.4294 95.3494 3.2
      vertex 6.5865 36.9445 3.2
      vertex 6.5865 95.0555 3.2
    endloop
  endfacet
  facet normal 0 0 1
    outer loop
      vertex 6.4294 95.3494 3.2
      vertex 6.4294 36.6506 3.2
      vertex 6.5865 36.9445 3.2
    endloop
  endfacet
  facet normal 0 0 1
    outer loop
      vertex 6.33266 95.6684 3.2
      vertex 6.4294 36.6506 3.2
      vertex 6.4294 95.3494 3.2
    endloop
  endfacet
  facet normal 0 0 1
    outer loop
      vertex 6.33266 95.6684 3.2
      vertex 6.33266 36.3317 3.2
      vertex 6.4294 36.6506 3.2
    endloop
  endfacet
  facet normal 0 0 1
    outer loop
      vertex 6.3 96 3.2
      vertex 6.33266 36.3317 3.2
      vertex 6.33266 95.6684 3.2
    endloop
  endfacet
  facet normal 0 0 1
    outer loop
      vertex 6.33266 36.3317 3.2
      vertex 6.3 96 3.2
      vertex 6.3 36 3.2
    endloop
  endfacet
  facet normal 0 0 1
    outer loop
      vertex 16 150 3.2
      vertex 9.7 96 3.2
      vertex 16 0 3.2
    endloop
  endfacet
  facet normal 0 0 1
    outer loop
      vertex 16 150 3.2
      vertex 9.66733 96.3316 3.2
      vertex 9.7 96 3.2
    endloop
  endfacet
  facet normal 0 0 1
    outer loop
      vertex 16 150 3.2
      vertex 9.57059 96.6506 3.2
      vertex 9.66733 96.3316 3.2
    endloop
  endfacet
  facet normal 0 0 1
    outer loop
      vertex 16 150 3.2
      vertex 9.4135 96.9445 3.2
      vertex 9.57059 96.6506 3.2
    endloop
  endfacet
  facet normal 0 0 1
    outer loop
      vertex 16 150 3.2
      vertex 9.20208 97.2021 3.2
      vertex 9.4135 96.9445 3.2
    endloop
  endfacet
  facet normal 0 0 1
    outer loop
      vertex 16 150 3.2
      vertex 8.94447 97.4135 3.2
      vertex 9.20208 97.2021 3.2
    endloop
  endfacet
  facet normal 0 0 1
    outer loop
      vertex 16 150 3.2
      vertex 8.65056 97.5706 3.2
      vertex 8.94447 97.4135 3.2
    endloop
  endfacet
  facet normal 0 0 1
    outer loop
      vertex 16 150 3.2
      vertex 8.33165 97.6673 3.2
      vertex 8.65056 97.5706 3.2
    endloop
  endfacet
  facet normal 0 0 1
    outer loop
      vertex 16 150 3.2
      vertex 8 97.7 3.2
      vertex 8.33165 97.6673 3.2
    endloop
  endfacet
  facet normal -0 0 1
    outer loop
      vertex 0 150 3.2
      vertex 8 97.7 3.2
      vertex 16 150 3.2
    endloop
  endfacet
  facet normal 0 0 1
    outer loop
      vertex 8 97.7 3.2
      vertex 0 150 3.2
      vertex 7.66835 97.6673 3.2
    endloop
  endfacet
  facet normal 0 0 1
    outer loop
      vertex 7.66835 97.6673 3.2
      vertex 0 150 3.2
      vertex 7.34944 97.5706 3.2
    endloop
  endfacet
  facet normal 0 0 1
    outer loop
      vertex 7.34944 97.5706 3.2
      vertex 0 150 3.2
      vertex 7.05553 97.4135 3.2
    endloop
  endfacet
  facet normal 0 0 1
    outer loop
      vertex 7.05553 97.4135 3.2
      vertex 0 150 3.2
      vertex 6.79792 97.2021 3.2
    endloop
  endfacet
  facet normal 0 0 1
    outer loop
      vertex 6.79792 97.2021 3.2
      vertex 0 150 3.2
      vertex 6.5865 96.9445 3.2
    endloop
  endfacet
  facet normal 0 0 1
    outer loop
      vertex 6.5865 96.9445 3.2
      vertex 0 150 3.2
      vertex 6.4294 96.6506 3.2
    endloop
  endfacet
  facet normal 0 0 1
    outer loop
      vertex 0 0 3.2
      vertex 6.3 96 3.2
      vertex 0 150 3.2
    endloop
  endfacet
  facet normal 0 0 1
    outer loop
      vertex 6.33266 96.3316 3.2
      vertex 0 150 3.2
      vertex 6.3 96 3.2
    endloop
  endfacet
  facet normal 0 0 1
    outer loop
      vertex 6.4294 96.6506 3.2
      vertex 0 150 3.2
      vertex 6.33266 96.3316 3.2
    endloop
  endfacet
  facet normal -0 0 1
    outer loop
      vertex 9.7 36 3.2
      vertex 16 0 3.2
      vertex 9.7 96 3.2
    endloop
  endfacet
  facet normal -0 0 1
    outer loop
      vertex 9.66733 35.6683 3.2
      vertex 16 0 3.2
      vertex 9.7 36 3.2
    endloop
  endfacet
  facet normal -0 0 1
    outer loop
      vertex 9.57059 35.3494 3.2
      vertex 16 0 3.2
      vertex 9.66733 35.6683 3.2
    endloop
  endfacet
  facet normal -0 0 1
    outer loop
      vertex 9.4135 35.0555 3.2
      vertex 16 0 3.2
      vertex 9.57059 35.3494 3.2
    endloop
  endfacet
  facet normal -0 0 1
    outer loop
      vertex 9.20208 34.7979 3.2
      vertex 16 0 3.2
      vertex 9.4135 35.0555 3.2
    endloop
  endfacet
  facet normal -0 0 1
    outer loop
      vertex 8.94447 34.5865 3.2
      vertex 16 0 3.2
      vertex 9.20208 34.7979 3.2
    endloop
  endfacet
  facet normal -0 0 1
    outer loop
      vertex 8.65056 34.4294 3.2
      vertex 16 0 3.2
      vertex 8.94447 34.5865 3.2
    endloop
  endfacet
  facet normal -0 0 1
    outer loop
      vertex 8.33165 34.3327 3.2
      vertex 16 0 3.2
      vertex 8.65056 34.4294 3.2
    endloop
  endfacet
  facet normal -0 0 1
    outer loop
      vertex 8 34.3 3.2
      vertex 16 0 3.2
      vertex 8.33165 34.3327 3.2
    endloop
  endfacet
  facet normal 0 0 1
    outer loop
      vertex 0 0 3.2
      vertex 8 34.3 3.2
      vertex 7.66835 34.3327 3.2
    endloop
  endfacet
  facet normal 0 0 1
    outer loop
      vertex 0 0 3.2
      vertex 7.66835 34.3327 3.2
      vertex 7.34944 34.4294 3.2
    endloop
  endfacet
  facet normal 0 0 1
    outer loop
      vertex 0 0 3.2
      vertex 7.34944 34.4294 3.2
      vertex 7.05553 34.5865 3.2
    endloop
  endfacet
  facet normal 0 0 1
    outer loop
      vertex 0 0 3.2
      vertex 7.05553 34.5865 3.2
      vertex 6.79792 34.7979 3.2
    endloop
  endfacet
  facet normal 0 0 1
    outer loop
      vertex 0 0 3.2
      vertex 6.79792 34.7979 3.2
      vertex 6.5865 35.0555 3.2
    endloop
  endfacet
  facet normal 0 0 1
    outer loop
      vertex 0 0 3.2
      vertex 6.5865 35.0555 3.2
      vertex 6.4294 35.3494 3.2
    endloop
  endfacet
  facet normal 0 0 1
    outer loop
      vertex 0 0 3.2
      vertex 6.4294 35.3494 3.2
      vertex 6.33266 35.6683 3.2
    endloop
  endfacet
  facet normal 0 0 1
    outer loop
      vertex 8 34.3 3.2
      vertex 0 0 3.2
      vertex 16 0 3.2
    endloop
  endfacet
  facet normal 0 0 1
    outer loop
      vertex 6.3 36 3.2
      vertex 0 0 3.2
      vertex 6.33266 35.6683 3.2
    endloop
  endfacet
  facet normal 0 0 1
    outer loop
      vertex 6.3 96 3.2
      vertex 0 0 3.2
      vertex 6.3 36 3.2
    endloop
  endfacet
  facet normal -0 0 1
    outer loop
      vertex 16 22 4.3
      vertex 51.9 16 4.3
      vertex 51.9 22 4.3
    endloop
  endfacet
  facet normal 0 0 1
    outer loop
      vertex 51.9 16 4.3
      vertex 16 22 4.3
      vertex 16 16 4.3
    endloop
  endfacet
  facet normal -0 0 1
    outer loop
      vertex 57.9 22 4.3
      vertex 134.7 16 4.3
      vertex 134.7 22 4.3
    endloop
  endfacet
  facet normal 0 0 1
    outer loop
      vertex 134.7 16 4.3
      vertex 57.9 22 4.3
      vertex 57.9 16 4.3
    endloop
  endfacet
  facet normal -0 0 1
    outer loop
      vertex 140.7 22 4.3
      vertex 182.6 16 4.3
      vertex 182.6 22 4.3
    endloop
  endfacet
  facet normal 0 0 1
    outer loop
      vertex 182.6 16 4.3
      vertex 140.7 22 4.3
      vertex 140.7 16 4.3
    endloop
  endfacet
  facet normal 0 -1 0
    outer loop
      vertex 16 22 4.3
      vertex 51.9 22 6.6
      vertex 16 22 6.6
    endloop
  endfacet
  facet normal 0 -1 -0
    outer loop
      vertex 51.9 22 6.6
      vertex 16 22 4.3
      vertex 51.9 22 4.3
    endloop
  endfacet
  facet normal 0 -1 0
    outer loop
      vertex 57.9 22 4.3
      vertex 134.7 22 6.6
      vertex 57.9 22 6.6
    endloop
  endfacet
  facet normal 0 -1 -0
    outer loop
      vertex 134.7 22 6.6
      vertex 57.9 22 4.3
      vertex 134.7 22 4.3
    endloop
  endfacet
  facet normal 0 -1 0
    outer loop
      vertex 140.7 22 4.3
      vertex 182.6 22 6.6
      vertex 140.7 22 6.6
    endloop
  endfacet
  facet normal 0 -1 -0
    outer loop
      vertex 182.6 22 6.6
      vertex 140.7 22 4.3
      vertex 182.6 22 4.3
    endloop
  endfacet
endsolid OpenSCAD_Model
