solid OpenSCAD_Model
  facet normal 1 -0 0
    outer loop
      vertex 200 0 3.6
      vertex 200 176 0
      vertex 200 176 3.6
    endloop
  endfacet
  facet normal 1 0 0
    outer loop
      vertex 200 176 0
      vertex 200 0 3.6
      vertex 200 0 0
    endloop
  endfacet
  facet normal -0 0 1
    outer loop
      vertex 7.46474 8.00435 3.6
      vertex 9.90939 6.52599 3.6
      vertex 9.9874 8.00435 3.6
    endloop
  endfacet
  facet normal 0 0 1
    outer loop
      vertex 9.90939 6.52599 3.6
      vertex 7.46474 8.00435 3.6
      vertex 7.46474 6.52599 3.6
    endloop
  endfacet
  facet normal -0 0 1
    outer loop
      vertex 9.7 158 3.6
      vertex 16 140 3.6
      vertex 16 176 3.6
    endloop
  endfacet
  facet normal -0 0 1
    outer loop
      vertex 9.57059 157.349 3.6
      vertex 16 140 3.6
      vertex 9.66733 157.668 3.6
    endloop
  endfacet
  facet normal -0 0 1
    outer loop
      vertex 9.4135 157.056 3.6
      vertex 16 140 3.6
      vertex 9.57059 157.349 3.6
    endloop
  endfacet
  facet normal -0 0 1
    outer loop
      vertex 9.20208 156.798 3.6
      vertex 16 140 3.6
      vertex 9.4135 157.056 3.6
    endloop
  endfacet
  facet normal -0 0 1
    outer loop
      vertex 8.94447 156.587 3.6
      vertex 16 140 3.6
      vertex 9.20208 156.798 3.6
    endloop
  endfacet
  facet normal 0 0 1
    outer loop
      vertex 15.3957 7.12088 3.6
      vertex 14.7459 7.03404 3.6
      vertex 15.3248 6.41074 3.6
    endloop
  endfacet
  facet normal 0 0 1
    outer loop
      vertex 14.7459 7.03404 3.6
      vertex 15.3957 7.12088 3.6
      vertex 14.7775 7.35335 3.6
    endloop
  endfacet
  facet normal -0 0 1
    outer loop
      vertex 8.65056 156.429 3.6
      vertex 16 140 3.6
      vertex 8.94447 156.587 3.6
    endloop
  endfacet
  facet normal 0 0 1
    outer loop
      vertex 15.6081 7.71875 3.6
      vertex 14.7775 7.35335 3.6
      vertex 15.3957 7.12088 3.6
    endloop
  endfacet
  facet normal 0 -0 1
    outer loop
      vertex 14.7775 7.35335 3.6
      vertex 15.6081 7.71875 3.6
      vertex 14.7259 7.7766 3.6
    endloop
  endfacet
  facet normal -0 -0 1
    outer loop
      vertex 14.7259 7.7766 3.6
      vertex 15.6081 7.71875 3.6
      vertex 14.5711 8.12865 3.6
    endloop
  endfacet
  facet normal 0 0 1
    outer loop
      vertex 15.9623 8.20435 3.6
      vertex 14.5711 8.12865 3.6
      vertex 15.6081 7.71875 3.6
    endloop
  endfacet
  facet normal -0 0 1
    outer loop
      vertex 8.33165 156.333 3.6
      vertex 16 140 3.6
      vertex 8.65056 156.429 3.6
    endloop
  endfacet
  facet normal 0 0 1
    outer loop
      vertex 9.9874 8.00435 3.6
      vertex 10.607 8.77739 3.6
      vertex 9.9874 8.77739 3.6
    endloop
  endfacet
  facet normal -0 -0 1
    outer loop
      vertex 14.313 8.40948 3.6
      vertex 15.9623 8.20435 3.6
      vertex 13.96 8.61388 3.6
    endloop
  endfacet
  facet normal 0 0 1
    outer loop
      vertex 16 140 3.6
      vertex 9.7 158 3.6
      vertex 9.66733 157.668 3.6
    endloop
  endfacet
  facet normal 0 0 1
    outer loop
      vertex 16 176 3.6
      vertex 9.66733 158.332 3.6
      vertex 9.7 158 3.6
    endloop
  endfacet
  facet normal 0 0 1
    outer loop
      vertex 16 176 3.6
      vertex 9.57059 158.651 3.6
      vertex 9.66733 158.332 3.6
    endloop
  endfacet
  facet normal 0 0 1
    outer loop
      vertex 16 176 3.6
      vertex 9.4135 158.944 3.6
      vertex 9.57059 158.651 3.6
    endloop
  endfacet
  facet normal 0 0 1
    outer loop
      vertex 16 176 3.6
      vertex 9.20208 159.202 3.6
      vertex 9.4135 158.944 3.6
    endloop
  endfacet
  facet normal 0 0 1
    outer loop
      vertex 16 176 3.6
      vertex 8.94447 159.413 3.6
      vertex 9.20208 159.202 3.6
    endloop
  endfacet
  facet normal 0 0 1
    outer loop
      vertex 16 176 3.6
      vertex 8.65056 159.571 3.6
      vertex 8.94447 159.413 3.6
    endloop
  endfacet
  facet normal 0 0 1
    outer loop
      vertex 16 176 3.6
      vertex 8.33165 159.667 3.6
      vertex 8.65056 159.571 3.6
    endloop
  endfacet
  facet normal 0 0 1
    outer loop
      vertex 16 176 3.6
      vertex 8 159.7 3.6
      vertex 8.33165 159.667 3.6
    endloop
  endfacet
  facet normal -0 0 1
    outer loop
      vertex 0 176 3.6
      vertex 8 159.7 3.6
      vertex 16 176 3.6
    endloop
  endfacet
  facet normal 0 0 1
    outer loop
      vertex 8 159.7 3.6
      vertex 0 176 3.6
      vertex 7.66835 159.667 3.6
    endloop
  endfacet
  facet normal 0 0 1
    outer loop
      vertex 7.66835 159.667 3.6
      vertex 0 176 3.6
      vertex 7.34944 159.571 3.6
    endloop
  endfacet
  facet normal 0 0 1
    outer loop
      vertex 7.34944 159.571 3.6
      vertex 0 176 3.6
      vertex 7.05553 159.413 3.6
    endloop
  endfacet
  facet normal 0 0 1
    outer loop
      vertex 7.05553 159.413 3.6
      vertex 0 176 3.6
      vertex 6.79792 159.202 3.6
    endloop
  endfacet
  facet normal 0 0 1
    outer loop
      vertex 6.33266 158.332 3.6
      vertex 0 176 3.6
      vertex 6.3 158 3.6
    endloop
  endfacet
  facet normal 0 0 1
    outer loop
      vertex 6.4294 158.651 3.6
      vertex 0 176 3.6
      vertex 6.33266 158.332 3.6
    endloop
  endfacet
  facet normal 0 0 1
    outer loop
      vertex 6.5865 158.944 3.6
      vertex 0 176 3.6
      vertex 6.4294 158.651 3.6
    endloop
  endfacet
  facet normal 0 0 1
    outer loop
      vertex 6.79792 159.202 3.6
      vertex 0 176 3.6
      vertex 6.5865 158.944 3.6
    endloop
  endfacet
  facet normal 0 0 1
    outer loop
      vertex 23.6887 4 3.6
      vertex 21.6611 7.05795 3.6
      vertex 21.6679 6.8176 3.6
    endloop
  endfacet
  facet normal 0 0 1
    outer loop
      vertex 23.6887 4 3.6
      vertex 21.6408 7.34503 3.6
      vertex 21.6611 7.05795 3.6
    endloop
  endfacet
  facet normal -0 -0 1
    outer loop
      vertex 21.6408 7.34503 3.6
      vertex 23.6887 4 3.6
      vertex 21.6069 7.67885 3.6
    endloop
  endfacet
  facet normal 0 0 1
    outer loop
      vertex 24.0006 5.3992 3.6
      vertex 21.9222 8.77739 3.6
      vertex 24.0345 5.06804 3.6
    endloop
  endfacet
  facet normal 0 0 1
    outer loop
      vertex 23.9803 5.70999 3.6
      vertex 21.9222 8.77739 3.6
      vertex 24.0006 5.3992 3.6
    endloop
  endfacet
  facet normal 0 0 1
    outer loop
      vertex 21.9222 8.77739 3.6
      vertex 23.9803 5.70999 3.6
      vertex 23.9735 6.00044 3.6
    endloop
  endfacet
  facet normal -0 0 1
    outer loop
      vertex 14.6509 6.74525 3.6
      vertex 15.3248 6.41074 3.6
      vertex 14.7459 7.03404 3.6
    endloop
  endfacet
  facet normal -0 0 1
    outer loop
      vertex 14.4927 6.487 3.6
      vertex 15.3248 6.41074 3.6
      vertex 14.6509 6.74525 3.6
    endloop
  endfacet
  facet normal 0 0 1
    outer loop
      vertex 14.2806 6.27171 3.6
      vertex 15.3248 6.41074 3.6
      vertex 14.4927 6.487 3.6
    endloop
  endfacet
  facet normal 0 0 1
    outer loop
      vertex 15.3248 6.41074 3.6
      vertex 14.2806 6.27171 3.6
      vertex 15.0149 4 3.6
    endloop
  endfacet
  facet normal -0 0 1
    outer loop
      vertex 14.024 6.11179 3.6
      vertex 15.0149 4 3.6
      vertex 14.2806 6.27171 3.6
    endloop
  endfacet
  facet normal 0 0 1
    outer loop
      vertex 15.0149 4 3.6
      vertex 14.024 6.11179 3.6
      vertex 13.723 6.00725 3.6
    endloop
  endfacet
  facet normal 0 -0 1
    outer loop
      vertex 14.5711 8.12865 3.6
      vertex 15.9623 8.20435 3.6
      vertex 14.313 8.40948 3.6
    endloop
  endfacet
  facet normal 0 0 1
    outer loop
      vertex 16 140 3.6
      vertex 13.5203 8.73651 3.6
      vertex 15.9623 8.20435 3.6
    endloop
  endfacet
  facet normal 0 0 1
    outer loop
      vertex 15.9623 8.20435 3.6
      vertex 13.5203 8.73651 3.6
      vertex 13.96 8.61388 3.6
    endloop
  endfacet
  facet normal -0 0 1
    outer loop
      vertex 8 156.3 3.6
      vertex 16 140 3.6
      vertex 8.33165 156.333 3.6
    endloop
  endfacet
  facet normal 0 0 1
    outer loop
      vertex 16 140 3.6
      vertex 12.994 8.77739 3.6
      vertex 13.5203 8.73651 3.6
    endloop
  endfacet
  facet normal 0 0 1
    outer loop
      vertex 7.66835 156.333 3.6
      vertex 16 140 3.6
      vertex 8 156.3 3.6
    endloop
  endfacet
  facet normal 0 0 1
    outer loop
      vertex 16 140 3.6
      vertex 10.607 8.77739 3.6
      vertex 12.994 8.77739 3.6
    endloop
  endfacet
  facet normal 0 0 1
    outer loop
      vertex 16 140 3.6
      vertex 9.9874 8.77739 3.6
      vertex 10.607 8.77739 3.6
    endloop
  endfacet
  facet normal 0 0 1
    outer loop
      vertex 7.34944 156.429 3.6
      vertex 16 140 3.6
      vertex 7.66835 156.333 3.6
    endloop
  endfacet
  facet normal 0 0 1
    outer loop
      vertex 7.05553 156.587 3.6
      vertex 16 140 3.6
      vertex 7.34944 156.429 3.6
    endloop
  endfacet
  facet normal 0 0 1
    outer loop
      vertex 6.79792 156.798 3.6
      vertex 16 140 3.6
      vertex 7.05553 156.587 3.6
    endloop
  endfacet
  facet normal 0 0 1
    outer loop
      vertex 6.5865 157.056 3.6
      vertex 16 140 3.6
      vertex 6.79792 156.798 3.6
    endloop
  endfacet
  facet normal 0 0 1
    outer loop
      vertex 0 0 3.6
      vertex 16 140 3.6
      vertex 6.5865 157.056 3.6
    endloop
  endfacet
  facet normal 0 0 1
    outer loop
      vertex 16 140 3.6
      vertex 6.46449 8.77739 3.6
      vertex 9.9874 8.77739 3.6
    endloop
  endfacet
  facet normal 0 0 1
    outer loop
      vertex 16 140 3.6
      vertex 0 0 3.6
      vertex 6.46449 8.77739 3.6
    endloop
  endfacet
  facet normal 0 0 1
    outer loop
      vertex 0 0 3.6
      vertex 6.5865 157.056 3.6
      vertex 6.4294 157.349 3.6
    endloop
  endfacet
  facet normal 0 0 1
    outer loop
      vertex 26.8332 8.00435 3.6
      vertex 25.2905 8.00435 3.6
      vertex 26.8332 4 3.6
    endloop
  endfacet
  facet normal 0 0 1
    outer loop
      vertex 68 86 3.6
      vertex 28.9445 92.5865 3.6
      vertex 68 46 3.6
    endloop
  endfacet
  facet normal -0 0 1
    outer loop
      vertex 28.6506 92.4294 3.6
      vertex 68 46 3.6
      vertex 28.9445 92.5865 3.6
    endloop
  endfacet
  facet normal -0 0 1
    outer loop
      vertex 28.3317 92.3327 3.6
      vertex 68 46 3.6
      vertex 28.6506 92.4294 3.6
    endloop
  endfacet
  facet normal -0 0 1
    outer loop
      vertex 28 92.3 3.6
      vertex 68 46 3.6
      vertex 28.3317 92.3327 3.6
    endloop
  endfacet
  facet normal 0 0 1
    outer loop
      vertex 25.2905 8.77739 3.6
      vertex 68 46 3.6
      vertex 28 92.3 3.6
    endloop
  endfacet
  facet normal 0 0 1
    outer loop
      vertex 23.9735 8.77739 3.6
      vertex 28 92.3 3.6
      vertex 27.6683 92.3327 3.6
    endloop
  endfacet
  facet normal 0 0 1
    outer loop
      vertex 17.7356 8.84859 3.6
      vertex 27.6683 92.3327 3.6
      vertex 27.3494 92.4294 3.6
    endloop
  endfacet
  facet normal 0 0 1
    outer loop
      vertex 17.0337 8.77701 3.6
      vertex 27.3494 92.4294 3.6
      vertex 27.0555 92.5865 3.6
    endloop
  endfacet
  facet normal 0 0 1
    outer loop
      vertex 16.4426 8.56226 3.6
      vertex 27.0555 92.5865 3.6
      vertex 26.7979 92.7979 3.6
    endloop
  endfacet
  facet normal 0 0 1
    outer loop
      vertex 16.4426 8.56226 3.6
      vertex 26.7979 92.7979 3.6
      vertex 26.5865 93.0555 3.6
    endloop
  endfacet
  facet normal 0 0 1
    outer loop
      vertex 15.9623 8.20435 3.6
      vertex 26.5865 93.0555 3.6
      vertex 26.4294 93.3494 3.6
    endloop
  endfacet
  facet normal 0 0 1
    outer loop
      vertex 15.9623 8.20435 3.6
      vertex 26.4294 93.3494 3.6
      vertex 26.3327 93.6684 3.6
    endloop
  endfacet
  facet normal 0 0 1
    outer loop
      vertex 15.9623 8.20435 3.6
      vertex 26.3327 93.6684 3.6
      vertex 26.3 94 3.6
    endloop
  endfacet
  facet normal 0 0 1
    outer loop
      vertex 68 46 3.6
      vertex 25.2905 8.77739 3.6
      vertex 29.3796 8.77739 3.6
    endloop
  endfacet
  facet normal 0 0 1
    outer loop
      vertex 184 140 3.6
      vertex 173.667 94.3316 3.6
      vertex 173.7 94 3.6
    endloop
  endfacet
  facet normal 0 0 1
    outer loop
      vertex 184 140 3.6
      vertex 173.571 94.6506 3.6
      vertex 173.667 94.3316 3.6
    endloop
  endfacet
  facet normal 0 0 1
    outer loop
      vertex 184 140 3.6
      vertex 173.413 94.9445 3.6
      vertex 173.571 94.6506 3.6
    endloop
  endfacet
  facet normal 0 0 1
    outer loop
      vertex 184 140 3.6
      vertex 173.202 95.2021 3.6
      vertex 173.413 94.9445 3.6
    endloop
  endfacet
  facet normal 0 0 1
    outer loop
      vertex 184 140 3.6
      vertex 172.944 95.4135 3.6
      vertex 173.202 95.2021 3.6
    endloop
  endfacet
  facet normal 0 0 1
    outer loop
      vertex 184 140 3.6
      vertex 172.651 95.5706 3.6
      vertex 172.944 95.4135 3.6
    endloop
  endfacet
  facet normal 0 0 1
    outer loop
      vertex 184 140 3.6
      vertex 172.332 95.6673 3.6
      vertex 172.651 95.5706 3.6
    endloop
  endfacet
  facet normal 0 0 1
    outer loop
      vertex 184 140 3.6
      vertex 172 95.7 3.6
      vertex 172.332 95.6673 3.6
    endloop
  endfacet
  facet normal 0 0 1
    outer loop
      vertex 184 140 3.6
      vertex 171.668 95.6673 3.6
      vertex 172 95.7 3.6
    endloop
  endfacet
  facet normal 0 0 1
    outer loop
      vertex 184 140 3.6
      vertex 171.349 95.5706 3.6
      vertex 171.668 95.6673 3.6
    endloop
  endfacet
  facet normal 0 0 1
    outer loop
      vertex 184 140 3.6
      vertex 171.056 95.4135 3.6
      vertex 171.349 95.5706 3.6
    endloop
  endfacet
  facet normal 0 0 1
    outer loop
      vertex 136.944 95.4135 3.6
      vertex 171.056 95.4135 3.6
      vertex 184 140 3.6
    endloop
  endfacet
  facet normal 0 0 1
    outer loop
      vertex 171.056 95.4135 3.6
      vertex 136.944 95.4135 3.6
      vertex 170.798 95.2021 3.6
    endloop
  endfacet
  facet normal 0 -0 1
    outer loop
      vertex 137.202 95.2021 3.6
      vertex 170.798 95.2021 3.6
      vertex 136.944 95.4135 3.6
    endloop
  endfacet
  facet normal 0 0 1
    outer loop
      vertex 170.798 95.2021 3.6
      vertex 137.202 95.2021 3.6
      vertex 170.587 94.9445 3.6
    endloop
  endfacet
  facet normal 0 0 1
    outer loop
      vertex 170.333 94.3316 3.6
      vertex 137.7 94 3.6
      vertex 170.3 94 3.6
    endloop
  endfacet
  facet normal 0 -0 1
    outer loop
      vertex 137.413 94.9445 3.6
      vertex 170.587 94.9445 3.6
      vertex 137.202 95.2021 3.6
    endloop
  endfacet
  facet normal 0 0 1
    outer loop
      vertex 170.333 94.3316 3.6
      vertex 137.667 94.3316 3.6
      vertex 137.7 94 3.6
    endloop
  endfacet
  facet normal 0 0 1
    outer loop
      vertex 170.333 94.3316 3.6
      vertex 137.571 94.6506 3.6
      vertex 137.667 94.3316 3.6
    endloop
  endfacet
  facet normal 0 0 1
    outer loop
      vertex 170.429 94.6506 3.6
      vertex 137.571 94.6506 3.6
      vertex 170.333 94.3316 3.6
    endloop
  endfacet
  facet normal 0 -0 1
    outer loop
      vertex 137.571 94.6506 3.6
      vertex 170.429 94.6506 3.6
      vertex 137.413 94.9445 3.6
    endloop
  endfacet
  facet normal 0 0 1
    outer loop
      vertex 170.587 94.9445 3.6
      vertex 137.413 94.9445 3.6
      vertex 170.429 94.6506 3.6
    endloop
  endfacet
  facet normal 0 0 1
    outer loop
      vertex 184 140 3.6
      vertex 136.651 95.5706 3.6
      vertex 136.944 95.4135 3.6
    endloop
  endfacet
  facet normal 0 0 1
    outer loop
      vertex 184 140 3.6
      vertex 136.332 95.6673 3.6
      vertex 136.651 95.5706 3.6
    endloop
  endfacet
  facet normal -0 0 1
    outer loop
      vertex 120 101 3.6
      vertex 136.332 95.6673 3.6
      vertex 184 140 3.6
    endloop
  endfacet
  facet normal 0 0 1
    outer loop
      vertex 136.332 95.6673 3.6
      vertex 120 101 3.6
      vertex 136 95.7 3.6
    endloop
  endfacet
  facet normal 0 0 1
    outer loop
      vertex 136 95.7 3.6
      vertex 120 101 3.6
      vertex 135.668 95.6673 3.6
    endloop
  endfacet
  facet normal 0 0 1
    outer loop
      vertex 135.668 95.6673 3.6
      vertex 120 101 3.6
      vertex 135.349 95.5706 3.6
    endloop
  endfacet
  facet normal 0 0 1
    outer loop
      vertex 135.349 95.5706 3.6
      vertex 120 101 3.6
      vertex 135.056 95.4135 3.6
    endloop
  endfacet
  facet normal 0 0 1
    outer loop
      vertex 120 91 3.6
      vertex 134.3 94 3.6
      vertex 134.333 94.3316 3.6
    endloop
  endfacet
  facet normal 0 0 1
    outer loop
      vertex 120 91 3.6
      vertex 134.333 94.3316 3.6
      vertex 120 101 3.6
    endloop
  endfacet
  facet normal 0 0 1
    outer loop
      vertex 134.429 94.6506 3.6
      vertex 120 101 3.6
      vertex 134.333 94.3316 3.6
    endloop
  endfacet
  facet normal 0 0 1
    outer loop
      vertex 134.587 94.9445 3.6
      vertex 120 101 3.6
      vertex 134.429 94.6506 3.6
    endloop
  endfacet
  facet normal 0 0 1
    outer loop
      vertex 134.798 95.2021 3.6
      vertex 120 101 3.6
      vertex 134.587 94.9445 3.6
    endloop
  endfacet
  facet normal 0 0 1
    outer loop
      vertex 135.056 95.4135 3.6
      vertex 120 101 3.6
      vertex 134.798 95.2021 3.6
    endloop
  endfacet
  facet normal 0 0 1
    outer loop
      vertex 184 140 3.6
      vertex 108 101 3.6
      vertex 120 101 3.6
    endloop
  endfacet
  facet normal 0 0 1
    outer loop
      vertex 108 101 3.6
      vertex 68 86 3.6
      vertex 108 91 3.6
    endloop
  endfacet
  facet normal -0 0 1
    outer loop
      vertex 16 140 3.6
      vertex 108 101 3.6
      vertex 184 140 3.6
    endloop
  endfacet
  facet normal -0 0 1
    outer loop
      vertex 65.6673 93.6684 3.6
      vertex 68 86 3.6
      vertex 65.7 94 3.6
    endloop
  endfacet
  facet normal 0 -0 1
    outer loop
      vertex 65.7 94 3.6
      vertex 108 101 3.6
      vertex 65.6673 94.3316 3.6
    endloop
  endfacet
  facet normal 0 0 1
    outer loop
      vertex 108 101 3.6
      vertex 65.7 94 3.6
      vertex 68 86 3.6
    endloop
  endfacet
  facet normal 0 0 1
    outer loop
      vertex 108 101 3.6
      vertex 65.5706 94.6506 3.6
      vertex 65.6673 94.3316 3.6
    endloop
  endfacet
  facet normal 0 0 1
    outer loop
      vertex 108 101 3.6
      vertex 65.4135 94.9445 3.6
      vertex 65.5706 94.6506 3.6
    endloop
  endfacet
  facet normal 0 0 1
    outer loop
      vertex 108 101 3.6
      vertex 65.2021 95.2021 3.6
      vertex 65.4135 94.9445 3.6
    endloop
  endfacet
  facet normal 0 0 1
    outer loop
      vertex 108 101 3.6
      vertex 64.9445 95.4135 3.6
      vertex 65.2021 95.2021 3.6
    endloop
  endfacet
  facet normal 0 0 1
    outer loop
      vertex 108 101 3.6
      vertex 64.6506 95.5706 3.6
      vertex 64.9445 95.4135 3.6
    endloop
  endfacet
  facet normal 0 -0 1
    outer loop
      vertex 64.3316 95.6673 3.6
      vertex 108 101 3.6
      vertex 16 140 3.6
    endloop
  endfacet
  facet normal 0 0 1
    outer loop
      vertex 108 101 3.6
      vertex 64.3316 95.6673 3.6
      vertex 64.6506 95.5706 3.6
    endloop
  endfacet
  facet normal 0 0 1
    outer loop
      vertex 64.3316 95.6673 3.6
      vertex 16 140 3.6
      vertex 64 95.7 3.6
    endloop
  endfacet
  facet normal 0 0 1
    outer loop
      vertex 64 95.7 3.6
      vertex 16 140 3.6
      vertex 63.6683 95.6673 3.6
    endloop
  endfacet
  facet normal 0 0 1
    outer loop
      vertex 62.3327 94.3316 3.6
      vertex 29.7 94 3.6
      vertex 62.3 94 3.6
    endloop
  endfacet
  facet normal 0 0 1
    outer loop
      vertex 29.6673 94.3316 3.6
      vertex 62.3327 94.3316 3.6
      vertex 62.4294 94.6506 3.6
    endloop
  endfacet
  facet normal 0 0 1
    outer loop
      vertex 29.5706 94.6506 3.6
      vertex 62.4294 94.6506 3.6
      vertex 62.5865 94.9445 3.6
    endloop
  endfacet
  facet normal 0 0 1
    outer loop
      vertex 29.4135 94.9445 3.6
      vertex 62.5865 94.9445 3.6
      vertex 62.7979 95.2021 3.6
    endloop
  endfacet
  facet normal 0 0 1
    outer loop
      vertex 29.2021 95.2021 3.6
      vertex 62.7979 95.2021 3.6
      vertex 63.0555 95.4135 3.6
    endloop
  endfacet
  facet normal 0 0 1
    outer loop
      vertex 16 140 3.6
      vertex 63.0555 95.4135 3.6
      vertex 63.3494 95.5706 3.6
    endloop
  endfacet
  facet normal 0 0 1
    outer loop
      vertex 63.6683 95.6673 3.6
      vertex 16 140 3.6
      vertex 63.3494 95.5706 3.6
    endloop
  endfacet
  facet normal 0 0 1
    outer loop
      vertex 62.3327 94.3316 3.6
      vertex 29.6673 94.3316 3.6
      vertex 29.7 94 3.6
    endloop
  endfacet
  facet normal 0 0 1
    outer loop
      vertex 62.4294 94.6506 3.6
      vertex 29.5706 94.6506 3.6
      vertex 29.6673 94.3316 3.6
    endloop
  endfacet
  facet normal 0 0 1
    outer loop
      vertex 62.5865 94.9445 3.6
      vertex 29.4135 94.9445 3.6
      vertex 29.5706 94.6506 3.6
    endloop
  endfacet
  facet normal 0 0 1
    outer loop
      vertex 63.0555 95.4135 3.6
      vertex 16 140 3.6
      vertex 28.9445 95.4135 3.6
    endloop
  endfacet
  facet normal 0 0 1
    outer loop
      vertex 62.7979 95.2021 3.6
      vertex 29.2021 95.2021 3.6
      vertex 29.4135 94.9445 3.6
    endloop
  endfacet
  facet normal 0 0 1
    outer loop
      vertex 63.0555 95.4135 3.6
      vertex 28.9445 95.4135 3.6
      vertex 29.2021 95.2021 3.6
    endloop
  endfacet
  facet normal 0 0 1
    outer loop
      vertex 28.9445 95.4135 3.6
      vertex 16 140 3.6
      vertex 28.6506 95.5706 3.6
    endloop
  endfacet
  facet normal 0 0 1
    outer loop
      vertex 28.6506 95.5706 3.6
      vertex 16 140 3.6
      vertex 28.3317 95.6673 3.6
    endloop
  endfacet
  facet normal 0 0 1
    outer loop
      vertex 28.3317 95.6673 3.6
      vertex 16 140 3.6
      vertex 28 95.7 3.6
    endloop
  endfacet
  facet normal 0 0 1
    outer loop
      vertex 25.2905 8.77739 3.6
      vertex 24.8619 8.77739 3.6
      vertex 25.2905 8.00435 3.6
    endloop
  endfacet
  facet normal 0 0 1
    outer loop
      vertex 28 92.3 3.6
      vertex 24.8619 8.77739 3.6
      vertex 25.2905 8.77739 3.6
    endloop
  endfacet
  facet normal 0 0 1
    outer loop
      vertex 28 92.3 3.6
      vertex 23.9735 8.77739 3.6
      vertex 24.8619 8.77739 3.6
    endloop
  endfacet
  facet normal 0 0 1
    outer loop
      vertex 23.9735 8.77739 3.6
      vertex 21.9222 8.77739 3.6
      vertex 23.9735 6.00044 3.6
    endloop
  endfacet
  facet normal 0 0 1
    outer loop
      vertex 27.6683 92.3327 3.6
      vertex 21.9222 8.77739 3.6
      vertex 23.9735 8.77739 3.6
    endloop
  endfacet
  facet normal 0 0 1
    outer loop
      vertex 27.6683 92.3327 3.6
      vertex 20.7795 8.77739 3.6
      vertex 21.9222 8.77739 3.6
    endloop
  endfacet
  facet normal 0 0 1
    outer loop
      vertex 20.7795 8.77739 3.6
      vertex 20.1497 6.41074 3.6
      vertex 20.7795 4 3.6
    endloop
  endfacet
  facet normal 0 0 1
    outer loop
      vertex 27.6683 92.3327 3.6
      vertex 17.7356 8.84859 3.6
      vertex 20.7795 8.77739 3.6
    endloop
  endfacet
  facet normal 0 0 1
    outer loop
      vertex 20.7795 8.77739 3.6
      vertex 20.0787 7.11411 3.6
      vertex 20.1497 6.41074 3.6
    endloop
  endfacet
  facet normal 0 0 1
    outer loop
      vertex 20.7795 8.77739 3.6
      vertex 19.8656 7.70972 3.6
      vertex 20.0787 7.11411 3.6
    endloop
  endfacet
  facet normal 0 0 1
    outer loop
      vertex 20.7795 8.77739 3.6
      vertex 19.5105 8.19759 3.6
      vertex 19.8656 7.70972 3.6
    endloop
  endfacet
  facet normal 0 0 1
    outer loop
      vertex 20.7795 8.77739 3.6
      vertex 19.0293 8.55927 3.6
      vertex 19.5105 8.19759 3.6
    endloop
  endfacet
  facet normal 0 0 1
    outer loop
      vertex 20.7795 8.77739 3.6
      vertex 18.4376 8.77626 3.6
      vertex 19.0293 8.55927 3.6
    endloop
  endfacet
  facet normal 0 0 1
    outer loop
      vertex 20.7795 8.77739 3.6
      vertex 17.7356 8.84859 3.6
      vertex 18.4376 8.77626 3.6
    endloop
  endfacet
  facet normal 0 0 1
    outer loop
      vertex 16 140 3.6
      vertex 26.3 94 3.6
      vertex 26.3327 94.3316 3.6
    endloop
  endfacet
  facet normal 0 0 1
    outer loop
      vertex 27.3494 92.4294 3.6
      vertex 17.0337 8.77701 3.6
      vertex 17.7356 8.84859 3.6
    endloop
  endfacet
  facet normal 0 0 1
    outer loop
      vertex 27.0555 92.5865 3.6
      vertex 16.4426 8.56226 3.6
      vertex 17.0337 8.77701 3.6
    endloop
  endfacet
  facet normal 0 0 1
    outer loop
      vertex 28 95.7 3.6
      vertex 16 140 3.6
      vertex 27.6683 95.6673 3.6
    endloop
  endfacet
  facet normal 0 0 1
    outer loop
      vertex 16 140 3.6
      vertex 27.3494 95.5706 3.6
      vertex 27.6683 95.6673 3.6
    endloop
  endfacet
  facet normal 0 0 1
    outer loop
      vertex 16 140 3.6
      vertex 27.0555 95.4135 3.6
      vertex 27.3494 95.5706 3.6
    endloop
  endfacet
  facet normal 0 0 1
    outer loop
      vertex 16 140 3.6
      vertex 26.7979 95.2021 3.6
      vertex 27.0555 95.4135 3.6
    endloop
  endfacet
  facet normal 0 0 1
    outer loop
      vertex 16 140 3.6
      vertex 26.5865 94.9445 3.6
      vertex 26.7979 95.2021 3.6
    endloop
  endfacet
  facet normal 0 0 1
    outer loop
      vertex 16 140 3.6
      vertex 26.4294 94.6506 3.6
      vertex 26.5865 94.9445 3.6
    endloop
  endfacet
  facet normal 0 0 1
    outer loop
      vertex 16 140 3.6
      vertex 26.3327 94.3316 3.6
      vertex 26.4294 94.6506 3.6
    endloop
  endfacet
  facet normal 0 0 1
    outer loop
      vertex 26.3 94 3.6
      vertex 16 140 3.6
      vertex 15.9623 8.20435 3.6
    endloop
  endfacet
  facet normal 0 0 1
    outer loop
      vertex 26.5865 93.0555 3.6
      vertex 15.9623 8.20435 3.6
      vertex 16.4426 8.56226 3.6
    endloop
  endfacet
  facet normal 0 0 1
    outer loop
      vertex 134.3 94 3.6
      vertex 120 91 3.6
      vertex 132 86 3.6
    endloop
  endfacet
  facet normal -0 0 1
    outer loop
      vertex 108 91 3.6
      vertex 132 86 3.6
      vertex 120 91 3.6
    endloop
  endfacet
  facet normal 0 0 1
    outer loop
      vertex 132 86 3.6
      vertex 108 91 3.6
      vertex 68 86 3.6
    endloop
  endfacet
  facet normal 0 0 1
    outer loop
      vertex 193.667 157.668 3.6
      vertex 200 176 3.6
      vertex 193.7 158 3.6
    endloop
  endfacet
  facet normal 0 0 1
    outer loop
      vertex 200 176 3.6
      vertex 193.667 158.332 3.6
      vertex 193.7 158 3.6
    endloop
  endfacet
  facet normal 0 0 1
    outer loop
      vertex 200 176 3.6
      vertex 193.571 158.651 3.6
      vertex 193.667 158.332 3.6
    endloop
  endfacet
  facet normal 0 0 1
    outer loop
      vertex 200 176 3.6
      vertex 193.413 158.944 3.6
      vertex 193.571 158.651 3.6
    endloop
  endfacet
  facet normal 0 0 1
    outer loop
      vertex 200 176 3.6
      vertex 193.202 159.202 3.6
      vertex 193.413 158.944 3.6
    endloop
  endfacet
  facet normal 0 0 1
    outer loop
      vertex 200 176 3.6
      vertex 192.944 159.413 3.6
      vertex 193.202 159.202 3.6
    endloop
  endfacet
  facet normal 0 0 1
    outer loop
      vertex 200 176 3.6
      vertex 192.651 159.571 3.6
      vertex 192.944 159.413 3.6
    endloop
  endfacet
  facet normal 0 0 1
    outer loop
      vertex 200 176 3.6
      vertex 192.332 159.667 3.6
      vertex 192.651 159.571 3.6
    endloop
  endfacet
  facet normal 0 0 1
    outer loop
      vertex 200 176 3.6
      vertex 192 159.7 3.6
      vertex 192.332 159.667 3.6
    endloop
  endfacet
  facet normal -0 0 1
    outer loop
      vertex 184 176 3.6
      vertex 192 159.7 3.6
      vertex 200 176 3.6
    endloop
  endfacet
  facet normal 0 0 1
    outer loop
      vertex 192 159.7 3.6
      vertex 184 176 3.6
      vertex 191.668 159.667 3.6
    endloop
  endfacet
  facet normal 0 0 1
    outer loop
      vertex 191.668 159.667 3.6
      vertex 184 176 3.6
      vertex 191.349 159.571 3.6
    endloop
  endfacet
  facet normal 0 0 1
    outer loop
      vertex 191.349 159.571 3.6
      vertex 184 176 3.6
      vertex 191.056 159.413 3.6
    endloop
  endfacet
  facet normal 0 0 1
    outer loop
      vertex 191.056 159.413 3.6
      vertex 184 176 3.6
      vertex 190.798 159.202 3.6
    endloop
  endfacet
  facet normal 0 0 1
    outer loop
      vertex 190.333 158.332 3.6
      vertex 184 176 3.6
      vertex 190.3 158 3.6
    endloop
  endfacet
  facet normal 0 0 1
    outer loop
      vertex 190.429 158.651 3.6
      vertex 184 176 3.6
      vertex 190.333 158.332 3.6
    endloop
  endfacet
  facet normal 0 0 1
    outer loop
      vertex 190.587 158.944 3.6
      vertex 184 176 3.6
      vertex 190.429 158.651 3.6
    endloop
  endfacet
  facet normal 0 0 1
    outer loop
      vertex 190.798 159.202 3.6
      vertex 184 176 3.6
      vertex 190.587 158.944 3.6
    endloop
  endfacet
  facet normal 0 0 1
    outer loop
      vertex 200 176 3.6
      vertex 193.667 157.668 3.6
      vertex 200 0 3.6
    endloop
  endfacet
  facet normal -0 0 1
    outer loop
      vertex 193.571 157.349 3.6
      vertex 200 0 3.6
      vertex 193.667 157.668 3.6
    endloop
  endfacet
  facet normal -0 0 1
    outer loop
      vertex 193.413 157.056 3.6
      vertex 200 0 3.6
      vertex 193.571 157.349 3.6
    endloop
  endfacet
  facet normal 0 0 1
    outer loop
      vertex 184 140 3.6
      vertex 193.413 157.056 3.6
      vertex 193.202 156.798 3.6
    endloop
  endfacet
  facet normal 0 0 1
    outer loop
      vertex 184 140 3.6
      vertex 193.202 156.798 3.6
      vertex 192.944 156.587 3.6
    endloop
  endfacet
  facet normal 0 0 1
    outer loop
      vertex 184 140 3.6
      vertex 192.944 156.587 3.6
      vertex 192.651 156.429 3.6
    endloop
  endfacet
  facet normal 0 0 1
    outer loop
      vertex 184 140 3.6
      vertex 192.651 156.429 3.6
      vertex 192.332 156.333 3.6
    endloop
  endfacet
  facet normal 0 0 1
    outer loop
      vertex 184 140 3.6
      vertex 192.332 156.333 3.6
      vertex 192 156.3 3.6
    endloop
  endfacet
  facet normal 0 0 1
    outer loop
      vertex 184 140 3.6
      vertex 192 156.3 3.6
      vertex 191.668 156.333 3.6
    endloop
  endfacet
  facet normal 0 0 1
    outer loop
      vertex 184 140 3.6
      vertex 191.668 156.333 3.6
      vertex 191.349 156.429 3.6
    endloop
  endfacet
  facet normal 0 0 1
    outer loop
      vertex 184 140 3.6
      vertex 191.349 156.429 3.6
      vertex 191.056 156.587 3.6
    endloop
  endfacet
  facet normal 0 0 1
    outer loop
      vertex 184 140 3.6
      vertex 191.056 156.587 3.6
      vertex 190.798 156.798 3.6
    endloop
  endfacet
  facet normal 0 0 1
    outer loop
      vertex 184 140 3.6
      vertex 190.798 156.798 3.6
      vertex 190.587 157.056 3.6
    endloop
  endfacet
  facet normal 0 0 1
    outer loop
      vertex 184 140 3.6
      vertex 190.587 157.056 3.6
      vertex 190.429 157.349 3.6
    endloop
  endfacet
  facet normal 0 0 1
    outer loop
      vertex 184 140 3.6
      vertex 190.429 157.349 3.6
      vertex 190.333 157.668 3.6
    endloop
  endfacet
  facet normal 0 0 1
    outer loop
      vertex 184 140 3.6
      vertex 190.333 157.668 3.6
      vertex 190.3 158 3.6
    endloop
  endfacet
  facet normal 0 0 1
    outer loop
      vertex 184 140 3.6
      vertex 190.3 158 3.6
      vertex 184 176 3.6
    endloop
  endfacet
  facet normal 0 0 1
    outer loop
      vertex 193.413 157.056 3.6
      vertex 184 140 3.6
      vertex 173.7 94 3.6
    endloop
  endfacet
  facet normal 0 0 1
    outer loop
      vertex 193.413 157.056 3.6
      vertex 173.7 94 3.6
      vertex 200 0 3.6
    endloop
  endfacet
  facet normal -0 0 1
    outer loop
      vertex 173.667 93.6684 3.6
      vertex 200 0 3.6
      vertex 173.7 94 3.6
    endloop
  endfacet
  facet normal -0 0 1
    outer loop
      vertex 173.571 93.3494 3.6
      vertex 200 0 3.6
      vertex 173.667 93.6684 3.6
    endloop
  endfacet
  facet normal -0 0 1
    outer loop
      vertex 173.413 93.0555 3.6
      vertex 200 0 3.6
      vertex 173.571 93.3494 3.6
    endloop
  endfacet
  facet normal -0 0 1
    outer loop
      vertex 173.202 92.7979 3.6
      vertex 200 0 3.6
      vertex 173.413 93.0555 3.6
    endloop
  endfacet
  facet normal -0 0 1
    outer loop
      vertex 172.944 92.5865 3.6
      vertex 200 0 3.6
      vertex 173.202 92.7979 3.6
    endloop
  endfacet
  facet normal -0 0 1
    outer loop
      vertex 172.651 92.4294 3.6
      vertex 200 0 3.6
      vertex 172.944 92.5865 3.6
    endloop
  endfacet
  facet normal -0 0 1
    outer loop
      vertex 172.332 92.3327 3.6
      vertex 200 0 3.6
      vertex 172.651 92.4294 3.6
    endloop
  endfacet
  facet normal 0 0 1
    outer loop
      vertex 132 46 3.6
      vertex 172.332 92.3327 3.6
      vertex 172 92.3 3.6
    endloop
  endfacet
  facet normal 0 0 1
    outer loop
      vertex 132 46 3.6
      vertex 172 92.3 3.6
      vertex 171.668 92.3327 3.6
    endloop
  endfacet
  facet normal 0 0 1
    outer loop
      vertex 132 46 3.6
      vertex 171.668 92.3327 3.6
      vertex 171.349 92.4294 3.6
    endloop
  endfacet
  facet normal 0 0 1
    outer loop
      vertex 132 46 3.6
      vertex 171.349 92.4294 3.6
      vertex 171.056 92.5865 3.6
    endloop
  endfacet
  facet normal 0 0 1
    outer loop
      vertex 132 86 3.6
      vertex 171.056 92.5865 3.6
      vertex 170.798 92.7979 3.6
    endloop
  endfacet
  facet normal 0 0 1
    outer loop
      vertex 137.202 92.7979 3.6
      vertex 170.798 92.7979 3.6
      vertex 170.587 93.0555 3.6
    endloop
  endfacet
  facet normal 0 0 1
    outer loop
      vertex 137.413 93.0555 3.6
      vertex 170.587 93.0555 3.6
      vertex 170.429 93.3494 3.6
    endloop
  endfacet
  facet normal -0 0 1
    outer loop
      vertex 137.7 94 3.6
      vertex 170.333 93.6684 3.6
      vertex 170.3 94 3.6
    endloop
  endfacet
  facet normal 0 0 1
    outer loop
      vertex 137.667 93.6684 3.6
      vertex 170.333 93.6684 3.6
      vertex 137.7 94 3.6
    endloop
  endfacet
  facet normal 0 0 1
    outer loop
      vertex 170.333 93.6684 3.6
      vertex 137.667 93.6684 3.6
      vertex 170.429 93.3494 3.6
    endloop
  endfacet
  facet normal 0 0 1
    outer loop
      vertex 137.571 93.3494 3.6
      vertex 170.429 93.3494 3.6
      vertex 137.667 93.6684 3.6
    endloop
  endfacet
  facet normal 0 0 1
    outer loop
      vertex 137.413 93.0555 3.6
      vertex 170.429 93.3494 3.6
      vertex 137.571 93.3494 3.6
    endloop
  endfacet
  facet normal 0 0 1
    outer loop
      vertex 170.587 93.0555 3.6
      vertex 137.413 93.0555 3.6
      vertex 137.202 92.7979 3.6
    endloop
  endfacet
  facet normal 0 0 1
    outer loop
      vertex 170.798 92.7979 3.6
      vertex 137.202 92.7979 3.6
      vertex 132 86 3.6
    endloop
  endfacet
  facet normal 0 0 1
    outer loop
      vertex 132 86 3.6
      vertex 137.202 92.7979 3.6
      vertex 136.944 92.5865 3.6
    endloop
  endfacet
  facet normal 0 0 1
    outer loop
      vertex 132 86 3.6
      vertex 136.944 92.5865 3.6
      vertex 136.651 92.4294 3.6
    endloop
  endfacet
  facet normal 0 0 1
    outer loop
      vertex 132 86 3.6
      vertex 136.651 92.4294 3.6
      vertex 136.332 92.3327 3.6
    endloop
  endfacet
  facet normal 0 0 1
    outer loop
      vertex 132 86 3.6
      vertex 136.332 92.3327 3.6
      vertex 136 92.3 3.6
    endloop
  endfacet
  facet normal 0 0 1
    outer loop
      vertex 132 86 3.6
      vertex 136 92.3 3.6
      vertex 135.668 92.3327 3.6
    endloop
  endfacet
  facet normal 0 0 1
    outer loop
      vertex 132 86 3.6
      vertex 135.668 92.3327 3.6
      vertex 135.349 92.4294 3.6
    endloop
  endfacet
  facet normal 0 0 1
    outer loop
      vertex 132 86 3.6
      vertex 135.349 92.4294 3.6
      vertex 135.056 92.5865 3.6
    endloop
  endfacet
  facet normal 0 0 1
    outer loop
      vertex 132 86 3.6
      vertex 135.056 92.5865 3.6
      vertex 134.798 92.7979 3.6
    endloop
  endfacet
  facet normal 0 0 1
    outer loop
      vertex 132 86 3.6
      vertex 134.798 92.7979 3.6
      vertex 134.587 93.0555 3.6
    endloop
  endfacet
  facet normal 0 0 1
    outer loop
      vertex 132 86 3.6
      vertex 134.333 93.6684 3.6
      vertex 134.3 94 3.6
    endloop
  endfacet
  facet normal 0 0 1
    outer loop
      vertex 132 86 3.6
      vertex 134.429 93.3494 3.6
      vertex 134.333 93.6684 3.6
    endloop
  endfacet
  facet normal 0 0 1
    outer loop
      vertex 132 86 3.6
      vertex 134.587 93.0555 3.6
      vertex 134.429 93.3494 3.6
    endloop
  endfacet
  facet normal 0 0 1
    outer loop
      vertex 171.056 92.5865 3.6
      vertex 132 86 3.6
      vertex 132 46 3.6
    endloop
  endfacet
  facet normal 0 0 1
    outer loop
      vertex 172.332 92.3327 3.6
      vertex 132 46 3.6
      vertex 200 0 3.6
    endloop
  endfacet
  facet normal 0 0 1
    outer loop
      vertex 27.8335 4 3.6
      vertex 132 46 3.6
      vertex 68 46 3.6
    endloop
  endfacet
  facet normal -0 0 1
    outer loop
      vertex 65.5706 93.3494 3.6
      vertex 68 86 3.6
      vertex 65.6673 93.6684 3.6
    endloop
  endfacet
  facet normal -0 0 1
    outer loop
      vertex 65.4135 93.0555 3.6
      vertex 68 86 3.6
      vertex 65.5706 93.3494 3.6
    endloop
  endfacet
  facet normal -0 0 1
    outer loop
      vertex 65.2021 92.7979 3.6
      vertex 68 86 3.6
      vertex 65.4135 93.0555 3.6
    endloop
  endfacet
  facet normal -0 0 1
    outer loop
      vertex 64.9445 92.5865 3.6
      vertex 68 86 3.6
      vertex 65.2021 92.7979 3.6
    endloop
  endfacet
  facet normal -0 0 1
    outer loop
      vertex 64.6506 92.4294 3.6
      vertex 68 86 3.6
      vertex 64.9445 92.5865 3.6
    endloop
  endfacet
  facet normal -0 0 1
    outer loop
      vertex 64.3316 92.3327 3.6
      vertex 68 86 3.6
      vertex 64.6506 92.4294 3.6
    endloop
  endfacet
  facet normal -0 0 1
    outer loop
      vertex 64 92.3 3.6
      vertex 68 86 3.6
      vertex 64.3316 92.3327 3.6
    endloop
  endfacet
  facet normal 0 0 1
    outer loop
      vertex 63.6683 92.3327 3.6
      vertex 68 86 3.6
      vertex 64 92.3 3.6
    endloop
  endfacet
  facet normal 0 0 1
    outer loop
      vertex 63.3494 92.4294 3.6
      vertex 68 86 3.6
      vertex 63.6683 92.3327 3.6
    endloop
  endfacet
  facet normal 0 0 1
    outer loop
      vertex 63.0555 92.5865 3.6
      vertex 68 86 3.6
      vertex 63.3494 92.4294 3.6
    endloop
  endfacet
  facet normal 0 0 1
    outer loop
      vertex 62.7979 92.7979 3.6
      vertex 68 86 3.6
      vertex 63.0555 92.5865 3.6
    endloop
  endfacet
  facet normal 0 0 1
    outer loop
      vertex 29.2021 92.7979 3.6
      vertex 62.7979 92.7979 3.6
      vertex 29.4135 93.0555 3.6
    endloop
  endfacet
  facet normal -0 0 1
    outer loop
      vertex 29.4135 93.0555 3.6
      vertex 62.7979 92.7979 3.6
      vertex 62.5865 93.0555 3.6
    endloop
  endfacet
  facet normal 0 0 1
    outer loop
      vertex 29.4135 93.0555 3.6
      vertex 62.5865 93.0555 3.6
      vertex 62.4294 93.3494 3.6
    endloop
  endfacet
  facet normal 0 0 1
    outer loop
      vertex 29.5706 93.3494 3.6
      vertex 62.4294 93.3494 3.6
      vertex 62.3327 93.6684 3.6
    endloop
  endfacet
  facet normal -0 0 1
    outer loop
      vertex 29.7 94 3.6
      vertex 62.3327 93.6684 3.6
      vertex 62.3 94 3.6
    endloop
  endfacet
  facet normal 0 0 1
    outer loop
      vertex 29.6673 93.6684 3.6
      vertex 62.3327 93.6684 3.6
      vertex 29.7 94 3.6
    endloop
  endfacet
  facet normal 0 0 1
    outer loop
      vertex 29.5706 93.3494 3.6
      vertex 62.3327 93.6684 3.6
      vertex 29.6673 93.6684 3.6
    endloop
  endfacet
  facet normal 0 0 1
    outer loop
      vertex 62.4294 93.3494 3.6
      vertex 29.5706 93.3494 3.6
      vertex 29.4135 93.0555 3.6
    endloop
  endfacet
  facet normal 0 0 1
    outer loop
      vertex 62.7979 92.7979 3.6
      vertex 29.2021 92.7979 3.6
      vertex 68 86 3.6
    endloop
  endfacet
  facet normal -0 0 1
    outer loop
      vertex 28.9445 92.5865 3.6
      vertex 68 86 3.6
      vertex 29.2021 92.7979 3.6
    endloop
  endfacet
  facet normal 0 0 1
    outer loop
      vertex 29.3796 8.00435 3.6
      vertex 68 46 3.6
      vertex 29.3796 8.77739 3.6
    endloop
  endfacet
  facet normal 0 0 1
    outer loop
      vertex 27.8335 4 3.6
      vertex 68 46 3.6
      vertex 29.3796 8.00435 3.6
    endloop
  endfacet
  facet normal 0 0 1
    outer loop
      vertex 27.8335 4 3.6
      vertex 29.3796 8.00435 3.6
      vertex 27.8335 8.00435 3.6
    endloop
  endfacet
  facet normal 0 0 1
    outer loop
      vertex 132 46 3.6
      vertex 27.8335 4 3.6
      vertex 200 0 3.6
    endloop
  endfacet
  facet normal 0 0 1
    outer loop
      vertex 0 0 3.6
      vertex 27.8335 4 3.6
      vertex 26.8332 4 3.6
    endloop
  endfacet
  facet normal 0 0 1
    outer loop
      vertex 24.8619 4 3.6
      vertex 25.2905 8.00435 3.6
      vertex 24.8619 8.77739 3.6
    endloop
  endfacet
  facet normal 0 0 1
    outer loop
      vertex 25.2905 8.00435 3.6
      vertex 24.8619 4 3.6
      vertex 26.8332 4 3.6
    endloop
  endfacet
  facet normal 0 0 1
    outer loop
      vertex 0 0 3.6
      vertex 26.8332 4 3.6
      vertex 24.8619 4 3.6
    endloop
  endfacet
  facet normal 0 0 1
    outer loop
      vertex 0 0 3.6
      vertex 24.8619 4 3.6
      vertex 23.6887 4 3.6
    endloop
  endfacet
  facet normal 0 0 1
    outer loop
      vertex 21.6679 4 3.6
      vertex 23.6887 4 3.6
      vertex 21.6679 6.8176 3.6
    endloop
  endfacet
  facet normal 0 0 1
    outer loop
      vertex 0 0 3.6
      vertex 23.6887 4 3.6
      vertex 21.6679 4 3.6
    endloop
  endfacet
  facet normal 0 0 1
    outer loop
      vertex 0 0 3.6
      vertex 21.6679 4 3.6
      vertex 20.7795 4 3.6
    endloop
  endfacet
  facet normal -0 0 1
    outer loop
      vertex 20.1169 5.93341 3.6
      vertex 20.7795 4 3.6
      vertex 20.1497 6.41074 3.6
    endloop
  endfacet
  facet normal -0 0 1
    outer loop
      vertex 20.0186 5.496 3.6
      vertex 20.7795 4 3.6
      vertex 20.1169 5.93341 3.6
    endloop
  endfacet
  facet normal -0 0 1
    outer loop
      vertex 19.8547 5.09854 3.6
      vertex 20.7795 4 3.6
      vertex 20.0186 5.496 3.6
    endloop
  endfacet
  facet normal -0 0 1
    outer loop
      vertex 19.6298 4.75064 3.6
      vertex 20.7795 4 3.6
      vertex 19.8547 5.09854 3.6
    endloop
  endfacet
  facet normal -0 0 1
    outer loop
      vertex 19.3484 4.46187 3.6
      vertex 20.7795 4 3.6
      vertex 19.6298 4.75064 3.6
    endloop
  endfacet
  facet normal -0 0 1
    outer loop
      vertex 19.0104 4.23224 3.6
      vertex 20.7795 4 3.6
      vertex 19.3484 4.46187 3.6
    endloop
  endfacet
  facet normal -0 0 1
    outer loop
      vertex 18.6239 4.06555 3.6
      vertex 20.7795 4 3.6
      vertex 19.0104 4.23224 3.6
    endloop
  endfacet
  facet normal 0 0 1
    outer loop
      vertex 18.1967 3.96555 3.6
      vertex 20.7795 4 3.6
      vertex 18.6239 4.06555 3.6
    endloop
  endfacet
  facet normal 0 0 1
    outer loop
      vertex 17.7288 3.93221 3.6
      vertex 20.7795 4 3.6
      vertex 18.1967 3.96555 3.6
    endloop
  endfacet
  facet normal 0 0 1
    outer loop
      vertex 20.7795 4 3.6
      vertex 17.7288 3.93221 3.6
      vertex 0 0 3.6
    endloop
  endfacet
  facet normal 0 0 1
    outer loop
      vertex 15.0149 4 3.6
      vertex 15.3958 5.69662 3.6
      vertex 15.3248 6.41074 3.6
    endloop
  endfacet
  facet normal 0 0 1
    outer loop
      vertex 15.0149 4 3.6
      vertex 15.6089 5.09138 3.6
      vertex 15.3958 5.69662 3.6
    endloop
  endfacet
  facet normal 0 0 1
    outer loop
      vertex 15.0149 4 3.6
      vertex 15.964 4.59505 3.6
      vertex 15.6089 5.09138 3.6
    endloop
  endfacet
  facet normal 0 0 1
    outer loop
      vertex 15.0149 4 3.6
      vertex 16.4441 4.22679 3.6
      vertex 15.964 4.59505 3.6
    endloop
  endfacet
  facet normal 0 0 1
    outer loop
      vertex 15.0149 4 3.6
      vertex 17.0324 4.00584 3.6
      vertex 16.4441 4.22679 3.6
    endloop
  endfacet
  facet normal -0 0 1
    outer loop
      vertex 15.0149 4 3.6
      vertex 17.7288 3.93221 3.6
      vertex 17.0324 4.00584 3.6
    endloop
  endfacet
  facet normal 0 0 1
    outer loop
      vertex 0 0 3.6
      vertex 15.0149 4 3.6
      vertex 13.8892 4 3.6
    endloop
  endfacet
  facet normal 0 0 1
    outer loop
      vertex 15.0149 4 3.6
      vertex 0 0 3.6
      vertex 17.7288 3.93221 3.6
    endloop
  endfacet
  facet normal 0 0 1
    outer loop
      vertex 11.6073 4 3.6
      vertex 12.7804 5.814 3.6
      vertex 11.6073 5.814 3.6
    endloop
  endfacet
  facet normal 0 0 1
    outer loop
      vertex 12.7804 5.814 3.6
      vertex 11.6073 4 3.6
      vertex 13.8892 4 3.6
    endloop
  endfacet
  facet normal 0 0 1
    outer loop
      vertex 0 0 3.6
      vertex 13.8892 4 3.6
      vertex 11.6073 4 3.6
    endloop
  endfacet
  facet normal 0 0 1
    outer loop
      vertex 0 0 3.6
      vertex 11.6073 4 3.6
      vertex 10.607 4 3.6
    endloop
  endfacet
  facet normal 0 0 1
    outer loop
      vertex 9.90939 6.52599 3.6
      vertex 10.607 8.77739 3.6
      vertex 9.9874 8.00435 3.6
    endloop
  endfacet
  facet normal 0 0 1
    outer loop
      vertex 10.607 8.77739 3.6
      vertex 9.90939 6.52599 3.6
      vertex 10.607 4 3.6
    endloop
  endfacet
  facet normal -0 0 1
    outer loop
      vertex 9.90939 5.75294 3.6
      vertex 10.607 4 3.6
      vertex 9.90939 6.52599 3.6
    endloop
  endfacet
  facet normal 0 0 1
    outer loop
      vertex 7.46474 4 3.6
      vertex 9.90939 5.75294 3.6
      vertex 7.46474 5.75294 3.6
    endloop
  endfacet
  facet normal 0 0 1
    outer loop
      vertex 9.90939 5.75294 3.6
      vertex 7.46474 4 3.6
      vertex 10.607 4 3.6
    endloop
  endfacet
  facet normal 0 0 1
    outer loop
      vertex 0 0 3.6
      vertex 10.607 4 3.6
      vertex 7.46474 4 3.6
    endloop
  endfacet
  facet normal 0 0 1
    outer loop
      vertex 0 0 3.6
      vertex 7.46474 4 3.6
      vertex 6.46449 4 3.6
    endloop
  endfacet
  facet normal 0 0 1
    outer loop
      vertex 0 0 3.6
      vertex 6.4294 157.349 3.6
      vertex 6.33266 157.668 3.6
    endloop
  endfacet
  facet normal 0 0 1
    outer loop
      vertex 0 176 3.6
      vertex 6.33266 157.668 3.6
      vertex 6.3 158 3.6
    endloop
  endfacet
  facet normal 0 0 1
    outer loop
      vertex 6.33266 157.668 3.6
      vertex 0 176 3.6
      vertex 0 0 3.6
    endloop
  endfacet
  facet normal 0 0 1
    outer loop
      vertex 27.8335 4 3.6
      vertex 0 0 3.6
      vertex 200 0 3.6
    endloop
  endfacet
  facet normal 0 0 1
    outer loop
      vertex 6.46449 8.77739 3.6
      vertex 0 0 3.6
      vertex 6.46449 4 3.6
    endloop
  endfacet
  facet normal 0 0 1
    outer loop
      vertex 13.3862 6.67482 3.6
      vertex 13.7464 7.10129 3.6
      vertex 13.7705 7.31264 3.6
    endloop
  endfacet
  facet normal 0 0 1
    outer loop
      vertex 13.3787 7.92447 3.6
      vertex 13.7705 7.31264 3.6
      vertex 13.6725 7.69504 3.6
    endloop
  endfacet
  facet normal 0 0 1
    outer loop
      vertex 13.1737 6.61154 3.6
      vertex 13.7705 7.31264 3.6
      vertex 13.3787 7.92447 3.6
    endloop
  endfacet
  facet normal 0 0 1
    outer loop
      vertex 13.7464 7.10129 3.6
      vertex 13.3862 6.67482 3.6
      vertex 13.674 6.92384 3.6
    endloop
  endfacet
  facet normal 0 0 1
    outer loop
      vertex 13.674 6.92384 3.6
      vertex 13.3862 6.67482 3.6
      vertex 13.5535 6.78029 3.6
    endloop
  endfacet
  facet normal 0 0 1
    outer loop
      vertex 13.7705 7.31264 3.6
      vertex 13.1737 6.61154 3.6
      vertex 13.3862 6.67482 3.6
    endloop
  endfacet
  facet normal 0 0 1
    outer loop
      vertex 12.8889 8.00095 3.6
      vertex 13.1737 6.61154 3.6
      vertex 13.3787 7.92447 3.6
    endloop
  endfacet
  facet normal 0 0 1
    outer loop
      vertex 13.1737 6.61154 3.6
      vertex 12.8889 8.00095 3.6
      vertex 12.9161 6.59044 3.6
    endloop
  endfacet
  facet normal 0 0 1
    outer loop
      vertex 11.6073 6.59044 3.6
      vertex 12.8889 8.00095 3.6
      vertex 11.6073 8.00095 3.6
    endloop
  endfacet
  facet normal 0 0 1
    outer loop
      vertex 12.8889 8.00095 3.6
      vertex 11.6073 6.59044 3.6
      vertex 12.9161 6.59044 3.6
    endloop
  endfacet
  facet normal 0 0 1
    outer loop
      vertex 16.3319 6.41074 3.6
      vertex 19.1291 6.41074 3.6
      vertex 19.0884 6.88899 3.6
    endloop
  endfacet
  facet normal 0 0 1
    outer loop
      vertex 19.1291 6.41074 3.6
      vertex 16.3319 6.41074 3.6
      vertex 19.0886 5.91158 3.6
    endloop
  endfacet
  facet normal -0 0 1
    outer loop
      vertex 16.3726 6.8924 3.6
      vertex 19.0884 6.88899 3.6
      vertex 18.9664 7.29303 3.6
    endloop
  endfacet
  facet normal -0 -0 1
    outer loop
      vertex 16.3735 5.92342 3.6
      vertex 19.0886 5.91158 3.6
      vertex 16.3319 6.41074 3.6
    endloop
  endfacet
  facet normal 0 0 1
    outer loop
      vertex 18.1436 8.01315 3.6
      vertex 18.9664 7.29303 3.6
      vertex 18.7629 7.62285 3.6
    endloop
  endfacet
  facet normal 0 -0 1
    outer loop
      vertex 16.4984 5.51031 3.6
      vertex 19.0886 5.91158 3.6
      vertex 16.3735 5.92342 3.6
    endloop
  endfacet
  facet normal 0 0 1
    outer loop
      vertex 18.1436 8.01315 3.6
      vertex 18.7629 7.62285 3.6
      vertex 18.486 7.86679 3.6
    endloop
  endfacet
  facet normal 0 0 1
    outer loop
      vertex 18.9664 7.29303 3.6
      vertex 18.1436 8.01315 3.6
      vertex 17.7356 8.06194 3.6
    endloop
  endfacet
  facet normal 0 0 1
    outer loop
      vertex 19.0886 5.91158 3.6
      vertex 16.4984 5.51031 3.6
      vertex 18.9671 5.49452 3.6
    endloop
  endfacet
  facet normal 0 0 1
    outer loop
      vertex 18.9664 7.29303 3.6
      vertex 17.7356 8.06194 3.6
      vertex 16.3726 6.8924 3.6
    endloop
  endfacet
  facet normal 0 -0 1
    outer loop
      vertex 18.1423 4.76778 3.6
      vertex 18.9671 5.49452 3.6
      vertex 17.7288 4.7188 3.6
    endloop
  endfacet
  facet normal 0 0 1
    outer loop
      vertex 18.7646 5.15959 3.6
      vertex 18.1423 4.76778 3.6
      vertex 18.4875 4.9147 3.6
    endloop
  endfacet
  facet normal 0 0 1
    outer loop
      vertex 16.4946 7.29756 3.6
      vertex 17.7356 8.06194 3.6
      vertex 17.3219 8.01353 3.6
    endloop
  endfacet
  facet normal 0 0 1
    outer loop
      vertex 18.9671 5.49452 3.6
      vertex 18.1423 4.76778 3.6
      vertex 18.7646 5.15959 3.6
    endloop
  endfacet
  facet normal 0 0 1
    outer loop
      vertex 16.698 7.62624 3.6
      vertex 17.3219 8.01353 3.6
      vertex 16.9761 7.8683 3.6
    endloop
  endfacet
  facet normal 0 0 1
    outer loop
      vertex 18.9671 5.49452 3.6
      vertex 16.4984 5.51031 3.6
      vertex 17.7288 4.7188 3.6
    endloop
  endfacet
  facet normal 0 0 1
    outer loop
      vertex 17.3219 8.01353 3.6
      vertex 16.698 7.62624 3.6
      vertex 16.4946 7.29756 3.6
    endloop
  endfacet
  facet normal 0 0 1
    outer loop
      vertex 17.7288 4.7188 3.6
      vertex 16.4984 5.51031 3.6
      vertex 17.3274 4.76909 3.6
    endloop
  endfacet
  facet normal 0 0 1
    outer loop
      vertex 17.7356 8.06194 3.6
      vertex 16.4946 7.29756 3.6
      vertex 16.3726 6.8924 3.6
    endloop
  endfacet
  facet normal -0 -0 1
    outer loop
      vertex 16.7065 5.17145 3.6
      vertex 17.3274 4.76909 3.6
      vertex 16.4984 5.51031 3.6
    endloop
  endfacet
  facet normal 0 0 1
    outer loop
      vertex 19.0884 6.88899 3.6
      vertex 16.3726 6.8924 3.6
      vertex 16.3319 6.41074 3.6
    endloop
  endfacet
  facet normal 0 0 1
    outer loop
      vertex 17.3274 4.76909 3.6
      vertex 16.7065 5.17145 3.6
      vertex 16.9866 4.91997 3.6
    endloop
  endfacet
  facet normal 0 0 -1
    outer loop
      vertex 9.66733 158.332 0
      vertex 16 176 0
      vertex 9.7 158 0
    endloop
  endfacet
  facet normal 0 0 -1
    outer loop
      vertex 9.57059 158.651 0
      vertex 16 176 0
      vertex 9.66733 158.332 0
    endloop
  endfacet
  facet normal 0 0 -1
    outer loop
      vertex 9.4135 158.944 0
      vertex 16 176 0
      vertex 9.57059 158.651 0
    endloop
  endfacet
  facet normal 0 0 -1
    outer loop
      vertex 9.20208 159.202 0
      vertex 16 176 0
      vertex 9.4135 158.944 0
    endloop
  endfacet
  facet normal 0 0 -1
    outer loop
      vertex 8.94447 159.413 0
      vertex 16 176 0
      vertex 9.20208 159.202 0
    endloop
  endfacet
  facet normal 0 0 -1
    outer loop
      vertex 8.65056 159.571 0
      vertex 16 176 0
      vertex 8.94447 159.413 0
    endloop
  endfacet
  facet normal 0 0 -1
    outer loop
      vertex 8.33165 159.667 0
      vertex 16 176 0
      vertex 8.65056 159.571 0
    endloop
  endfacet
  facet normal 0 0 -1
    outer loop
      vertex 8 159.7 0
      vertex 16 176 0
      vertex 8.33165 159.667 0
    endloop
  endfacet
  facet normal 0 0 -1
    outer loop
      vertex 0 176 0
      vertex 8 159.7 0
      vertex 7.66835 159.667 0
    endloop
  endfacet
  facet normal 0 0 -1
    outer loop
      vertex 0 176 0
      vertex 7.66835 159.667 0
      vertex 7.34944 159.571 0
    endloop
  endfacet
  facet normal 0 0 -1
    outer loop
      vertex 0 176 0
      vertex 7.34944 159.571 0
      vertex 7.05553 159.413 0
    endloop
  endfacet
  facet normal 0 0 -1
    outer loop
      vertex 0 176 0
      vertex 7.05553 159.413 0
      vertex 6.79792 159.202 0
    endloop
  endfacet
  facet normal 0 0 -1
    outer loop
      vertex 0 176 0
      vertex 6.79792 159.202 0
      vertex 6.5865 158.944 0
    endloop
  endfacet
  facet normal 0 0 -1
    outer loop
      vertex 8 159.7 0
      vertex 0 176 0
      vertex 16 176 0
    endloop
  endfacet
  facet normal 0 0 -1
    outer loop
      vertex 6.4294 158.651 0
      vertex 0 176 0
      vertex 6.5865 158.944 0
    endloop
  endfacet
  facet normal 0 0 -1
    outer loop
      vertex 6.33266 158.332 0
      vertex 0 176 0
      vertex 6.4294 158.651 0
    endloop
  endfacet
  facet normal 0 0 -1
    outer loop
      vertex 6.3 158 0
      vertex 0 176 0
      vertex 6.33266 158.332 0
    endloop
  endfacet
  facet normal 0 0 -1
    outer loop
      vertex 6.33266 157.668 0
      vertex 0 176 0
      vertex 6.3 158 0
    endloop
  endfacet
  facet normal 0 0 -1
    outer loop
      vertex 132 86 0
      vertex 108 91 0
      vertex 120 91 0
    endloop
  endfacet
  facet normal -0 0 -1
    outer loop
      vertex 108 91 0
      vertex 68 86 0
      vertex 108 101 0
    endloop
  endfacet
  facet normal 0 0 -1
    outer loop
      vertex 68 86 0
      vertex 108 91 0
      vertex 132 86 0
    endloop
  endfacet
  facet normal 0 0 -1
    outer loop
      vertex 193.667 157.668 0
      vertex 200 176 0
      vertex 200 0 0
    endloop
  endfacet
  facet normal 0 0 -1
    outer loop
      vertex 200 176 0
      vertex 193.667 157.668 0
      vertex 193.7 158 0
    endloop
  endfacet
  facet normal 0 0 -1
    outer loop
      vertex 200 0 0
      vertex 193.571 157.349 0
      vertex 193.667 157.668 0
    endloop
  endfacet
  facet normal 0 0 -1
    outer loop
      vertex 200 0 0
      vertex 193.413 157.056 0
      vertex 193.571 157.349 0
    endloop
  endfacet
  facet normal 0 0 -1
    outer loop
      vertex 173.7 94 0
      vertex 193.413 157.056 0
      vertex 200 0 0
    endloop
  endfacet
  facet normal 0 -0 -1
    outer loop
      vertex 184 140 0
      vertex 193.413 157.056 0
      vertex 173.7 94 0
    endloop
  endfacet
  facet normal 0 0 -1
    outer loop
      vertex 193.413 157.056 0
      vertex 184 140 0
      vertex 193.202 156.798 0
    endloop
  endfacet
  facet normal 0 0 -1
    outer loop
      vertex 193.202 156.798 0
      vertex 184 140 0
      vertex 192.944 156.587 0
    endloop
  endfacet
  facet normal 0 0 -1
    outer loop
      vertex 192.944 156.587 0
      vertex 184 140 0
      vertex 192.651 156.429 0
    endloop
  endfacet
  facet normal 0 0 -1
    outer loop
      vertex 192.651 156.429 0
      vertex 184 140 0
      vertex 192.332 156.333 0
    endloop
  endfacet
  facet normal -0 0 -1
    outer loop
      vertex 192 156.3 0
      vertex 184 140 0
      vertex 191.668 156.333 0
    endloop
  endfacet
  facet normal -0 0 -1
    outer loop
      vertex 191.668 156.333 0
      vertex 184 140 0
      vertex 191.349 156.429 0
    endloop
  endfacet
  facet normal -0 0 -1
    outer loop
      vertex 191.349 156.429 0
      vertex 184 140 0
      vertex 191.056 156.587 0
    endloop
  endfacet
  facet normal -0 0 -1
    outer loop
      vertex 191.056 156.587 0
      vertex 184 140 0
      vertex 190.798 156.798 0
    endloop
  endfacet
  facet normal -0 0 -1
    outer loop
      vertex 190.798 156.798 0
      vertex 184 140 0
      vertex 190.587 157.056 0
    endloop
  endfacet
  facet normal -0 0 -1
    outer loop
      vertex 190.587 157.056 0
      vertex 184 140 0
      vertex 190.429 157.349 0
    endloop
  endfacet
  facet normal -0 0 -1
    outer loop
      vertex 190.429 157.349 0
      vertex 184 140 0
      vertex 190.333 157.668 0
    endloop
  endfacet
  facet normal -0 0 -1
    outer loop
      vertex 190.333 157.668 0
      vertex 184 140 0
      vertex 190.3 158 0
    endloop
  endfacet
  facet normal 0 0 -1
    outer loop
      vertex 192.332 156.333 0
      vertex 184 140 0
      vertex 192 156.3 0
    endloop
  endfacet
  facet normal 0 0 -1
    outer loop
      vertex 200 0 0
      vertex 173.667 93.6684 0
      vertex 173.7 94 0
    endloop
  endfacet
  facet normal 0 0 -1
    outer loop
      vertex 200 0 0
      vertex 173.571 93.3494 0
      vertex 173.667 93.6684 0
    endloop
  endfacet
  facet normal 0 0 -1
    outer loop
      vertex 200 0 0
      vertex 173.413 93.0555 0
      vertex 173.571 93.3494 0
    endloop
  endfacet
  facet normal 0 0 -1
    outer loop
      vertex 200 0 0
      vertex 173.202 92.7979 0
      vertex 173.413 93.0555 0
    endloop
  endfacet
  facet normal 0 0 -1
    outer loop
      vertex 200 0 0
      vertex 172.944 92.5865 0
      vertex 173.202 92.7979 0
    endloop
  endfacet
  facet normal 0 0 -1
    outer loop
      vertex 200 0 0
      vertex 172.651 92.4294 0
      vertex 172.944 92.5865 0
    endloop
  endfacet
  facet normal 0 0 -1
    outer loop
      vertex 200 0 0
      vertex 172.332 92.3327 0
      vertex 172.651 92.4294 0
    endloop
  endfacet
  facet normal 0 0 -1
    outer loop
      vertex 132 46 0
      vertex 172.332 92.3327 0
      vertex 200 0 0
    endloop
  endfacet
  facet normal 0 0 -1
    outer loop
      vertex 172.332 92.3327 0
      vertex 132 46 0
      vertex 172 92.3 0
    endloop
  endfacet
  facet normal -0 0 -1
    outer loop
      vertex 172 92.3 0
      vertex 132 46 0
      vertex 171.668 92.3327 0
    endloop
  endfacet
  facet normal -0 0 -1
    outer loop
      vertex 171.668 92.3327 0
      vertex 132 46 0
      vertex 171.349 92.4294 0
    endloop
  endfacet
  facet normal -0 0 -1
    outer loop
      vertex 171.349 92.4294 0
      vertex 132 46 0
      vertex 171.056 92.5865 0
    endloop
  endfacet
  facet normal 0 0 -1
    outer loop
      vertex 132 86 0
      vertex 171.056 92.5865 0
      vertex 132 46 0
    endloop
  endfacet
  facet normal -0 0 -1
    outer loop
      vertex 171.056 92.5865 0
      vertex 132 86 0
      vertex 170.798 92.7979 0
    endloop
  endfacet
  facet normal 0 0 -1
    outer loop
      vertex 170.333 93.6684 0
      vertex 137.7 94 0
      vertex 170.3 94 0
    endloop
  endfacet
  facet normal 0 0 -1
    outer loop
      vertex 137.667 93.6684 0
      vertex 170.333 93.6684 0
      vertex 170.429 93.3494 0
    endloop
  endfacet
  facet normal 0 -0 -1
    outer loop
      vertex 137.202 92.7979 0
      vertex 170.798 92.7979 0
      vertex 132 86 0
    endloop
  endfacet
  facet normal 0 0 -1
    outer loop
      vertex 170.333 93.6684 0
      vertex 137.667 93.6684 0
      vertex 137.7 94 0
    endloop
  endfacet
  facet normal 0 0 -1
    outer loop
      vertex 170.429 93.3494 0
      vertex 137.571 93.3494 0
      vertex 137.667 93.6684 0
    endloop
  endfacet
  facet normal -0 0 -1
    outer loop
      vertex 170.429 93.3494 0
      vertex 137.413 93.0555 0
      vertex 137.571 93.3494 0
    endloop
  endfacet
  facet normal 0 0 -1
    outer loop
      vertex 170.798 92.7979 0
      vertex 137.202 92.7979 0
      vertex 170.587 93.0555 0
    endloop
  endfacet
  facet normal 0 0 -1
    outer loop
      vertex 170.587 93.0555 0
      vertex 137.413 93.0555 0
      vertex 170.429 93.3494 0
    endloop
  endfacet
  facet normal 0 -0 -1
    outer loop
      vertex 137.413 93.0555 0
      vertex 170.587 93.0555 0
      vertex 137.202 92.7979 0
    endloop
  endfacet
  facet normal 0 0 -1
    outer loop
      vertex 137.202 92.7979 0
      vertex 132 86 0
      vertex 136.944 92.5865 0
    endloop
  endfacet
  facet normal 0 0 -1
    outer loop
      vertex 136.944 92.5865 0
      vertex 132 86 0
      vertex 136.651 92.4294 0
    endloop
  endfacet
  facet normal 0 0 -1
    outer loop
      vertex 136.651 92.4294 0
      vertex 132 86 0
      vertex 136.332 92.3327 0
    endloop
  endfacet
  facet normal 0 0 -1
    outer loop
      vertex 136.332 92.3327 0
      vertex 132 86 0
      vertex 136 92.3 0
    endloop
  endfacet
  facet normal -0 0 -1
    outer loop
      vertex 136 92.3 0
      vertex 132 86 0
      vertex 135.668 92.3327 0
    endloop
  endfacet
  facet normal -0 0 -1
    outer loop
      vertex 135.668 92.3327 0
      vertex 132 86 0
      vertex 135.349 92.4294 0
    endloop
  endfacet
  facet normal -0 0 -1
    outer loop
      vertex 135.349 92.4294 0
      vertex 132 86 0
      vertex 135.056 92.5865 0
    endloop
  endfacet
  facet normal -0 0 -1
    outer loop
      vertex 134.429 93.3494 0
      vertex 132 86 0
      vertex 134.333 93.6684 0
    endloop
  endfacet
  facet normal -0 0 -1
    outer loop
      vertex 134.587 93.0555 0
      vertex 132 86 0
      vertex 134.429 93.3494 0
    endloop
  endfacet
  facet normal -0 0 -1
    outer loop
      vertex 134.798 92.7979 0
      vertex 132 86 0
      vertex 134.587 93.0555 0
    endloop
  endfacet
  facet normal -0 0 -1
    outer loop
      vertex 135.056 92.5865 0
      vertex 132 86 0
      vertex 134.798 92.7979 0
    endloop
  endfacet
  facet normal 0 0 -1
    outer loop
      vertex 200 0 0
      vertex 68 46 0
      vertex 132 46 0
    endloop
  endfacet
  facet normal 0 0 -1
    outer loop
      vertex 28.9445 92.5865 0
      vertex 68 86 0
      vertex 68 46 0
    endloop
  endfacet
  facet normal 0 0 -1
    outer loop
      vertex 68 86 0
      vertex 65.6673 93.6684 0
      vertex 65.7 94 0
    endloop
  endfacet
  facet normal 0 0 -1
    outer loop
      vertex 68 86 0
      vertex 65.5706 93.3494 0
      vertex 65.6673 93.6684 0
    endloop
  endfacet
  facet normal 0 0 -1
    outer loop
      vertex 68 86 0
      vertex 65.4135 93.0555 0
      vertex 65.5706 93.3494 0
    endloop
  endfacet
  facet normal 0 0 -1
    outer loop
      vertex 68 86 0
      vertex 65.2021 92.7979 0
      vertex 65.4135 93.0555 0
    endloop
  endfacet
  facet normal 0 0 -1
    outer loop
      vertex 68 86 0
      vertex 64.9445 92.5865 0
      vertex 65.2021 92.7979 0
    endloop
  endfacet
  facet normal 0 0 -1
    outer loop
      vertex 68 86 0
      vertex 64.6506 92.4294 0
      vertex 64.9445 92.5865 0
    endloop
  endfacet
  facet normal 0 0 -1
    outer loop
      vertex 68 86 0
      vertex 64.3316 92.3327 0
      vertex 64.6506 92.4294 0
    endloop
  endfacet
  facet normal 0 0 -1
    outer loop
      vertex 68 86 0
      vertex 64 92.3 0
      vertex 64.3316 92.3327 0
    endloop
  endfacet
  facet normal 0 0 -1
    outer loop
      vertex 68 86 0
      vertex 63.6683 92.3327 0
      vertex 64 92.3 0
    endloop
  endfacet
  facet normal 0 0 -1
    outer loop
      vertex 68 86 0
      vertex 63.3494 92.4294 0
      vertex 63.6683 92.3327 0
    endloop
  endfacet
  facet normal 0 0 -1
    outer loop
      vertex 68 86 0
      vertex 63.0555 92.5865 0
      vertex 63.3494 92.4294 0
    endloop
  endfacet
  facet normal 0 -0 -1
    outer loop
      vertex 29.2021 92.7979 0
      vertex 68 86 0
      vertex 28.9445 92.5865 0
    endloop
  endfacet
  facet normal 0 0 -1
    outer loop
      vertex 68 86 0
      vertex 62.7979 92.7979 0
      vertex 63.0555 92.5865 0
    endloop
  endfacet
  facet normal 0 0 -1
    outer loop
      vertex 68 86 0
      vertex 29.2021 92.7979 0
      vertex 62.7979 92.7979 0
    endloop
  endfacet
  facet normal 0 0 -1
    outer loop
      vertex 62.7979 92.7979 0
      vertex 29.2021 92.7979 0
      vertex 62.5865 93.0555 0
    endloop
  endfacet
  facet normal 0 0 -1
    outer loop
      vertex 62.3327 93.6684 0
      vertex 29.7 94 0
      vertex 62.3 94 0
    endloop
  endfacet
  facet normal 0 -0 -1
    outer loop
      vertex 29.4135 93.0555 0
      vertex 62.5865 93.0555 0
      vertex 29.2021 92.7979 0
    endloop
  endfacet
  facet normal 0 0 -1
    outer loop
      vertex 62.3327 93.6684 0
      vertex 29.6673 93.6684 0
      vertex 29.7 94 0
    endloop
  endfacet
  facet normal -0 0 -1
    outer loop
      vertex 62.3327 93.6684 0
      vertex 29.5706 93.3494 0
      vertex 29.6673 93.6684 0
    endloop
  endfacet
  facet normal 0 0 -1
    outer loop
      vertex 62.4294 93.3494 0
      vertex 29.5706 93.3494 0
      vertex 62.3327 93.6684 0
    endloop
  endfacet
  facet normal 0 -0 -1
    outer loop
      vertex 29.5706 93.3494 0
      vertex 62.4294 93.3494 0
      vertex 29.4135 93.0555 0
    endloop
  endfacet
  facet normal 0 0 -1
    outer loop
      vertex 62.5865 93.0555 0
      vertex 29.4135 93.0555 0
      vertex 62.4294 93.3494 0
    endloop
  endfacet
  facet normal 0 0 -1
    outer loop
      vertex 68 46 0
      vertex 28.6506 92.4294 0
      vertex 28.9445 92.5865 0
    endloop
  endfacet
  facet normal 0 0 -1
    outer loop
      vertex 68 46 0
      vertex 28.3317 92.3327 0
      vertex 28.6506 92.4294 0
    endloop
  endfacet
  facet normal 0 0 -1
    outer loop
      vertex 68 46 0
      vertex 28 92.3 0
      vertex 28.3317 92.3327 0
    endloop
  endfacet
  facet normal 0 0 -1
    outer loop
      vertex 68 46 0
      vertex 27.6683 92.3327 0
      vertex 28 92.3 0
    endloop
  endfacet
  facet normal 0 0 -1
    outer loop
      vertex 0 0 0
      vertex 27.6683 92.3327 0
      vertex 68 46 0
    endloop
  endfacet
  facet normal -0 0 -1
    outer loop
      vertex 27.6683 92.3327 0
      vertex 0 0 0
      vertex 27.3494 92.4294 0
    endloop
  endfacet
  facet normal -0 0 -1
    outer loop
      vertex 27.3494 92.4294 0
      vertex 0 0 0
      vertex 27.0555 92.5865 0
    endloop
  endfacet
  facet normal 0 0 -1
    outer loop
      vertex 0 0 0
      vertex 26.3 94 0
      vertex 26.3327 93.6684 0
    endloop
  endfacet
  facet normal 0 0 -1
    outer loop
      vertex 16 140 0
      vertex 9.7 158 0
      vertex 16 176 0
    endloop
  endfacet
  facet normal 0 0 -1
    outer loop
      vertex 26.3 94 0
      vertex 6.5865 157.056 0
      vertex 16 140 0
    endloop
  endfacet
  facet normal 0 0 -1
    outer loop
      vertex 16 140 0
      vertex 9.66733 157.668 0
      vertex 9.7 158 0
    endloop
  endfacet
  facet normal 0 0 -1
    outer loop
      vertex 16 140 0
      vertex 9.57059 157.349 0
      vertex 9.66733 157.668 0
    endloop
  endfacet
  facet normal 0 0 -1
    outer loop
      vertex 16 140 0
      vertex 9.4135 157.056 0
      vertex 9.57059 157.349 0
    endloop
  endfacet
  facet normal 0 0 -1
    outer loop
      vertex 16 140 0
      vertex 9.20208 156.798 0
      vertex 9.4135 157.056 0
    endloop
  endfacet
  facet normal 0 0 -1
    outer loop
      vertex 16 140 0
      vertex 8.94447 156.587 0
      vertex 9.20208 156.798 0
    endloop
  endfacet
  facet normal 0 0 -1
    outer loop
      vertex 16 140 0
      vertex 8.65056 156.429 0
      vertex 8.94447 156.587 0
    endloop
  endfacet
  facet normal 0 0 -1
    outer loop
      vertex 16 140 0
      vertex 8.33165 156.333 0
      vertex 8.65056 156.429 0
    endloop
  endfacet
  facet normal 0 0 -1
    outer loop
      vertex 16 140 0
      vertex 8 156.3 0
      vertex 8.33165 156.333 0
    endloop
  endfacet
  facet normal 0 0 -1
    outer loop
      vertex 16 140 0
      vertex 7.66835 156.333 0
      vertex 8 156.3 0
    endloop
  endfacet
  facet normal 0 0 -1
    outer loop
      vertex 16 140 0
      vertex 7.34944 156.429 0
      vertex 7.66835 156.333 0
    endloop
  endfacet
  facet normal 0 0 -1
    outer loop
      vertex 16 140 0
      vertex 7.05553 156.587 0
      vertex 7.34944 156.429 0
    endloop
  endfacet
  facet normal 0 0 -1
    outer loop
      vertex 0 0 0
      vertex 26.3327 93.6684 0
      vertex 26.4294 93.3494 0
    endloop
  endfacet
  facet normal 0 0 -1
    outer loop
      vertex 16 140 0
      vertex 6.79792 156.798 0
      vertex 7.05553 156.587 0
    endloop
  endfacet
  facet normal 0 0 -1
    outer loop
      vertex 16 140 0
      vertex 6.5865 157.056 0
      vertex 6.79792 156.798 0
    endloop
  endfacet
  facet normal -0 0 -1
    outer loop
      vertex 26.3 94 0
      vertex 0 0 0
      vertex 6.5865 157.056 0
    endloop
  endfacet
  facet normal 0 0 -1
    outer loop
      vertex 0 176 0
      vertex 6.33266 157.668 0
      vertex 0 0 0
    endloop
  endfacet
  facet normal -0 0 -1
    outer loop
      vertex 6.4294 157.349 0
      vertex 0 0 0
      vertex 6.33266 157.668 0
    endloop
  endfacet
  facet normal -0 0 -1
    outer loop
      vertex 6.5865 157.056 0
      vertex 0 0 0
      vertex 6.4294 157.349 0
    endloop
  endfacet
  facet normal -0 0 -1
    outer loop
      vertex 26.5865 93.0555 0
      vertex 0 0 0
      vertex 26.4294 93.3494 0
    endloop
  endfacet
  facet normal -0 0 -1
    outer loop
      vertex 26.7979 92.7979 0
      vertex 0 0 0
      vertex 26.5865 93.0555 0
    endloop
  endfacet
  facet normal -0 0 -1
    outer loop
      vertex 27.0555 92.5865 0
      vertex 0 0 0
      vertex 26.7979 92.7979 0
    endloop
  endfacet
  facet normal 0 0 -1
    outer loop
      vertex 0 0 0
      vertex 68 46 0
      vertex 200 0 0
    endloop
  endfacet
  facet normal 0 0 -1
    outer loop
      vertex 193.667 158.332 0
      vertex 200 176 0
      vertex 193.7 158 0
    endloop
  endfacet
  facet normal 0 0 -1
    outer loop
      vertex 193.571 158.651 0
      vertex 200 176 0
      vertex 193.667 158.332 0
    endloop
  endfacet
  facet normal 0 0 -1
    outer loop
      vertex 193.413 158.944 0
      vertex 200 176 0
      vertex 193.571 158.651 0
    endloop
  endfacet
  facet normal 0 0 -1
    outer loop
      vertex 193.202 159.202 0
      vertex 200 176 0
      vertex 193.413 158.944 0
    endloop
  endfacet
  facet normal 0 0 -1
    outer loop
      vertex 192.944 159.413 0
      vertex 200 176 0
      vertex 193.202 159.202 0
    endloop
  endfacet
  facet normal 0 0 -1
    outer loop
      vertex 192.651 159.571 0
      vertex 200 176 0
      vertex 192.944 159.413 0
    endloop
  endfacet
  facet normal 0 0 -1
    outer loop
      vertex 192.332 159.667 0
      vertex 200 176 0
      vertex 192.651 159.571 0
    endloop
  endfacet
  facet normal 0 0 -1
    outer loop
      vertex 192 159.7 0
      vertex 200 176 0
      vertex 192.332 159.667 0
    endloop
  endfacet
  facet normal 0 0 -1
    outer loop
      vertex 184 176 0
      vertex 192 159.7 0
      vertex 191.668 159.667 0
    endloop
  endfacet
  facet normal 0 0 -1
    outer loop
      vertex 184 176 0
      vertex 191.668 159.667 0
      vertex 191.349 159.571 0
    endloop
  endfacet
  facet normal 0 0 -1
    outer loop
      vertex 184 176 0
      vertex 191.349 159.571 0
      vertex 191.056 159.413 0
    endloop
  endfacet
  facet normal 0 0 -1
    outer loop
      vertex 184 176 0
      vertex 191.056 159.413 0
      vertex 190.798 159.202 0
    endloop
  endfacet
  facet normal 0 0 -1
    outer loop
      vertex 184 176 0
      vertex 190.798 159.202 0
      vertex 190.587 158.944 0
    endloop
  endfacet
  facet normal 0 0 -1
    outer loop
      vertex 184 176 0
      vertex 190.3 158 0
      vertex 184 140 0
    endloop
  endfacet
  facet normal 0 0 -1
    outer loop
      vertex 190.3 158 0
      vertex 184 176 0
      vertex 190.333 158.332 0
    endloop
  endfacet
  facet normal 0 0 -1
    outer loop
      vertex 192 159.7 0
      vertex 184 176 0
      vertex 200 176 0
    endloop
  endfacet
  facet normal 0 0 -1
    outer loop
      vertex 190.429 158.651 0
      vertex 184 176 0
      vertex 190.587 158.944 0
    endloop
  endfacet
  facet normal 0 0 -1
    outer loop
      vertex 190.333 158.332 0
      vertex 184 176 0
      vertex 190.429 158.651 0
    endloop
  endfacet
  facet normal 0 0 -1
    outer loop
      vertex 173.667 94.3316 0
      vertex 184 140 0
      vertex 173.7 94 0
    endloop
  endfacet
  facet normal 0 0 -1
    outer loop
      vertex 173.571 94.6506 0
      vertex 184 140 0
      vertex 173.667 94.3316 0
    endloop
  endfacet
  facet normal 0 0 -1
    outer loop
      vertex 173.413 94.9445 0
      vertex 184 140 0
      vertex 173.571 94.6506 0
    endloop
  endfacet
  facet normal 0 0 -1
    outer loop
      vertex 173.202 95.2021 0
      vertex 184 140 0
      vertex 173.413 94.9445 0
    endloop
  endfacet
  facet normal 0 0 -1
    outer loop
      vertex 172.944 95.4135 0
      vertex 184 140 0
      vertex 173.202 95.2021 0
    endloop
  endfacet
  facet normal 0 0 -1
    outer loop
      vertex 172.651 95.5706 0
      vertex 184 140 0
      vertex 172.944 95.4135 0
    endloop
  endfacet
  facet normal 0 0 -1
    outer loop
      vertex 172.332 95.6673 0
      vertex 184 140 0
      vertex 172.651 95.5706 0
    endloop
  endfacet
  facet normal 0 0 -1
    outer loop
      vertex 172 95.7 0
      vertex 184 140 0
      vertex 172.332 95.6673 0
    endloop
  endfacet
  facet normal 0 0 -1
    outer loop
      vertex 171.668 95.6673 0
      vertex 184 140 0
      vertex 172 95.7 0
    endloop
  endfacet
  facet normal 0 0 -1
    outer loop
      vertex 171.349 95.5706 0
      vertex 184 140 0
      vertex 171.668 95.6673 0
    endloop
  endfacet
  facet normal 0 0 -1
    outer loop
      vertex 171.056 95.4135 0
      vertex 184 140 0
      vertex 171.349 95.5706 0
    endloop
  endfacet
  facet normal 0 0 -1
    outer loop
      vertex 136.944 95.4135 0
      vertex 171.056 95.4135 0
      vertex 170.798 95.2021 0
    endloop
  endfacet
  facet normal 0 0 -1
    outer loop
      vertex 137.202 95.2021 0
      vertex 170.798 95.2021 0
      vertex 170.587 94.9445 0
    endloop
  endfacet
  facet normal 0 0 -1
    outer loop
      vertex 137.413 94.9445 0
      vertex 170.587 94.9445 0
      vertex 170.429 94.6506 0
    endloop
  endfacet
  facet normal 0 0 -1
    outer loop
      vertex 137.571 94.6506 0
      vertex 170.429 94.6506 0
      vertex 170.333 94.3316 0
    endloop
  endfacet
  facet normal 0 0 -1
    outer loop
      vertex 137.7 94 0
      vertex 170.333 94.3316 0
      vertex 170.3 94 0
    endloop
  endfacet
  facet normal 0 0 -1
    outer loop
      vertex 137.667 94.3316 0
      vertex 170.333 94.3316 0
      vertex 137.7 94 0
    endloop
  endfacet
  facet normal 0 0 -1
    outer loop
      vertex 137.571 94.6506 0
      vertex 170.333 94.3316 0
      vertex 137.667 94.3316 0
    endloop
  endfacet
  facet normal 0 0 -1
    outer loop
      vertex 170.429 94.6506 0
      vertex 137.571 94.6506 0
      vertex 137.413 94.9445 0
    endloop
  endfacet
  facet normal 0 0 -1
    outer loop
      vertex 170.587 94.9445 0
      vertex 137.413 94.9445 0
      vertex 137.202 95.2021 0
    endloop
  endfacet
  facet normal 0 0 -1
    outer loop
      vertex 170.798 95.2021 0
      vertex 137.202 95.2021 0
      vertex 136.944 95.4135 0
    endloop
  endfacet
  facet normal 0 0 -1
    outer loop
      vertex 171.056 95.4135 0
      vertex 136.944 95.4135 0
      vertex 184 140 0
    endloop
  endfacet
  facet normal 0 0 -1
    outer loop
      vertex 136.651 95.5706 0
      vertex 184 140 0
      vertex 136.944 95.4135 0
    endloop
  endfacet
  facet normal 0 0 -1
    outer loop
      vertex 136.332 95.6673 0
      vertex 184 140 0
      vertex 136.651 95.5706 0
    endloop
  endfacet
  facet normal 0 0 -1
    outer loop
      vertex 120 101 0
      vertex 136.332 95.6673 0
      vertex 136 95.7 0
    endloop
  endfacet
  facet normal 0 0 -1
    outer loop
      vertex 120 101 0
      vertex 136 95.7 0
      vertex 135.668 95.6673 0
    endloop
  endfacet
  facet normal 0 0 -1
    outer loop
      vertex 120 101 0
      vertex 135.668 95.6673 0
      vertex 135.349 95.5706 0
    endloop
  endfacet
  facet normal 0 0 -1
    outer loop
      vertex 120 101 0
      vertex 135.349 95.5706 0
      vertex 135.056 95.4135 0
    endloop
  endfacet
  facet normal 0 0 -1
    outer loop
      vertex 120 101 0
      vertex 135.056 95.4135 0
      vertex 134.798 95.2021 0
    endloop
  endfacet
  facet normal 0 0 -1
    outer loop
      vertex 120 91 0
      vertex 134.333 93.6684 0
      vertex 132 86 0
    endloop
  endfacet
  facet normal -0 0 -1
    outer loop
      vertex 134.333 93.6684 0
      vertex 120 91 0
      vertex 134.3 94 0
    endloop
  endfacet
  facet normal -0 0 -1
    outer loop
      vertex 134.3 94 0
      vertex 120 91 0
      vertex 134.333 94.3316 0
    endloop
  endfacet
  facet normal 0 0 -1
    outer loop
      vertex 120 101 0
      vertex 134.333 94.3316 0
      vertex 120 91 0
    endloop
  endfacet
  facet normal 0 0 -1
    outer loop
      vertex 134.333 94.3316 0
      vertex 120 101 0
      vertex 134.429 94.6506 0
    endloop
  endfacet
  facet normal 0 0 -1
    outer loop
      vertex 134.429 94.6506 0
      vertex 120 101 0
      vertex 134.587 94.9445 0
    endloop
  endfacet
  facet normal 0 0 -1
    outer loop
      vertex 134.587 94.9445 0
      vertex 120 101 0
      vertex 134.798 95.2021 0
    endloop
  endfacet
  facet normal 0 0 -1
    outer loop
      vertex 136.332 95.6673 0
      vertex 120 101 0
      vertex 184 140 0
    endloop
  endfacet
  facet normal 0 0 -1
    outer loop
      vertex 108 101 0
      vertex 184 140 0
      vertex 120 101 0
    endloop
  endfacet
  facet normal 0 0 -1
    outer loop
      vertex 65.7 94 0
      vertex 108 101 0
      vertex 68 86 0
    endloop
  endfacet
  facet normal 0 0 -1
    outer loop
      vertex 108 101 0
      vertex 65.7 94 0
      vertex 65.6673 94.3316 0
    endloop
  endfacet
  facet normal 0 0 -1
    outer loop
      vertex 65.5706 94.6506 0
      vertex 108 101 0
      vertex 65.6673 94.3316 0
    endloop
  endfacet
  facet normal 0 0 -1
    outer loop
      vertex 65.4135 94.9445 0
      vertex 108 101 0
      vertex 65.5706 94.6506 0
    endloop
  endfacet
  facet normal 0 0 -1
    outer loop
      vertex 65.2021 95.2021 0
      vertex 108 101 0
      vertex 65.4135 94.9445 0
    endloop
  endfacet
  facet normal 0 0 -1
    outer loop
      vertex 64.9445 95.4135 0
      vertex 108 101 0
      vertex 65.2021 95.2021 0
    endloop
  endfacet
  facet normal 0 0 -1
    outer loop
      vertex 64.6506 95.5706 0
      vertex 108 101 0
      vertex 64.9445 95.4135 0
    endloop
  endfacet
  facet normal 0 0 -1
    outer loop
      vertex 64.3316 95.6673 0
      vertex 108 101 0
      vertex 64.6506 95.5706 0
    endloop
  endfacet
  facet normal -0 0 -1
    outer loop
      vertex 108 101 0
      vertex 64.3316 95.6673 0
      vertex 16 140 0
    endloop
  endfacet
  facet normal 0 0 -1
    outer loop
      vertex 16 140 0
      vertex 64.3316 95.6673 0
      vertex 64 95.7 0
    endloop
  endfacet
  facet normal 0 0 -1
    outer loop
      vertex 16 140 0
      vertex 64 95.7 0
      vertex 63.6683 95.6673 0
    endloop
  endfacet
  facet normal 0 0 -1
    outer loop
      vertex 16 140 0
      vertex 63.6683 95.6673 0
      vertex 63.3494 95.5706 0
    endloop
  endfacet
  facet normal 0 0 -1
    outer loop
      vertex 29.7 94 0
      vertex 62.3327 94.3316 0
      vertex 62.3 94 0
    endloop
  endfacet
  facet normal 0 0 -1
    outer loop
      vertex 29.6673 94.3316 0
      vertex 62.3327 94.3316 0
      vertex 29.7 94 0
    endloop
  endfacet
  facet normal 0 0 -1
    outer loop
      vertex 62.3327 94.3316 0
      vertex 29.6673 94.3316 0
      vertex 62.4294 94.6506 0
    endloop
  endfacet
  facet normal 0 0 -1
    outer loop
      vertex 29.5706 94.6506 0
      vertex 62.4294 94.6506 0
      vertex 29.6673 94.3316 0
    endloop
  endfacet
  facet normal 0 0 -1
    outer loop
      vertex 62.4294 94.6506 0
      vertex 29.5706 94.6506 0
      vertex 62.5865 94.9445 0
    endloop
  endfacet
  facet normal 0 0 -1
    outer loop
      vertex 29.4135 94.9445 0
      vertex 62.5865 94.9445 0
      vertex 29.5706 94.6506 0
    endloop
  endfacet
  facet normal 0 0 -1
    outer loop
      vertex 62.5865 94.9445 0
      vertex 29.4135 94.9445 0
      vertex 62.7979 95.2021 0
    endloop
  endfacet
  facet normal 0 0 -1
    outer loop
      vertex 29.2021 95.2021 0
      vertex 62.7979 95.2021 0
      vertex 29.4135 94.9445 0
    endloop
  endfacet
  facet normal 0 0 -1
    outer loop
      vertex 62.7979 95.2021 0
      vertex 29.2021 95.2021 0
      vertex 63.0555 95.4135 0
    endloop
  endfacet
  facet normal 0 0 -1
    outer loop
      vertex 28.9445 95.4135 0
      vertex 63.0555 95.4135 0
      vertex 29.2021 95.2021 0
    endloop
  endfacet
  facet normal 0 0 -1
    outer loop
      vertex 16 140 0
      vertex 63.0555 95.4135 0
      vertex 28.9445 95.4135 0
    endloop
  endfacet
  facet normal 0 0 -1
    outer loop
      vertex 63.0555 95.4135 0
      vertex 16 140 0
      vertex 63.3494 95.5706 0
    endloop
  endfacet
  facet normal 0 0 -1
    outer loop
      vertex 16 140 0
      vertex 28.9445 95.4135 0
      vertex 28.6506 95.5706 0
    endloop
  endfacet
  facet normal 0 0 -1
    outer loop
      vertex 16 140 0
      vertex 28.6506 95.5706 0
      vertex 28.3317 95.6673 0
    endloop
  endfacet
  facet normal 0 0 -1
    outer loop
      vertex 16 140 0
      vertex 28.3317 95.6673 0
      vertex 28 95.7 0
    endloop
  endfacet
  facet normal 0 0 -1
    outer loop
      vertex 16 140 0
      vertex 28 95.7 0
      vertex 27.6683 95.6673 0
    endloop
  endfacet
  facet normal 0 0 -1
    outer loop
      vertex 108 101 0
      vertex 16 140 0
      vertex 184 140 0
    endloop
  endfacet
  facet normal 0 0 -1
    outer loop
      vertex 27.3494 95.5706 0
      vertex 16 140 0
      vertex 27.6683 95.6673 0
    endloop
  endfacet
  facet normal 0 0 -1
    outer loop
      vertex 27.0555 95.4135 0
      vertex 16 140 0
      vertex 27.3494 95.5706 0
    endloop
  endfacet
  facet normal 0 0 -1
    outer loop
      vertex 26.7979 95.2021 0
      vertex 16 140 0
      vertex 27.0555 95.4135 0
    endloop
  endfacet
  facet normal 0 0 -1
    outer loop
      vertex 26.5865 94.9445 0
      vertex 16 140 0
      vertex 26.7979 95.2021 0
    endloop
  endfacet
  facet normal 0 0 -1
    outer loop
      vertex 26.4294 94.6506 0
      vertex 16 140 0
      vertex 26.5865 94.9445 0
    endloop
  endfacet
  facet normal 0 0 -1
    outer loop
      vertex 26.3327 94.3316 0
      vertex 16 140 0
      vertex 26.4294 94.6506 0
    endloop
  endfacet
  facet normal 0 0 -1
    outer loop
      vertex 16 140 0
      vertex 26.3327 94.3316 0
      vertex 26.3 94 0
    endloop
  endfacet
  facet normal -1 0 0
    outer loop
      vertex 0 0 0
      vertex 0 176 3.6
      vertex 0 176 0
    endloop
  endfacet
  facet normal -1 -0 0
    outer loop
      vertex 0 176 3.6
      vertex 0 0 0
      vertex 0 0 3.6
    endloop
  endfacet
  facet normal 0 1 -0
    outer loop
      vertex 184 140 0
      vertex 16 140 3.6
      vertex 184 140 3.6
    endloop
  endfacet
  facet normal 0 1 0
    outer loop
      vertex 16 140 3.6
      vertex 184 140 0
      vertex 16 140 0
    endloop
  endfacet
  facet normal 0 -1 0
    outer loop
      vertex 0 0 0
      vertex 200 0 3.6
      vertex 0 0 3.6
    endloop
  endfacet
  facet normal 0 -1 -0
    outer loop
      vertex 200 0 3.6
      vertex 0 0 0
      vertex 200 0 0
    endloop
  endfacet
  facet normal 1 -0 0
    outer loop
      vertex 16 140 3.6
      vertex 16 176 0
      vertex 16 176 3.6
    endloop
  endfacet
  facet normal 1 0 0
    outer loop
      vertex 16 176 0
      vertex 16 140 3.6
      vertex 16 140 0
    endloop
  endfacet
  facet normal 0 1 -0
    outer loop
      vertex 16 176 0
      vertex 0 176 3.6
      vertex 16 176 3.6
    endloop
  endfacet
  facet normal 0 1 0
    outer loop
      vertex 0 176 3.6
      vertex 16 176 0
      vertex 0 176 0
    endloop
  endfacet
  facet normal -1 0 0
    outer loop
      vertex 184 140 0
      vertex 184 176 3.6
      vertex 184 176 0
    endloop
  endfacet
  facet normal -1 -0 0
    outer loop
      vertex 184 176 3.6
      vertex 184 140 0
      vertex 184 140 3.6
    endloop
  endfacet
  facet normal 0 1 -0
    outer loop
      vertex 200 176 0
      vertex 184 176 3.6
      vertex 200 176 3.6
    endloop
  endfacet
  facet normal 0 1 0
    outer loop
      vertex 184 176 3.6
      vertex 200 176 0
      vertex 184 176 0
    endloop
  endfacet
  facet normal -0 0 1
    outer loop
      vertex 19.0884 6.88899 4.3
      vertex 20.1497 6.41074 4.3
      vertex 20.0787 7.11411 4.3
    endloop
  endfacet
  facet normal 0 0 1
    outer loop
      vertex 20.1497 6.41074 4.3
      vertex 19.1291 6.41074 4.3
      vertex 20.1169 5.93341 4.3
    endloop
  endfacet
  facet normal -0 0 1
    outer loop
      vertex 18.9664 7.29303 4.3
      vertex 20.0787 7.11411 4.3
      vertex 19.8656 7.70972 4.3
    endloop
  endfacet
  facet normal 0 0 1
    outer loop
      vertex 19.0886 5.91158 4.3
      vertex 20.1169 5.93341 4.3
      vertex 19.1291 6.41074 4.3
    endloop
  endfacet
  facet normal 0 0 1
    outer loop
      vertex 20.1169 5.93341 4.3
      vertex 19.0886 5.91158 4.3
      vertex 20.0186 5.496 4.3
    endloop
  endfacet
  facet normal 0 0 1
    outer loop
      vertex 18.9664 7.29303 4.3
      vertex 19.8656 7.70972 4.3
      vertex 19.5105 8.19759 4.3
    endloop
  endfacet
  facet normal 0 0 1
    outer loop
      vertex 18.9671 5.49452 4.3
      vertex 20.0186 5.496 4.3
      vertex 19.0886 5.91158 4.3
    endloop
  endfacet
  facet normal 0 0 1
    outer loop
      vertex 20.0186 5.496 4.3
      vertex 18.9671 5.49452 4.3
      vertex 19.8547 5.09854 4.3
    endloop
  endfacet
  facet normal 0 0 1
    outer loop
      vertex 20.1497 6.41074 4.3
      vertex 19.0884 6.88899 4.3
      vertex 19.1291 6.41074 4.3
    endloop
  endfacet
  facet normal 0 0 1
    outer loop
      vertex 18.7629 7.62285 4.3
      vertex 19.5105 8.19759 4.3
      vertex 19.0293 8.55927 4.3
    endloop
  endfacet
  facet normal 0 0 1
    outer loop
      vertex 20.0787 7.11411 4.3
      vertex 18.9664 7.29303 4.3
      vertex 19.0884 6.88899 4.3
    endloop
  endfacet
  facet normal 0 0 1
    outer loop
      vertex 19.5105 8.19759 4.3
      vertex 18.7629 7.62285 4.3
      vertex 18.9664 7.29303 4.3
    endloop
  endfacet
  facet normal 0 0 1
    outer loop
      vertex 19.0293 8.55927 4.3
      vertex 18.486 7.86679 4.3
      vertex 18.7629 7.62285 4.3
    endloop
  endfacet
  facet normal 0 0 1
    outer loop
      vertex 18.4376 8.77626 4.3
      vertex 18.486 7.86679 4.3
      vertex 19.0293 8.55927 4.3
    endloop
  endfacet
  facet normal 0 0 1
    outer loop
      vertex 18.4376 8.77626 4.3
      vertex 18.1436 8.01315 4.3
      vertex 18.486 7.86679 4.3
    endloop
  endfacet
  facet normal 0 0 1
    outer loop
      vertex 17.7356 8.84859 4.3
      vertex 18.1436 8.01315 4.3
      vertex 18.4376 8.77626 4.3
    endloop
  endfacet
  facet normal 0 0 1
    outer loop
      vertex 17.7356 8.84859 4.3
      vertex 17.7356 8.06194 4.3
      vertex 18.1436 8.01315 4.3
    endloop
  endfacet
  facet normal 0 0 1
    outer loop
      vertex 17.7356 8.84859 4.3
      vertex 17.3219 8.01353 4.3
      vertex 17.7356 8.06194 4.3
    endloop
  endfacet
  facet normal -0 0 1
    outer loop
      vertex 17.0337 8.77701 4.3
      vertex 17.3219 8.01353 4.3
      vertex 17.7356 8.84859 4.3
    endloop
  endfacet
  facet normal 0 0 1
    outer loop
      vertex 17.0337 8.77701 4.3
      vertex 16.9761 7.8683 4.3
      vertex 17.3219 8.01353 4.3
    endloop
  endfacet
  facet normal -0 0 1
    outer loop
      vertex 16.4426 8.56226 4.3
      vertex 16.9761 7.8683 4.3
      vertex 17.0337 8.77701 4.3
    endloop
  endfacet
  facet normal 0 0 1
    outer loop
      vertex 16.9761 7.8683 4.3
      vertex 16.4426 8.56226 4.3
      vertex 16.698 7.62624 4.3
    endloop
  endfacet
  facet normal -0 0 1
    outer loop
      vertex 15.9623 8.20435 4.3
      vertex 16.698 7.62624 4.3
      vertex 16.4426 8.56226 4.3
    endloop
  endfacet
  facet normal 0 0 1
    outer loop
      vertex 16.698 7.62624 4.3
      vertex 15.9623 8.20435 4.3
      vertex 16.4946 7.29756 4.3
    endloop
  endfacet
  facet normal -0 0 1
    outer loop
      vertex 15.6081 7.71875 4.3
      vertex 16.4946 7.29756 4.3
      vertex 15.9623 8.20435 4.3
    endloop
  endfacet
  facet normal 0 0 1
    outer loop
      vertex 15.3957 7.12088 4.3
      vertex 16.4946 7.29756 4.3
      vertex 15.6081 7.71875 4.3
    endloop
  endfacet
  facet normal 0 0 1
    outer loop
      vertex 16.4946 7.29756 4.3
      vertex 15.3957 7.12088 4.3
      vertex 16.3726 6.8924 4.3
    endloop
  endfacet
  facet normal 0 -0 1
    outer loop
      vertex 15.3958 5.69662 4.3
      vertex 16.3319 6.41074 4.3
      vertex 15.3248 6.41074 4.3
    endloop
  endfacet
  facet normal 0 0 1
    outer loop
      vertex 15.3248 6.41074 4.3
      vertex 16.3726 6.8924 4.3
      vertex 15.3957 7.12088 4.3
    endloop
  endfacet
  facet normal 0 -0 1
    outer loop
      vertex 15.6089 5.09138 4.3
      vertex 16.3319 6.41074 4.3
      vertex 15.3958 5.69662 4.3
    endloop
  endfacet
  facet normal 0 0 1
    outer loop
      vertex 16.3726 6.8924 4.3
      vertex 15.3248 6.41074 4.3
      vertex 16.3319 6.41074 4.3
    endloop
  endfacet
  facet normal 0 0 1
    outer loop
      vertex 16.3319 6.41074 4.3
      vertex 15.6089 5.09138 4.3
      vertex 15.964 4.59505 4.3
    endloop
  endfacet
  facet normal 0 0 1
    outer loop
      vertex 19.8547 5.09854 4.3
      vertex 18.9671 5.49452 4.3
      vertex 19.6298 4.75064 4.3
    endloop
  endfacet
  facet normal -0 0 1
    outer loop
      vertex 18.7646 5.15959 4.3
      vertex 19.6298 4.75064 4.3
      vertex 18.9671 5.49452 4.3
    endloop
  endfacet
  facet normal 0 0 1
    outer loop
      vertex 19.6298 4.75064 4.3
      vertex 18.7646 5.15959 4.3
      vertex 19.3484 4.46187 4.3
    endloop
  endfacet
  facet normal 0 0 1
    outer loop
      vertex 19.3484 4.46187 4.3
      vertex 18.7646 5.15959 4.3
      vertex 19.0104 4.23224 4.3
    endloop
  endfacet
  facet normal -0 0 1
    outer loop
      vertex 18.4875 4.9147 4.3
      vertex 19.0104 4.23224 4.3
      vertex 18.7646 5.15959 4.3
    endloop
  endfacet
  facet normal 0 0 1
    outer loop
      vertex 19.0104 4.23224 4.3
      vertex 18.4875 4.9147 4.3
      vertex 18.6239 4.06555 4.3
    endloop
  endfacet
  facet normal -0 0 1
    outer loop
      vertex 18.1423 4.76778 4.3
      vertex 18.6239 4.06555 4.3
      vertex 18.4875 4.9147 4.3
    endloop
  endfacet
  facet normal 0 0 1
    outer loop
      vertex 18.6239 4.06555 4.3
      vertex 18.1423 4.76778 4.3
      vertex 18.1967 3.96555 4.3
    endloop
  endfacet
  facet normal -0 0 1
    outer loop
      vertex 17.7288 4.7188 4.3
      vertex 18.1967 3.96555 4.3
      vertex 18.1423 4.76778 4.3
    endloop
  endfacet
  facet normal 0 0 1
    outer loop
      vertex 17.7288 4.7188 4.3
      vertex 17.7288 3.93221 4.3
      vertex 18.1967 3.96555 4.3
    endloop
  endfacet
  facet normal 0 0 1
    outer loop
      vertex 17.3274 4.76909 4.3
      vertex 17.7288 3.93221 4.3
      vertex 17.7288 4.7188 4.3
    endloop
  endfacet
  facet normal 0 0 1
    outer loop
      vertex 17.3274 4.76909 4.3
      vertex 17.0324 4.00584 4.3
      vertex 17.7288 3.93221 4.3
    endloop
  endfacet
  facet normal 0 0 1
    outer loop
      vertex 16.9866 4.91997 4.3
      vertex 17.0324 4.00584 4.3
      vertex 17.3274 4.76909 4.3
    endloop
  endfacet
  facet normal 0 0 1
    outer loop
      vertex 16.4441 4.22679 4.3
      vertex 16.9866 4.91997 4.3
      vertex 16.7065 5.17145 4.3
    endloop
  endfacet
  facet normal 0 0 1
    outer loop
      vertex 15.964 4.59505 4.3
      vertex 16.7065 5.17145 4.3
      vertex 16.4984 5.51031 4.3
    endloop
  endfacet
  facet normal 0 0 1
    outer loop
      vertex 16.9866 4.91997 4.3
      vertex 16.4441 4.22679 4.3
      vertex 17.0324 4.00584 4.3
    endloop
  endfacet
  facet normal 0 0 1
    outer loop
      vertex 15.964 4.59505 4.3
      vertex 16.4984 5.51031 4.3
      vertex 16.3735 5.92342 4.3
    endloop
  endfacet
  facet normal 0 0 1
    outer loop
      vertex 15.964 4.59505 4.3
      vertex 16.3735 5.92342 4.3
      vertex 16.3319 6.41074 4.3
    endloop
  endfacet
  facet normal 0 0 1
    outer loop
      vertex 16.7065 5.17145 4.3
      vertex 15.964 4.59505 4.3
      vertex 16.4441 4.22679 4.3
    endloop
  endfacet
  facet normal 0 0 1
    outer loop
      vertex 9.9874 8.77739 4.3
      vertex 7.46474 8.00435 4.3
      vertex 9.9874 8.00435 4.3
    endloop
  endfacet
  facet normal 0 0 1
    outer loop
      vertex 6.46449 8.77739 4.3
      vertex 7.46474 6.52599 4.3
      vertex 7.46474 8.00435 4.3
    endloop
  endfacet
  facet normal 0 0 1
    outer loop
      vertex 6.46449 4 4.3
      vertex 7.46474 6.52599 4.3
      vertex 6.46449 8.77739 4.3
    endloop
  endfacet
  facet normal -0 0 1
    outer loop
      vertex 6.46449 8.77739 4.3
      vertex 7.46474 8.00435 4.3
      vertex 9.9874 8.77739 4.3
    endloop
  endfacet
  facet normal 0 0 1
    outer loop
      vertex 7.46474 6.52599 4.3
      vertex 6.46449 4 4.3
      vertex 7.46474 5.75294 4.3
    endloop
  endfacet
  facet normal 0 0 1
    outer loop
      vertex 7.46474 5.75294 4.3
      vertex 6.46449 4 4.3
      vertex 7.46474 4 4.3
    endloop
  endfacet
  facet normal -0 0 1
    outer loop
      vertex 7.46474 6.52599 4.3
      vertex 9.90939 5.75294 4.3
      vertex 9.90939 6.52599 4.3
    endloop
  endfacet
  facet normal 0 0 1
    outer loop
      vertex 9.90939 5.75294 4.3
      vertex 7.46474 6.52599 4.3
      vertex 7.46474 5.75294 4.3
    endloop
  endfacet
  facet normal 0 0 1
    outer loop
      vertex 14.7259 7.7766 4.3
      vertex 13.6725 7.69504 4.3
      vertex 13.7705 7.31264 4.3
    endloop
  endfacet
  facet normal 0 0 1
    outer loop
      vertex 13.3787 7.92447 4.3
      vertex 13.96 8.61388 4.3
      vertex 13.5203 8.73651 4.3
    endloop
  endfacet
  facet normal 0 0 1
    outer loop
      vertex 13.96 8.61388 4.3
      vertex 13.3787 7.92447 4.3
      vertex 13.6725 7.69504 4.3
    endloop
  endfacet
  facet normal 0 0 1
    outer loop
      vertex 12.994 8.77739 4.3
      vertex 13.3787 7.92447 4.3
      vertex 13.5203 8.73651 4.3
    endloop
  endfacet
  facet normal 0 0 1
    outer loop
      vertex 12.994 8.77739 4.3
      vertex 12.8889 8.00095 4.3
      vertex 13.3787 7.92447 4.3
    endloop
  endfacet
  facet normal 0 0 1
    outer loop
      vertex 12.994 8.77739 4.3
      vertex 11.6073 8.00095 4.3
      vertex 12.8889 8.00095 4.3
    endloop
  endfacet
  facet normal 0 0 1
    outer loop
      vertex 10.607 8.77739 4.3
      vertex 11.6073 6.59044 4.3
      vertex 11.6073 8.00095 4.3
    endloop
  endfacet
  facet normal 0 0 1
    outer loop
      vertex 10.607 4 4.3
      vertex 11.6073 6.59044 4.3
      vertex 10.607 8.77739 4.3
    endloop
  endfacet
  facet normal -0 0 1
    outer loop
      vertex 10.607 8.77739 4.3
      vertex 11.6073 8.00095 4.3
      vertex 12.994 8.77739 4.3
    endloop
  endfacet
  facet normal 0 0 1
    outer loop
      vertex 11.6073 6.59044 4.3
      vertex 10.607 4 4.3
      vertex 11.6073 5.814 4.3
    endloop
  endfacet
  facet normal 0 0 1
    outer loop
      vertex 11.6073 5.814 4.3
      vertex 10.607 4 4.3
      vertex 11.6073 4 4.3
    endloop
  endfacet
  facet normal 0 0 1
    outer loop
      vertex 13.7705 7.31264 4.3
      vertex 14.7775 7.35335 4.3
      vertex 14.7259 7.7766 4.3
    endloop
  endfacet
  facet normal 0 0 1
    outer loop
      vertex 14.7775 7.35335 4.3
      vertex 13.7705 7.31264 4.3
      vertex 14.7459 7.03404 4.3
    endloop
  endfacet
  facet normal 0 0 1
    outer loop
      vertex 13.6725 7.69504 4.3
      vertex 14.7259 7.7766 4.3
      vertex 14.5711 8.12865 4.3
    endloop
  endfacet
  facet normal -0 0 1
    outer loop
      vertex 13.7464 7.10129 4.3
      vertex 14.7459 7.03404 4.3
      vertex 13.7705 7.31264 4.3
    endloop
  endfacet
  facet normal 0 0 1
    outer loop
      vertex 13.6725 7.69504 4.3
      vertex 14.5711 8.12865 4.3
      vertex 14.313 8.40948 4.3
    endloop
  endfacet
  facet normal 0 0 1
    outer loop
      vertex 14.7459 7.03404 4.3
      vertex 13.7464 7.10129 4.3
      vertex 14.6509 6.74525 4.3
    endloop
  endfacet
  facet normal 0 0 1
    outer loop
      vertex 14.6509 6.74525 4.3
      vertex 13.7464 7.10129 4.3
      vertex 14.4927 6.487 4.3
    endloop
  endfacet
  facet normal 0 0 1
    outer loop
      vertex 13.6725 7.69504 4.3
      vertex 14.313 8.40948 4.3
      vertex 13.96 8.61388 4.3
    endloop
  endfacet
  facet normal -0 0 1
    outer loop
      vertex 13.674 6.92384 4.3
      vertex 14.4927 6.487 4.3
      vertex 13.7464 7.10129 4.3
    endloop
  endfacet
  facet normal 0 0 1
    outer loop
      vertex 14.4927 6.487 4.3
      vertex 13.674 6.92384 4.3
      vertex 14.2806 6.27171 4.3
    endloop
  endfacet
  facet normal -0 0 1
    outer loop
      vertex 13.5535 6.78029 4.3
      vertex 14.2806 6.27171 4.3
      vertex 13.674 6.92384 4.3
    endloop
  endfacet
  facet normal 0 0 1
    outer loop
      vertex 14.2806 6.27171 4.3
      vertex 13.5535 6.78029 4.3
      vertex 14.024 6.11179 4.3
    endloop
  endfacet
  facet normal 0 0 1
    outer loop
      vertex 13.723 6.00725 4.3
      vertex 13.8892 4 4.3
      vertex 15.0149 4 4.3
    endloop
  endfacet
  facet normal 0 0 1
    outer loop
      vertex 14.024 6.11179 4.3
      vertex 13.5535 6.78029 4.3
      vertex 13.723 6.00725 4.3
    endloop
  endfacet
  facet normal -0 0 1
    outer loop
      vertex 13.3862 6.67482 4.3
      vertex 13.723 6.00725 4.3
      vertex 13.5535 6.78029 4.3
    endloop
  endfacet
  facet normal -0 0 1
    outer loop
      vertex 13.1737 6.61154 4.3
      vertex 13.723 6.00725 4.3
      vertex 13.3862 6.67482 4.3
    endloop
  endfacet
  facet normal 0 0 1
    outer loop
      vertex 13.723 6.00725 4.3
      vertex 13.1737 6.61154 4.3
      vertex 12.7804 5.814 4.3
    endloop
  endfacet
  facet normal 0 0 1
    outer loop
      vertex 12.7804 5.814 4.3
      vertex 13.1737 6.61154 4.3
      vertex 12.9161 6.59044 4.3
    endloop
  endfacet
  facet normal 0 0 1
    outer loop
      vertex 13.723 6.00725 4.3
      vertex 12.7804 5.814 4.3
      vertex 13.8892 4 4.3
    endloop
  endfacet
  facet normal -0 0 1
    outer loop
      vertex 11.6073 6.59044 4.3
      vertex 12.7804 5.814 4.3
      vertex 12.9161 6.59044 4.3
    endloop
  endfacet
  facet normal 0 0 1
    outer loop
      vertex 12.7804 5.814 4.3
      vertex 11.6073 6.59044 4.3
      vertex 11.6073 5.814 4.3
    endloop
  endfacet
  facet normal -0 0 1
    outer loop
      vertex 23.9735 6.00044 4.3
      vertex 24.8619 4 4.3
      vertex 24.8619 8.77739 4.3
    endloop
  endfacet
  facet normal 0 0 1
    outer loop
      vertex 24.8619 4 4.3
      vertex 24.0006 5.3992 4.3
      vertex 24.0345 5.06804 4.3
    endloop
  endfacet
  facet normal 0 0 1
    outer loop
      vertex 24.8619 4 4.3
      vertex 23.9803 5.70999 4.3
      vertex 24.0006 5.3992 4.3
    endloop
  endfacet
  facet normal 0 0 1
    outer loop
      vertex 23.9735 6.00044 4.3
      vertex 24.8619 8.77739 4.3
      vertex 23.9735 8.77739 4.3
    endloop
  endfacet
  facet normal 0 0 1
    outer loop
      vertex 24.8619 4 4.3
      vertex 23.9735 6.00044 4.3
      vertex 23.9803 5.70999 4.3
    endloop
  endfacet
  facet normal 0 0 1
    outer loop
      vertex 24.0345 5.06804 4.3
      vertex 23.6887 4 4.3
      vertex 24.8619 4 4.3
    endloop
  endfacet
  facet normal -0 0 1
    outer loop
      vertex 21.6069 7.67885 4.3
      vertex 24.0345 5.06804 4.3
      vertex 21.9222 8.77739 4.3
    endloop
  endfacet
  facet normal 0 0 1
    outer loop
      vertex 24.0345 5.06804 4.3
      vertex 21.6069 7.67885 4.3
      vertex 23.6887 4 4.3
    endloop
  endfacet
  facet normal 0 -0 1
    outer loop
      vertex 21.6069 7.67885 4.3
      vertex 21.9222 8.77739 4.3
      vertex 20.7795 8.77739 4.3
    endloop
  endfacet
  facet normal 0 0 1
    outer loop
      vertex 20.7795 8.77739 4.3
      vertex 21.6679 6.8176 4.3
      vertex 21.6611 7.05795 4.3
    endloop
  endfacet
  facet normal 0 0 1
    outer loop
      vertex 20.7795 8.77739 4.3
      vertex 21.6611 7.05795 4.3
      vertex 21.6408 7.34503 4.3
    endloop
  endfacet
  facet normal 0 0 1
    outer loop
      vertex 20.7795 8.77739 4.3
      vertex 21.6408 7.34503 4.3
      vertex 21.6069 7.67885 4.3
    endloop
  endfacet
  facet normal 0 0 1
    outer loop
      vertex 21.6679 6.8176 4.3
      vertex 20.7795 8.77739 4.3
      vertex 20.7795 4 4.3
    endloop
  endfacet
  facet normal 0 0 1
    outer loop
      vertex 21.6679 6.8176 4.3
      vertex 20.7795 4 4.3
      vertex 21.6679 4 4.3
    endloop
  endfacet
  facet normal 0 0 1
    outer loop
      vertex 29.3796 8.77739 4.3
      vertex 27.8335 8.00435 4.3
      vertex 29.3796 8.00435 4.3
    endloop
  endfacet
  facet normal 0 0 1
    outer loop
      vertex 27.8335 8.00435 4.3
      vertex 26.8332 8.00435 4.3
      vertex 27.8335 4 4.3
    endloop
  endfacet
  facet normal 0 0 1
    outer loop
      vertex 29.3796 8.77739 4.3
      vertex 26.8332 8.00435 4.3
      vertex 27.8335 8.00435 4.3
    endloop
  endfacet
  facet normal -0 0 1
    outer loop
      vertex 25.2905 8.77739 4.3
      vertex 26.8332 8.00435 4.3
      vertex 29.3796 8.77739 4.3
    endloop
  endfacet
  facet normal 0 0 1
    outer loop
      vertex 26.8332 8.00435 4.3
      vertex 25.2905 8.77739 4.3
      vertex 25.2905 8.00435 4.3
    endloop
  endfacet
  facet normal 0 0 1
    outer loop
      vertex 27.8335 4 4.3
      vertex 26.8332 8.00435 4.3
      vertex 26.8332 4 4.3
    endloop
  endfacet
  facet normal 0.227921 -0.97368 0
    outer loop
      vertex 18.1967 3.96555 3.6
      vertex 18.6239 4.06555 4.3
      vertex 18.1967 3.96555 4.3
    endloop
  endfacet
  facet normal 0.227921 -0.97368 0
    outer loop
      vertex 18.6239 4.06555 4.3
      vertex 18.1967 3.96555 3.6
      vertex 18.6239 4.06555 3.6
    endloop
  endfacet
  facet normal 0.39602 -0.918242 0
    outer loop
      vertex 18.6239 4.06555 3.6
      vertex 19.0104 4.23224 4.3
      vertex 18.6239 4.06555 4.3
    endloop
  endfacet
  facet normal 0.39602 -0.918242 0
    outer loop
      vertex 19.0104 4.23224 4.3
      vertex 18.6239 4.06555 3.6
      vertex 19.0104 4.23224 3.6
    endloop
  endfacet
  facet normal 0.561959 -0.827165 0
    outer loop
      vertex 19.0104 4.23224 3.6
      vertex 19.3484 4.46187 4.3
      vertex 19.0104 4.23224 4.3
    endloop
  endfacet
  facet normal 0.561959 -0.827165 0
    outer loop
      vertex 19.3484 4.46187 4.3
      vertex 19.0104 4.23224 3.6
      vertex 19.3484 4.46187 3.6
    endloop
  endfacet
  facet normal 0.716187 -0.697908 0
    outer loop
      vertex 19.3484 4.46187 4.3
      vertex 19.6298 4.75064 3.6
      vertex 19.6298 4.75064 4.3
    endloop
  endfacet
  facet normal 0.716187 -0.697908 0
    outer loop
      vertex 19.6298 4.75064 3.6
      vertex 19.3484 4.46187 4.3
      vertex 19.3484 4.46187 3.6
    endloop
  endfacet
  facet normal 0.839803 -0.542891 0
    outer loop
      vertex 19.6298 4.75064 4.3
      vertex 19.8547 5.09854 3.6
      vertex 19.8547 5.09854 4.3
    endloop
  endfacet
  facet normal 0.839803 -0.542891 0
    outer loop
      vertex 19.8547 5.09854 3.6
      vertex 19.6298 4.75064 4.3
      vertex 19.6298 4.75064 3.6
    endloop
  endfacet
  facet normal 0.924481 -0.381227 0
    outer loop
      vertex 19.8547 5.09854 4.3
      vertex 20.0186 5.496 3.6
      vertex 20.0186 5.496 4.3
    endloop
  endfacet
  facet normal 0.924481 -0.381227 0
    outer loop
      vertex 20.0186 5.496 3.6
      vertex 19.8547 5.09854 4.3
      vertex 19.8547 5.09854 3.6
    endloop
  endfacet
  facet normal 0.975666 -0.219263 0
    outer loop
      vertex 20.0186 5.496 4.3
      vertex 20.1169 5.93341 3.6
      vertex 20.1169 5.93341 4.3
    endloop
  endfacet
  facet normal 0.975666 -0.219263 0
    outer loop
      vertex 20.1169 5.93341 3.6
      vertex 20.0186 5.496 4.3
      vertex 20.0186 5.496 3.6
    endloop
  endfacet
  facet normal 0.997647 -0.0685539 0
    outer loop
      vertex 20.1169 5.93341 4.3
      vertex 20.1497 6.41074 3.6
      vertex 20.1497 6.41074 4.3
    endloop
  endfacet
  facet normal 0.997647 -0.0685539 0
    outer loop
      vertex 20.1497 6.41074 3.6
      vertex 20.1169 5.93341 4.3
      vertex 20.1169 5.93341 3.6
    endloop
  endfacet
  facet normal 0.994944 0.100432 0
    outer loop
      vertex 20.1497 6.41074 4.3
      vertex 20.0787 7.11411 3.6
      vertex 20.0787 7.11411 4.3
    endloop
  endfacet
  facet normal 0.994944 0.100432 0
    outer loop
      vertex 20.0787 7.11411 3.6
      vertex 20.1497 6.41074 4.3
      vertex 20.1497 6.41074 3.6
    endloop
  endfacet
  facet normal 0.94155 0.336872 0
    outer loop
      vertex 20.0787 7.11411 4.3
      vertex 19.8656 7.70972 3.6
      vertex 19.8656 7.70972 4.3
    endloop
  endfacet
  facet normal 0.94155 0.336872 0
    outer loop
      vertex 19.8656 7.70972 3.6
      vertex 20.0787 7.11411 4.3
      vertex 20.0787 7.11411 3.6
    endloop
  endfacet
  facet normal 0.808511 0.588481 0
    outer loop
      vertex 19.8656 7.70972 4.3
      vertex 19.5105 8.19759 3.6
      vertex 19.5105 8.19759 4.3
    endloop
  endfacet
  facet normal 0.808511 0.588481 0
    outer loop
      vertex 19.5105 8.19759 3.6
      vertex 19.8656 7.70972 4.3
      vertex 19.8656 7.70972 3.6
    endloop
  endfacet
  facet normal 0.600829 0.799378 -0
    outer loop
      vertex 19.5105 8.19759 3.6
      vertex 19.0293 8.55927 4.3
      vertex 19.5105 8.19759 4.3
    endloop
  endfacet
  facet normal 0.600829 0.799378 0
    outer loop
      vertex 19.0293 8.55927 4.3
      vertex 19.5105 8.19759 3.6
      vertex 19.0293 8.55927 3.6
    endloop
  endfacet
  facet normal 0.344301 0.938859 -0
    outer loop
      vertex 19.0293 8.55927 3.6
      vertex 18.4376 8.77626 4.3
      vertex 19.0293 8.55927 4.3
    endloop
  endfacet
  facet normal 0.344301 0.938859 0
    outer loop
      vertex 18.4376 8.77626 4.3
      vertex 19.0293 8.55927 3.6
      vertex 18.4376 8.77626 3.6
    endloop
  endfacet
  facet normal 0.102492 0.994734 -0
    outer loop
      vertex 18.4376 8.77626 3.6
      vertex 17.7356 8.84859 4.3
      vertex 18.4376 8.77626 4.3
    endloop
  endfacet
  facet normal 0.102492 0.994734 0
    outer loop
      vertex 17.7356 8.84859 4.3
      vertex 18.4376 8.77626 3.6
      vertex 17.7356 8.84859 3.6
    endloop
  endfacet
  facet normal -0.101454 0.99484 0
    outer loop
      vertex 17.7356 8.84859 3.6
      vertex 17.0337 8.77701 4.3
      vertex 17.7356 8.84859 4.3
    endloop
  endfacet
  facet normal -0.101454 0.99484 0
    outer loop
      vertex 17.0337 8.77701 4.3
      vertex 17.7356 8.84859 3.6
      vertex 17.0337 8.77701 3.6
    endloop
  endfacet
  facet normal -0.341469 0.939893 0
    outer loop
      vertex 17.0337 8.77701 3.6
      vertex 16.4426 8.56226 4.3
      vertex 17.0337 8.77701 4.3
    endloop
  endfacet
  facet normal -0.341469 0.939893 0
    outer loop
      vertex 16.4426 8.56226 4.3
      vertex 17.0337 8.77701 3.6
      vertex 16.4426 8.56226 3.6
    endloop
  endfacet
  facet normal -0.597524 0.801851 0
    outer loop
      vertex 16.4426 8.56226 3.6
      vertex 15.9623 8.20435 4.3
      vertex 16.4426 8.56226 4.3
    endloop
  endfacet
  facet normal -0.597524 0.801851 0
    outer loop
      vertex 15.9623 8.20435 4.3
      vertex 16.4426 8.56226 3.6
      vertex 15.9623 8.20435 3.6
    endloop
  endfacet
  facet normal -0.807915 0.589299 0
    outer loop
      vertex 15.6081 7.71875 3.6
      vertex 15.9623 8.20435 4.3
      vertex 15.9623 8.20435 3.6
    endloop
  endfacet
  facet normal -0.807915 0.589299 0
    outer loop
      vertex 15.9623 8.20435 4.3
      vertex 15.6081 7.71875 3.6
      vertex 15.6081 7.71875 4.3
    endloop
  endfacet
  facet normal -0.942302 0.334763 0
    outer loop
      vertex 15.3957 7.12088 3.6
      vertex 15.6081 7.71875 4.3
      vertex 15.6081 7.71875 3.6
    endloop
  endfacet
  facet normal -0.942302 0.334763 0
    outer loop
      vertex 15.6081 7.71875 4.3
      vertex 15.3957 7.12088 3.6
      vertex 15.3957 7.12088 4.3
    endloop
  endfacet
  facet normal -0.995053 0.0993456 0
    outer loop
      vertex 15.3248 6.41074 3.6
      vertex 15.3957 7.12088 4.3
      vertex 15.3957 7.12088 3.6
    endloop
  endfacet
  facet normal -0.995053 0.0993456 0
    outer loop
      vertex 15.3957 7.12088 4.3
      vertex 15.3248 6.41074 3.6
      vertex 15.3248 6.41074 4.3
    endloop
  endfacet
  facet normal -0.995094 -0.0989353 0
    outer loop
      vertex 15.3958 5.69662 3.6
      vertex 15.3248 6.41074 4.3
      vertex 15.3248 6.41074 3.6
    endloop
  endfacet
  facet normal -0.995094 -0.0989353 0
    outer loop
      vertex 15.3248 6.41074 4.3
      vertex 15.3958 5.69662 3.6
      vertex 15.3958 5.69662 4.3
    endloop
  endfacet
  facet normal -0.943242 -0.332108 0
    outer loop
      vertex 15.6089 5.09138 3.6
      vertex 15.3958 5.69662 4.3
      vertex 15.3958 5.69662 3.6
    endloop
  endfacet
  facet normal -0.943242 -0.332108 0
    outer loop
      vertex 15.3958 5.69662 4.3
      vertex 15.6089 5.09138 3.6
      vertex 15.6089 5.09138 4.3
    endloop
  endfacet
  facet normal -0.813285 -0.581866 0
    outer loop
      vertex 15.964 4.59505 3.6
      vertex 15.6089 5.09138 4.3
      vertex 15.6089 5.09138 3.6
    endloop
  endfacet
  facet normal -0.813285 -0.581866 0
    outer loop
      vertex 15.6089 5.09138 4.3
      vertex 15.964 4.59505 3.6
      vertex 15.964 4.59505 4.3
    endloop
  endfacet
  facet normal -0.608622 -0.79346 0
    outer loop
      vertex 15.964 4.59505 3.6
      vertex 16.4441 4.22679 4.3
      vertex 15.964 4.59505 4.3
    endloop
  endfacet
  facet normal -0.608622 -0.79346 -0
    outer loop
      vertex 16.4441 4.22679 4.3
      vertex 15.964 4.59505 3.6
      vertex 16.4441 4.22679 3.6
    endloop
  endfacet
  facet normal -0.351594 -0.936152 0
    outer loop
      vertex 16.4441 4.22679 3.6
      vertex 17.0324 4.00584 4.3
      vertex 16.4441 4.22679 4.3
    endloop
  endfacet
  facet normal -0.351594 -0.936152 -0
    outer loop
      vertex 17.0324 4.00584 4.3
      vertex 16.4441 4.22679 3.6
      vertex 17.0324 4.00584 3.6
    endloop
  endfacet
  facet normal -0.105143 -0.994457 0
    outer loop
      vertex 17.0324 4.00584 3.6
      vertex 17.7288 3.93221 4.3
      vertex 17.0324 4.00584 4.3
    endloop
  endfacet
  facet normal -0.105143 -0.994457 -0
    outer loop
      vertex 17.7288 3.93221 4.3
      vertex 17.0324 4.00584 3.6
      vertex 17.7288 3.93221 3.6
    endloop
  endfacet
  facet normal 0.0710743 -0.997471 0
    outer loop
      vertex 17.7288 3.93221 3.6
      vertex 18.1967 3.96555 4.3
      vertex 17.7288 3.93221 4.3
    endloop
  endfacet
  facet normal 0.0710743 -0.997471 0
    outer loop
      vertex 18.1967 3.96555 4.3
      vertex 17.7288 3.93221 3.6
      vertex 18.1967 3.96555 3.6
    endloop
  endfacet
  facet normal 0.404824 0.914395 -0
    outer loop
      vertex 17.3274 4.76909 3.6
      vertex 16.9866 4.91997 4.3
      vertex 17.3274 4.76909 4.3
    endloop
  endfacet
  facet normal 0.404824 0.914395 0
    outer loop
      vertex 16.9866 4.91997 4.3
      vertex 17.3274 4.76909 3.6
      vertex 16.9866 4.91997 3.6
    endloop
  endfacet
  facet normal 0.668069 0.744099 -0
    outer loop
      vertex 16.9866 4.91997 3.6
      vertex 16.7065 5.17145 4.3
      vertex 16.9866 4.91997 4.3
    endloop
  endfacet
  facet normal 0.668069 0.744099 0
    outer loop
      vertex 16.7065 5.17145 4.3
      vertex 16.9866 4.91997 3.6
      vertex 16.7065 5.17145 3.6
    endloop
  endfacet
  facet normal 0.85214 0.523314 0
    outer loop
      vertex 16.7065 5.17145 4.3
      vertex 16.4984 5.51031 3.6
      vertex 16.4984 5.51031 4.3
    endloop
  endfacet
  facet normal 0.85214 0.523314 0
    outer loop
      vertex 16.4984 5.51031 3.6
      vertex 16.7065 5.17145 4.3
      vertex 16.7065 5.17145 3.6
    endloop
  endfacet
  facet normal 0.957207 0.289403 0
    outer loop
      vertex 16.4984 5.51031 4.3
      vertex 16.3735 5.92342 3.6
      vertex 16.3735 5.92342 4.3
    endloop
  endfacet
  facet normal 0.957207 0.289403 0
    outer loop
      vertex 16.3735 5.92342 3.6
      vertex 16.4984 5.51031 4.3
      vertex 16.4984 5.51031 3.6
    endloop
  endfacet
  facet normal 0.996376 0.0850555 0
    outer loop
      vertex 16.3735 5.92342 4.3
      vertex 16.3319 6.41074 3.6
      vertex 16.3319 6.41074 4.3
    endloop
  endfacet
  facet normal 0.996376 0.0850555 0
    outer loop
      vertex 16.3319 6.41074 3.6
      vertex 16.3735 5.92342 4.3
      vertex 16.3735 5.92342 3.6
    endloop
  endfacet
  facet normal 0.996449 -0.0841994 0
    outer loop
      vertex 16.3319 6.41074 4.3
      vertex 16.3726 6.8924 3.6
      vertex 16.3726 6.8924 4.3
    endloop
  endfacet
  facet normal 0.996449 -0.0841994 0
    outer loop
      vertex 16.3726 6.8924 3.6
      vertex 16.3319 6.41074 4.3
      vertex 16.3319 6.41074 3.6
    endloop
  endfacet
  facet normal 0.957532 -0.288328 0
    outer loop
      vertex 16.3726 6.8924 4.3
      vertex 16.4946 7.29756 3.6
      vertex 16.4946 7.29756 4.3
    endloop
  endfacet
  facet normal 0.957532 -0.288328 0
    outer loop
      vertex 16.4946 7.29756 3.6
      vertex 16.3726 6.8924 4.3
      vertex 16.3726 6.8924 3.6
    endloop
  endfacet
  facet normal 0.850345 -0.526226 0
    outer loop
      vertex 16.4946 7.29756 4.3
      vertex 16.698 7.62624 3.6
      vertex 16.698 7.62624 4.3
    endloop
  endfacet
  facet normal 0.850345 -0.526226 0
    outer loop
      vertex 16.698 7.62624 3.6
      vertex 16.4946 7.29756 4.3
      vertex 16.4946 7.29756 3.6
    endloop
  endfacet
  facet normal 0.65654 -0.754291 0
    outer loop
      vertex 16.698 7.62624 3.6
      vertex 16.9761 7.8683 4.3
      vertex 16.698 7.62624 4.3
    endloop
  endfacet
  facet normal 0.65654 -0.754291 0
    outer loop
      vertex 16.9761 7.8683 4.3
      vertex 16.698 7.62624 3.6
      vertex 16.9761 7.8683 3.6
    endloop
  endfacet
  facet normal 0.387219 -0.921988 0
    outer loop
      vertex 16.9761 7.8683 3.6
      vertex 17.3219 8.01353 4.3
      vertex 16.9761 7.8683 4.3
    endloop
  endfacet
  facet normal 0.387219 -0.921988 0
    outer loop
      vertex 17.3219 8.01353 4.3
      vertex 16.9761 7.8683 3.6
      vertex 17.3219 8.01353 3.6
    endloop
  endfacet
  facet normal 0.116224 -0.993223 0
    outer loop
      vertex 17.3219 8.01353 3.6
      vertex 17.7356 8.06194 4.3
      vertex 17.3219 8.01353 4.3
    endloop
  endfacet
  facet normal 0.116224 -0.993223 0
    outer loop
      vertex 17.7356 8.06194 4.3
      vertex 17.3219 8.01353 3.6
      vertex 17.7356 8.06194 3.6
    endloop
  endfacet
  facet normal -0.118737 -0.992926 0
    outer loop
      vertex 17.7356 8.06194 3.6
      vertex 18.1436 8.01315 4.3
      vertex 17.7356 8.06194 4.3
    endloop
  endfacet
  facet normal -0.118737 -0.992926 -0
    outer loop
      vertex 18.1436 8.01315 4.3
      vertex 17.7356 8.06194 3.6
      vertex 18.1436 8.01315 3.6
    endloop
  endfacet
  facet normal -0.393051 -0.919517 0
    outer loop
      vertex 18.1436 8.01315 3.6
      vertex 18.486 7.86679 4.3
      vertex 18.1436 8.01315 4.3
    endloop
  endfacet
  facet normal -0.393051 -0.919517 -0
    outer loop
      vertex 18.486 7.86679 4.3
      vertex 18.1436 8.01315 3.6
      vertex 18.486 7.86679 3.6
    endloop
  endfacet
  facet normal -0.661037 -0.750353 0
    outer loop
      vertex 18.486 7.86679 3.6
      vertex 18.7629 7.62285 4.3
      vertex 18.486 7.86679 4.3
    endloop
  endfacet
  facet normal -0.661037 -0.750353 -0
    outer loop
      vertex 18.7629 7.62285 4.3
      vertex 18.486 7.86679 3.6
      vertex 18.7629 7.62285 3.6
    endloop
  endfacet
  facet normal -0.851043 -0.525096 0
    outer loop
      vertex 18.9664 7.29303 3.6
      vertex 18.7629 7.62285 4.3
      vertex 18.7629 7.62285 3.6
    endloop
  endfacet
  facet normal -0.851043 -0.525096 0
    outer loop
      vertex 18.7629 7.62285 4.3
      vertex 18.9664 7.29303 3.6
      vertex 18.9664 7.29303 4.3
    endloop
  endfacet
  facet normal -0.957311 -0.28906 0
    outer loop
      vertex 19.0884 6.88899 3.6
      vertex 18.9664 7.29303 4.3
      vertex 18.9664 7.29303 3.6
    endloop
  endfacet
  facet normal -0.957311 -0.28906 0
    outer loop
      vertex 18.9664 7.29303 4.3
      vertex 19.0884 6.88899 3.6
      vertex 19.0884 6.88899 4.3
    endloop
  endfacet
  facet normal -0.996398 -0.0847954 0
    outer loop
      vertex 19.1291 6.41074 3.6
      vertex 19.0884 6.88899 4.3
      vertex 19.0884 6.88899 3.6
    endloop
  endfacet
  facet normal -0.996398 -0.0847954 0
    outer loop
      vertex 19.0884 6.88899 4.3
      vertex 19.1291 6.41074 3.6
      vertex 19.1291 6.41074 4.3
    endloop
  endfacet
  facet normal -0.996725 0.0808706 0
    outer loop
      vertex 19.0886 5.91158 3.6
      vertex 19.1291 6.41074 4.3
      vertex 19.1291 6.41074 3.6
    endloop
  endfacet
  facet normal -0.996725 0.0808706 0
    outer loop
      vertex 19.1291 6.41074 4.3
      vertex 19.0886 5.91158 3.6
      vertex 19.0886 5.91158 4.3
    endloop
  endfacet
  facet normal -0.960088 0.279698 0
    outer loop
      vertex 18.9671 5.49452 3.6
      vertex 19.0886 5.91158 4.3
      vertex 19.0886 5.91158 3.6
    endloop
  endfacet
  facet normal -0.960088 0.279698 0
    outer loop
      vertex 19.0886 5.91158 4.3
      vertex 18.9671 5.49452 3.6
      vertex 18.9671 5.49452 4.3
    endloop
  endfacet
  facet normal -0.85575 0.51739 0
    outer loop
      vertex 18.7646 5.15959 3.6
      vertex 18.9671 5.49452 4.3
      vertex 18.9671 5.49452 3.6
    endloop
  endfacet
  facet normal -0.85575 0.51739 0
    outer loop
      vertex 18.9671 5.49452 4.3
      vertex 18.7646 5.15959 3.6
      vertex 18.7646 5.15959 4.3
    endloop
  endfacet
  facet normal -0.662214 0.749314 0
    outer loop
      vertex 18.7646 5.15959 3.6
      vertex 18.4875 4.9147 4.3
      vertex 18.7646 5.15959 4.3
    endloop
  endfacet
  facet normal -0.662214 0.749314 0
    outer loop
      vertex 18.4875 4.9147 4.3
      vertex 18.7646 5.15959 3.6
      vertex 18.4875 4.9147 3.6
    endloop
  endfacet
  facet normal -0.391615 0.920129 0
    outer loop
      vertex 18.4875 4.9147 3.6
      vertex 18.1423 4.76778 4.3
      vertex 18.4875 4.9147 4.3
    endloop
  endfacet
  facet normal -0.391615 0.920129 0
    outer loop
      vertex 18.1423 4.76778 4.3
      vertex 18.4875 4.9147 3.6
      vertex 18.1423 4.76778 3.6
    endloop
  endfacet
  facet normal -0.11763 0.993058 0
    outer loop
      vertex 18.1423 4.76778 3.6
      vertex 17.7288 4.7188 4.3
      vertex 18.1423 4.76778 4.3
    endloop
  endfacet
  facet normal -0.11763 0.993058 0
    outer loop
      vertex 17.7288 4.7188 4.3
      vertex 18.1423 4.76778 3.6
      vertex 17.7288 4.7188 3.6
    endloop
  endfacet
  facet normal 0.124315 0.992243 -0
    outer loop
      vertex 17.7288 4.7188 3.6
      vertex 17.3274 4.76909 4.3
      vertex 17.7288 4.7188 4.3
    endloop
  endfacet
  facet normal 0.124315 0.992243 0
    outer loop
      vertex 17.3274 4.76909 4.3
      vertex 17.7288 4.7188 3.6
      vertex 17.3274 4.76909 3.6
    endloop
  endfacet
  facet normal 0 -1 0
    outer loop
      vertex 7.46474 5.75294 3.6
      vertex 9.90939 5.75294 4.3
      vertex 7.46474 5.75294 4.3
    endloop
  endfacet
  facet normal 0 -1 -0
    outer loop
      vertex 9.90939 5.75294 4.3
      vertex 7.46474 5.75294 3.6
      vertex 9.90939 5.75294 3.6
    endloop
  endfacet
  facet normal 1 -0 0
    outer loop
      vertex 9.90939 5.75294 4.3
      vertex 9.90939 6.52599 3.6
      vertex 9.90939 6.52599 4.3
    endloop
  endfacet
  facet normal 1 0 0
    outer loop
      vertex 9.90939 6.52599 3.6
      vertex 9.90939 5.75294 4.3
      vertex 9.90939 5.75294 3.6
    endloop
  endfacet
  facet normal 0 1 -0
    outer loop
      vertex 9.90939 6.52599 3.6
      vertex 7.46474 6.52599 4.3
      vertex 9.90939 6.52599 4.3
    endloop
  endfacet
  facet normal 0 1 0
    outer loop
      vertex 7.46474 6.52599 4.3
      vertex 9.90939 6.52599 3.6
      vertex 7.46474 6.52599 3.6
    endloop
  endfacet
  facet normal 1 -0 0
    outer loop
      vertex 7.46474 6.52599 4.3
      vertex 7.46474 8.00435 3.6
      vertex 7.46474 8.00435 4.3
    endloop
  endfacet
  facet normal 1 0 0
    outer loop
      vertex 7.46474 8.00435 3.6
      vertex 7.46474 6.52599 4.3
      vertex 7.46474 6.52599 3.6
    endloop
  endfacet
  facet normal 0 -1 0
    outer loop
      vertex 7.46474 8.00435 3.6
      vertex 9.9874 8.00435 4.3
      vertex 7.46474 8.00435 4.3
    endloop
  endfacet
  facet normal 0 -1 -0
    outer loop
      vertex 9.9874 8.00435 4.3
      vertex 7.46474 8.00435 3.6
      vertex 9.9874 8.00435 3.6
    endloop
  endfacet
  facet normal 1 -0 0
    outer loop
      vertex 9.9874 8.00435 4.3
      vertex 9.9874 8.77739 3.6
      vertex 9.9874 8.77739 4.3
    endloop
  endfacet
  facet normal 1 0 0
    outer loop
      vertex 9.9874 8.77739 3.6
      vertex 9.9874 8.00435 4.3
      vertex 9.9874 8.00435 3.6
    endloop
  endfacet
  facet normal 0 1 -0
    outer loop
      vertex 9.9874 8.77739 3.6
      vertex 6.46449 8.77739 4.3
      vertex 9.9874 8.77739 4.3
    endloop
  endfacet
  facet normal 0 1 0
    outer loop
      vertex 6.46449 8.77739 4.3
      vertex 9.9874 8.77739 3.6
      vertex 6.46449 8.77739 3.6
    endloop
  endfacet
  facet normal -1 0 0
    outer loop
      vertex 6.46449 4 3.6
      vertex 6.46449 8.77739 4.3
      vertex 6.46449 8.77739 3.6
    endloop
  endfacet
  facet normal -1 -0 0
    outer loop
      vertex 6.46449 8.77739 4.3
      vertex 6.46449 4 3.6
      vertex 6.46449 4 4.3
    endloop
  endfacet
  facet normal 0 -1 0
    outer loop
      vertex 6.46449 4 3.6
      vertex 7.46474 4 4.3
      vertex 6.46449 4 4.3
    endloop
  endfacet
  facet normal 0 -1 -0
    outer loop
      vertex 7.46474 4 4.3
      vertex 6.46449 4 3.6
      vertex 7.46474 4 3.6
    endloop
  endfacet
  facet normal 1 -0 0
    outer loop
      vertex 7.46474 4 4.3
      vertex 7.46474 5.75294 3.6
      vertex 7.46474 5.75294 4.3
    endloop
  endfacet
  facet normal 1 0 0
    outer loop
      vertex 7.46474 5.75294 3.6
      vertex 7.46474 4 4.3
      vertex 7.46474 4 3.6
    endloop
  endfacet
  facet normal 0 -1 0
    outer loop
      vertex 11.6073 5.814 3.6
      vertex 12.7804 5.814 4.3
      vertex 11.6073 5.814 4.3
    endloop
  endfacet
  facet normal 0 -1 -0
    outer loop
      vertex 12.7804 5.814 4.3
      vertex 11.6073 5.814 3.6
      vertex 12.7804 5.814 3.6
    endloop
  endfacet
  facet normal -0.853231 -0.521534 0
    outer loop
      vertex 13.8892 4 3.6
      vertex 12.7804 5.814 4.3
      vertex 12.7804 5.814 3.6
    endloop
  endfacet
  facet normal -0.853231 -0.521534 0
    outer loop
      vertex 12.7804 5.814 4.3
      vertex 13.8892 4 3.6
      vertex 13.8892 4 4.3
    endloop
  endfacet
  facet normal 0 -1 0
    outer loop
      vertex 13.8892 4 3.6
      vertex 15.0149 4 4.3
      vertex 13.8892 4 4.3
    endloop
  endfacet
  facet normal 0 -1 -0
    outer loop
      vertex 15.0149 4 4.3
      vertex 13.8892 4 3.6
      vertex 15.0149 4 3.6
    endloop
  endfacet
  facet normal 0.840888 0.54121 0
    outer loop
      vertex 15.0149 4 4.3
      vertex 13.723 6.00725 3.6
      vertex 13.723 6.00725 4.3
    endloop
  endfacet
  facet normal 0.840888 0.54121 0
    outer loop
      vertex 13.723 6.00725 3.6
      vertex 15.0149 4 4.3
      vertex 15.0149 4 3.6
    endloop
  endfacet
  facet normal 0.328085 -0.944648 0
    outer loop
      vertex 13.723 6.00725 3.6
      vertex 14.024 6.11179 4.3
      vertex 13.723 6.00725 4.3
    endloop
  endfacet
  facet normal 0.328085 -0.944648 0
    outer loop
      vertex 14.024 6.11179 4.3
      vertex 13.723 6.00725 3.6
      vertex 14.024 6.11179 3.6
    endloop
  endfacet
  facet normal 0.528916 -0.848674 0
    outer loop
      vertex 14.024 6.11179 3.6
      vertex 14.2806 6.27171 4.3
      vertex 14.024 6.11179 4.3
    endloop
  endfacet
  facet normal 0.528916 -0.848674 0
    outer loop
      vertex 14.2806 6.27171 4.3
      vertex 14.024 6.11179 3.6
      vertex 14.2806 6.27171 3.6
    endloop
  endfacet
  facet normal 0.712365 -0.701809 0
    outer loop
      vertex 14.2806 6.27171 4.3
      vertex 14.4927 6.487 3.6
      vertex 14.4927 6.487 4.3
    endloop
  endfacet
  facet normal 0.712365 -0.701809 0
    outer loop
      vertex 14.4927 6.487 3.6
      vertex 14.2806 6.27171 4.3
      vertex 14.2806 6.27171 3.6
    endloop
  endfacet
  facet normal 0.852722 -0.522365 0
    outer loop
      vertex 14.4927 6.487 4.3
      vertex 14.6509 6.74525 3.6
      vertex 14.6509 6.74525 4.3
    endloop
  endfacet
  facet normal 0.852722 -0.522365 0
    outer loop
      vertex 14.6509 6.74525 3.6
      vertex 14.4927 6.487 4.3
      vertex 14.4927 6.487 3.6
    endloop
  endfacet
  facet normal 0.949923 -0.312485 0
    outer loop
      vertex 14.6509 6.74525 4.3
      vertex 14.7459 7.03404 3.6
      vertex 14.7459 7.03404 4.3
    endloop
  endfacet
  facet normal 0.949923 -0.312485 0
    outer loop
      vertex 14.7459 7.03404 3.6
      vertex 14.6509 6.74525 4.3
      vertex 14.6509 6.74525 3.6
    endloop
  endfacet
  facet normal 0.995139 -0.0984823 0
    outer loop
      vertex 14.7459 7.03404 4.3
      vertex 14.7775 7.35335 3.6
      vertex 14.7775 7.35335 4.3
    endloop
  endfacet
  facet normal 0.995139 -0.0984823 0
    outer loop
      vertex 14.7775 7.35335 3.6
      vertex 14.7459 7.03404 4.3
      vertex 14.7459 7.03404 3.6
    endloop
  endfacet
  facet normal 0.99265 0.121018 0
    outer loop
      vertex 14.7775 7.35335 4.3
      vertex 14.7259 7.7766 3.6
      vertex 14.7259 7.7766 4.3
    endloop
  endfacet
  facet normal 0.99265 0.121018 0
    outer loop
      vertex 14.7259 7.7766 3.6
      vertex 14.7775 7.35335 4.3
      vertex 14.7775 7.35335 3.6
    endloop
  endfacet
  facet normal 0.915413 0.402516 0
    outer loop
      vertex 14.7259 7.7766 4.3
      vertex 14.5711 8.12865 3.6
      vertex 14.5711 8.12865 4.3
    endloop
  endfacet
  facet normal 0.915413 0.402516 0
    outer loop
      vertex 14.5711 8.12865 3.6
      vertex 14.7259 7.7766 4.3
      vertex 14.7259 7.7766 3.6
    endloop
  endfacet
  facet normal 0.736275 0.676682 0
    outer loop
      vertex 14.5711 8.12865 4.3
      vertex 14.313 8.40948 3.6
      vertex 14.313 8.40948 4.3
    endloop
  endfacet
  facet normal 0.736275 0.676682 0
    outer loop
      vertex 14.313 8.40948 3.6
      vertex 14.5711 8.12865 4.3
      vertex 14.5711 8.12865 3.6
    endloop
  endfacet
  facet normal 0.501094 0.865393 -0
    outer loop
      vertex 14.313 8.40948 3.6
      vertex 13.96 8.61388 4.3
      vertex 14.313 8.40948 4.3
    endloop
  endfacet
  facet normal 0.501094 0.865393 0
    outer loop
      vertex 13.96 8.61388 4.3
      vertex 14.313 8.40948 3.6
      vertex 13.96 8.61388 3.6
    endloop
  endfacet
  facet normal 0.268643 0.96324 -0
    outer loop
      vertex 13.96 8.61388 3.6
      vertex 13.5203 8.73651 4.3
      vertex 13.96 8.61388 4.3
    endloop
  endfacet
  facet normal 0.268643 0.96324 0
    outer loop
      vertex 13.5203 8.73651 4.3
      vertex 13.96 8.61388 3.6
      vertex 13.5203 8.73651 3.6
    endloop
  endfacet
  facet normal 0.0774411 0.996997 -0
    outer loop
      vertex 13.5203 8.73651 3.6
      vertex 12.994 8.77739 4.3
      vertex 13.5203 8.73651 4.3
    endloop
  endfacet
  facet normal 0.0774411 0.996997 0
    outer loop
      vertex 12.994 8.77739 4.3
      vertex 13.5203 8.73651 3.6
      vertex 12.994 8.77739 3.6
    endloop
  endfacet
  facet normal 0 1 -0
    outer loop
      vertex 12.994 8.77739 3.6
      vertex 10.607 8.77739 4.3
      vertex 12.994 8.77739 4.3
    endloop
  endfacet
  facet normal 0 1 0
    outer loop
      vertex 10.607 8.77739 4.3
      vertex 12.994 8.77739 3.6
      vertex 10.607 8.77739 3.6
    endloop
  endfacet
  facet normal -1 0 0
    outer loop
      vertex 10.607 4 3.6
      vertex 10.607 8.77739 4.3
      vertex 10.607 8.77739 3.6
    endloop
  endfacet
  facet normal -1 -0 0
    outer loop
      vertex 10.607 8.77739 4.3
      vertex 10.607 4 3.6
      vertex 10.607 4 4.3
    endloop
  endfacet
  facet normal 0 -1 0
    outer loop
      vertex 10.607 4 3.6
      vertex 11.6073 4 4.3
      vertex 10.607 4 4.3
    endloop
  endfacet
  facet normal 0 -1 -0
    outer loop
      vertex 11.6073 4 4.3
      vertex 10.607 4 3.6
      vertex 11.6073 4 3.6
    endloop
  endfacet
  facet normal 1 -0 0
    outer loop
      vertex 11.6073 4 4.3
      vertex 11.6073 5.814 3.6
      vertex 11.6073 5.814 4.3
    endloop
  endfacet
  facet normal 1 0 0
    outer loop
      vertex 11.6073 5.814 3.6
      vertex 11.6073 4 4.3
      vertex 11.6073 4 3.6
    endloop
  endfacet
  facet normal 1 -0 0
    outer loop
      vertex 11.6073 6.59044 4.3
      vertex 11.6073 8.00095 3.6
      vertex 11.6073 8.00095 4.3
    endloop
  endfacet
  facet normal 1 0 0
    outer loop
      vertex 11.6073 8.00095 3.6
      vertex 11.6073 6.59044 4.3
      vertex 11.6073 6.59044 3.6
    endloop
  endfacet
  facet normal 0 -1 0
    outer loop
      vertex 11.6073 8.00095 3.6
      vertex 12.8889 8.00095 4.3
      vertex 11.6073 8.00095 4.3
    endloop
  endfacet
  facet normal 0 -1 -0
    outer loop
      vertex 12.8889 8.00095 4.3
      vertex 11.6073 8.00095 3.6
      vertex 12.8889 8.00095 3.6
    endloop
  endfacet
  facet normal -0.154276 -0.988028 0
    outer loop
      vertex 12.8889 8.00095 3.6
      vertex 13.3787 7.92447 4.3
      vertex 12.8889 8.00095 4.3
    endloop
  endfacet
  facet normal -0.154276 -0.988028 -0
    outer loop
      vertex 13.3787 7.92447 4.3
      vertex 12.8889 8.00095 3.6
      vertex 13.3787 7.92447 3.6
    endloop
  endfacet
  facet normal -0.615475 -0.788156 0
    outer loop
      vertex 13.3787 7.92447 3.6
      vertex 13.6725 7.69504 4.3
      vertex 13.3787 7.92447 4.3
    endloop
  endfacet
  facet normal -0.615475 -0.788156 -0
    outer loop
      vertex 13.6725 7.69504 4.3
      vertex 13.3787 7.92447 3.6
      vertex 13.6725 7.69504 3.6
    endloop
  endfacet
  facet normal -0.968695 -0.248253 0
    outer loop
      vertex 13.7705 7.31264 3.6
      vertex 13.6725 7.69504 4.3
      vertex 13.6725 7.69504 3.6
    endloop
  endfacet
  facet normal -0.968695 -0.248253 0
    outer loop
      vertex 13.6725 7.69504 4.3
      vertex 13.7705 7.31264 3.6
      vertex 13.7705 7.31264 4.3
    endloop
  endfacet
  facet normal -0.993561 0.113295 0
    outer loop
      vertex 13.7464 7.10129 3.6
      vertex 13.7705 7.31264 4.3
      vertex 13.7705 7.31264 3.6
    endloop
  endfacet
  facet normal -0.993561 0.113295 0
    outer loop
      vertex 13.7705 7.31264 4.3
      vertex 13.7464 7.10129 3.6
      vertex 13.7464 7.10129 4.3
    endloop
  endfacet
  facet normal -0.9259 0.377769 0
    outer loop
      vertex 13.674 6.92384 3.6
      vertex 13.7464 7.10129 4.3
      vertex 13.7464 7.10129 3.6
    endloop
  endfacet
  facet normal -0.9259 0.377769 0
    outer loop
      vertex 13.7464 7.10129 4.3
      vertex 13.674 6.92384 3.6
      vertex 13.674 6.92384 4.3
    endloop
  endfacet
  facet normal -0.76592 0.642936 0
    outer loop
      vertex 13.5535 6.78029 3.6
      vertex 13.674 6.92384 4.3
      vertex 13.674 6.92384 3.6
    endloop
  endfacet
  facet normal -0.76592 0.642936 0
    outer loop
      vertex 13.674 6.92384 4.3
      vertex 13.5535 6.78029 3.6
      vertex 13.5535 6.78029 4.3
    endloop
  endfacet
  facet normal -0.533295 0.84593 0
    outer loop
      vertex 13.5535 6.78029 3.6
      vertex 13.3862 6.67482 4.3
      vertex 13.5535 6.78029 4.3
    endloop
  endfacet
  facet normal -0.533295 0.84593 0
    outer loop
      vertex 13.3862 6.67482 4.3
      vertex 13.5535 6.78029 3.6
      vertex 13.3862 6.67482 3.6
    endloop
  endfacet
  facet normal -0.285403 0.958408 0
    outer loop
      vertex 13.3862 6.67482 3.6
      vertex 13.1737 6.61154 4.3
      vertex 13.3862 6.67482 4.3
    endloop
  endfacet
  facet normal -0.285403 0.958408 0
    outer loop
      vertex 13.1737 6.61154 4.3
      vertex 13.3862 6.67482 3.6
      vertex 13.1737 6.61154 3.6
    endloop
  endfacet
  facet normal -0.0816365 0.996662 0
    outer loop
      vertex 13.1737 6.61154 3.6
      vertex 12.9161 6.59044 4.3
      vertex 13.1737 6.61154 4.3
    endloop
  endfacet
  facet normal -0.0816365 0.996662 0
    outer loop
      vertex 12.9161 6.59044 4.3
      vertex 13.1737 6.61154 3.6
      vertex 12.9161 6.59044 3.6
    endloop
  endfacet
  facet normal 0 1 -0
    outer loop
      vertex 12.9161 6.59044 3.6
      vertex 11.6073 6.59044 4.3
      vertex 12.9161 6.59044 4.3
    endloop
  endfacet
  facet normal 0 1 0
    outer loop
      vertex 11.6073 6.59044 4.3
      vertex 12.9161 6.59044 3.6
      vertex 11.6073 6.59044 3.6
    endloop
  endfacet
  facet normal 0.9996 0.0282808 0
    outer loop
      vertex 21.6679 6.8176 4.3
      vertex 21.6611 7.05795 3.6
      vertex 21.6611 7.05795 4.3
    endloop
  endfacet
  facet normal 0.9996 0.0282808 0
    outer loop
      vertex 21.6611 7.05795 3.6
      vertex 21.6679 6.8176 4.3
      vertex 21.6679 6.8176 3.6
    endloop
  endfacet
  facet normal 0.997509 0.0705359 0
    outer loop
      vertex 21.6611 7.05795 4.3
      vertex 21.6408 7.34503 3.6
      vertex 21.6408 7.34503 4.3
    endloop
  endfacet
  facet normal 0.997509 0.0705359 0
    outer loop
      vertex 21.6408 7.34503 3.6
      vertex 21.6611 7.05795 4.3
      vertex 21.6611 7.05795 3.6
    endloop
  endfacet
  facet normal 0.994883 0.101032 0
    outer loop
      vertex 21.6408 7.34503 4.3
      vertex 21.6069 7.67885 3.6
      vertex 21.6069 7.67885 4.3
    endloop
  endfacet
  facet normal 0.994883 0.101032 0
    outer loop
      vertex 21.6069 7.67885 3.6
      vertex 21.6408 7.34503 4.3
      vertex 21.6408 7.34503 3.6
    endloop
  endfacet
  facet normal -0.870314 -0.492496 0
    outer loop
      vertex 23.6887 4 3.6
      vertex 21.6069 7.67885 4.3
      vertex 21.6069 7.67885 3.6
    endloop
  endfacet
  facet normal -0.870314 -0.492496 0
    outer loop
      vertex 21.6069 7.67885 4.3
      vertex 23.6887 4 3.6
      vertex 23.6887 4 4.3
    endloop
  endfacet
  facet normal 0 -1 0
    outer loop
      vertex 23.6887 4 3.6
      vertex 24.8619 4 4.3
      vertex 23.6887 4 4.3
    endloop
  endfacet
  facet normal 0 -1 -0
    outer loop
      vertex 24.8619 4 4.3
      vertex 23.6887 4 3.6
      vertex 24.8619 4 3.6
    endloop
  endfacet
  facet normal 1 -0 0
    outer loop
      vertex 24.8619 4 4.3
      vertex 24.8619 8.77739 3.6
      vertex 24.8619 8.77739 4.3
    endloop
  endfacet
  facet normal 1 0 0
    outer loop
      vertex 24.8619 8.77739 3.6
      vertex 24.8619 4 4.3
      vertex 24.8619 4 3.6
    endloop
  endfacet
  facet normal 0 1 -0
    outer loop
      vertex 24.8619 8.77739 3.6
      vertex 23.9735 8.77739 4.3
      vertex 24.8619 8.77739 4.3
    endloop
  endfacet
  facet normal 0 1 0
    outer loop
      vertex 23.9735 8.77739 4.3
      vertex 24.8619 8.77739 3.6
      vertex 23.9735 8.77739 3.6
    endloop
  endfacet
  facet normal -1 0 0
    outer loop
      vertex 23.9735 6.00044 3.6
      vertex 23.9735 8.77739 4.3
      vertex 23.9735 8.77739 3.6
    endloop
  endfacet
  facet normal -1 -0 0
    outer loop
      vertex 23.9735 8.77739 4.3
      vertex 23.9735 6.00044 3.6
      vertex 23.9735 6.00044 4.3
    endloop
  endfacet
  facet normal -0.999726 -0.0234055 0
    outer loop
      vertex 23.9803 5.70999 3.6
      vertex 23.9735 6.00044 4.3
      vertex 23.9735 6.00044 3.6
    endloop
  endfacet
  facet normal -0.999726 -0.0234055 0
    outer loop
      vertex 23.9735 6.00044 4.3
      vertex 23.9803 5.70999 3.6
      vertex 23.9803 5.70999 4.3
    endloop
  endfacet
  facet normal -0.997874 -0.0651785 0
    outer loop
      vertex 24.0006 5.3992 3.6
      vertex 23.9803 5.70999 4.3
      vertex 23.9803 5.70999 3.6
    endloop
  endfacet
  facet normal -0.997874 -0.0651785 0
    outer loop
      vertex 23.9803 5.70999 4.3
      vertex 24.0006 5.3992 3.6
      vertex 24.0006 5.3992 4.3
    endloop
  endfacet
  facet normal -0.994801 -0.101835 0
    outer loop
      vertex 24.0345 5.06804 3.6
      vertex 24.0006 5.3992 4.3
      vertex 24.0006 5.3992 3.6
    endloop
  endfacet
  facet normal -0.994801 -0.101835 0
    outer loop
      vertex 24.0006 5.3992 4.3
      vertex 24.0345 5.06804 3.6
      vertex 24.0345 5.06804 4.3
    endloop
  endfacet
  facet normal 0.868982 0.494844 0
    outer loop
      vertex 24.0345 5.06804 4.3
      vertex 21.9222 8.77739 3.6
      vertex 21.9222 8.77739 4.3
    endloop
  endfacet
  facet normal 0.868982 0.494844 0
    outer loop
      vertex 21.9222 8.77739 3.6
      vertex 24.0345 5.06804 4.3
      vertex 24.0345 5.06804 3.6
    endloop
  endfacet
  facet normal 0 1 -0
    outer loop
      vertex 21.9222 8.77739 3.6
      vertex 20.7795 8.77739 4.3
      vertex 21.9222 8.77739 4.3
    endloop
  endfacet
  facet normal 0 1 0
    outer loop
      vertex 20.7795 8.77739 4.3
      vertex 21.9222 8.77739 3.6
      vertex 20.7795 8.77739 3.6
    endloop
  endfacet
  facet normal -1 0 0
    outer loop
      vertex 20.7795 4 3.6
      vertex 20.7795 8.77739 4.3
      vertex 20.7795 8.77739 3.6
    endloop
  endfacet
  facet normal -1 -0 0
    outer loop
      vertex 20.7795 8.77739 4.3
      vertex 20.7795 4 3.6
      vertex 20.7795 4 4.3
    endloop
  endfacet
  facet normal 0 -1 0
    outer loop
      vertex 20.7795 4 3.6
      vertex 21.6679 4 4.3
      vertex 20.7795 4 4.3
    endloop
  endfacet
  facet normal 0 -1 -0
    outer loop
      vertex 21.6679 4 4.3
      vertex 20.7795 4 3.6
      vertex 21.6679 4 3.6
    endloop
  endfacet
  facet normal 1 -0 0
    outer loop
      vertex 21.6679 4 4.3
      vertex 21.6679 6.8176 3.6
      vertex 21.6679 6.8176 4.3
    endloop
  endfacet
  facet normal 1 0 0
    outer loop
      vertex 21.6679 6.8176 3.6
      vertex 21.6679 4 4.3
      vertex 21.6679 4 3.6
    endloop
  endfacet
  facet normal 0 -1 0
    outer loop
      vertex 27.8335 8.00435 3.6
      vertex 29.3796 8.00435 4.3
      vertex 27.8335 8.00435 4.3
    endloop
  endfacet
  facet normal 0 -1 -0
    outer loop
      vertex 29.3796 8.00435 4.3
      vertex 27.8335 8.00435 3.6
      vertex 29.3796 8.00435 3.6
    endloop
  endfacet
  facet normal 1 -0 0
    outer loop
      vertex 29.3796 8.00435 4.3
      vertex 29.3796 8.77739 3.6
      vertex 29.3796 8.77739 4.3
    endloop
  endfacet
  facet normal 1 0 0
    outer loop
      vertex 29.3796 8.77739 3.6
      vertex 29.3796 8.00435 4.3
      vertex 29.3796 8.00435 3.6
    endloop
  endfacet
  facet normal 0 1 -0
    outer loop
      vertex 29.3796 8.77739 3.6
      vertex 25.2905 8.77739 4.3
      vertex 29.3796 8.77739 4.3
    endloop
  endfacet
  facet normal 0 1 0
    outer loop
      vertex 25.2905 8.77739 4.3
      vertex 29.3796 8.77739 3.6
      vertex 25.2905 8.77739 3.6
    endloop
  endfacet
  facet normal -1 0 0
    outer loop
      vertex 25.2905 8.00435 3.6
      vertex 25.2905 8.77739 4.3
      vertex 25.2905 8.77739 3.6
    endloop
  endfacet
  facet normal -1 -0 0
    outer loop
      vertex 25.2905 8.77739 4.3
      vertex 25.2905 8.00435 3.6
      vertex 25.2905 8.00435 4.3
    endloop
  endfacet
  facet normal 0 -1 0
    outer loop
      vertex 25.2905 8.00435 3.6
      vertex 26.8332 8.00435 4.3
      vertex 25.2905 8.00435 4.3
    endloop
  endfacet
  facet normal 0 -1 -0
    outer loop
      vertex 26.8332 8.00435 4.3
      vertex 25.2905 8.00435 3.6
      vertex 26.8332 8.00435 3.6
    endloop
  endfacet
  facet normal -1 0 0
    outer loop
      vertex 26.8332 4 3.6
      vertex 26.8332 8.00435 4.3
      vertex 26.8332 8.00435 3.6
    endloop
  endfacet
  facet normal -1 -0 0
    outer loop
      vertex 26.8332 8.00435 4.3
      vertex 26.8332 4 3.6
      vertex 26.8332 4 4.3
    endloop
  endfacet
  facet normal 0 -1 0
    outer loop
      vertex 26.8332 4 3.6
      vertex 27.8335 4 4.3
      vertex 26.8332 4 4.3
    endloop
  endfacet
  facet normal 0 -1 -0
    outer loop
      vertex 27.8335 4 4.3
      vertex 26.8332 4 3.6
      vertex 27.8335 4 3.6
    endloop
  endfacet
  facet normal 1 -0 0
    outer loop
      vertex 27.8335 4 4.3
      vertex 27.8335 8.00435 3.6
      vertex 27.8335 8.00435 4.3
    endloop
  endfacet
  facet normal 1 0 0
    outer loop
      vertex 27.8335 8.00435 3.6
      vertex 27.8335 4 4.3
      vertex 27.8335 4 3.6
    endloop
  endfacet
  facet normal 0.0981075 0.995176 -0
    outer loop
      vertex 28 92.3 0
      vertex 27.6683 92.3327 3.6
      vertex 28 92.3 3.6
    endloop
  endfacet
  facet normal 0.0981075 0.995176 0
    outer loop
      vertex 27.6683 92.3327 3.6
      vertex 28 92.3 0
      vertex 27.6683 92.3327 0
    endloop
  endfacet
  facet normal -0.956997 -0.290099 0
    outer loop
      vertex 29.6673 94.3316 0
      vertex 29.5706 94.6506 3.6
      vertex 29.5706 94.6506 0
    endloop
  endfacet
  facet normal -0.956997 -0.290099 0
    outer loop
      vertex 29.5706 94.6506 3.6
      vertex 29.6673 94.3316 0
      vertex 29.6673 94.3316 3.6
    endloop
  endfacet
  facet normal -0.995173 -0.0981368 0
    outer loop
      vertex 29.7 94 0
      vertex 29.6673 94.3316 3.6
      vertex 29.6673 94.3316 0
    endloop
  endfacet
  facet normal -0.995173 -0.0981368 0
    outer loop
      vertex 29.6673 94.3316 3.6
      vertex 29.7 94 0
      vertex 29.7 94 3.6
    endloop
  endfacet
  facet normal -0.881912 -0.471413 0
    outer loop
      vertex 29.5706 94.6506 0
      vertex 29.4135 94.9445 3.6
      vertex 29.4135 94.9445 0
    endloop
  endfacet
  facet normal -0.881912 -0.471413 0
    outer loop
      vertex 29.4135 94.9445 3.6
      vertex 29.5706 94.6506 0
      vertex 29.5706 94.6506 3.6
    endloop
  endfacet
  facet normal 0.881912 0.471413 0
    outer loop
      vertex 26.5865 93.0555 3.6
      vertex 26.4294 93.3494 0
      vertex 26.4294 93.3494 3.6
    endloop
  endfacet
  facet normal 0.881912 0.471413 0
    outer loop
      vertex 26.4294 93.3494 0
      vertex 26.5865 93.0555 3.6
      vertex 26.5865 93.0555 0
    endloop
  endfacet
  facet normal -0.995173 0.0981368 0
    outer loop
      vertex 29.6673 93.6684 0
      vertex 29.7 94 3.6
      vertex 29.7 94 0
    endloop
  endfacet
  facet normal -0.995173 0.0981368 0
    outer loop
      vertex 29.7 94 3.6
      vertex 29.6673 93.6684 0
      vertex 29.6673 93.6684 3.6
    endloop
  endfacet
  facet normal -0.290182 0.956971 0
    outer loop
      vertex 28.6506 92.4294 0
      vertex 28.3317 92.3327 3.6
      vertex 28.6506 92.4294 3.6
    endloop
  endfacet
  facet normal -0.290182 0.956971 0
    outer loop
      vertex 28.3317 92.3327 3.6
      vertex 28.6506 92.4294 0
      vertex 28.3317 92.3327 0
    endloop
  endfacet
  facet normal 0.995173 0.0981368 0
    outer loop
      vertex 26.3327 93.6684 3.6
      vertex 26.3 94 0
      vertex 26.3 94 3.6
    endloop
  endfacet
  facet normal 0.995173 0.0981368 0
    outer loop
      vertex 26.3 94 0
      vertex 26.3327 93.6684 3.6
      vertex 26.3327 93.6684 0
    endloop
  endfacet
  facet normal -0.0981075 -0.995176 0
    outer loop
      vertex 28 95.7 0
      vertex 28.3317 95.6673 3.6
      vertex 28 95.7 3.6
    endloop
  endfacet
  facet normal -0.0981075 -0.995176 -0
    outer loop
      vertex 28.3317 95.6673 3.6
      vertex 28 95.7 0
      vertex 28.3317 95.6673 0
    endloop
  endfacet
  facet normal -0.956997 0.290099 0
    outer loop
      vertex 29.5706 93.3494 0
      vertex 29.6673 93.6684 3.6
      vertex 29.6673 93.6684 0
    endloop
  endfacet
  facet normal -0.956997 0.290099 0
    outer loop
      vertex 29.6673 93.6684 3.6
      vertex 29.5706 93.3494 0
      vertex 29.5706 93.3494 3.6
    endloop
  endfacet
  facet normal 0.290182 0.956971 -0
    outer loop
      vertex 27.6683 92.3327 0
      vertex 27.3494 92.4294 3.6
      vertex 27.6683 92.3327 3.6
    endloop
  endfacet
  facet normal 0.290182 0.956971 0
    outer loop
      vertex 27.3494 92.4294 3.6
      vertex 27.6683 92.3327 0
      vertex 27.3494 92.4294 0
    endloop
  endfacet
  facet normal 0.995173 -0.0981368 0
    outer loop
      vertex 26.3 94 3.6
      vertex 26.3327 94.3316 0
      vertex 26.3327 94.3316 3.6
    endloop
  endfacet
  facet normal 0.995173 -0.0981368 0
    outer loop
      vertex 26.3327 94.3316 0
      vertex 26.3 94 3.6
      vertex 26.3 94 0
    endloop
  endfacet
  facet normal -0.471413 -0.881912 0
    outer loop
      vertex 28.6506 95.5706 0
      vertex 28.9445 95.4135 3.6
      vertex 28.6506 95.5706 3.6
    endloop
  endfacet
  facet normal -0.471413 -0.881912 -0
    outer loop
      vertex 28.9445 95.4135 3.6
      vertex 28.6506 95.5706 0
      vertex 28.9445 95.4135 0
    endloop
  endfacet
  facet normal -0.290182 -0.956971 0
    outer loop
      vertex 28.3317 95.6673 0
      vertex 28.6506 95.5706 3.6
      vertex 28.3317 95.6673 3.6
    endloop
  endfacet
  facet normal -0.290182 -0.956971 -0
    outer loop
      vertex 28.6506 95.5706 3.6
      vertex 28.3317 95.6673 0
      vertex 28.6506 95.5706 0
    endloop
  endfacet
  facet normal 0.0981075 -0.995176 0
    outer loop
      vertex 27.6683 95.6673 0
      vertex 28 95.7 3.6
      vertex 27.6683 95.6673 3.6
    endloop
  endfacet
  facet normal 0.0981075 -0.995176 0
    outer loop
      vertex 28 95.7 3.6
      vertex 27.6683 95.6673 0
      vertex 28 95.7 0
    endloop
  endfacet
  facet normal 0.956997 -0.290099 0
    outer loop
      vertex 26.3327 94.3316 3.6
      vertex 26.4294 94.6506 0
      vertex 26.4294 94.6506 3.6
    endloop
  endfacet
  facet normal 0.956997 -0.290099 0
    outer loop
      vertex 26.4294 94.6506 0
      vertex 26.3327 94.3316 3.6
      vertex 26.3327 94.3316 0
    endloop
  endfacet
  facet normal 0.634381 -0.773021 0
    outer loop
      vertex 26.7979 95.2021 0
      vertex 27.0555 95.4135 3.6
      vertex 26.7979 95.2021 3.6
    endloop
  endfacet
  facet normal 0.634381 -0.773021 0
    outer loop
      vertex 27.0555 95.4135 3.6
      vertex 26.7979 95.2021 0
      vertex 27.0555 95.4135 0
    endloop
  endfacet
  facet normal -0.773021 -0.634381 0
    outer loop
      vertex 29.4135 94.9445 0
      vertex 29.2021 95.2021 3.6
      vertex 29.2021 95.2021 0
    endloop
  endfacet
  facet normal -0.773021 -0.634381 0
    outer loop
      vertex 29.2021 95.2021 3.6
      vertex 29.4135 94.9445 0
      vertex 29.4135 94.9445 3.6
    endloop
  endfacet
  facet normal 0.471413 -0.881912 0
    outer loop
      vertex 27.0555 95.4135 0
      vertex 27.3494 95.5706 3.6
      vertex 27.0555 95.4135 3.6
    endloop
  endfacet
  facet normal 0.471413 -0.881912 0
    outer loop
      vertex 27.3494 95.5706 3.6
      vertex 27.0555 95.4135 0
      vertex 27.3494 95.5706 0
    endloop
  endfacet
  facet normal -0.471413 0.881912 0
    outer loop
      vertex 28.9445 92.5865 0
      vertex 28.6506 92.4294 3.6
      vertex 28.9445 92.5865 3.6
    endloop
  endfacet
  facet normal -0.471413 0.881912 0
    outer loop
      vertex 28.6506 92.4294 3.6
      vertex 28.9445 92.5865 0
      vertex 28.6506 92.4294 0
    endloop
  endfacet
  facet normal -0.881912 0.471413 0
    outer loop
      vertex 29.4135 93.0555 0
      vertex 29.5706 93.3494 3.6
      vertex 29.5706 93.3494 0
    endloop
  endfacet
  facet normal -0.881912 0.471413 0
    outer loop
      vertex 29.5706 93.3494 3.6
      vertex 29.4135 93.0555 0
      vertex 29.4135 93.0555 3.6
    endloop
  endfacet
  facet normal -0.773021 0.634381 0
    outer loop
      vertex 29.2021 92.7979 0
      vertex 29.4135 93.0555 3.6
      vertex 29.4135 93.0555 0
    endloop
  endfacet
  facet normal -0.773021 0.634381 0
    outer loop
      vertex 29.4135 93.0555 3.6
      vertex 29.2021 92.7979 0
      vertex 29.2021 92.7979 3.6
    endloop
  endfacet
  facet normal -0.634381 -0.773021 0
    outer loop
      vertex 28.9445 95.4135 0
      vertex 29.2021 95.2021 3.6
      vertex 28.9445 95.4135 3.6
    endloop
  endfacet
  facet normal -0.634381 -0.773021 -0
    outer loop
      vertex 29.2021 95.2021 3.6
      vertex 28.9445 95.4135 0
      vertex 29.2021 95.2021 0
    endloop
  endfacet
  facet normal -0.634381 0.773021 0
    outer loop
      vertex 29.2021 92.7979 0
      vertex 28.9445 92.5865 3.6
      vertex 29.2021 92.7979 3.6
    endloop
  endfacet
  facet normal -0.634381 0.773021 0
    outer loop
      vertex 28.9445 92.5865 3.6
      vertex 29.2021 92.7979 0
      vertex 28.9445 92.5865 0
    endloop
  endfacet
  facet normal 0.290182 -0.956971 0
    outer loop
      vertex 27.3494 95.5706 0
      vertex 27.6683 95.6673 3.6
      vertex 27.3494 95.5706 3.6
    endloop
  endfacet
  facet normal 0.290182 -0.956971 0
    outer loop
      vertex 27.6683 95.6673 3.6
      vertex 27.3494 95.5706 0
      vertex 27.6683 95.6673 0
    endloop
  endfacet
  facet normal -0.0981075 0.995176 0
    outer loop
      vertex 28.3317 92.3327 0
      vertex 28 92.3 3.6
      vertex 28.3317 92.3327 3.6
    endloop
  endfacet
  facet normal -0.0981075 0.995176 0
    outer loop
      vertex 28 92.3 3.6
      vertex 28.3317 92.3327 0
      vertex 28 92.3 0
    endloop
  endfacet
  facet normal 0.956997 0.290099 0
    outer loop
      vertex 26.4294 93.3494 3.6
      vertex 26.3327 93.6684 0
      vertex 26.3327 93.6684 3.6
    endloop
  endfacet
  facet normal 0.956997 0.290099 0
    outer loop
      vertex 26.3327 93.6684 0
      vertex 26.4294 93.3494 3.6
      vertex 26.4294 93.3494 0
    endloop
  endfacet
  facet normal 0.773021 -0.634381 0
    outer loop
      vertex 26.5865 94.9445 3.6
      vertex 26.7979 95.2021 0
      vertex 26.7979 95.2021 3.6
    endloop
  endfacet
  facet normal 0.773021 -0.634381 0
    outer loop
      vertex 26.7979 95.2021 0
      vertex 26.5865 94.9445 3.6
      vertex 26.5865 94.9445 0
    endloop
  endfacet
  facet normal 0.773021 0.634381 0
    outer loop
      vertex 26.7979 92.7979 3.6
      vertex 26.5865 93.0555 0
      vertex 26.5865 93.0555 3.6
    endloop
  endfacet
  facet normal 0.773021 0.634381 0
    outer loop
      vertex 26.5865 93.0555 0
      vertex 26.7979 92.7979 3.6
      vertex 26.7979 92.7979 0
    endloop
  endfacet
  facet normal 0.634381 0.773021 -0
    outer loop
      vertex 27.0555 92.5865 0
      vertex 26.7979 92.7979 3.6
      vertex 27.0555 92.5865 3.6
    endloop
  endfacet
  facet normal 0.634381 0.773021 0
    outer loop
      vertex 26.7979 92.7979 3.6
      vertex 27.0555 92.5865 0
      vertex 26.7979 92.7979 0
    endloop
  endfacet
  facet normal 0.471413 0.881912 -0
    outer loop
      vertex 27.3494 92.4294 0
      vertex 27.0555 92.5865 3.6
      vertex 27.3494 92.4294 3.6
    endloop
  endfacet
  facet normal 0.471413 0.881912 0
    outer loop
      vertex 27.0555 92.5865 3.6
      vertex 27.3494 92.4294 0
      vertex 27.0555 92.5865 0
    endloop
  endfacet
  facet normal 0.881912 -0.471413 0
    outer loop
      vertex 26.4294 94.6506 3.6
      vertex 26.5865 94.9445 0
      vertex 26.5865 94.9445 3.6
    endloop
  endfacet
  facet normal 0.881912 -0.471413 0
    outer loop
      vertex 26.5865 94.9445 0
      vertex 26.4294 94.6506 3.6
      vertex 26.4294 94.6506 0
    endloop
  endfacet
  facet normal 0.0981075 0.995176 -0
    outer loop
      vertex 64 92.3 0
      vertex 63.6683 92.3327 3.6
      vertex 64 92.3 3.6
    endloop
  endfacet
  facet normal 0.0981075 0.995176 0
    outer loop
      vertex 63.6683 92.3327 3.6
      vertex 64 92.3 0
      vertex 63.6683 92.3327 0
    endloop
  endfacet
  facet normal -0.956997 -0.290099 0
    outer loop
      vertex 65.6673 94.3316 0
      vertex 65.5706 94.6506 3.6
      vertex 65.5706 94.6506 0
    endloop
  endfacet
  facet normal -0.956997 -0.290099 0
    outer loop
      vertex 65.5706 94.6506 3.6
      vertex 65.6673 94.3316 0
      vertex 65.6673 94.3316 3.6
    endloop
  endfacet
  facet normal -0.995173 -0.0981368 0
    outer loop
      vertex 65.7 94 0
      vertex 65.6673 94.3316 3.6
      vertex 65.6673 94.3316 0
    endloop
  endfacet
  facet normal -0.995173 -0.0981368 0
    outer loop
      vertex 65.6673 94.3316 3.6
      vertex 65.7 94 0
      vertex 65.7 94 3.6
    endloop
  endfacet
  facet normal -0.881912 -0.471413 0
    outer loop
      vertex 65.5706 94.6506 0
      vertex 65.4135 94.9445 3.6
      vertex 65.4135 94.9445 0
    endloop
  endfacet
  facet normal -0.881912 -0.471413 0
    outer loop
      vertex 65.4135 94.9445 3.6
      vertex 65.5706 94.6506 0
      vertex 65.5706 94.6506 3.6
    endloop
  endfacet
  facet normal 0.881912 0.471413 0
    outer loop
      vertex 62.5865 93.0555 3.6
      vertex 62.4294 93.3494 0
      vertex 62.4294 93.3494 3.6
    endloop
  endfacet
  facet normal 0.881912 0.471413 0
    outer loop
      vertex 62.4294 93.3494 0
      vertex 62.5865 93.0555 3.6
      vertex 62.5865 93.0555 0
    endloop
  endfacet
  facet normal -0.995173 0.0981368 0
    outer loop
      vertex 65.6673 93.6684 0
      vertex 65.7 94 3.6
      vertex 65.7 94 0
    endloop
  endfacet
  facet normal -0.995173 0.0981368 0
    outer loop
      vertex 65.7 94 3.6
      vertex 65.6673 93.6684 0
      vertex 65.6673 93.6684 3.6
    endloop
  endfacet
  facet normal -0.290099 0.956997 0
    outer loop
      vertex 64.6506 92.4294 0
      vertex 64.3316 92.3327 3.6
      vertex 64.6506 92.4294 3.6
    endloop
  endfacet
  facet normal -0.290099 0.956997 0
    outer loop
      vertex 64.3316 92.3327 3.6
      vertex 64.6506 92.4294 0
      vertex 64.3316 92.3327 0
    endloop
  endfacet
  facet normal 0.995173 0.0981368 0
    outer loop
      vertex 62.3327 93.6684 3.6
      vertex 62.3 94 0
      vertex 62.3 94 3.6
    endloop
  endfacet
  facet normal 0.995173 0.0981368 0
    outer loop
      vertex 62.3 94 0
      vertex 62.3327 93.6684 3.6
      vertex 62.3327 93.6684 0
    endloop
  endfacet
  facet normal -0.0981368 -0.995173 0
    outer loop
      vertex 64 95.7 0
      vertex 64.3316 95.6673 3.6
      vertex 64 95.7 3.6
    endloop
  endfacet
  facet normal -0.0981368 -0.995173 -0
    outer loop
      vertex 64.3316 95.6673 3.6
      vertex 64 95.7 0
      vertex 64.3316 95.6673 0
    endloop
  endfacet
  facet normal -0.956997 0.290099 0
    outer loop
      vertex 65.5706 93.3494 0
      vertex 65.6673 93.6684 3.6
      vertex 65.6673 93.6684 0
    endloop
  endfacet
  facet normal -0.956997 0.290099 0
    outer loop
      vertex 65.6673 93.6684 3.6
      vertex 65.5706 93.3494 0
      vertex 65.5706 93.3494 3.6
    endloop
  endfacet
  facet normal 0.290182 0.956971 -0
    outer loop
      vertex 63.6683 92.3327 0
      vertex 63.3494 92.4294 3.6
      vertex 63.6683 92.3327 3.6
    endloop
  endfacet
  facet normal 0.290182 0.956971 0
    outer loop
      vertex 63.3494 92.4294 3.6
      vertex 63.6683 92.3327 0
      vertex 63.3494 92.4294 0
    endloop
  endfacet
  facet normal 0.995173 -0.0981368 0
    outer loop
      vertex 62.3 94 3.6
      vertex 62.3327 94.3316 0
      vertex 62.3327 94.3316 3.6
    endloop
  endfacet
  facet normal 0.995173 -0.0981368 0
    outer loop
      vertex 62.3327 94.3316 0
      vertex 62.3 94 3.6
      vertex 62.3 94 0
    endloop
  endfacet
  facet normal -0.290099 -0.956997 0
    outer loop
      vertex 64.3316 95.6673 0
      vertex 64.6506 95.5706 3.6
      vertex 64.3316 95.6673 3.6
    endloop
  endfacet
  facet normal -0.290099 -0.956997 -0
    outer loop
      vertex 64.6506 95.5706 3.6
      vertex 64.3316 95.6673 0
      vertex 64.6506 95.5706 0
    endloop
  endfacet
  facet normal 0.0981075 -0.995176 0
    outer loop
      vertex 63.6683 95.6673 0
      vertex 64 95.7 3.6
      vertex 63.6683 95.6673 3.6
    endloop
  endfacet
  facet normal 0.0981075 -0.995176 0
    outer loop
      vertex 64 95.7 3.6
      vertex 63.6683 95.6673 0
      vertex 64 95.7 0
    endloop
  endfacet
  facet normal 0.956997 -0.290099 0
    outer loop
      vertex 62.3327 94.3316 3.6
      vertex 62.4294 94.6506 0
      vertex 62.4294 94.6506 3.6
    endloop
  endfacet
  facet normal 0.956997 -0.290099 0
    outer loop
      vertex 62.4294 94.6506 0
      vertex 62.3327 94.3316 3.6
      vertex 62.3327 94.3316 0
    endloop
  endfacet
  facet normal 0.634381 -0.773021 0
    outer loop
      vertex 62.7979 95.2021 0
      vertex 63.0555 95.4135 3.6
      vertex 62.7979 95.2021 3.6
    endloop
  endfacet
  facet normal 0.634381 -0.773021 0
    outer loop
      vertex 63.0555 95.4135 3.6
      vertex 62.7979 95.2021 0
      vertex 63.0555 95.4135 0
    endloop
  endfacet
  facet normal -0.773021 -0.634381 0
    outer loop
      vertex 65.4135 94.9445 0
      vertex 65.2021 95.2021 3.6
      vertex 65.2021 95.2021 0
    endloop
  endfacet
  facet normal -0.773021 -0.634381 0
    outer loop
      vertex 65.2021 95.2021 3.6
      vertex 65.4135 94.9445 0
      vertex 65.4135 94.9445 3.6
    endloop
  endfacet
  facet normal 0.471413 -0.881912 0
    outer loop
      vertex 63.0555 95.4135 0
      vertex 63.3494 95.5706 3.6
      vertex 63.0555 95.4135 3.6
    endloop
  endfacet
  facet normal 0.471413 -0.881912 0
    outer loop
      vertex 63.3494 95.5706 3.6
      vertex 63.0555 95.4135 0
      vertex 63.3494 95.5706 0
    endloop
  endfacet
  facet normal -0.471413 0.881912 0
    outer loop
      vertex 64.9445 92.5865 0
      vertex 64.6506 92.4294 3.6
      vertex 64.9445 92.5865 3.6
    endloop
  endfacet
  facet normal -0.471413 0.881912 0
    outer loop
      vertex 64.6506 92.4294 3.6
      vertex 64.9445 92.5865 0
      vertex 64.6506 92.4294 0
    endloop
  endfacet
  facet normal -0.881912 0.471413 0
    outer loop
      vertex 65.4135 93.0555 0
      vertex 65.5706 93.3494 3.6
      vertex 65.5706 93.3494 0
    endloop
  endfacet
  facet normal -0.881912 0.471413 0
    outer loop
      vertex 65.5706 93.3494 3.6
      vertex 65.4135 93.0555 0
      vertex 65.4135 93.0555 3.6
    endloop
  endfacet
  facet normal -0.773021 0.634381 0
    outer loop
      vertex 65.2021 92.7979 0
      vertex 65.4135 93.0555 3.6
      vertex 65.4135 93.0555 0
    endloop
  endfacet
  facet normal -0.773021 0.634381 0
    outer loop
      vertex 65.4135 93.0555 3.6
      vertex 65.2021 92.7979 0
      vertex 65.2021 92.7979 3.6
    endloop
  endfacet
  facet normal -0.634381 -0.773021 0
    outer loop
      vertex 64.9445 95.4135 0
      vertex 65.2021 95.2021 3.6
      vertex 64.9445 95.4135 3.6
    endloop
  endfacet
  facet normal -0.634381 -0.773021 -0
    outer loop
      vertex 65.2021 95.2021 3.6
      vertex 64.9445 95.4135 0
      vertex 65.2021 95.2021 0
    endloop
  endfacet
  facet normal -0.634381 0.773021 0
    outer loop
      vertex 65.2021 92.7979 0
      vertex 64.9445 92.5865 3.6
      vertex 65.2021 92.7979 3.6
    endloop
  endfacet
  facet normal -0.634381 0.773021 0
    outer loop
      vertex 64.9445 92.5865 3.6
      vertex 65.2021 92.7979 0
      vertex 64.9445 92.5865 0
    endloop
  endfacet
  facet normal -0.471413 -0.881912 0
    outer loop
      vertex 64.6506 95.5706 0
      vertex 64.9445 95.4135 3.6
      vertex 64.6506 95.5706 3.6
    endloop
  endfacet
  facet normal -0.471413 -0.881912 -0
    outer loop
      vertex 64.9445 95.4135 3.6
      vertex 64.6506 95.5706 0
      vertex 64.9445 95.4135 0
    endloop
  endfacet
  facet normal 0.290182 -0.956971 0
    outer loop
      vertex 63.3494 95.5706 0
      vertex 63.6683 95.6673 3.6
      vertex 63.3494 95.5706 3.6
    endloop
  endfacet
  facet normal 0.290182 -0.956971 0
    outer loop
      vertex 63.6683 95.6673 3.6
      vertex 63.3494 95.5706 0
      vertex 63.6683 95.6673 0
    endloop
  endfacet
  facet normal -0.0981368 0.995173 0
    outer loop
      vertex 64.3316 92.3327 0
      vertex 64 92.3 3.6
      vertex 64.3316 92.3327 3.6
    endloop
  endfacet
  facet normal -0.0981368 0.995173 0
    outer loop
      vertex 64 92.3 3.6
      vertex 64.3316 92.3327 0
      vertex 64 92.3 0
    endloop
  endfacet
  facet normal 0.956997 0.290099 0
    outer loop
      vertex 62.4294 93.3494 3.6
      vertex 62.3327 93.6684 0
      vertex 62.3327 93.6684 3.6
    endloop
  endfacet
  facet normal 0.956997 0.290099 0
    outer loop
      vertex 62.3327 93.6684 0
      vertex 62.4294 93.3494 3.6
      vertex 62.4294 93.3494 0
    endloop
  endfacet
  facet normal 0.773021 -0.634381 0
    outer loop
      vertex 62.5865 94.9445 3.6
      vertex 62.7979 95.2021 0
      vertex 62.7979 95.2021 3.6
    endloop
  endfacet
  facet normal 0.773021 -0.634381 0
    outer loop
      vertex 62.7979 95.2021 0
      vertex 62.5865 94.9445 3.6
      vertex 62.5865 94.9445 0
    endloop
  endfacet
  facet normal 0.773021 0.634381 0
    outer loop
      vertex 62.7979 92.7979 3.6
      vertex 62.5865 93.0555 0
      vertex 62.5865 93.0555 3.6
    endloop
  endfacet
  facet normal 0.773021 0.634381 0
    outer loop
      vertex 62.5865 93.0555 0
      vertex 62.7979 92.7979 3.6
      vertex 62.7979 92.7979 0
    endloop
  endfacet
  facet normal 0.634381 0.773021 -0
    outer loop
      vertex 63.0555 92.5865 0
      vertex 62.7979 92.7979 3.6
      vertex 63.0555 92.5865 3.6
    endloop
  endfacet
  facet normal 0.634381 0.773021 0
    outer loop
      vertex 62.7979 92.7979 3.6
      vertex 63.0555 92.5865 0
      vertex 62.7979 92.7979 0
    endloop
  endfacet
  facet normal 0.471413 0.881912 -0
    outer loop
      vertex 63.3494 92.4294 0
      vertex 63.0555 92.5865 3.6
      vertex 63.3494 92.4294 3.6
    endloop
  endfacet
  facet normal 0.471413 0.881912 0
    outer loop
      vertex 63.0555 92.5865 3.6
      vertex 63.3494 92.4294 0
      vertex 63.0555 92.5865 0
    endloop
  endfacet
  facet normal 0.881912 -0.471413 0
    outer loop
      vertex 62.4294 94.6506 3.6
      vertex 62.5865 94.9445 0
      vertex 62.5865 94.9445 3.6
    endloop
  endfacet
  facet normal 0.881912 -0.471413 0
    outer loop
      vertex 62.5865 94.9445 0
      vertex 62.4294 94.6506 3.6
      vertex 62.4294 94.6506 0
    endloop
  endfacet
  facet normal 0.0980197 0.995184 -0
    outer loop
      vertex 136 92.3 0
      vertex 135.668 92.3327 3.6
      vertex 136 92.3 3.6
    endloop
  endfacet
  facet normal 0.0980197 0.995184 0
    outer loop
      vertex 135.668 92.3327 3.6
      vertex 136 92.3 0
      vertex 135.668 92.3327 0
    endloop
  endfacet
  facet normal -0.773609 0.633663 0
    outer loop
      vertex 137.202 92.7979 0
      vertex 137.413 93.0555 3.6
      vertex 137.413 93.0555 0
    endloop
  endfacet
  facet normal -0.773609 0.633663 0
    outer loop
      vertex 137.413 93.0555 3.6
      vertex 137.202 92.7979 0
      vertex 137.202 92.7979 3.6
    endloop
  endfacet
  facet normal -0.957578 -0.288174 0
    outer loop
      vertex 137.667 94.3316 0
      vertex 137.571 94.6506 3.6
      vertex 137.571 94.6506 0
    endloop
  endfacet
  facet normal -0.957578 -0.288174 0
    outer loop
      vertex 137.571 94.6506 3.6
      vertex 137.667 94.3316 0
      vertex 137.667 94.3316 3.6
    endloop
  endfacet
  facet normal -0.995085 -0.0990283 0
    outer loop
      vertex 137.7 94 0
      vertex 137.667 94.3316 3.6
      vertex 137.667 94.3316 0
    endloop
  endfacet
  facet normal -0.995085 -0.0990283 0
    outer loop
      vertex 137.667 94.3316 3.6
      vertex 137.7 94 0
      vertex 137.7 94 3.6
    endloop
  endfacet
  facet normal -0.880788 -0.47351 0
    outer loop
      vertex 137.571 94.6506 0
      vertex 137.413 94.9445 3.6
      vertex 137.413 94.9445 0
    endloop
  endfacet
  facet normal -0.880788 -0.47351 0
    outer loop
      vertex 137.413 94.9445 3.6
      vertex 137.571 94.6506 0
      vertex 137.571 94.6506 3.6
    endloop
  endfacet
  facet normal 0.880788 0.47351 0
    outer loop
      vertex 134.587 93.0555 3.6
      vertex 134.429 93.3494 0
      vertex 134.429 93.3494 3.6
    endloop
  endfacet
  facet normal 0.880788 0.47351 0
    outer loop
      vertex 134.429 93.3494 0
      vertex 134.587 93.0555 3.6
      vertex 134.587 93.0555 0
    endloop
  endfacet
  facet normal -0.995085 0.0990283 0
    outer loop
      vertex 137.667 93.6684 0
      vertex 137.7 94 3.6
      vertex 137.7 94 0
    endloop
  endfacet
  facet normal -0.995085 0.0990283 0
    outer loop
      vertex 137.7 94 3.6
      vertex 137.667 93.6684 0
      vertex 137.667 93.6684 3.6
    endloop
  endfacet
  facet normal -0.290099 0.956997 0
    outer loop
      vertex 136.651 92.4294 0
      vertex 136.332 92.3327 3.6
      vertex 136.651 92.4294 3.6
    endloop
  endfacet
  facet normal -0.290099 0.956997 0
    outer loop
      vertex 136.332 92.3327 3.6
      vertex 136.651 92.4294 0
      vertex 136.332 92.3327 0
    endloop
  endfacet
  facet normal 0.995085 0.0990283 0
    outer loop
      vertex 134.333 93.6684 3.6
      vertex 134.3 94 0
      vertex 134.3 94 3.6
    endloop
  endfacet
  facet normal 0.995085 0.0990283 0
    outer loop
      vertex 134.3 94 0
      vertex 134.333 93.6684 3.6
      vertex 134.333 93.6684 0
    endloop
  endfacet
  facet normal -0.0980197 -0.995184 0
    outer loop
      vertex 136 95.7 0
      vertex 136.332 95.6673 3.6
      vertex 136 95.7 3.6
    endloop
  endfacet
  facet normal -0.0980197 -0.995184 -0
    outer loop
      vertex 136.332 95.6673 3.6
      vertex 136 95.7 0
      vertex 136.332 95.6673 0
    endloop
  endfacet
  facet normal -0.957578 0.288174 0
    outer loop
      vertex 137.571 93.3494 0
      vertex 137.667 93.6684 3.6
      vertex 137.667 93.6684 0
    endloop
  endfacet
  facet normal -0.957578 0.288174 0
    outer loop
      vertex 137.667 93.6684 3.6
      vertex 137.571 93.3494 0
      vertex 137.571 93.3494 3.6
    endloop
  endfacet
  facet normal 0.290099 0.956997 -0
    outer loop
      vertex 135.668 92.3327 0
      vertex 135.349 92.4294 3.6
      vertex 135.668 92.3327 3.6
    endloop
  endfacet
  facet normal 0.290099 0.956997 0
    outer loop
      vertex 135.349 92.4294 3.6
      vertex 135.668 92.3327 0
      vertex 135.349 92.4294 0
    endloop
  endfacet
  facet normal 0.995085 -0.0990283 0
    outer loop
      vertex 134.3 94 3.6
      vertex 134.333 94.3316 0
      vertex 134.333 94.3316 3.6
    endloop
  endfacet
  facet normal 0.995085 -0.0990283 0
    outer loop
      vertex 134.333 94.3316 0
      vertex 134.3 94 3.6
      vertex 134.3 94 0
    endloop
  endfacet
  facet normal -0.472539 -0.88131 0
    outer loop
      vertex 136.651 95.5706 0
      vertex 136.944 95.4135 3.6
      vertex 136.651 95.5706 3.6
    endloop
  endfacet
  facet normal -0.472539 -0.88131 -0
    outer loop
      vertex 136.944 95.4135 3.6
      vertex 136.651 95.5706 0
      vertex 136.944 95.4135 0
    endloop
  endfacet
  facet normal -0.290099 -0.956997 0
    outer loop
      vertex 136.332 95.6673 0
      vertex 136.651 95.5706 3.6
      vertex 136.332 95.6673 3.6
    endloop
  endfacet
  facet normal -0.290099 -0.956997 -0
    outer loop
      vertex 136.651 95.5706 3.6
      vertex 136.332 95.6673 0
      vertex 136.651 95.5706 0
    endloop
  endfacet
  facet normal 0.0980197 -0.995184 0
    outer loop
      vertex 135.668 95.6673 0
      vertex 136 95.7 3.6
      vertex 135.668 95.6673 3.6
    endloop
  endfacet
  facet normal 0.0980197 -0.995184 0
    outer loop
      vertex 136 95.7 3.6
      vertex 135.668 95.6673 0
      vertex 136 95.7 0
    endloop
  endfacet
  facet normal 0.957578 -0.288174 0
    outer loop
      vertex 134.333 94.3316 3.6
      vertex 134.429 94.6506 0
      vertex 134.429 94.6506 3.6
    endloop
  endfacet
  facet normal 0.957578 -0.288174 0
    outer loop
      vertex 134.429 94.6506 0
      vertex 134.333 94.3316 3.6
      vertex 134.333 94.3316 0
    endloop
  endfacet
  facet normal 0.633793 -0.773503 0
    outer loop
      vertex 134.798 95.2021 0
      vertex 135.056 95.4135 3.6
      vertex 134.798 95.2021 3.6
    endloop
  endfacet
  facet normal 0.633793 -0.773503 0
    outer loop
      vertex 135.056 95.4135 3.6
      vertex 134.798 95.2021 0
      vertex 135.056 95.4135 0
    endloop
  endfacet
  facet normal -0.773609 -0.633663 0
    outer loop
      vertex 137.413 94.9445 0
      vertex 137.202 95.2021 3.6
      vertex 137.202 95.2021 0
    endloop
  endfacet
  facet normal -0.773609 -0.633663 0
    outer loop
      vertex 137.202 95.2021 3.6
      vertex 137.413 94.9445 0
      vertex 137.413 94.9445 3.6
    endloop
  endfacet
  facet normal 0.472539 -0.88131 0
    outer loop
      vertex 135.056 95.4135 0
      vertex 135.349 95.5706 3.6
      vertex 135.056 95.4135 3.6
    endloop
  endfacet
  facet normal 0.472539 -0.88131 0
    outer loop
      vertex 135.349 95.5706 3.6
      vertex 135.056 95.4135 0
      vertex 135.349 95.5706 0
    endloop
  endfacet
  facet normal -0.472539 0.88131 0
    outer loop
      vertex 136.944 92.5865 0
      vertex 136.651 92.4294 3.6
      vertex 136.944 92.5865 3.6
    endloop
  endfacet
  facet normal -0.472539 0.88131 0
    outer loop
      vertex 136.651 92.4294 3.6
      vertex 136.944 92.5865 0
      vertex 136.651 92.4294 0
    endloop
  endfacet
  facet normal -0.880788 0.47351 0
    outer loop
      vertex 137.413 93.0555 0
      vertex 137.571 93.3494 3.6
      vertex 137.571 93.3494 0
    endloop
  endfacet
  facet normal -0.880788 0.47351 0
    outer loop
      vertex 137.571 93.3494 3.6
      vertex 137.413 93.0555 0
      vertex 137.413 93.0555 3.6
    endloop
  endfacet
  facet normal -0.633793 -0.773503 0
    outer loop
      vertex 136.944 95.4135 0
      vertex 137.202 95.2021 3.6
      vertex 136.944 95.4135 3.6
    endloop
  endfacet
  facet normal -0.633793 -0.773503 -0
    outer loop
      vertex 137.202 95.2021 3.6
      vertex 136.944 95.4135 0
      vertex 137.202 95.2021 0
    endloop
  endfacet
  facet normal -0.633793 0.773503 0
    outer loop
      vertex 137.202 92.7979 0
      vertex 136.944 92.5865 3.6
      vertex 137.202 92.7979 3.6
    endloop
  endfacet
  facet normal -0.633793 0.773503 0
    outer loop
      vertex 136.944 92.5865 3.6
      vertex 137.202 92.7979 0
      vertex 136.944 92.5865 0
    endloop
  endfacet
  facet normal 0.290099 -0.956997 0
    outer loop
      vertex 135.349 95.5706 0
      vertex 135.668 95.6673 3.6
      vertex 135.349 95.5706 3.6
    endloop
  endfacet
  facet normal 0.290099 -0.956997 0
    outer loop
      vertex 135.668 95.6673 3.6
      vertex 135.349 95.5706 0
      vertex 135.668 95.6673 0
    endloop
  endfacet
  facet normal -0.0980197 0.995184 0
    outer loop
      vertex 136.332 92.3327 0
      vertex 136 92.3 3.6
      vertex 136.332 92.3327 3.6
    endloop
  endfacet
  facet normal -0.0980197 0.995184 0
    outer loop
      vertex 136 92.3 3.6
      vertex 136.332 92.3327 0
      vertex 136 92.3 0
    endloop
  endfacet
  facet normal 0.957578 0.288174 0
    outer loop
      vertex 134.429 93.3494 3.6
      vertex 134.333 93.6684 0
      vertex 134.333 93.6684 3.6
    endloop
  endfacet
  facet normal 0.957578 0.288174 0
    outer loop
      vertex 134.333 93.6684 0
      vertex 134.429 93.3494 3.6
      vertex 134.429 93.3494 0
    endloop
  endfacet
  facet normal 0.773609 -0.633663 0
    outer loop
      vertex 134.587 94.9445 3.6
      vertex 134.798 95.2021 0
      vertex 134.798 95.2021 3.6
    endloop
  endfacet
  facet normal 0.773609 -0.633663 0
    outer loop
      vertex 134.798 95.2021 0
      vertex 134.587 94.9445 3.6
      vertex 134.587 94.9445 0
    endloop
  endfacet
  facet normal 0.773609 0.633663 0
    outer loop
      vertex 134.798 92.7979 3.6
      vertex 134.587 93.0555 0
      vertex 134.587 93.0555 3.6
    endloop
  endfacet
  facet normal 0.773609 0.633663 0
    outer loop
      vertex 134.587 93.0555 0
      vertex 134.798 92.7979 3.6
      vertex 134.798 92.7979 0
    endloop
  endfacet
  facet normal 0.633793 0.773503 -0
    outer loop
      vertex 135.056 92.5865 0
      vertex 134.798 92.7979 3.6
      vertex 135.056 92.5865 3.6
    endloop
  endfacet
  facet normal 0.633793 0.773503 0
    outer loop
      vertex 134.798 92.7979 3.6
      vertex 135.056 92.5865 0
      vertex 134.798 92.7979 0
    endloop
  endfacet
  facet normal 0.472539 0.88131 -0
    outer loop
      vertex 135.349 92.4294 0
      vertex 135.056 92.5865 3.6
      vertex 135.349 92.4294 3.6
    endloop
  endfacet
  facet normal 0.472539 0.88131 0
    outer loop
      vertex 135.056 92.5865 3.6
      vertex 135.349 92.4294 0
      vertex 135.056 92.5865 0
    endloop
  endfacet
  facet normal 0.880788 -0.47351 0
    outer loop
      vertex 134.429 94.6506 3.6
      vertex 134.587 94.9445 0
      vertex 134.587 94.9445 3.6
    endloop
  endfacet
  facet normal 0.880788 -0.47351 0
    outer loop
      vertex 134.587 94.9445 0
      vertex 134.429 94.6506 3.6
      vertex 134.429 94.6506 0
    endloop
  endfacet
  facet normal 0.0980197 0.995184 -0
    outer loop
      vertex 172 92.3 0
      vertex 171.668 92.3327 3.6
      vertex 172 92.3 3.6
    endloop
  endfacet
  facet normal 0.0980197 0.995184 0
    outer loop
      vertex 171.668 92.3327 3.6
      vertex 172 92.3 0
      vertex 171.668 92.3327 0
    endloop
  endfacet
  facet normal -0.773609 0.633663 0
    outer loop
      vertex 173.202 92.7979 0
      vertex 173.413 93.0555 3.6
      vertex 173.413 93.0555 0
    endloop
  endfacet
  facet normal -0.773609 0.633663 0
    outer loop
      vertex 173.413 93.0555 3.6
      vertex 173.202 92.7979 0
      vertex 173.202 92.7979 3.6
    endloop
  endfacet
  facet normal -0.957578 -0.288174 0
    outer loop
      vertex 173.667 94.3316 0
      vertex 173.571 94.6506 3.6
      vertex 173.571 94.6506 0
    endloop
  endfacet
  facet normal -0.957578 -0.288174 0
    outer loop
      vertex 173.571 94.6506 3.6
      vertex 173.667 94.3316 0
      vertex 173.667 94.3316 3.6
    endloop
  endfacet
  facet normal -0.995085 -0.0990283 0
    outer loop
      vertex 173.7 94 0
      vertex 173.667 94.3316 3.6
      vertex 173.667 94.3316 0
    endloop
  endfacet
  facet normal -0.995085 -0.0990283 0
    outer loop
      vertex 173.667 94.3316 3.6
      vertex 173.7 94 0
      vertex 173.7 94 3.6
    endloop
  endfacet
  facet normal -0.880788 -0.47351 0
    outer loop
      vertex 173.571 94.6506 0
      vertex 173.413 94.9445 3.6
      vertex 173.413 94.9445 0
    endloop
  endfacet
  facet normal -0.880788 -0.47351 0
    outer loop
      vertex 173.413 94.9445 3.6
      vertex 173.571 94.6506 0
      vertex 173.571 94.6506 3.6
    endloop
  endfacet
  facet normal 0.880788 0.47351 0
    outer loop
      vertex 170.587 93.0555 3.6
      vertex 170.429 93.3494 0
      vertex 170.429 93.3494 3.6
    endloop
  endfacet
  facet normal 0.880788 0.47351 0
    outer loop
      vertex 170.429 93.3494 0
      vertex 170.587 93.0555 3.6
      vertex 170.587 93.0555 0
    endloop
  endfacet
  facet normal -0.995085 0.0990283 0
    outer loop
      vertex 173.667 93.6684 0
      vertex 173.7 94 3.6
      vertex 173.7 94 0
    endloop
  endfacet
  facet normal -0.995085 0.0990283 0
    outer loop
      vertex 173.7 94 3.6
      vertex 173.667 93.6684 0
      vertex 173.667 93.6684 3.6
    endloop
  endfacet
  facet normal -0.290099 0.956997 0
    outer loop
      vertex 172.651 92.4294 0
      vertex 172.332 92.3327 3.6
      vertex 172.651 92.4294 3.6
    endloop
  endfacet
  facet normal -0.290099 0.956997 0
    outer loop
      vertex 172.332 92.3327 3.6
      vertex 172.651 92.4294 0
      vertex 172.332 92.3327 0
    endloop
  endfacet
  facet normal 0.995085 0.0990283 0
    outer loop
      vertex 170.333 93.6684 3.6
      vertex 170.3 94 0
      vertex 170.3 94 3.6
    endloop
  endfacet
  facet normal 0.995085 0.0990283 0
    outer loop
      vertex 170.3 94 0
      vertex 170.333 93.6684 3.6
      vertex 170.333 93.6684 0
    endloop
  endfacet
  facet normal -0.0980197 -0.995184 0
    outer loop
      vertex 172 95.7 0
      vertex 172.332 95.6673 3.6
      vertex 172 95.7 3.6
    endloop
  endfacet
  facet normal -0.0980197 -0.995184 -0
    outer loop
      vertex 172.332 95.6673 3.6
      vertex 172 95.7 0
      vertex 172.332 95.6673 0
    endloop
  endfacet
  facet normal -0.957578 0.288174 0
    outer loop
      vertex 173.571 93.3494 0
      vertex 173.667 93.6684 3.6
      vertex 173.667 93.6684 0
    endloop
  endfacet
  facet normal -0.957578 0.288174 0
    outer loop
      vertex 173.667 93.6684 3.6
      vertex 173.571 93.3494 0
      vertex 173.571 93.3494 3.6
    endloop
  endfacet
  facet normal 0.290099 0.956997 -0
    outer loop
      vertex 171.668 92.3327 0
      vertex 171.349 92.4294 3.6
      vertex 171.668 92.3327 3.6
    endloop
  endfacet
  facet normal 0.290099 0.956997 0
    outer loop
      vertex 171.349 92.4294 3.6
      vertex 171.668 92.3327 0
      vertex 171.349 92.4294 0
    endloop
  endfacet
  facet normal 0.995085 -0.0990283 0
    outer loop
      vertex 170.3 94 3.6
      vertex 170.333 94.3316 0
      vertex 170.333 94.3316 3.6
    endloop
  endfacet
  facet normal 0.995085 -0.0990283 0
    outer loop
      vertex 170.333 94.3316 0
      vertex 170.3 94 3.6
      vertex 170.3 94 0
    endloop
  endfacet
  facet normal -0.290099 -0.956997 0
    outer loop
      vertex 172.332 95.6673 0
      vertex 172.651 95.5706 3.6
      vertex 172.332 95.6673 3.6
    endloop
  endfacet
  facet normal -0.290099 -0.956997 -0
    outer loop
      vertex 172.651 95.5706 3.6
      vertex 172.332 95.6673 0
      vertex 172.651 95.5706 0
    endloop
  endfacet
  facet normal 0.0980197 -0.995184 0
    outer loop
      vertex 171.668 95.6673 0
      vertex 172 95.7 3.6
      vertex 171.668 95.6673 3.6
    endloop
  endfacet
  facet normal 0.0980197 -0.995184 0
    outer loop
      vertex 172 95.7 3.6
      vertex 171.668 95.6673 0
      vertex 172 95.7 0
    endloop
  endfacet
  facet normal 0.957578 -0.288174 0
    outer loop
      vertex 170.333 94.3316 3.6
      vertex 170.429 94.6506 0
      vertex 170.429 94.6506 3.6
    endloop
  endfacet
  facet normal 0.957578 -0.288174 0
    outer loop
      vertex 170.429 94.6506 0
      vertex 170.333 94.3316 3.6
      vertex 170.333 94.3316 0
    endloop
  endfacet
  facet normal 0.633793 -0.773503 0
    outer loop
      vertex 170.798 95.2021 0
      vertex 171.056 95.4135 3.6
      vertex 170.798 95.2021 3.6
    endloop
  endfacet
  facet normal 0.633793 -0.773503 0
    outer loop
      vertex 171.056 95.4135 3.6
      vertex 170.798 95.2021 0
      vertex 171.056 95.4135 0
    endloop
  endfacet
  facet normal -0.773609 -0.633663 0
    outer loop
      vertex 173.413 94.9445 0
      vertex 173.202 95.2021 3.6
      vertex 173.202 95.2021 0
    endloop
  endfacet
  facet normal -0.773609 -0.633663 0
    outer loop
      vertex 173.202 95.2021 3.6
      vertex 173.413 94.9445 0
      vertex 173.413 94.9445 3.6
    endloop
  endfacet
  facet normal 0.472539 -0.88131 0
    outer loop
      vertex 171.056 95.4135 0
      vertex 171.349 95.5706 3.6
      vertex 171.056 95.4135 3.6
    endloop
  endfacet
  facet normal 0.472539 -0.88131 0
    outer loop
      vertex 171.349 95.5706 3.6
      vertex 171.056 95.4135 0
      vertex 171.349 95.5706 0
    endloop
  endfacet
  facet normal -0.472539 0.88131 0
    outer loop
      vertex 172.944 92.5865 0
      vertex 172.651 92.4294 3.6
      vertex 172.944 92.5865 3.6
    endloop
  endfacet
  facet normal -0.472539 0.88131 0
    outer loop
      vertex 172.651 92.4294 3.6
      vertex 172.944 92.5865 0
      vertex 172.651 92.4294 0
    endloop
  endfacet
  facet normal -0.880788 0.47351 0
    outer loop
      vertex 173.413 93.0555 0
      vertex 173.571 93.3494 3.6
      vertex 173.571 93.3494 0
    endloop
  endfacet
  facet normal -0.880788 0.47351 0
    outer loop
      vertex 173.571 93.3494 3.6
      vertex 173.413 93.0555 0
      vertex 173.413 93.0555 3.6
    endloop
  endfacet
  facet normal -0.633793 -0.773503 0
    outer loop
      vertex 172.944 95.4135 0
      vertex 173.202 95.2021 3.6
      vertex 172.944 95.4135 3.6
    endloop
  endfacet
  facet normal -0.633793 -0.773503 -0
    outer loop
      vertex 173.202 95.2021 3.6
      vertex 172.944 95.4135 0
      vertex 173.202 95.2021 0
    endloop
  endfacet
  facet normal -0.633793 0.773503 0
    outer loop
      vertex 173.202 92.7979 0
      vertex 172.944 92.5865 3.6
      vertex 173.202 92.7979 3.6
    endloop
  endfacet
  facet normal -0.633793 0.773503 0
    outer loop
      vertex 172.944 92.5865 3.6
      vertex 173.202 92.7979 0
      vertex 172.944 92.5865 0
    endloop
  endfacet
  facet normal -0.472539 -0.88131 0
    outer loop
      vertex 172.651 95.5706 0
      vertex 172.944 95.4135 3.6
      vertex 172.651 95.5706 3.6
    endloop
  endfacet
  facet normal -0.472539 -0.88131 -0
    outer loop
      vertex 172.944 95.4135 3.6
      vertex 172.651 95.5706 0
      vertex 172.944 95.4135 0
    endloop
  endfacet
  facet normal 0.290099 -0.956997 0
    outer loop
      vertex 171.349 95.5706 0
      vertex 171.668 95.6673 3.6
      vertex 171.349 95.5706 3.6
    endloop
  endfacet
  facet normal 0.290099 -0.956997 0
    outer loop
      vertex 171.668 95.6673 3.6
      vertex 171.349 95.5706 0
      vertex 171.668 95.6673 0
    endloop
  endfacet
  facet normal -0.0980197 0.995184 0
    outer loop
      vertex 172.332 92.3327 0
      vertex 172 92.3 3.6
      vertex 172.332 92.3327 3.6
    endloop
  endfacet
  facet normal -0.0980197 0.995184 0
    outer loop
      vertex 172 92.3 3.6
      vertex 172.332 92.3327 0
      vertex 172 92.3 0
    endloop
  endfacet
  facet normal 0.957578 0.288174 0
    outer loop
      vertex 170.429 93.3494 3.6
      vertex 170.333 93.6684 0
      vertex 170.333 93.6684 3.6
    endloop
  endfacet
  facet normal 0.957578 0.288174 0
    outer loop
      vertex 170.333 93.6684 0
      vertex 170.429 93.3494 3.6
      vertex 170.429 93.3494 0
    endloop
  endfacet
  facet normal 0.773609 -0.633663 0
    outer loop
      vertex 170.587 94.9445 3.6
      vertex 170.798 95.2021 0
      vertex 170.798 95.2021 3.6
    endloop
  endfacet
  facet normal 0.773609 -0.633663 0
    outer loop
      vertex 170.798 95.2021 0
      vertex 170.587 94.9445 3.6
      vertex 170.587 94.9445 0
    endloop
  endfacet
  facet normal 0.773609 0.633663 0
    outer loop
      vertex 170.798 92.7979 3.6
      vertex 170.587 93.0555 0
      vertex 170.587 93.0555 3.6
    endloop
  endfacet
  facet normal 0.773609 0.633663 0
    outer loop
      vertex 170.587 93.0555 0
      vertex 170.798 92.7979 3.6
      vertex 170.798 92.7979 0
    endloop
  endfacet
  facet normal 0.633793 0.773503 -0
    outer loop
      vertex 171.056 92.5865 0
      vertex 170.798 92.7979 3.6
      vertex 171.056 92.5865 3.6
    endloop
  endfacet
  facet normal 0.633793 0.773503 0
    outer loop
      vertex 170.798 92.7979 3.6
      vertex 171.056 92.5865 0
      vertex 170.798 92.7979 0
    endloop
  endfacet
  facet normal 0.472539 0.88131 -0
    outer loop
      vertex 171.349 92.4294 0
      vertex 171.056 92.5865 3.6
      vertex 171.349 92.4294 3.6
    endloop
  endfacet
  facet normal 0.472539 0.88131 0
    outer loop
      vertex 171.056 92.5865 3.6
      vertex 171.349 92.4294 0
      vertex 171.056 92.5865 0
    endloop
  endfacet
  facet normal 0.880788 -0.47351 0
    outer loop
      vertex 170.429 94.6506 3.6
      vertex 170.587 94.9445 0
      vertex 170.587 94.9445 3.6
    endloop
  endfacet
  facet normal 0.880788 -0.47351 0
    outer loop
      vertex 170.587 94.9445 0
      vertex 170.429 94.6506 3.6
      vertex 170.429 94.6506 0
    endloop
  endfacet
  facet normal -1 0 0
    outer loop
      vertex 132 46 0
      vertex 132 86 3.6
      vertex 132 86 0
    endloop
  endfacet
  facet normal -1 -0 0
    outer loop
      vertex 132 86 3.6
      vertex 132 46 0
      vertex 132 46 3.6
    endloop
  endfacet
  facet normal 1 -0 0
    outer loop
      vertex 68 46 3.6
      vertex 68 86 0
      vertex 68 86 3.6
    endloop
  endfacet
  facet normal 1 0 0
    outer loop
      vertex 68 86 0
      vertex 68 46 3.6
      vertex 68 46 0
    endloop
  endfacet
  facet normal 0 -1 0
    outer loop
      vertex 68 86 0
      vertex 132 86 3.6
      vertex 68 86 3.6
    endloop
  endfacet
  facet normal 0 -1 -0
    outer loop
      vertex 132 86 3.6
      vertex 68 86 0
      vertex 132 86 0
    endloop
  endfacet
  facet normal 0 1 -0
    outer loop
      vertex 132 46 0
      vertex 68 46 3.6
      vertex 132 46 3.6
    endloop
  endfacet
  facet normal 0 1 0
    outer loop
      vertex 68 46 3.6
      vertex 132 46 0
      vertex 68 46 0
    endloop
  endfacet
  facet normal -1 0 0
    outer loop
      vertex 120 91 0
      vertex 120 101 3.6
      vertex 120 101 0
    endloop
  endfacet
  facet normal -1 -0 0
    outer loop
      vertex 120 101 3.6
      vertex 120 91 0
      vertex 120 91 3.6
    endloop
  endfacet
  facet normal 1 -0 0
    outer loop
      vertex 108 91 3.6
      vertex 108 101 0
      vertex 108 101 3.6
    endloop
  endfacet
  facet normal 1 0 0
    outer loop
      vertex 108 101 0
      vertex 108 91 3.6
      vertex 108 91 0
    endloop
  endfacet
  facet normal 0 -1 0
    outer loop
      vertex 108 101 0
      vertex 120 101 3.6
      vertex 108 101 3.6
    endloop
  endfacet
  facet normal 0 -1 -0
    outer loop
      vertex 120 101 3.6
      vertex 108 101 0
      vertex 120 101 0
    endloop
  endfacet
  facet normal 0 1 -0
    outer loop
      vertex 120 91 0
      vertex 108 91 3.6
      vertex 120 91 3.6
    endloop
  endfacet
  facet normal 0 1 0
    outer loop
      vertex 108 91 3.6
      vertex 120 91 0
      vertex 108 91 0
    endloop
  endfacet
  facet normal 0.0990135 0.995086 -0
    outer loop
      vertex 8 156.3 0
      vertex 7.66835 156.333 3.6
      vertex 8 156.3 3.6
    endloop
  endfacet
  facet normal 0.0990135 0.995086 0
    outer loop
      vertex 7.66835 156.333 3.6
      vertex 8 156.3 0
      vertex 7.66835 156.333 0
    endloop
  endfacet
  facet normal -0.773474 0.633829 0
    outer loop
      vertex 9.20208 156.798 0
      vertex 9.4135 157.056 3.6
      vertex 9.4135 157.056 0
    endloop
  endfacet
  facet normal -0.773474 0.633829 0
    outer loop
      vertex 9.4135 157.056 3.6
      vertex 9.20208 156.798 0
      vertex 9.20208 156.798 3.6
    endloop
  endfacet
  facet normal -0.956963 -0.290209 0
    outer loop
      vertex 9.66733 158.332 0
      vertex 9.57059 158.651 3.6
      vertex 9.57059 158.651 0
    endloop
  endfacet
  facet normal -0.956963 -0.290209 0
    outer loop
      vertex 9.57059 158.651 3.6
      vertex 9.66733 158.332 0
      vertex 9.66733 158.332 3.6
    endloop
  endfacet
  facet normal -0.995193 -0.0979306 0
    outer loop
      vertex 9.7 158 0
      vertex 9.66733 158.332 3.6
      vertex 9.66733 158.332 0
    endloop
  endfacet
  facet normal -0.995193 -0.0979306 0
    outer loop
      vertex 9.66733 158.332 3.6
      vertex 9.7 158 0
      vertex 9.7 158 3.6
    endloop
  endfacet
  facet normal -0.881323 -0.472515 0
    outer loop
      vertex 9.57059 158.651 0
      vertex 9.4135 158.944 3.6
      vertex 9.4135 158.944 0
    endloop
  endfacet
  facet normal -0.881323 -0.472515 0
    outer loop
      vertex 9.4135 158.944 3.6
      vertex 9.57059 158.651 0
      vertex 9.57059 158.651 3.6
    endloop
  endfacet
  facet normal 0.88131 0.472539 0
    outer loop
      vertex 6.5865 157.056 3.6
      vertex 6.4294 157.349 0
      vertex 6.4294 157.349 3.6
    endloop
  endfacet
  facet normal 0.88131 0.472539 0
    outer loop
      vertex 6.4294 157.349 0
      vertex 6.5865 157.056 3.6
      vertex 6.5865 157.056 0
    endloop
  endfacet
  facet normal -0.995193 0.0979306 0
    outer loop
      vertex 9.66733 157.668 0
      vertex 9.7 158 3.6
      vertex 9.7 158 0
    endloop
  endfacet
  facet normal -0.995193 0.0979306 0
    outer loop
      vertex 9.7 158 3.6
      vertex 9.66733 157.668 0
      vertex 9.66733 157.668 3.6
    endloop
  endfacet
  facet normal -0.288249 0.957556 0
    outer loop
      vertex 8.65056 156.429 0
      vertex 8.33165 156.333 3.6
      vertex 8.65056 156.429 3.6
    endloop
  endfacet
  facet normal -0.288249 0.957556 0
    outer loop
      vertex 8.33165 156.333 3.6
      vertex 8.65056 156.429 0
      vertex 8.33165 156.333 0
    endloop
  endfacet
  facet normal 0.995196 0.0979009 0
    outer loop
      vertex 6.33266 157.668 3.6
      vertex 6.3 158 0
      vertex 6.3 158 3.6
    endloop
  endfacet
  facet normal 0.995196 0.0979009 0
    outer loop
      vertex 6.3 158 0
      vertex 6.33266 157.668 3.6
      vertex 6.33266 157.668 0
    endloop
  endfacet
  facet normal -0.0990135 -0.995086 0
    outer loop
      vertex 8 159.7 0
      vertex 8.33165 159.667 3.6
      vertex 8 159.7 3.6
    endloop
  endfacet
  facet normal -0.0990135 -0.995086 -0
    outer loop
      vertex 8.33165 159.667 3.6
      vertex 8 159.7 0
      vertex 8.33165 159.667 0
    endloop
  endfacet
  facet normal -0.956963 0.290209 0
    outer loop
      vertex 9.57059 157.349 0
      vertex 9.66733 157.668 3.6
      vertex 9.66733 157.668 0
    endloop
  endfacet
  facet normal -0.956963 0.290209 0
    outer loop
      vertex 9.66733 157.668 3.6
      vertex 9.57059 157.349 0
      vertex 9.57059 157.349 3.6
    endloop
  endfacet
  facet normal 0.288249 0.957556 -0
    outer loop
      vertex 7.66835 156.333 0
      vertex 7.34944 156.429 3.6
      vertex 7.66835 156.333 3.6
    endloop
  endfacet
  facet normal 0.288249 0.957556 0
    outer loop
      vertex 7.34944 156.429 3.6
      vertex 7.66835 156.333 0
      vertex 7.34944 156.429 0
    endloop
  endfacet
  facet normal 0.995196 -0.0979009 0
    outer loop
      vertex 6.3 158 3.6
      vertex 6.33266 158.332 0
      vertex 6.33266 158.332 3.6
    endloop
  endfacet
  facet normal 0.995196 -0.0979009 0
    outer loop
      vertex 6.33266 158.332 0
      vertex 6.3 158 3.6
      vertex 6.3 158 0
    endloop
  endfacet
  facet normal -0.473497 -0.880795 0
    outer loop
      vertex 8.65056 159.571 0
      vertex 8.94447 159.413 3.6
      vertex 8.65056 159.571 3.6
    endloop
  endfacet
  facet normal -0.473497 -0.880795 -0
    outer loop
      vertex 8.94447 159.413 3.6
      vertex 8.65056 159.571 0
      vertex 8.94447 159.413 0
    endloop
  endfacet
  facet normal -0.288249 -0.957556 0
    outer loop
      vertex 8.33165 159.667 0
      vertex 8.65056 159.571 3.6
      vertex 8.33165 159.667 3.6
    endloop
  endfacet
  facet normal -0.288249 -0.957556 -0
    outer loop
      vertex 8.65056 159.571 3.6
      vertex 8.33165 159.667 0
      vertex 8.65056 159.571 0
    endloop
  endfacet
  facet normal 0.0990135 -0.995086 0
    outer loop
      vertex 7.66835 159.667 0
      vertex 8 159.7 3.6
      vertex 7.66835 159.667 3.6
    endloop
  endfacet
  facet normal 0.0990135 -0.995086 0
    outer loop
      vertex 8 159.7 3.6
      vertex 7.66835 159.667 0
      vertex 8 159.7 0
    endloop
  endfacet
  facet normal 0.956963 -0.290209 0
    outer loop
      vertex 6.33266 158.332 3.6
      vertex 6.4294 158.651 0
      vertex 6.4294 158.651 3.6
    endloop
  endfacet
  facet normal 0.956963 -0.290209 0
    outer loop
      vertex 6.4294 158.651 0
      vertex 6.33266 158.332 3.6
      vertex 6.33266 158.332 0
    endloop
  endfacet
  facet normal 0.633648 -0.773621 0
    outer loop
      vertex 6.79792 159.202 0
      vertex 7.05553 159.413 3.6
      vertex 6.79792 159.202 3.6
    endloop
  endfacet
  facet normal 0.633648 -0.773621 0
    outer loop
      vertex 7.05553 159.413 3.6
      vertex 6.79792 159.202 0
      vertex 7.05553 159.413 0
    endloop
  endfacet
  facet normal -0.773474 -0.633829 0
    outer loop
      vertex 9.4135 158.944 0
      vertex 9.20208 159.202 3.6
      vertex 9.20208 159.202 0
    endloop
  endfacet
  facet normal -0.773474 -0.633829 0
    outer loop
      vertex 9.20208 159.202 3.6
      vertex 9.4135 158.944 0
      vertex 9.4135 158.944 3.6
    endloop
  endfacet
  facet normal 0.473497 -0.880795 0
    outer loop
      vertex 7.05553 159.413 0
      vertex 7.34944 159.571 3.6
      vertex 7.05553 159.413 3.6
    endloop
  endfacet
  facet normal 0.473497 -0.880795 0
    outer loop
      vertex 7.34944 159.571 3.6
      vertex 7.05553 159.413 0
      vertex 7.34944 159.571 0
    endloop
  endfacet
  facet normal -0.473497 0.880795 0
    outer loop
      vertex 8.94447 156.587 0
      vertex 8.65056 156.429 3.6
      vertex 8.94447 156.587 3.6
    endloop
  endfacet
  facet normal -0.473497 0.880795 0
    outer loop
      vertex 8.65056 156.429 3.6
      vertex 8.94447 156.587 0
      vertex 8.65056 156.429 0
    endloop
  endfacet
  facet normal -0.881323 0.472515 0
    outer loop
      vertex 9.4135 157.056 0
      vertex 9.57059 157.349 3.6
      vertex 9.57059 157.349 0
    endloop
  endfacet
  facet normal -0.881323 0.472515 0
    outer loop
      vertex 9.57059 157.349 3.6
      vertex 9.4135 157.056 0
      vertex 9.4135 157.056 3.6
    endloop
  endfacet
  facet normal -0.633648 -0.773621 0
    outer loop
      vertex 8.94447 159.413 0
      vertex 9.20208 159.202 3.6
      vertex 8.94447 159.413 3.6
    endloop
  endfacet
  facet normal -0.633648 -0.773621 -0
    outer loop
      vertex 9.20208 159.202 3.6
      vertex 8.94447 159.413 0
      vertex 9.20208 159.202 0
    endloop
  endfacet
  facet normal -0.633648 0.773621 0
    outer loop
      vertex 9.20208 156.798 0
      vertex 8.94447 156.587 3.6
      vertex 9.20208 156.798 3.6
    endloop
  endfacet
  facet normal -0.633648 0.773621 0
    outer loop
      vertex 8.94447 156.587 3.6
      vertex 9.20208 156.798 0
      vertex 8.94447 156.587 0
    endloop
  endfacet
  facet normal 0.288249 -0.957556 0
    outer loop
      vertex 7.34944 159.571 0
      vertex 7.66835 159.667 3.6
      vertex 7.34944 159.571 3.6
    endloop
  endfacet
  facet normal 0.288249 -0.957556 0
    outer loop
      vertex 7.66835 159.667 3.6
      vertex 7.34944 159.571 0
      vertex 7.66835 159.667 0
    endloop
  endfacet
  facet normal -0.0990135 0.995086 0
    outer loop
      vertex 8.33165 156.333 0
      vertex 8 156.3 3.6
      vertex 8.33165 156.333 3.6
    endloop
  endfacet
  facet normal -0.0990135 0.995086 0
    outer loop
      vertex 8 156.3 3.6
      vertex 8.33165 156.333 0
      vertex 8 156.3 0
    endloop
  endfacet
  facet normal 0.956963 0.290209 0
    outer loop
      vertex 6.4294 157.349 3.6
      vertex 6.33266 157.668 0
      vertex 6.33266 157.668 3.6
    endloop
  endfacet
  facet normal 0.956963 0.290209 0
    outer loop
      vertex 6.33266 157.668 0
      vertex 6.4294 157.349 3.6
      vertex 6.4294 157.349 0
    endloop
  endfacet
  facet normal 0.773474 -0.633829 0
    outer loop
      vertex 6.5865 158.944 3.6
      vertex 6.79792 159.202 0
      vertex 6.79792 159.202 3.6
    endloop
  endfacet
  facet normal 0.773474 -0.633829 0
    outer loop
      vertex 6.79792 159.202 0
      vertex 6.5865 158.944 3.6
      vertex 6.5865 158.944 0
    endloop
  endfacet
  facet normal 0.773474 0.633829 0
    outer loop
      vertex 6.79792 156.798 3.6
      vertex 6.5865 157.056 0
      vertex 6.5865 157.056 3.6
    endloop
  endfacet
  facet normal 0.773474 0.633829 0
    outer loop
      vertex 6.5865 157.056 0
      vertex 6.79792 156.798 3.6
      vertex 6.79792 156.798 0
    endloop
  endfacet
  facet normal 0.633648 0.773621 -0
    outer loop
      vertex 7.05553 156.587 0
      vertex 6.79792 156.798 3.6
      vertex 7.05553 156.587 3.6
    endloop
  endfacet
  facet normal 0.633648 0.773621 0
    outer loop
      vertex 6.79792 156.798 3.6
      vertex 7.05553 156.587 0
      vertex 6.79792 156.798 0
    endloop
  endfacet
  facet normal 0.473497 0.880795 -0
    outer loop
      vertex 7.34944 156.429 0
      vertex 7.05553 156.587 3.6
      vertex 7.34944 156.429 3.6
    endloop
  endfacet
  facet normal 0.473497 0.880795 0
    outer loop
      vertex 7.05553 156.587 3.6
      vertex 7.34944 156.429 0
      vertex 7.05553 156.587 0
    endloop
  endfacet
  facet normal 0.88131 -0.472539 0
    outer loop
      vertex 6.4294 158.651 3.6
      vertex 6.5865 158.944 0
      vertex 6.5865 158.944 3.6
    endloop
  endfacet
  facet normal 0.88131 -0.472539 0
    outer loop
      vertex 6.5865 158.944 0
      vertex 6.4294 158.651 3.6
      vertex 6.4294 158.651 0
    endloop
  endfacet
  facet normal 0.0989102 0.995096 -0
    outer loop
      vertex 192 156.3 0
      vertex 191.668 156.333 3.6
      vertex 192 156.3 3.6
    endloop
  endfacet
  facet normal 0.0989102 0.995096 0
    outer loop
      vertex 191.668 156.333 3.6
      vertex 192 156.3 0
      vertex 191.668 156.333 0
    endloop
  endfacet
  facet normal -0.774091 0.633074 0
    outer loop
      vertex 193.202 156.798 0
      vertex 193.413 157.056 3.6
      vertex 193.413 157.056 0
    endloop
  endfacet
  facet normal -0.774091 0.633074 0
    outer loop
      vertex 193.413 157.056 3.6
      vertex 193.202 156.798 0
      vertex 193.202 156.798 3.6
    endloop
  endfacet
  facet normal -0.957578 -0.288174 0
    outer loop
      vertex 193.667 158.332 0
      vertex 193.571 158.651 3.6
      vertex 193.571 158.651 0
    endloop
  endfacet
  facet normal -0.957578 -0.288174 0
    outer loop
      vertex 193.571 158.651 3.6
      vertex 193.667 158.332 0
      vertex 193.667 158.332 3.6
    endloop
  endfacet
  facet normal -0.995096 -0.0989102 0
    outer loop
      vertex 193.7 158 0
      vertex 193.667 158.332 3.6
      vertex 193.667 158.332 0
    endloop
  endfacet
  facet normal -0.995096 -0.0989102 0
    outer loop
      vertex 193.667 158.332 3.6
      vertex 193.7 158 0
      vertex 193.7 158 3.6
    endloop
  endfacet
  facet normal -0.880182 -0.474637 0
    outer loop
      vertex 193.571 158.651 0
      vertex 193.413 158.944 3.6
      vertex 193.413 158.944 0
    endloop
  endfacet
  facet normal -0.880182 -0.474637 0
    outer loop
      vertex 193.413 158.944 3.6
      vertex 193.571 158.651 0
      vertex 193.571 158.651 3.6
    endloop
  endfacet
  facet normal 0.880182 0.474637 0
    outer loop
      vertex 190.587 157.056 3.6
      vertex 190.429 157.349 0
      vertex 190.429 157.349 3.6
    endloop
  endfacet
  facet normal 0.880182 0.474637 0
    outer loop
      vertex 190.429 157.349 0
      vertex 190.587 157.056 3.6
      vertex 190.587 157.056 0
    endloop
  endfacet
  facet normal -0.995096 0.0989102 0
    outer loop
      vertex 193.667 157.668 0
      vertex 193.7 158 3.6
      vertex 193.7 158 0
    endloop
  endfacet
  facet normal -0.995096 0.0989102 0
    outer loop
      vertex 193.7 158 3.6
      vertex 193.667 157.668 0
      vertex 193.667 157.668 3.6
    endloop
  endfacet
  facet normal -0.288174 0.957578 0
    outer loop
      vertex 192.651 156.429 0
      vertex 192.332 156.333 3.6
      vertex 192.651 156.429 3.6
    endloop
  endfacet
  facet normal -0.288174 0.957578 0
    outer loop
      vertex 192.332 156.333 3.6
      vertex 192.651 156.429 0
      vertex 192.332 156.333 0
    endloop
  endfacet
  facet normal 0.995096 0.0989102 0
    outer loop
      vertex 190.333 157.668 3.6
      vertex 190.3 158 0
      vertex 190.3 158 3.6
    endloop
  endfacet
  facet normal 0.995096 0.0989102 0
    outer loop
      vertex 190.3 158 0
      vertex 190.333 157.668 3.6
      vertex 190.333 157.668 0
    endloop
  endfacet
  facet normal -0.0989102 -0.995096 0
    outer loop
      vertex 192 159.7 0
      vertex 192.332 159.667 3.6
      vertex 192 159.7 3.6
    endloop
  endfacet
  facet normal -0.0989102 -0.995096 -0
    outer loop
      vertex 192.332 159.667 3.6
      vertex 192 159.7 0
      vertex 192.332 159.667 0
    endloop
  endfacet
  facet normal -0.957578 0.288174 0
    outer loop
      vertex 193.571 157.349 0
      vertex 193.667 157.668 3.6
      vertex 193.667 157.668 0
    endloop
  endfacet
  facet normal -0.957578 0.288174 0
    outer loop
      vertex 193.667 157.668 3.6
      vertex 193.571 157.349 0
      vertex 193.571 157.349 3.6
    endloop
  endfacet
  facet normal 0.288174 0.957578 -0
    outer loop
      vertex 191.668 156.333 0
      vertex 191.349 156.429 3.6
      vertex 191.668 156.333 3.6
    endloop
  endfacet
  facet normal 0.288174 0.957578 0
    outer loop
      vertex 191.349 156.429 3.6
      vertex 191.668 156.333 0
      vertex 191.349 156.429 0
    endloop
  endfacet
  facet normal 0.995096 -0.0989102 0
    outer loop
      vertex 190.3 158 3.6
      vertex 190.333 158.332 0
      vertex 190.333 158.332 3.6
    endloop
  endfacet
  facet normal 0.995096 -0.0989102 0
    outer loop
      vertex 190.333 158.332 0
      vertex 190.3 158 3.6
      vertex 190.3 158 0
    endloop
  endfacet
  facet normal -0.288174 -0.957578 0
    outer loop
      vertex 192.332 159.667 0
      vertex 192.651 159.571 3.6
      vertex 192.332 159.667 3.6
    endloop
  endfacet
  facet normal -0.288174 -0.957578 -0
    outer loop
      vertex 192.651 159.571 3.6
      vertex 192.332 159.667 0
      vertex 192.651 159.571 0
    endloop
  endfacet
  facet normal 0.0989102 -0.995096 0
    outer loop
      vertex 191.668 159.667 0
      vertex 192 159.7 3.6
      vertex 191.668 159.667 3.6
    endloop
  endfacet
  facet normal 0.0989102 -0.995096 0
    outer loop
      vertex 192 159.7 3.6
      vertex 191.668 159.667 0
      vertex 192 159.7 0
    endloop
  endfacet
  facet normal 0.957578 -0.288174 0
    outer loop
      vertex 190.333 158.332 3.6
      vertex 190.429 158.651 0
      vertex 190.429 158.651 3.6
    endloop
  endfacet
  facet normal 0.957578 -0.288174 0
    outer loop
      vertex 190.429 158.651 0
      vertex 190.333 158.332 3.6
      vertex 190.333 158.332 0
    endloop
  endfacet
  facet normal 0.633074 -0.774091 0
    outer loop
      vertex 190.798 159.202 0
      vertex 191.056 159.413 3.6
      vertex 190.798 159.202 3.6
    endloop
  endfacet
  facet normal 0.633074 -0.774091 0
    outer loop
      vertex 191.056 159.413 3.6
      vertex 190.798 159.202 0
      vertex 191.056 159.413 0
    endloop
  endfacet
  facet normal -0.774091 -0.633074 0
    outer loop
      vertex 193.413 158.944 0
      vertex 193.202 159.202 3.6
      vertex 193.202 159.202 0
    endloop
  endfacet
  facet normal -0.774091 -0.633074 0
    outer loop
      vertex 193.202 159.202 3.6
      vertex 193.413 158.944 0
      vertex 193.413 158.944 3.6
    endloop
  endfacet
  facet normal 0.474637 -0.880182 0
    outer loop
      vertex 191.056 159.413 0
      vertex 191.349 159.571 3.6
      vertex 191.056 159.413 3.6
    endloop
  endfacet
  facet normal 0.474637 -0.880182 0
    outer loop
      vertex 191.349 159.571 3.6
      vertex 191.056 159.413 0
      vertex 191.349 159.571 0
    endloop
  endfacet
  facet normal -0.474637 0.880182 0
    outer loop
      vertex 192.944 156.587 0
      vertex 192.651 156.429 3.6
      vertex 192.944 156.587 3.6
    endloop
  endfacet
  facet normal -0.474637 0.880182 0
    outer loop
      vertex 192.651 156.429 3.6
      vertex 192.944 156.587 0
      vertex 192.651 156.429 0
    endloop
  endfacet
  facet normal -0.880182 0.474637 0
    outer loop
      vertex 193.413 157.056 0
      vertex 193.571 157.349 3.6
      vertex 193.571 157.349 0
    endloop
  endfacet
  facet normal -0.880182 0.474637 0
    outer loop
      vertex 193.571 157.349 3.6
      vertex 193.413 157.056 0
      vertex 193.413 157.056 3.6
    endloop
  endfacet
  facet normal -0.633074 -0.774091 0
    outer loop
      vertex 192.944 159.413 0
      vertex 193.202 159.202 3.6
      vertex 192.944 159.413 3.6
    endloop
  endfacet
  facet normal -0.633074 -0.774091 -0
    outer loop
      vertex 193.202 159.202 3.6
      vertex 192.944 159.413 0
      vertex 193.202 159.202 0
    endloop
  endfacet
  facet normal -0.633074 0.774091 0
    outer loop
      vertex 193.202 156.798 0
      vertex 192.944 156.587 3.6
      vertex 193.202 156.798 3.6
    endloop
  endfacet
  facet normal -0.633074 0.774091 0
    outer loop
      vertex 192.944 156.587 3.6
      vertex 193.202 156.798 0
      vertex 192.944 156.587 0
    endloop
  endfacet
  facet normal -0.474637 -0.880182 0
    outer loop
      vertex 192.651 159.571 0
      vertex 192.944 159.413 3.6
      vertex 192.651 159.571 3.6
    endloop
  endfacet
  facet normal -0.474637 -0.880182 -0
    outer loop
      vertex 192.944 159.413 3.6
      vertex 192.651 159.571 0
      vertex 192.944 159.413 0
    endloop
  endfacet
  facet normal 0.288174 -0.957578 0
    outer loop
      vertex 191.349 159.571 0
      vertex 191.668 159.667 3.6
      vertex 191.349 159.571 3.6
    endloop
  endfacet
  facet normal 0.288174 -0.957578 0
    outer loop
      vertex 191.668 159.667 3.6
      vertex 191.349 159.571 0
      vertex 191.668 159.667 0
    endloop
  endfacet
  facet normal -0.0989102 0.995096 0
    outer loop
      vertex 192.332 156.333 0
      vertex 192 156.3 3.6
      vertex 192.332 156.333 3.6
    endloop
  endfacet
  facet normal -0.0989102 0.995096 0
    outer loop
      vertex 192 156.3 3.6
      vertex 192.332 156.333 0
      vertex 192 156.3 0
    endloop
  endfacet
  facet normal 0.957578 0.288174 0
    outer loop
      vertex 190.429 157.349 3.6
      vertex 190.333 157.668 0
      vertex 190.333 157.668 3.6
    endloop
  endfacet
  facet normal 0.957578 0.288174 0
    outer loop
      vertex 190.333 157.668 0
      vertex 190.429 157.349 3.6
      vertex 190.429 157.349 0
    endloop
  endfacet
  facet normal 0.774091 -0.633074 0
    outer loop
      vertex 190.587 158.944 3.6
      vertex 190.798 159.202 0
      vertex 190.798 159.202 3.6
    endloop
  endfacet
  facet normal 0.774091 -0.633074 0
    outer loop
      vertex 190.798 159.202 0
      vertex 190.587 158.944 3.6
      vertex 190.587 158.944 0
    endloop
  endfacet
  facet normal 0.774091 0.633074 0
    outer loop
      vertex 190.798 156.798 3.6
      vertex 190.587 157.056 0
      vertex 190.587 157.056 3.6
    endloop
  endfacet
  facet normal 0.774091 0.633074 0
    outer loop
      vertex 190.587 157.056 0
      vertex 190.798 156.798 3.6
      vertex 190.798 156.798 0
    endloop
  endfacet
  facet normal 0.633074 0.774091 -0
    outer loop
      vertex 191.056 156.587 0
      vertex 190.798 156.798 3.6
      vertex 191.056 156.587 3.6
    endloop
  endfacet
  facet normal 0.633074 0.774091 0
    outer loop
      vertex 190.798 156.798 3.6
      vertex 191.056 156.587 0
      vertex 190.798 156.798 0
    endloop
  endfacet
  facet normal 0.474637 0.880182 -0
    outer loop
      vertex 191.349 156.429 0
      vertex 191.056 156.587 3.6
      vertex 191.349 156.429 3.6
    endloop
  endfacet
  facet normal 0.474637 0.880182 0
    outer loop
      vertex 191.056 156.587 3.6
      vertex 191.349 156.429 0
      vertex 191.056 156.587 0
    endloop
  endfacet
  facet normal 0.880182 -0.474637 0
    outer loop
      vertex 190.429 158.651 3.6
      vertex 190.587 158.944 0
      vertex 190.587 158.944 3.6
    endloop
  endfacet
  facet normal 0.880182 -0.474637 0
    outer loop
      vertex 190.587 158.944 0
      vertex 190.429 158.651 3.6
      vertex 190.429 158.651 0
    endloop
  endfacet
endsolid OpenSCAD_Model
