solid OpenSCAD_Model
  facet normal 0 1 0
    outer loop
      vertex 45.5877 150.6 4.92416
      vertex 44.6349 150.6 1.66577
      vertex 44.6349 150.6 4.92416
    endloop
  endfacet
  facet normal 0 1 -0
    outer loop
      vertex 45.5877 150.6 0.855419
      vertex 44.6349 150.6 1.66577
      vertex 45.5877 150.6 4.92416
    endloop
  endfacet
  facet normal 0 1 -0
    outer loop
      vertex 44.6858 150.6 0.855419
      vertex 44.6349 150.6 1.66577
      vertex 45.5877 150.6 0.855419
    endloop
  endfacet
  facet normal 0 1 0
    outer loop
      vertex 44.6349 150.6 1.66577
      vertex 44.6858 150.6 0.855419
      vertex 43.4889 150.6 1.63186
    endloop
  endfacet
  facet normal 0 1 0
    outer loop
      vertex 45.5877 150.6 4.92416
      vertex 46.6828 150.6 5.63281
      vertex 46.6828 150.6 4.92416
    endloop
  endfacet
  facet normal 0 1 0
    outer loop
      vertex 44.6349 150.6 4.92416
      vertex 46.6828 150.6 5.63281
      vertex 45.5877 150.6 4.92416
    endloop
  endfacet
  facet normal 0 1 0
    outer loop
      vertex 46.6828 150.6 5.63281
      vertex 44.6349 150.6 4.92416
      vertex 43.4516 150.6 5.63281
    endloop
  endfacet
  facet normal 0 1 0
    outer loop
      vertex 43.4516 150.6 5.63281
      vertex 44.6349 150.6 4.92416
      vertex 43.4516 150.6 4.92416
    endloop
  endfacet
  facet normal 0 1 0
    outer loop
      vertex 43.4889 150.6 2.38122
      vertex 44.6349 150.6 1.66577
      vertex 43.4889 150.6 1.63186
    endloop
  endfacet
  facet normal 0 0 -1
    outer loop
      vertex 45.5877 150 4.92416
      vertex 46.6828 150.6 4.92416
      vertex 46.6828 150 4.92416
    endloop
  endfacet
  facet normal -0 0 -1
    outer loop
      vertex 46.6828 150.6 4.92416
      vertex 45.5877 150 4.92416
      vertex 45.5877 150.6 4.92416
    endloop
  endfacet
  facet normal 1 -0 0
    outer loop
      vertex 45.5877 150 4.92416
      vertex 45.5877 150.6 0.855419
      vertex 45.5877 150.6 4.92416
    endloop
  endfacet
  facet normal 1 0 0
    outer loop
      vertex 45.5877 150.6 0.855419
      vertex 45.5877 150 4.92416
      vertex 45.5877 150 0.855419
    endloop
  endfacet
  facet normal 0 0 -1
    outer loop
      vertex 44.6858 150 0.855419
      vertex 45.5877 150.6 0.855419
      vertex 45.5877 150 0.855419
    endloop
  endfacet
  facet normal -0 0 -1
    outer loop
      vertex 45.5877 150.6 0.855419
      vertex 44.6858 150 0.855419
      vertex 44.6858 150.6 0.855419
    endloop
  endfacet
  facet normal -0.544227 0 -0.838938
    outer loop
      vertex 43.4889 150 1.63186
      vertex 44.6858 150.6 0.855419
      vertex 44.6858 150 0.855419
    endloop
  endfacet
  facet normal -0.544227 0 -0.838938
    outer loop
      vertex 44.6858 150.6 0.855419
      vertex 43.4889 150 1.63186
      vertex 43.4889 150.6 1.63186
    endloop
  endfacet
  facet normal -1 0 0
    outer loop
      vertex 43.4889 150 1.63186
      vertex 43.4889 150.6 2.38122
      vertex 43.4889 150.6 1.63186
    endloop
  endfacet
  facet normal -1 -0 0
    outer loop
      vertex 43.4889 150.6 2.38122
      vertex 43.4889 150 1.63186
      vertex 43.4889 150 2.38122
    endloop
  endfacet
  facet normal 0.529573 0 0.848264
    outer loop
      vertex 43.4889 150.6 2.38122
      vertex 44.6349 150 1.66577
      vertex 44.6349 150.6 1.66577
    endloop
  endfacet
  facet normal 0.529573 0 0.848264
    outer loop
      vertex 44.6349 150 1.66577
      vertex 43.4889 150.6 2.38122
      vertex 43.4889 150 2.38122
    endloop
  endfacet
  facet normal -1 0 0
    outer loop
      vertex 44.6349 150 1.66577
      vertex 44.6349 150.6 4.92416
      vertex 44.6349 150.6 1.66577
    endloop
  endfacet
  facet normal -1 -0 0
    outer loop
      vertex 44.6349 150.6 4.92416
      vertex 44.6349 150 1.66577
      vertex 44.6349 150 4.92416
    endloop
  endfacet
  facet normal 0 0 -1
    outer loop
      vertex 43.4516 150 4.92416
      vertex 44.6349 150.6 4.92416
      vertex 44.6349 150 4.92416
    endloop
  endfacet
  facet normal -0 0 -1
    outer loop
      vertex 44.6349 150.6 4.92416
      vertex 43.4516 150 4.92416
      vertex 43.4516 150.6 4.92416
    endloop
  endfacet
  facet normal -1 0 0
    outer loop
      vertex 43.4516 150 4.92416
      vertex 43.4516 150.6 5.63281
      vertex 43.4516 150.6 4.92416
    endloop
  endfacet
  facet normal -1 -0 0
    outer loop
      vertex 43.4516 150.6 5.63281
      vertex 43.4516 150 4.92416
      vertex 43.4516 150 5.63281
    endloop
  endfacet
  facet normal -0 0 1
    outer loop
      vertex 43.4516 150.6 5.63281
      vertex 46.6828 150 5.63281
      vertex 46.6828 150.6 5.63281
    endloop
  endfacet
  facet normal 0 0 1
    outer loop
      vertex 46.6828 150 5.63281
      vertex 43.4516 150.6 5.63281
      vertex 43.4516 150 5.63281
    endloop
  endfacet
  facet normal 1 -0 0
    outer loop
      vertex 46.6828 150 5.63281
      vertex 46.6828 150.6 4.92416
      vertex 46.6828 150.6 5.63281
    endloop
  endfacet
  facet normal 1 0 0
    outer loop
      vertex 46.6828 150.6 4.92416
      vertex 46.6828 150 5.63281
      vertex 46.6828 150 4.92416
    endloop
  endfacet
  facet normal 0 1 -0
    outer loop
      vertex 127.181 150.6 4.88549
      vertex 126.055 150.6 5.66874
      vertex 129.398 150.6 5.66874
    endloop
  endfacet
  facet normal 0 1 0
    outer loop
      vertex 127.181 150.6 4.88549
      vertex 129.398 150.6 5.66874
      vertex 129.398 150.6 4.88549
    endloop
  endfacet
  facet normal 0 1 0
    outer loop
      vertex 126.055 150.6 5.66874
      vertex 127.181 150.6 4.88549
      vertex 126.055 150.6 5.0076
    endloop
  endfacet
  facet normal 0 1 0
    outer loop
      vertex 126.374 150.6 4.46959
      vertex 127.181 150.6 4.88549
      vertex 127.255 150.6 4.74157
    endloop
  endfacet
  facet normal 0 1 0
    outer loop
      vertex 127.181 150.6 4.88549
      vertex 126.197 150.6 4.73632
      vertex 126.055 150.6 5.0076
    endloop
  endfacet
  facet normal 0 1 0
    outer loop
      vertex 126.586 150.6 4.20739
      vertex 127.255 150.6 4.74157
      vertex 127.352 150.6 4.60369
    endloop
  endfacet
  facet normal 0 1 0
    outer loop
      vertex 126.835 150.6 3.94366
      vertex 127.352 150.6 4.60369
      vertex 127.47 150.6 4.47184
    endloop
  endfacet
  facet normal 0 1 0
    outer loop
      vertex 127.181 150.6 4.88549
      vertex 126.374 150.6 4.46959
      vertex 126.197 150.6 4.73632
    endloop
  endfacet
  facet normal 0 1 0
    outer loop
      vertex 126.835 150.6 3.94366
      vertex 127.47 150.6 4.47184
      vertex 127.605 150.6 4.34338
    endloop
  endfacet
  facet normal 0 1 0
    outer loop
      vertex 127.124 150.6 3.67242
      vertex 127.605 150.6 4.34338
      vertex 127.749 150.6 4.21568
    endloop
  endfacet
  facet normal 0 1 0
    outer loop
      vertex 127.255 150.6 4.74157
      vertex 126.586 150.6 4.20739
      vertex 126.374 150.6 4.46959
    endloop
  endfacet
  facet normal 0 1 0
    outer loop
      vertex 127.452 150.6 3.39364
      vertex 127.749 150.6 4.21568
      vertex 127.903 150.6 4.08874
    endloop
  endfacet
  facet normal 0 1 0
    outer loop
      vertex 127.452 150.6 3.39364
      vertex 127.903 150.6 4.08874
      vertex 128.063 150.6 3.96101
    endloop
  endfacet
  facet normal 0 1 0
    outer loop
      vertex 127.352 150.6 4.60369
      vertex 126.835 150.6 3.94366
      vertex 126.586 150.6 4.20739
    endloop
  endfacet
  facet normal 0 1 0
    outer loop
      vertex 127.753 150.6 3.13823
      vertex 128.063 150.6 3.96101
      vertex 128.226 150.6 3.83104
    endloop
  endfacet
  facet normal 0 1 0
    outer loop
      vertex 127.753 150.6 3.13823
      vertex 128.226 150.6 3.83104
      vertex 128.393 150.6 3.69879
    endloop
  endfacet
  facet normal 0 1 0
    outer loop
      vertex 127.605 150.6 4.34338
      vertex 127.124 150.6 3.67242
      vertex 126.835 150.6 3.94366
    endloop
  endfacet
  facet normal 0 1 0
    outer loop
      vertex 127.988 150.6 2.91444
      vertex 128.393 150.6 3.69879
      vertex 128.556 150.6 3.56222
    endloop
  endfacet
  facet normal 0 1 0
    outer loop
      vertex 127.988 150.6 2.91444
      vertex 128.556 150.6 3.56222
      vertex 128.709 150.6 3.41926
    endloop
  endfacet
  facet normal 0 1 0
    outer loop
      vertex 127.749 150.6 4.21568
      vertex 127.452 150.6 3.39364
      vertex 127.124 150.6 3.67242
    endloop
  endfacet
  facet normal 0 1 0
    outer loop
      vertex 128.155 150.6 2.7223
      vertex 128.709 150.6 3.41926
      vertex 128.852 150.6 3.26991
    endloop
  endfacet
  facet normal 0 1 0
    outer loop
      vertex 128.063 150.6 3.96101
      vertex 127.753 150.6 3.13823
      vertex 127.452 150.6 3.39364
    endloop
  endfacet
  facet normal 0 1 0
    outer loop
      vertex 128.155 150.6 2.7223
      vertex 128.852 150.6 3.26991
      vertex 128.982 150.6 3.11261
    endloop
  endfacet
  facet normal 0 1 0
    outer loop
      vertex 128.267 150.6 2.54713
      vertex 128.982 150.6 3.11261
      vertex 129.095 150.6 2.94589
    endloop
  endfacet
  facet normal 0 1 0
    outer loop
      vertex 128.393 150.6 3.69879
      vertex 127.988 150.6 2.91444
      vertex 127.753 150.6 3.13823
    endloop
  endfacet
  facet normal 0 1 0
    outer loop
      vertex 128.267 150.6 2.54713
      vertex 129.095 150.6 2.94589
      vertex 129.191 150.6 2.76976
    endloop
  endfacet
  facet normal 0 1 0
    outer loop
      vertex 128.709 150.6 3.41926
      vertex 128.155 150.6 2.7223
      vertex 127.988 150.6 2.91444
    endloop
  endfacet
  facet normal 0 1 0
    outer loop
      vertex 128.335 150.6 2.37422
      vertex 129.191 150.6 2.76976
      vertex 129.265 150.6 2.58177
    endloop
  endfacet
  facet normal 0 1 0
    outer loop
      vertex 128.982 150.6 3.11261
      vertex 128.267 150.6 2.54713
      vertex 128.155 150.6 2.7223
    endloop
  endfacet
  facet normal 0 1 0
    outer loop
      vertex 128.335 150.6 2.37422
      vertex 129.265 150.6 2.58177
      vertex 129.309 150.6 2.37947
    endloop
  endfacet
  facet normal 0 1 0
    outer loop
      vertex 129.191 150.6 2.76976
      vertex 128.335 150.6 2.37422
      vertex 128.267 150.6 2.54713
    endloop
  endfacet
  facet normal 0 1 0
    outer loop
      vertex 129.309 150.6 2.37947
      vertex 128.357 150.6 2.20356
      vertex 128.335 150.6 2.37422
    endloop
  endfacet
  facet normal 0 1 0
    outer loop
      vertex 129.323 150.6 2.16285
      vertex 128.357 150.6 2.20356
      vertex 129.309 150.6 2.37947
    endloop
  endfacet
  facet normal 0 1 -0
    outer loop
      vertex 129.278 150.6 1.76954
      vertex 128.357 150.6 2.20356
      vertex 129.323 150.6 2.16285
    endloop
  endfacet
  facet normal 0 1 0
    outer loop
      vertex 128.357 150.6 2.20356
      vertex 129.278 150.6 1.76954
      vertex 128.287 150.6 1.85695
    endloop
  endfacet
  facet normal 0 1 -0
    outer loop
      vertex 129.14 150.6 1.43953
      vertex 128.287 150.6 1.85695
      vertex 129.278 150.6 1.76954
    endloop
  endfacet
  facet normal 0 1 -0
    outer loop
      vertex 128.91 150.6 1.1728
      vertex 128.287 150.6 1.85695
      vertex 129.14 150.6 1.43953
    endloop
  endfacet
  facet normal 0 1 -0
    outer loop
      vertex 128.594 150.6 0.976894
      vertex 128.287 150.6 1.85695
      vertex 128.91 150.6 1.1728
    endloop
  endfacet
  facet normal 0 1 0
    outer loop
      vertex 126.187 150.6 1.77519
      vertex 127.055 150.6 2.23745
      vertex 127.099 150.6 2.03646
    endloop
  endfacet
  facet normal 0 1 0
    outer loop
      vertex 126.353 150.6 1.43725
      vertex 127.099 150.6 2.03646
      vertex 127.169 150.6 1.87201
    endloop
  endfacet
  facet normal 0 1 0
    outer loop
      vertex 127.055 150.6 2.23745
      vertex 126.187 150.6 1.77519
      vertex 126.096 150.6 2.18321
    endloop
  endfacet
  facet normal 0 1 0
    outer loop
      vertex 126.592 150.6 1.1694
      vertex 127.169 150.6 1.87201
      vertex 127.264 150.6 1.74411
    endloop
  endfacet
  facet normal 0 1 0
    outer loop
      vertex 126.903 150.6 0.975384
      vertex 127.264 150.6 1.74411
      vertex 127.387 150.6 1.65275
    endloop
  endfacet
  facet normal 0 1 0
    outer loop
      vertex 127.279 150.6 0.858959
      vertex 127.387 150.6 1.65275
      vertex 127.542 150.6 1.59793
    endloop
  endfacet
  facet normal 0 1 0
    outer loop
      vertex 128.287 150.6 1.85695
      vertex 128.594 150.6 0.976894
      vertex 128.078 150.6 1.64898
    endloop
  endfacet
  facet normal 0 1 0
    outer loop
      vertex 127.099 150.6 2.03646
      vertex 126.353 150.6 1.43725
      vertex 126.187 150.6 1.77519
    endloop
  endfacet
  facet normal 0 1 -0
    outer loop
      vertex 128.199 150.6 0.859341
      vertex 128.078 150.6 1.64898
      vertex 128.594 150.6 0.976894
    endloop
  endfacet
  facet normal 0 1 0
    outer loop
      vertex 128.078 150.6 1.64898
      vertex 128.199 150.6 0.859341
      vertex 127.73 150.6 1.57966
    endloop
  endfacet
  facet normal -0 1 0
    outer loop
      vertex 127.279 150.6 0.858959
      vertex 127.542 150.6 1.59793
      vertex 127.723 150.6 0.820156
    endloop
  endfacet
  facet normal 0 1 0
    outer loop
      vertex 127.723 150.6 0.820156
      vertex 127.73 150.6 1.57966
      vertex 128.199 150.6 0.859341
    endloop
  endfacet
  facet normal 0 1 0
    outer loop
      vertex 127.387 150.6 1.65275
      vertex 127.279 150.6 0.858959
      vertex 126.903 150.6 0.975384
    endloop
  endfacet
  facet normal 0 1 0
    outer loop
      vertex 127.73 150.6 1.57966
      vertex 127.723 150.6 0.820156
      vertex 127.542 150.6 1.59793
    endloop
  endfacet
  facet normal 0 1 0
    outer loop
      vertex 127.264 150.6 1.74411
      vertex 126.903 150.6 0.975384
      vertex 126.592 150.6 1.1694
    endloop
  endfacet
  facet normal 0 1 0
    outer loop
      vertex 127.169 150.6 1.87201
      vertex 126.592 150.6 1.1694
      vertex 126.353 150.6 1.43725
    endloop
  endfacet
  facet normal 0 0 -1
    outer loop
      vertex 127.181 150 4.88549
      vertex 129.398 150.6 4.88549
      vertex 129.398 150 4.88549
    endloop
  endfacet
  facet normal -0 0 -1
    outer loop
      vertex 129.398 150.6 4.88549
      vertex 127.181 150 4.88549
      vertex 127.181 150.6 4.88549
    endloop
  endfacet
  facet normal 0.889328 -0 0.45727
    outer loop
      vertex 127.181 150 4.88549
      vertex 127.255 150.6 4.74157
      vertex 127.181 150.6 4.88549
    endloop
  endfacet
  facet normal 0.889328 0 0.45727
    outer loop
      vertex 127.255 150.6 4.74157
      vertex 127.181 150 4.88549
      vertex 127.255 150 4.74157
    endloop
  endfacet
  facet normal 0.817881 -0 0.575388
    outer loop
      vertex 127.255 150 4.74157
      vertex 127.352 150.6 4.60369
      vertex 127.255 150.6 4.74157
    endloop
  endfacet
  facet normal 0.817881 0 0.575388
    outer loop
      vertex 127.352 150.6 4.60369
      vertex 127.255 150 4.74157
      vertex 127.352 150 4.60369
    endloop
  endfacet
  facet normal 0.74516 -0 0.666886
    outer loop
      vertex 127.352 150 4.60369
      vertex 127.47 150.6 4.47184
      vertex 127.352 150.6 4.60369
    endloop
  endfacet
  facet normal 0.74516 0 0.666886
    outer loop
      vertex 127.47 150.6 4.47184
      vertex 127.352 150 4.60369
      vertex 127.47 150 4.47184
    endloop
  endfacet
  facet normal 0.689342 0 0.724436
    outer loop
      vertex 127.47 150.6 4.47184
      vertex 127.605 150 4.34338
      vertex 127.605 150.6 4.34338
    endloop
  endfacet
  facet normal 0.689342 0 0.724436
    outer loop
      vertex 127.605 150 4.34338
      vertex 127.47 150.6 4.47184
      vertex 127.47 150 4.47184
    endloop
  endfacet
  facet normal 0.663493 0 0.748183
    outer loop
      vertex 127.605 150.6 4.34338
      vertex 127.749 150 4.21568
      vertex 127.749 150.6 4.21568
    endloop
  endfacet
  facet normal 0.663493 0 0.748183
    outer loop
      vertex 127.749 150 4.21568
      vertex 127.605 150.6 4.34338
      vertex 127.605 150 4.34338
    endloop
  endfacet
  facet normal 0.636055 0 0.771644
    outer loop
      vertex 127.749 150.6 4.21568
      vertex 127.903 150 4.08874
      vertex 127.903 150.6 4.08874
    endloop
  endfacet
  facet normal 0.636055 0 0.771644
    outer loop
      vertex 127.903 150 4.08874
      vertex 127.749 150.6 4.21568
      vertex 127.749 150 4.21568
    endloop
  endfacet
  facet normal 0.623891 0 0.781512
    outer loop
      vertex 127.903 150.6 4.08874
      vertex 128.063 150 3.96101
      vertex 128.063 150.6 3.96101
    endloop
  endfacet
  facet normal 0.623891 0 0.781512
    outer loop
      vertex 128.063 150 3.96101
      vertex 127.903 150.6 4.08874
      vertex 127.903 150 4.08874
    endloop
  endfacet
  facet normal 0.623437 0 0.781874
    outer loop
      vertex 128.063 150.6 3.96101
      vertex 128.226 150 3.83104
      vertex 128.226 150.6 3.83104
    endloop
  endfacet
  facet normal 0.623437 0 0.781874
    outer loop
      vertex 128.226 150 3.83104
      vertex 128.063 150.6 3.96101
      vertex 128.063 150 3.96101
    endloop
  endfacet
  facet normal 0.620823 0 0.783951
    outer loop
      vertex 128.226 150.6 3.83104
      vertex 128.393 150 3.69879
      vertex 128.393 150.6 3.69879
    endloop
  endfacet
  facet normal 0.620823 0 0.783951
    outer loop
      vertex 128.393 150 3.69879
      vertex 128.226 150.6 3.83104
      vertex 128.226 150 3.83104
    endloop
  endfacet
  facet normal 0.642227 0 0.766515
    outer loop
      vertex 128.393 150.6 3.69879
      vertex 128.556 150 3.56222
      vertex 128.556 150.6 3.56222
    endloop
  endfacet
  facet normal 0.642227 0 0.766515
    outer loop
      vertex 128.556 150 3.56222
      vertex 128.393 150.6 3.69879
      vertex 128.393 150 3.69879
    endloop
  endfacet
  facet normal 0.682727 0 0.730674
    outer loop
      vertex 128.556 150.6 3.56222
      vertex 128.709 150 3.41926
      vertex 128.709 150.6 3.41926
    endloop
  endfacet
  facet normal 0.682727 0 0.730674
    outer loop
      vertex 128.709 150 3.41926
      vertex 128.556 150.6 3.56222
      vertex 128.556 150 3.56222
    endloop
  endfacet
  facet normal 0.722295 -0 0.691585
    outer loop
      vertex 128.709 150 3.41926
      vertex 128.852 150.6 3.26991
      vertex 128.709 150.6 3.41926
    endloop
  endfacet
  facet normal 0.722295 0 0.691585
    outer loop
      vertex 128.852 150.6 3.26991
      vertex 128.709 150 3.41926
      vertex 128.852 150 3.26991
    endloop
  endfacet
  facet normal 0.770826 -0 0.637046
    outer loop
      vertex 128.852 150 3.26991
      vertex 128.982 150.6 3.11261
      vertex 128.852 150.6 3.26991
    endloop
  endfacet
  facet normal 0.770826 0 0.637046
    outer loop
      vertex 128.982 150.6 3.11261
      vertex 128.852 150 3.26991
      vertex 128.982 150 3.11261
    endloop
  endfacet
  facet normal 0.827779 -0 0.561055
    outer loop
      vertex 128.982 150 3.11261
      vertex 129.095 150.6 2.94589
      vertex 128.982 150.6 3.11261
    endloop
  endfacet
  facet normal 0.827779 0 0.561055
    outer loop
      vertex 129.095 150.6 2.94589
      vertex 128.982 150 3.11261
      vertex 129.095 150 2.94589
    endloop
  endfacet
  facet normal 0.878044 -0 0.47858
    outer loop
      vertex 129.095 150 2.94589
      vertex 129.191 150.6 2.76976
      vertex 129.095 150.6 2.94589
    endloop
  endfacet
  facet normal 0.878044 0 0.47858
    outer loop
      vertex 129.191 150.6 2.76976
      vertex 129.095 150 2.94589
      vertex 129.191 150 2.76976
    endloop
  endfacet
  facet normal 0.930504 -0 0.366282
    outer loop
      vertex 129.191 150 2.76976
      vertex 129.265 150.6 2.58177
      vertex 129.191 150.6 2.76976
    endloop
  endfacet
  facet normal 0.930504 0 0.366282
    outer loop
      vertex 129.265 150.6 2.58177
      vertex 129.191 150 2.76976
      vertex 129.265 150 2.58177
    endloop
  endfacet
  facet normal 0.977155 -0 0.21253
    outer loop
      vertex 129.265 150 2.58177
      vertex 129.309 150.6 2.37947
      vertex 129.265 150.6 2.58177
    endloop
  endfacet
  facet normal 0.977155 0 0.21253
    outer loop
      vertex 129.309 150.6 2.37947
      vertex 129.265 150 2.58177
      vertex 129.309 150 2.37947
    endloop
  endfacet
  facet normal 0.997918 -0 0.0644947
    outer loop
      vertex 129.309 150 2.37947
      vertex 129.323 150.6 2.16285
      vertex 129.309 150.6 2.37947
    endloop
  endfacet
  facet normal 0.997918 0 0.0644947
    outer loop
      vertex 129.323 150.6 2.16285
      vertex 129.309 150 2.37947
      vertex 129.323 150 2.16285
    endloop
  endfacet
  facet normal 0.993518 0 -0.113672
    outer loop
      vertex 129.323 150 2.16285
      vertex 129.278 150.6 1.76954
      vertex 129.323 150.6 2.16285
    endloop
  endfacet
  facet normal 0.993518 0 -0.113672
    outer loop
      vertex 129.278 150.6 1.76954
      vertex 129.323 150 2.16285
      vertex 129.278 150 1.76954
    endloop
  endfacet
  facet normal 0.922584 0 -0.385796
    outer loop
      vertex 129.278 150 1.76954
      vertex 129.14 150.6 1.43953
      vertex 129.278 150.6 1.76954
    endloop
  endfacet
  facet normal 0.922584 0 -0.385796
    outer loop
      vertex 129.14 150.6 1.43953
      vertex 129.278 150 1.76954
      vertex 129.14 150 1.43953
    endloop
  endfacet
  facet normal 0.757325 0 -0.653038
    outer loop
      vertex 129.14 150 1.43953
      vertex 128.91 150.6 1.1728
      vertex 129.14 150.6 1.43953
    endloop
  endfacet
  facet normal 0.757325 0 -0.653038
    outer loop
      vertex 128.91 150.6 1.1728
      vertex 129.14 150 1.43953
      vertex 128.91 150 1.1728
    endloop
  endfacet
  facet normal 0.526912 0 -0.84992
    outer loop
      vertex 128.594 150 0.976894
      vertex 128.91 150.6 1.1728
      vertex 128.91 150 1.1728
    endloop
  endfacet
  facet normal 0.526912 0 -0.84992
    outer loop
      vertex 128.91 150.6 1.1728
      vertex 128.594 150 0.976894
      vertex 128.594 150.6 0.976894
    endloop
  endfacet
  facet normal 0.285239 0 -0.958456
    outer loop
      vertex 128.199 150 0.859341
      vertex 128.594 150.6 0.976894
      vertex 128.594 150 0.976894
    endloop
  endfacet
  facet normal 0.285239 0 -0.958456
    outer loop
      vertex 128.594 150.6 0.976894
      vertex 128.199 150 0.859341
      vertex 128.199 150.6 0.859341
    endloop
  endfacet
  facet normal 0.0820439 0 -0.996629
    outer loop
      vertex 127.723 150 0.820156
      vertex 128.199 150.6 0.859341
      vertex 128.199 150 0.859341
    endloop
  endfacet
  facet normal 0.0820439 0 -0.996629
    outer loop
      vertex 128.199 150.6 0.859341
      vertex 127.723 150 0.820156
      vertex 127.723 150.6 0.820156
    endloop
  endfacet
  facet normal -0.0870623 0 -0.996203
    outer loop
      vertex 127.279 150 0.858959
      vertex 127.723 150.6 0.820156
      vertex 127.723 150 0.820156
    endloop
  endfacet
  facet normal -0.0870623 0 -0.996203
    outer loop
      vertex 127.723 150.6 0.820156
      vertex 127.279 150 0.858959
      vertex 127.279 150.6 0.858959
    endloop
  endfacet
  facet normal -0.295786 0 -0.955254
    outer loop
      vertex 126.903 150 0.975384
      vertex 127.279 150.6 0.858959
      vertex 127.279 150 0.858959
    endloop
  endfacet
  facet normal -0.295786 0 -0.955254
    outer loop
      vertex 127.279 150.6 0.858959
      vertex 126.903 150 0.975384
      vertex 126.903 150.6 0.975384
    endloop
  endfacet
  facet normal -0.529294 0 -0.848438
    outer loop
      vertex 126.592 150 1.1694
      vertex 126.903 150.6 0.975384
      vertex 126.903 150 0.975384
    endloop
  endfacet
  facet normal -0.529294 0 -0.848438
    outer loop
      vertex 126.903 150.6 0.975384
      vertex 126.592 150 1.1694
      vertex 126.592 150.6 1.1694
    endloop
  endfacet
  facet normal -0.746148 0 -0.66578
    outer loop
      vertex 126.592 150 1.1694
      vertex 126.353 150.6 1.43725
      vertex 126.592 150.6 1.1694
    endloop
  endfacet
  facet normal -0.746148 -0 -0.66578
    outer loop
      vertex 126.353 150.6 1.43725
      vertex 126.592 150 1.1694
      vertex 126.353 150 1.43725
    endloop
  endfacet
  facet normal -0.89756 0 -0.440892
    outer loop
      vertex 126.353 150 1.43725
      vertex 126.187 150.6 1.77519
      vertex 126.353 150.6 1.43725
    endloop
  endfacet
  facet normal -0.89756 -0 -0.440892
    outer loop
      vertex 126.187 150.6 1.77519
      vertex 126.353 150 1.43725
      vertex 126.187 150 1.77519
    endloop
  endfacet
  facet normal -0.97602 0 -0.21768
    outer loop
      vertex 126.187 150 1.77519
      vertex 126.096 150.6 2.18321
      vertex 126.187 150.6 1.77519
    endloop
  endfacet
  facet normal -0.97602 -0 -0.21768
    outer loop
      vertex 126.096 150.6 2.18321
      vertex 126.187 150 1.77519
      vertex 126.096 150 2.18321
    endloop
  endfacet
  facet normal -0.0564687 0 0.998404
    outer loop
      vertex 126.096 150.6 2.18321
      vertex 127.055 150 2.23745
      vertex 127.055 150.6 2.23745
    endloop
  endfacet
  facet normal -0.0564687 0 0.998404
    outer loop
      vertex 127.055 150 2.23745
      vertex 126.096 150.6 2.18321
      vertex 126.096 150 2.18321
    endloop
  endfacet
  facet normal 0.976866 -0 0.213852
    outer loop
      vertex 127.055 150 2.23745
      vertex 127.099 150.6 2.03646
      vertex 127.055 150.6 2.23745
    endloop
  endfacet
  facet normal 0.976866 0 0.213852
    outer loop
      vertex 127.099 150.6 2.03646
      vertex 127.055 150 2.23745
      vertex 127.099 150 2.03646
    endloop
  endfacet
  facet normal 0.920112 -0 0.391656
    outer loop
      vertex 127.099 150 2.03646
      vertex 127.169 150.6 1.87201
      vertex 127.099 150.6 2.03646
    endloop
  endfacet
  facet normal 0.920112 0 0.391656
    outer loop
      vertex 127.169 150.6 1.87201
      vertex 127.099 150 2.03646
      vertex 127.169 150 1.87201
    endloop
  endfacet
  facet normal 0.802778 -0 0.596278
    outer loop
      vertex 127.169 150 1.87201
      vertex 127.264 150.6 1.74411
      vertex 127.169 150.6 1.87201
    endloop
  endfacet
  facet normal 0.802778 0 0.596278
    outer loop
      vertex 127.264 150.6 1.74411
      vertex 127.169 150 1.87201
      vertex 127.264 150 1.74411
    endloop
  endfacet
  facet normal 0.596276 0 0.80278
    outer loop
      vertex 127.264 150.6 1.74411
      vertex 127.387 150 1.65275
      vertex 127.387 150.6 1.65275
    endloop
  endfacet
  facet normal 0.596276 0 0.80278
    outer loop
      vertex 127.387 150 1.65275
      vertex 127.264 150.6 1.74411
      vertex 127.264 150 1.74411
    endloop
  endfacet
  facet normal 0.333437 0 0.942772
    outer loop
      vertex 127.387 150.6 1.65275
      vertex 127.542 150 1.59793
      vertex 127.542 150.6 1.59793
    endloop
  endfacet
  facet normal 0.333437 0 0.942772
    outer loop
      vertex 127.542 150 1.59793
      vertex 127.387 150.6 1.65275
      vertex 127.387 150 1.65275
    endloop
  endfacet
  facet normal 0.0967252 0 0.995311
    outer loop
      vertex 127.542 150.6 1.59793
      vertex 127.73 150 1.57966
      vertex 127.73 150.6 1.57966
    endloop
  endfacet
  facet normal 0.0967252 0 0.995311
    outer loop
      vertex 127.73 150 1.57966
      vertex 127.542 150.6 1.59793
      vertex 127.542 150 1.59793
    endloop
  endfacet
  facet normal -0.195357 0 0.980732
    outer loop
      vertex 127.73 150.6 1.57966
      vertex 128.078 150 1.64898
      vertex 128.078 150.6 1.64898
    endloop
  endfacet
  facet normal -0.195357 0 0.980732
    outer loop
      vertex 128.078 150 1.64898
      vertex 127.73 150.6 1.57966
      vertex 127.73 150 1.57966
    endloop
  endfacet
  facet normal -0.705358 0 0.708851
    outer loop
      vertex 128.078 150.6 1.64898
      vertex 128.287 150 1.85695
      vertex 128.287 150.6 1.85695
    endloop
  endfacet
  facet normal -0.705358 0 0.708851
    outer loop
      vertex 128.287 150 1.85695
      vertex 128.078 150.6 1.64898
      vertex 128.078 150 1.64898
    endloop
  endfacet
  facet normal -0.98021 0 0.197959
    outer loop
      vertex 128.287 150 1.85695
      vertex 128.357 150.6 2.20356
      vertex 128.287 150.6 1.85695
    endloop
  endfacet
  facet normal -0.98021 0 0.197959
    outer loop
      vertex 128.357 150.6 2.20356
      vertex 128.287 150 1.85695
      vertex 128.357 150 2.20356
    endloop
  endfacet
  facet normal -0.991793 0 -0.127853
    outer loop
      vertex 128.357 150 2.20356
      vertex 128.335 150.6 2.37422
      vertex 128.357 150.6 2.20356
    endloop
  endfacet
  facet normal -0.991793 -0 -0.127853
    outer loop
      vertex 128.335 150.6 2.37422
      vertex 128.357 150 2.20356
      vertex 128.335 150 2.37422
    endloop
  endfacet
  facet normal -0.930621 0 -0.365984
    outer loop
      vertex 128.335 150 2.37422
      vertex 128.267 150.6 2.54713
      vertex 128.335 150.6 2.37422
    endloop
  endfacet
  facet normal -0.930621 -0 -0.365984
    outer loop
      vertex 128.267 150.6 2.54713
      vertex 128.335 150 2.37422
      vertex 128.267 150 2.54713
    endloop
  endfacet
  facet normal -0.842509 0 -0.538682
    outer loop
      vertex 128.267 150 2.54713
      vertex 128.155 150.6 2.7223
      vertex 128.267 150.6 2.54713
    endloop
  endfacet
  facet normal -0.842509 -0 -0.538682
    outer loop
      vertex 128.155 150.6 2.7223
      vertex 128.267 150 2.54713
      vertex 128.155 150 2.7223
    endloop
  endfacet
  facet normal -0.754758 0 -0.656004
    outer loop
      vertex 128.155 150 2.7223
      vertex 127.988 150.6 2.91444
      vertex 128.155 150.6 2.7223
    endloop
  endfacet
  facet normal -0.754758 -0 -0.656004
    outer loop
      vertex 127.988 150.6 2.91444
      vertex 128.155 150 2.7223
      vertex 127.988 150 2.91444
    endloop
  endfacet
  facet normal -0.689624 0 -0.724168
    outer loop
      vertex 127.753 150 3.13823
      vertex 127.988 150.6 2.91444
      vertex 127.988 150 2.91444
    endloop
  endfacet
  facet normal -0.689624 0 -0.724168
    outer loop
      vertex 127.988 150.6 2.91444
      vertex 127.753 150 3.13823
      vertex 127.753 150.6 3.13823
    endloop
  endfacet
  facet normal -0.647001 0 -0.762489
    outer loop
      vertex 127.452 150 3.39364
      vertex 127.753 150.6 3.13823
      vertex 127.753 150 3.13823
    endloop
  endfacet
  facet normal -0.647001 0 -0.762489
    outer loop
      vertex 127.753 150.6 3.13823
      vertex 127.452 150 3.39364
      vertex 127.452 150.6 3.39364
    endloop
  endfacet
  facet normal -0.647621 0 -0.761962
    outer loop
      vertex 127.124 150 3.67242
      vertex 127.452 150.6 3.39364
      vertex 127.452 150 3.39364
    endloop
  endfacet
  facet normal -0.647621 0 -0.761962
    outer loop
      vertex 127.452 150.6 3.39364
      vertex 127.124 150 3.67242
      vertex 127.124 150.6 3.67242
    endloop
  endfacet
  facet normal -0.684347 0 -0.729156
    outer loop
      vertex 126.835 150 3.94366
      vertex 127.124 150.6 3.67242
      vertex 127.124 150 3.67242
    endloop
  endfacet
  facet normal -0.684347 0 -0.729156
    outer loop
      vertex 127.124 150.6 3.67242
      vertex 126.835 150 3.94366
      vertex 126.835 150.6 3.94366
    endloop
  endfacet
  facet normal -0.727121 0 -0.686509
    outer loop
      vertex 126.835 150 3.94366
      vertex 126.586 150.6 4.20739
      vertex 126.835 150.6 3.94366
    endloop
  endfacet
  facet normal -0.727121 -0 -0.686509
    outer loop
      vertex 126.586 150.6 4.20739
      vertex 126.835 150 3.94366
      vertex 126.586 150 4.20739
    endloop
  endfacet
  facet normal -0.777618 0 -0.628737
    outer loop
      vertex 126.586 150 4.20739
      vertex 126.374 150.6 4.46959
      vertex 126.586 150.6 4.20739
    endloop
  endfacet
  facet normal -0.777618 -0 -0.628737
    outer loop
      vertex 126.374 150.6 4.46959
      vertex 126.586 150 4.20739
      vertex 126.374 150 4.46959
    endloop
  endfacet
  facet normal -0.833231 0 -0.552926
    outer loop
      vertex 126.374 150 4.46959
      vertex 126.197 150.6 4.73632
      vertex 126.374 150.6 4.46959
    endloop
  endfacet
  facet normal -0.833231 -0 -0.552926
    outer loop
      vertex 126.197 150.6 4.73632
      vertex 126.374 150 4.46959
      vertex 126.197 150 4.73632
    endloop
  endfacet
  facet normal -0.885964 0 -0.463753
    outer loop
      vertex 126.197 150 4.73632
      vertex 126.055 150.6 5.0076
      vertex 126.197 150.6 4.73632
    endloop
  endfacet
  facet normal -0.885964 -0 -0.463753
    outer loop
      vertex 126.055 150.6 5.0076
      vertex 126.197 150 4.73632
      vertex 126.055 150 5.0076
    endloop
  endfacet
  facet normal -1 0 0
    outer loop
      vertex 126.055 150 5.0076
      vertex 126.055 150.6 5.66874
      vertex 126.055 150.6 5.0076
    endloop
  endfacet
  facet normal -1 -0 0
    outer loop
      vertex 126.055 150.6 5.66874
      vertex 126.055 150 5.0076
      vertex 126.055 150 5.66874
    endloop
  endfacet
  facet normal -0 0 1
    outer loop
      vertex 126.055 150.6 5.66874
      vertex 129.398 150 5.66874
      vertex 129.398 150.6 5.66874
    endloop
  endfacet
  facet normal 0 0 1
    outer loop
      vertex 129.398 150 5.66874
      vertex 126.055 150.6 5.66874
      vertex 126.055 150 5.66874
    endloop
  endfacet
  facet normal 1 -0 0
    outer loop
      vertex 129.398 150 5.66874
      vertex 129.398 150.6 4.88549
      vertex 129.398 150.6 5.66874
    endloop
  endfacet
  facet normal 1 0 0
    outer loop
      vertex 129.398 150.6 4.88549
      vertex 129.398 150 5.66874
      vertex 129.398 150 4.88549
    endloop
  endfacet
  facet normal 1 0 0
    outer loop
      vertex 182.6 16 6.6
      vertex 182.6 0 6.6
      vertex 182.6 16 4.3
    endloop
  endfacet
  facet normal 1 0 0
    outer loop
      vertex 182.6 44 9.6
      vertex 182.6 28 9.6
      vertex 182.6 44 6.6
    endloop
  endfacet
  facet normal 1 0 0
    outer loop
      vertex 182.6 104 9.6
      vertex 182.6 88 9.6
      vertex 182.6 104 6.6
    endloop
  endfacet
  facet normal 1 -0 0
    outer loop
      vertex 182.6 104 6.6
      vertex 182.6 150 2.4
      vertex 182.6 150 6.6
    endloop
  endfacet
  facet normal 1 0 0
    outer loop
      vertex 182.6 88 6.6
      vertex 182.6 104 6.6
      vertex 182.6 88 9.6
    endloop
  endfacet
  facet normal 1 -0 0
    outer loop
      vertex 182.6 88 6.6
      vertex 182.6 150 2.4
      vertex 182.6 104 6.6
    endloop
  endfacet
  facet normal 1 0 0
    outer loop
      vertex 182.6 22 4.3
      vertex 182.6 88 6.6
      vertex 182.6 44 6.6
    endloop
  endfacet
  facet normal 1 0 0
    outer loop
      vertex 182.6 28 6.6
      vertex 182.6 44 6.6
      vertex 182.6 28 9.6
    endloop
  endfacet
  facet normal 1 0 0
    outer loop
      vertex 182.6 22 4.3
      vertex 182.6 44 6.6
      vertex 182.6 28 6.6
    endloop
  endfacet
  facet normal 1 0 0
    outer loop
      vertex 182.6 22 4.3
      vertex 182.6 28 6.6
      vertex 182.6 22 6.6
    endloop
  endfacet
  facet normal 1 0 0
    outer loop
      vertex 182.6 88 6.6
      vertex 182.6 22 4.3
      vertex 182.6 150 2.4
    endloop
  endfacet
  facet normal 1 0 0
    outer loop
      vertex 182.6 0 2.4
      vertex 182.6 22 4.3
      vertex 182.6 16 4.3
    endloop
  endfacet
  facet normal 1 0 0
    outer loop
      vertex 182.6 22 4.3
      vertex 182.6 0 2.4
      vertex 182.6 150 2.4
    endloop
  endfacet
  facet normal 1 0 0
    outer loop
      vertex 182.6 0 2.4
      vertex 182.6 16 4.3
      vertex 182.6 0 6.6
    endloop
  endfacet
  facet normal 0 0 1
    outer loop
      vertex 182.6 44 9.6
      vertex 177.949 36 9.6
      vertex 182.6 28 9.6
    endloop
  endfacet
  facet normal 0 0 1
    outer loop
      vertex 182.6 44 9.6
      vertex 176.274 38.9 9.6
      vertex 177.949 36 9.6
    endloop
  endfacet
  facet normal 0 0 1
    outer loop
      vertex 182.6 44 9.6
      vertex 172.926 38.9 9.6
      vertex 176.274 38.9 9.6
    endloop
  endfacet
  facet normal 0 0 1
    outer loop
      vertex 172.926 38.9 9.6
      vertex 166.6 44 9.6
      vertex 171.251 36 9.6
    endloop
  endfacet
  facet normal -0 0 1
    outer loop
      vertex 166.6 44 9.6
      vertex 172.926 38.9 9.6
      vertex 182.6 44 9.6
    endloop
  endfacet
  facet normal -0 0 1
    outer loop
      vertex 176.274 33.1 9.6
      vertex 182.6 28 9.6
      vertex 177.949 36 9.6
    endloop
  endfacet
  facet normal -0 0 1
    outer loop
      vertex 172.926 33.1 9.6
      vertex 182.6 28 9.6
      vertex 176.274 33.1 9.6
    endloop
  endfacet
  facet normal 0 0 1
    outer loop
      vertex 166.6 28 9.6
      vertex 171.251 36 9.6
      vertex 166.6 44 9.6
    endloop
  endfacet
  facet normal 0 0 1
    outer loop
      vertex 172.926 33.1 9.6
      vertex 166.6 28 9.6
      vertex 182.6 28 9.6
    endloop
  endfacet
  facet normal 0 0 1
    outer loop
      vertex 171.251 36 9.6
      vertex 166.6 28 9.6
      vertex 172.926 33.1 9.6
    endloop
  endfacet
  facet normal -1 0 0
    outer loop
      vertex 166.6 28 6.6
      vertex 166.6 44 9.6
      vertex 166.6 44 6.6
    endloop
  endfacet
  facet normal -1 -0 0
    outer loop
      vertex 166.6 44 9.6
      vertex 166.6 28 6.6
      vertex 166.6 28 9.6
    endloop
  endfacet
  facet normal 0 1 -0
    outer loop
      vertex 182.6 44 6.6
      vertex 166.6 44 9.6
      vertex 182.6 44 9.6
    endloop
  endfacet
  facet normal 0 1 0
    outer loop
      vertex 166.6 44 9.6
      vertex 182.6 44 6.6
      vertex 166.6 44 6.6
    endloop
  endfacet
  facet normal 0 -1 0
    outer loop
      vertex 166.6 28 6.6
      vertex 182.6 28 9.6
      vertex 166.6 28 9.6
    endloop
  endfacet
  facet normal 0 -1 -0
    outer loop
      vertex 182.6 28 9.6
      vertex 166.6 28 6.6
      vertex 182.6 28 6.6
    endloop
  endfacet
  facet normal 0 0 1
    outer loop
      vertex 182.6 104 9.6
      vertex 177.949 96 9.6
      vertex 182.6 88 9.6
    endloop
  endfacet
  facet normal 0 0 1
    outer loop
      vertex 182.6 104 9.6
      vertex 176.274 98.9 9.6
      vertex 177.949 96 9.6
    endloop
  endfacet
  facet normal 0 0 1
    outer loop
      vertex 182.6 104 9.6
      vertex 172.926 98.9 9.6
      vertex 176.274 98.9 9.6
    endloop
  endfacet
  facet normal 0 0 1
    outer loop
      vertex 172.926 98.9 9.6
      vertex 166.6 104 9.6
      vertex 171.251 96 9.6
    endloop
  endfacet
  facet normal -0 0 1
    outer loop
      vertex 166.6 104 9.6
      vertex 172.926 98.9 9.6
      vertex 182.6 104 9.6
    endloop
  endfacet
  facet normal -0 0 1
    outer loop
      vertex 176.274 93.1 9.6
      vertex 182.6 88 9.6
      vertex 177.949 96 9.6
    endloop
  endfacet
  facet normal -0 0 1
    outer loop
      vertex 172.926 93.1 9.6
      vertex 182.6 88 9.6
      vertex 176.274 93.1 9.6
    endloop
  endfacet
  facet normal 0 0 1
    outer loop
      vertex 166.6 88 9.6
      vertex 171.251 96 9.6
      vertex 166.6 104 9.6
    endloop
  endfacet
  facet normal 0 0 1
    outer loop
      vertex 172.926 93.1 9.6
      vertex 166.6 88 9.6
      vertex 182.6 88 9.6
    endloop
  endfacet
  facet normal 0 0 1
    outer loop
      vertex 171.251 96 9.6
      vertex 166.6 88 9.6
      vertex 172.926 93.1 9.6
    endloop
  endfacet
  facet normal -1 0 0
    outer loop
      vertex 166.6 88 6.6
      vertex 166.6 104 9.6
      vertex 166.6 104 6.6
    endloop
  endfacet
  facet normal -1 -0 0
    outer loop
      vertex 166.6 104 9.6
      vertex 166.6 88 6.6
      vertex 166.6 88 9.6
    endloop
  endfacet
  facet normal 0 1 -0
    outer loop
      vertex 182.6 104 6.6
      vertex 166.6 104 9.6
      vertex 182.6 104 9.6
    endloop
  endfacet
  facet normal 0 1 0
    outer loop
      vertex 166.6 104 9.6
      vertex 182.6 104 6.6
      vertex 166.6 104 6.6
    endloop
  endfacet
  facet normal 0 -1 0
    outer loop
      vertex 166.6 88 6.6
      vertex 182.6 88 9.6
      vertex 166.6 88 9.6
    endloop
  endfacet
  facet normal 0 -1 -0
    outer loop
      vertex 182.6 88 9.6
      vertex 166.6 88 6.6
      vertex 182.6 88 6.6
    endloop
  endfacet
  facet normal 0 0 1
    outer loop
      vertex 182.6 150 6.6
      vertex 166.6 104 6.6
      vertex 182.6 104 6.6
    endloop
  endfacet
  facet normal 0 0 1
    outer loop
      vertex 135.249 78.6988 6.6
      vertex 166.6 88 6.6
      vertex 166.6 104 6.6
    endloop
  endfacet
  facet normal 0 0 1
    outer loop
      vertex 166.6 88 6.6
      vertex 147 69.5 6.6
      vertex 166.6 44 6.6
    endloop
  endfacet
  facet normal -0 0 1
    outer loop
      vertex 146.936 69.0983 6.6
      vertex 166.6 44 6.6
      vertex 147 69.5 6.6
    endloop
  endfacet
  facet normal 0 0 1
    outer loop
      vertex 126.534 81.3427 6.6
      vertex 166.6 104 6.6
      vertex 182.6 150 6.6
    endloop
  endfacet
  facet normal 0 0 1
    outer loop
      vertex 166.6 88 6.6
      vertex 146.936 69.9017 6.6
      vertex 147 69.5 6.6
    endloop
  endfacet
  facet normal 0 0 1
    outer loop
      vertex 166.6 88 6.6
      vertex 146.752 70.2641 6.6
      vertex 146.936 69.9017 6.6
    endloop
  endfacet
  facet normal 0 0 1
    outer loop
      vertex 166.6 88 6.6
      vertex 146.464 70.5517 6.6
      vertex 146.752 70.2641 6.6
    endloop
  endfacet
  facet normal 0 0 1
    outer loop
      vertex 166.6 88 6.6
      vertex 146.102 70.7364 6.6
      vertex 146.464 70.5517 6.6
    endloop
  endfacet
  facet normal 0 0 1
    outer loop
      vertex 166.6 88 6.6
      vertex 136.115 77.9146 6.6
      vertex 136.899 77.0493 6.6
    endloop
  endfacet
  facet normal 0 0 1
    outer loop
      vertex 166.6 88 6.6
      vertex 136.899 77.0493 6.6
      vertex 146.102 70.7364 6.6
    endloop
  endfacet
  facet normal -0 -0 1
    outer loop
      vertex 137.594 76.1113 6.6
      vertex 146.102 70.7364 6.6
      vertex 136.899 77.0493 6.6
    endloop
  endfacet
  facet normal 0 0 1
    outer loop
      vertex 146.102 70.7364 6.6
      vertex 137.594 76.1113 6.6
      vertex 145.7 70.8 6.6
    endloop
  endfacet
  facet normal -0 -0 1
    outer loop
      vertex 138.694 74.0539 6.6
      vertex 145.7 70.8 6.6
      vertex 138.195 75.1096 6.6
    endloop
  endfacet
  facet normal 0 0 1
    outer loop
      vertex 144.464 69.9017 6.6
      vertex 139.6 69.5 6.6
      vertex 144.4 69.5 6.6
    endloop
  endfacet
  facet normal 0 0 1
    outer loop
      vertex 145.7 70.8 6.6
      vertex 138.694 74.0539 6.6
      vertex 145.298 70.7364 6.6
    endloop
  endfacet
  facet normal 0 0 1
    outer loop
      vertex 144.464 69.9017 6.6
      vertex 139.543 70.6664 6.6
      vertex 139.6 69.5 6.6
    endloop
  endfacet
  facet normal 0 0 1
    outer loop
      vertex 144.648 70.2641 6.6
      vertex 139.543 70.6664 6.6
      vertex 144.464 69.9017 6.6
    endloop
  endfacet
  facet normal -0 -0 1
    outer loop
      vertex 139.543 70.6664 6.6
      vertex 144.648 70.2641 6.6
      vertex 139.371 71.8216 6.6
    endloop
  endfacet
  facet normal 0 0 1
    outer loop
      vertex 144.936 70.5517 6.6
      vertex 139.371 71.8216 6.6
      vertex 144.648 70.2641 6.6
    endloop
  endfacet
  facet normal -0 -0 1
    outer loop
      vertex 139.371 71.8216 6.6
      vertex 144.936 70.5517 6.6
      vertex 139.088 72.9544 6.6
    endloop
  endfacet
  facet normal 0 0 1
    outer loop
      vertex 145.298 70.7364 6.6
      vertex 139.088 72.9544 6.6
      vertex 144.936 70.5517 6.6
    endloop
  endfacet
  facet normal -0 -0 1
    outer loop
      vertex 139.088 72.9544 6.6
      vertex 145.298 70.7364 6.6
      vertex 138.694 74.0539 6.6
    endloop
  endfacet
  facet normal -0 -0 1
    outer loop
      vertex 138.195 75.1096 6.6
      vertex 145.7 70.8 6.6
      vertex 137.594 76.1113 6.6
    endloop
  endfacet
  facet normal 0 0 1
    outer loop
      vertex 166.6 88 6.6
      vertex 135.249 78.6988 6.6
      vertex 136.115 77.9146 6.6
    endloop
  endfacet
  facet normal 0 0 1
    outer loop
      vertex 166.6 104 6.6
      vertex 134.311 79.3945 6.6
      vertex 135.249 78.6988 6.6
    endloop
  endfacet
  facet normal 0 0 1
    outer loop
      vertex 166.6 104 6.6
      vertex 133.31 79.9949 6.6
      vertex 134.311 79.3945 6.6
    endloop
  endfacet
  facet normal 0 0 1
    outer loop
      vertex 166.6 104 6.6
      vertex 132.254 80.4942 6.6
      vertex 133.31 79.9949 6.6
    endloop
  endfacet
  facet normal 0 0 1
    outer loop
      vertex 166.6 104 6.6
      vertex 131.154 80.8876 6.6
      vertex 132.254 80.4942 6.6
    endloop
  endfacet
  facet normal 0 0 1
    outer loop
      vertex 166.6 104 6.6
      vertex 130.022 81.1713 6.6
      vertex 131.154 80.8876 6.6
    endloop
  endfacet
  facet normal 0 0 1
    outer loop
      vertex 166.6 104 6.6
      vertex 128.866 81.3427 6.6
      vertex 130.022 81.1713 6.6
    endloop
  endfacet
  facet normal 0 0 1
    outer loop
      vertex 166.6 104 6.6
      vertex 127.7 81.4 6.6
      vertex 128.866 81.3427 6.6
    endloop
  endfacet
  facet normal 0 0 1
    outer loop
      vertex 166.6 104 6.6
      vertex 126.534 81.3427 6.6
      vertex 127.7 81.4 6.6
    endloop
  endfacet
  facet normal 0 0 1
    outer loop
      vertex 182.6 150 6.6
      vertex 125.378 81.1713 6.6
      vertex 126.534 81.3427 6.6
    endloop
  endfacet
  facet normal 0 0 1
    outer loop
      vertex 182.6 150 6.6
      vertex 124.246 80.8876 6.6
      vertex 125.378 81.1713 6.6
    endloop
  endfacet
  facet normal 0 0 1
    outer loop
      vertex 182.6 150 6.6
      vertex 123.146 80.4942 6.6
      vertex 124.246 80.8876 6.6
    endloop
  endfacet
  facet normal -0 0 1
    outer loop
      vertex 0 150 6.6
      vertex 123.146 80.4942 6.6
      vertex 182.6 150 6.6
    endloop
  endfacet
  facet normal 0 -0 1
    outer loop
      vertex 49.4539 80.4942 6.6
      vertex 123.146 80.4942 6.6
      vertex 0 150 6.6
    endloop
  endfacet
  facet normal 0 0 1
    outer loop
      vertex 123.146 80.4942 6.6
      vertex 49.4539 80.4942 6.6
      vertex 122.09 79.9949 6.6
    endloop
  endfacet
  facet normal 0 0 1
    outer loop
      vertex 122.09 79.9949 6.6
      vertex 50.5096 79.9949 6.6
      vertex 121.089 79.3945 6.6
    endloop
  endfacet
  facet normal 0 -0 1
    outer loop
      vertex 51.5113 79.3945 6.6
      vertex 121.089 79.3945 6.6
      vertex 50.5096 79.9949 6.6
    endloop
  endfacet
  facet normal -0 0 1
    outer loop
      vertex 110.936 69.9017 6.6
      vertex 115.8 69.5 6.6
      vertex 115.857 70.6664 6.6
    endloop
  endfacet
  facet normal 0 0 1
    outer loop
      vertex 110.752 70.2641 6.6
      vertex 115.857 70.6664 6.6
      vertex 116.029 71.8216 6.6
    endloop
  endfacet
  facet normal 0 0 1
    outer loop
      vertex 110.464 70.5517 6.6
      vertex 116.029 71.8216 6.6
      vertex 116.312 72.9544 6.6
    endloop
  endfacet
  facet normal 0 0 1
    outer loop
      vertex 110.102 70.7364 6.6
      vertex 116.312 72.9544 6.6
      vertex 116.706 74.0539 6.6
    endloop
  endfacet
  facet normal 0 0 1
    outer loop
      vertex 109.7 70.8 6.6
      vertex 116.706 74.0539 6.6
      vertex 117.205 75.1096 6.6
    endloop
  endfacet
  facet normal 0 0 1
    outer loop
      vertex 109.7 70.8 6.6
      vertex 117.205 75.1096 6.6
      vertex 117.806 76.1113 6.6
    endloop
  endfacet
  facet normal 0 0 1
    outer loop
      vertex 109.298 70.7364 6.6
      vertex 117.806 76.1113 6.6
      vertex 118.501 77.0493 6.6
    endloop
  endfacet
  facet normal 0 0 1
    outer loop
      vertex 121.089 79.3945 6.6
      vertex 51.5113 79.3945 6.6
      vertex 120.151 78.6988 6.6
    endloop
  endfacet
  facet normal 0 0 1
    outer loop
      vertex 115.8 69.5 6.6
      vertex 110.936 69.9017 6.6
      vertex 111 69.5 6.6
    endloop
  endfacet
  facet normal 0 0 1
    outer loop
      vertex 115.857 70.6664 6.6
      vertex 110.752 70.2641 6.6
      vertex 110.936 69.9017 6.6
    endloop
  endfacet
  facet normal 0 0 1
    outer loop
      vertex 116.029 71.8216 6.6
      vertex 110.464 70.5517 6.6
      vertex 110.752 70.2641 6.6
    endloop
  endfacet
  facet normal 0 0 1
    outer loop
      vertex 116.312 72.9544 6.6
      vertex 110.102 70.7364 6.6
      vertex 110.464 70.5517 6.6
    endloop
  endfacet
  facet normal 0 0 1
    outer loop
      vertex 116.706 74.0539 6.6
      vertex 109.7 70.8 6.6
      vertex 110.102 70.7364 6.6
    endloop
  endfacet
  facet normal 0 0 1
    outer loop
      vertex 117.806 76.1113 6.6
      vertex 109.298 70.7364 6.6
      vertex 109.7 70.8 6.6
    endloop
  endfacet
  facet normal 0 0 1
    outer loop
      vertex 120.151 78.6988 6.6
      vertex 52.4493 78.6988 6.6
      vertex 119.285 77.9146 6.6
    endloop
  endfacet
  facet normal 0 -0 1
    outer loop
      vertex 53.3146 77.9146 6.6
      vertex 119.285 77.9146 6.6
      vertex 52.4493 78.6988 6.6
    endloop
  endfacet
  facet normal 0 0 1
    outer loop
      vertex 108.464 69.9017 6.6
      vertex 64.2 69.5 6.6
      vertex 108.4 69.5 6.6
    endloop
  endfacet
  facet normal 0 0 1
    outer loop
      vertex 64.1364 69.9017 6.6
      vertex 108.464 69.9017 6.6
      vertex 108.648 70.2641 6.6
    endloop
  endfacet
  facet normal 0 -0 1
    outer loop
      vertex 108.936 70.5517 6.6
      vertex 119.285 77.9146 6.6
      vertex 53.3146 77.9146 6.6
    endloop
  endfacet
  facet normal 0 0 1
    outer loop
      vertex 108.464 69.9017 6.6
      vertex 64.1364 69.9017 6.6
      vertex 64.2 69.5 6.6
    endloop
  endfacet
  facet normal 0 0 1
    outer loop
      vertex 108.648 70.2641 6.6
      vertex 63.9517 70.2641 6.6
      vertex 64.1364 69.9017 6.6
    endloop
  endfacet
  facet normal 0 0 1
    outer loop
      vertex 108.648 70.2641 6.6
      vertex 63.6641 70.5517 6.6
      vertex 63.9517 70.2641 6.6
    endloop
  endfacet
  facet normal 0 -0 1
    outer loop
      vertex 63.6641 70.5517 6.6
      vertex 108.936 70.5517 6.6
      vertex 53.3146 77.9146 6.6
    endloop
  endfacet
  facet normal 0 0 1
    outer loop
      vertex 108.936 70.5517 6.6
      vertex 63.6641 70.5517 6.6
      vertex 108.648 70.2641 6.6
    endloop
  endfacet
  facet normal 0 0 1
    outer loop
      vertex 63.6641 70.5517 6.6
      vertex 53.3146 77.9146 6.6
      vertex 63.3017 70.7364 6.6
    endloop
  endfacet
  facet normal -0 -0 1
    outer loop
      vertex 54.7945 76.1113 6.6
      vertex 63.3017 70.7364 6.6
      vertex 54.0988 77.0493 6.6
    endloop
  endfacet
  facet normal 0 0 1
    outer loop
      vertex 61.6636 69.9017 6.6
      vertex 56.8 69.5 6.6
      vertex 61.6 69.5 6.6
    endloop
  endfacet
  facet normal 0 0 1
    outer loop
      vertex 56.7427 70.6664 6.6
      vertex 61.6636 69.9017 6.6
      vertex 61.8483 70.2641 6.6
    endloop
  endfacet
  facet normal 0 0 1
    outer loop
      vertex 56.5713 71.8216 6.6
      vertex 61.8483 70.2641 6.6
      vertex 62.1359 70.5517 6.6
    endloop
  endfacet
  facet normal 0 0 1
    outer loop
      vertex 63.3017 70.7364 6.6
      vertex 54.7945 76.1113 6.6
      vertex 62.9 70.8 6.6
    endloop
  endfacet
  facet normal 0 0 1
    outer loop
      vertex 61.6636 69.9017 6.6
      vertex 56.7427 70.6664 6.6
      vertex 56.8 69.5 6.6
    endloop
  endfacet
  facet normal 0 0 1
    outer loop
      vertex 61.8483 70.2641 6.6
      vertex 56.5713 71.8216 6.6
      vertex 56.7427 70.6664 6.6
    endloop
  endfacet
  facet normal 0 0 1
    outer loop
      vertex 62.1359 70.5517 6.6
      vertex 56.2876 72.9544 6.6
      vertex 56.5713 71.8216 6.6
    endloop
  endfacet
  facet normal 0 0 1
    outer loop
      vertex 62.4983 70.7364 6.6
      vertex 56.2876 72.9544 6.6
      vertex 62.1359 70.5517 6.6
    endloop
  endfacet
  facet normal -0 -0 1
    outer loop
      vertex 56.2876 72.9544 6.6
      vertex 62.4983 70.7364 6.6
      vertex 55.8942 74.0539 6.6
    endloop
  endfacet
  facet normal 0 0 1
    outer loop
      vertex 62.9 70.8 6.6
      vertex 55.8942 74.0539 6.6
      vertex 62.4983 70.7364 6.6
    endloop
  endfacet
  facet normal -0 -0 1
    outer loop
      vertex 55.8942 74.0539 6.6
      vertex 62.9 70.8 6.6
      vertex 55.3949 75.1096 6.6
    endloop
  endfacet
  facet normal -0 -0 1
    outer loop
      vertex 55.3949 75.1096 6.6
      vertex 62.9 70.8 6.6
      vertex 54.7945 76.1113 6.6
    endloop
  endfacet
  facet normal -0 -0 1
    outer loop
      vertex 54.0988 77.0493 6.6
      vertex 63.3017 70.7364 6.6
      vertex 53.3146 77.9146 6.6
    endloop
  endfacet
  facet normal 0 -0 1
    outer loop
      vertex 109.298 70.7364 6.6
      vertex 119.285 77.9146 6.6
      vertex 108.936 70.5517 6.6
    endloop
  endfacet
  facet normal 0 0 1
    outer loop
      vertex 119.285 77.9146 6.6
      vertex 109.298 70.7364 6.6
      vertex 118.501 77.0493 6.6
    endloop
  endfacet
  facet normal 0 -0 1
    outer loop
      vertex 52.4493 78.6988 6.6
      vertex 120.151 78.6988 6.6
      vertex 51.5113 79.3945 6.6
    endloop
  endfacet
  facet normal 0 0 1
    outer loop
      vertex 122.09 79.9949 6.6
      vertex 49.4539 80.4942 6.6
      vertex 50.5096 79.9949 6.6
    endloop
  endfacet
  facet normal 0 0 1
    outer loop
      vertex 49.4539 80.4942 6.6
      vertex 0 150 6.6
      vertex 48.3544 80.8876 6.6
    endloop
  endfacet
  facet normal 0 0 1
    outer loop
      vertex 48.3544 80.8876 6.6
      vertex 0 150 6.6
      vertex 47.2216 81.1713 6.6
    endloop
  endfacet
  facet normal 0 0 1
    outer loop
      vertex 47.2216 81.1713 6.6
      vertex 0 150 6.6
      vertex 46.0664 81.3427 6.6
    endloop
  endfacet
  facet normal 0 0 1
    outer loop
      vertex 46.0664 81.3427 6.6
      vertex 0 150 6.6
      vertex 44.9 81.4 6.6
    endloop
  endfacet
  facet normal 0 0 1
    outer loop
      vertex 44.9 81.4 6.6
      vertex 0 150 6.6
      vertex 43.7336 81.3427 6.6
    endloop
  endfacet
  facet normal 0 0 1
    outer loop
      vertex 43.7336 81.3427 6.6
      vertex 0 150 6.6
      vertex 42.5784 81.1713 6.6
    endloop
  endfacet
  facet normal 0 0 1
    outer loop
      vertex 42.5784 81.1713 6.6
      vertex 0 150 6.6
      vertex 41.4456 80.8876 6.6
    endloop
  endfacet
  facet normal 0 0 1
    outer loop
      vertex 41.4456 80.8876 6.6
      vertex 0 150 6.6
      vertex 40.3461 80.4942 6.6
    endloop
  endfacet
  facet normal -0 0 1
    outer loop
      vertex 28.1364 69.9017 6.6
      vertex 33 69.5 6.6
      vertex 33.0573 70.6664 6.6
    endloop
  endfacet
  facet normal 0 0 1
    outer loop
      vertex 27.9517 70.2641 6.6
      vertex 33.0573 70.6664 6.6
      vertex 33.2287 71.8216 6.6
    endloop
  endfacet
  facet normal 0 0 1
    outer loop
      vertex 27.6641 70.5517 6.6
      vertex 33.2287 71.8216 6.6
      vertex 33.5124 72.9544 6.6
    endloop
  endfacet
  facet normal 0 0 1
    outer loop
      vertex 27.3017 70.7364 6.6
      vertex 33.5124 72.9544 6.6
      vertex 33.9058 74.0539 6.6
    endloop
  endfacet
  facet normal 0 0 1
    outer loop
      vertex 26.9 70.8 6.6
      vertex 33.9058 74.0539 6.6
      vertex 34.4051 75.1096 6.6
    endloop
  endfacet
  facet normal 0 0 1
    outer loop
      vertex 26.9 70.8 6.6
      vertex 34.4051 75.1096 6.6
      vertex 35.0055 76.1113 6.6
    endloop
  endfacet
  facet normal 0 0 1
    outer loop
      vertex 26.4983 70.7364 6.6
      vertex 35.0055 76.1113 6.6
      vertex 35.7012 77.0493 6.6
    endloop
  endfacet
  facet normal 0 0 1
    outer loop
      vertex 26.4983 70.7364 6.6
      vertex 35.7012 77.0493 6.6
      vertex 36.4854 77.9146 6.6
    endloop
  endfacet
  facet normal 0 0 1
    outer loop
      vertex 33 69.5 6.6
      vertex 28.1364 69.9017 6.6
      vertex 28.2 69.5 6.6
    endloop
  endfacet
  facet normal 0 0 1
    outer loop
      vertex 33.0573 70.6664 6.6
      vertex 27.9517 70.2641 6.6
      vertex 28.1364 69.9017 6.6
    endloop
  endfacet
  facet normal 0 0 1
    outer loop
      vertex 0 150 6.6
      vertex 36.4854 77.9146 6.6
      vertex 37.3507 78.6988 6.6
    endloop
  endfacet
  facet normal 0 0 1
    outer loop
      vertex 33.2287 71.8216 6.6
      vertex 27.6641 70.5517 6.6
      vertex 27.9517 70.2641 6.6
    endloop
  endfacet
  facet normal 0 0 1
    outer loop
      vertex 33.5124 72.9544 6.6
      vertex 27.3017 70.7364 6.6
      vertex 27.6641 70.5517 6.6
    endloop
  endfacet
  facet normal 0 0 1
    outer loop
      vertex 33.9058 74.0539 6.6
      vertex 26.9 70.8 6.6
      vertex 27.3017 70.7364 6.6
    endloop
  endfacet
  facet normal 0 0 1
    outer loop
      vertex 35.0055 76.1113 6.6
      vertex 26.4983 70.7364 6.6
      vertex 26.9 70.8 6.6
    endloop
  endfacet
  facet normal 0 0 1
    outer loop
      vertex 0 150 6.6
      vertex 37.3507 78.6988 6.6
      vertex 38.2887 79.3945 6.6
    endloop
  endfacet
  facet normal 0 0 1
    outer loop
      vertex 36.4854 77.9146 6.6
      vertex 0 150 6.6
      vertex 26.4983 70.7364 6.6
    endloop
  endfacet
  facet normal 0 0 1
    outer loop
      vertex 0 22 6.6
      vertex 25.6636 69.9017 6.6
      vertex 0 150 6.6
    endloop
  endfacet
  facet normal 0 0 1
    outer loop
      vertex 25.8483 70.2641 6.6
      vertex 0 150 6.6
      vertex 25.6636 69.9017 6.6
    endloop
  endfacet
  facet normal 0 0 1
    outer loop
      vertex 26.1359 70.5517 6.6
      vertex 0 150 6.6
      vertex 25.8483 70.2641 6.6
    endloop
  endfacet
  facet normal 0 0 1
    outer loop
      vertex 26.4983 70.7364 6.6
      vertex 0 150 6.6
      vertex 26.1359 70.5517 6.6
    endloop
  endfacet
  facet normal 0 0 1
    outer loop
      vertex 39.2904 79.9949 6.6
      vertex 0 150 6.6
      vertex 38.2887 79.3945 6.6
    endloop
  endfacet
  facet normal 0 0 1
    outer loop
      vertex 40.3461 80.4942 6.6
      vertex 0 150 6.6
      vertex 39.2904 79.9949 6.6
    endloop
  endfacet
  facet normal -0 0 1
    outer loop
      vertex 166.6 88 6.6
      vertex 182.6 44 6.6
      vertex 182.6 88 6.6
    endloop
  endfacet
  facet normal 0 0 1
    outer loop
      vertex 182.6 44 6.6
      vertex 166.6 88 6.6
      vertex 166.6 44 6.6
    endloop
  endfacet
  facet normal -0 0 1
    outer loop
      vertex 166.6 28 6.6
      vertex 182.6 22 6.6
      vertex 182.6 28 6.6
    endloop
  endfacet
  facet normal -0 0 1
    outer loop
      vertex 146.752 68.7359 6.6
      vertex 166.6 44 6.6
      vertex 146.936 69.0983 6.6
    endloop
  endfacet
  facet normal -0 0 1
    outer loop
      vertex 146.464 68.4483 6.6
      vertex 166.6 44 6.6
      vertex 146.752 68.7359 6.6
    endloop
  endfacet
  facet normal -0 0 1
    outer loop
      vertex 146.102 68.2636 6.6
      vertex 166.6 44 6.6
      vertex 146.464 68.4483 6.6
    endloop
  endfacet
  facet normal -0 0 1
    outer loop
      vertex 136.899 61.9507 6.6
      vertex 166.6 44 6.6
      vertex 146.102 68.2636 6.6
    endloop
  endfacet
  facet normal 0 0 1
    outer loop
      vertex 137.594 62.8887 6.6
      vertex 146.102 68.2636 6.6
      vertex 145.7 68.2 6.6
    endloop
  endfacet
  facet normal 0 0 1
    outer loop
      vertex 138.694 64.9461 6.6
      vertex 145.7 68.2 6.6
      vertex 145.298 68.2636 6.6
    endloop
  endfacet
  facet normal 0 0 1
    outer loop
      vertex 139.088 66.0456 6.6
      vertex 145.298 68.2636 6.6
      vertex 144.936 68.4483 6.6
    endloop
  endfacet
  facet normal 0 0 1
    outer loop
      vertex 139.371 67.1784 6.6
      vertex 144.936 68.4483 6.6
      vertex 144.648 68.7359 6.6
    endloop
  endfacet
  facet normal -0 0 1
    outer loop
      vertex 139.6 69.5 6.6
      vertex 144.464 69.0983 6.6
      vertex 144.4 69.5 6.6
    endloop
  endfacet
  facet normal 0 0 1
    outer loop
      vertex 139.543 68.3336 6.6
      vertex 144.464 69.0983 6.6
      vertex 139.6 69.5 6.6
    endloop
  endfacet
  facet normal 0 0 1
    outer loop
      vertex 144.464 69.0983 6.6
      vertex 139.543 68.3336 6.6
      vertex 144.648 68.7359 6.6
    endloop
  endfacet
  facet normal 0 0 1
    outer loop
      vertex 139.371 67.1784 6.6
      vertex 144.648 68.7359 6.6
      vertex 139.543 68.3336 6.6
    endloop
  endfacet
  facet normal 0 0 1
    outer loop
      vertex 144.936 68.4483 6.6
      vertex 139.371 67.1784 6.6
      vertex 139.088 66.0456 6.6
    endloop
  endfacet
  facet normal 0 0 1
    outer loop
      vertex 145.298 68.2636 6.6
      vertex 139.088 66.0456 6.6
      vertex 138.694 64.9461 6.6
    endloop
  endfacet
  facet normal 0 0 1
    outer loop
      vertex 145.7 68.2 6.6
      vertex 138.694 64.9461 6.6
      vertex 138.195 63.8904 6.6
    endloop
  endfacet
  facet normal 0 0 1
    outer loop
      vertex 145.7 68.2 6.6
      vertex 138.195 63.8904 6.6
      vertex 137.594 62.8887 6.6
    endloop
  endfacet
  facet normal 0 0 1
    outer loop
      vertex 146.102 68.2636 6.6
      vertex 137.594 62.8887 6.6
      vertex 136.899 61.9507 6.6
    endloop
  endfacet
  facet normal -0 0 1
    outer loop
      vertex 136.115 61.0854 6.6
      vertex 166.6 44 6.6
      vertex 136.899 61.9507 6.6
    endloop
  endfacet
  facet normal -0 0 1
    outer loop
      vertex 135.249 60.3012 6.6
      vertex 166.6 44 6.6
      vertex 136.115 61.0854 6.6
    endloop
  endfacet
  facet normal -0 0 1
    outer loop
      vertex 134.311 59.6055 6.6
      vertex 166.6 44 6.6
      vertex 135.249 60.3012 6.6
    endloop
  endfacet
  facet normal -0 0 1
    outer loop
      vertex 133.31 59.0051 6.6
      vertex 166.6 44 6.6
      vertex 134.311 59.6055 6.6
    endloop
  endfacet
  facet normal 0 0 1
    outer loop
      vertex 166.6 44 6.6
      vertex 133.31 59.0051 6.6
      vertex 130.7 22 6.6
    endloop
  endfacet
  facet normal 0 0 1
    outer loop
      vertex 130.7 22 6.6
      vertex 133.31 59.0051 6.6
      vertex 132.254 58.5058 6.6
    endloop
  endfacet
  facet normal 0 0 1
    outer loop
      vertex 130.7 22 6.6
      vertex 132.254 58.5058 6.6
      vertex 131.154 58.1124 6.6
    endloop
  endfacet
  facet normal 0 0 1
    outer loop
      vertex 130.7 22 6.6
      vertex 131.154 58.1124 6.6
      vertex 130.7 57.9986 6.6
    endloop
  endfacet
  facet normal 0 0 1
    outer loop
      vertex 166.6 28 6.6
      vertex 130.7 22 6.6
      vertex 182.6 22 6.6
    endloop
  endfacet
  facet normal 0 0 1
    outer loop
      vertex 166.6 44 6.6
      vertex 130.7 22 6.6
      vertex 166.6 28 6.6
    endloop
  endfacet
  facet normal 0 0 1
    outer loop
      vertex 124.246 58.1124 6.6
      vertex 124.7 22 6.6
      vertex 124.7 57.9986 6.6
    endloop
  endfacet
  facet normal 0 0 1
    outer loop
      vertex 123.146 58.5058 6.6
      vertex 124.7 22 6.6
      vertex 124.246 58.1124 6.6
    endloop
  endfacet
  facet normal 0 0 1
    outer loop
      vertex 122.09 59.0051 6.6
      vertex 124.7 22 6.6
      vertex 123.146 58.5058 6.6
    endloop
  endfacet
  facet normal 0 0 1
    outer loop
      vertex 121.089 59.6055 6.6
      vertex 124.7 22 6.6
      vertex 122.09 59.0051 6.6
    endloop
  endfacet
  facet normal 0 0 1
    outer loop
      vertex 120.151 60.3012 6.6
      vertex 124.7 22 6.6
      vertex 121.089 59.6055 6.6
    endloop
  endfacet
  facet normal 0 0 1
    outer loop
      vertex 119.285 61.0854 6.6
      vertex 124.7 22 6.6
      vertex 120.151 60.3012 6.6
    endloop
  endfacet
  facet normal 0 0 1
    outer loop
      vertex 109.298 68.2636 6.6
      vertex 119.285 61.0854 6.6
      vertex 118.501 61.9507 6.6
    endloop
  endfacet
  facet normal 0 0 1
    outer loop
      vertex 109.298 68.2636 6.6
      vertex 118.501 61.9507 6.6
      vertex 117.806 62.8887 6.6
    endloop
  endfacet
  facet normal 0 0 1
    outer loop
      vertex 109.7 68.2 6.6
      vertex 117.806 62.8887 6.6
      vertex 117.205 63.8904 6.6
    endloop
  endfacet
  facet normal 0 0 1
    outer loop
      vertex 109.7 68.2 6.6
      vertex 117.205 63.8904 6.6
      vertex 116.706 64.9461 6.6
    endloop
  endfacet
  facet normal 0 0 1
    outer loop
      vertex 110.102 68.2636 6.6
      vertex 116.706 64.9461 6.6
      vertex 116.312 66.0456 6.6
    endloop
  endfacet
  facet normal 0 0 1
    outer loop
      vertex 110.464 68.4483 6.6
      vertex 116.312 66.0456 6.6
      vertex 116.029 67.1784 6.6
    endloop
  endfacet
  facet normal 0 0 1
    outer loop
      vertex 110.936 69.0983 6.6
      vertex 115.8 69.5 6.6
      vertex 111 69.5 6.6
    endloop
  endfacet
  facet normal 0 0 1
    outer loop
      vertex 115.8 69.5 6.6
      vertex 110.936 69.0983 6.6
      vertex 115.857 68.3336 6.6
    endloop
  endfacet
  facet normal -0 0 1
    outer loop
      vertex 110.752 68.7359 6.6
      vertex 115.857 68.3336 6.6
      vertex 110.936 69.0983 6.6
    endloop
  endfacet
  facet normal 0 0 1
    outer loop
      vertex 115.857 68.3336 6.6
      vertex 110.752 68.7359 6.6
      vertex 116.029 67.1784 6.6
    endloop
  endfacet
  facet normal -0 0 1
    outer loop
      vertex 110.464 68.4483 6.6
      vertex 116.029 67.1784 6.6
      vertex 110.752 68.7359 6.6
    endloop
  endfacet
  facet normal 0 0 1
    outer loop
      vertex 116.312 66.0456 6.6
      vertex 110.464 68.4483 6.6
      vertex 110.102 68.2636 6.6
    endloop
  endfacet
  facet normal 0 0 1
    outer loop
      vertex 116.706 64.9461 6.6
      vertex 110.102 68.2636 6.6
      vertex 109.7 68.2 6.6
    endloop
  endfacet
  facet normal 0 0 1
    outer loop
      vertex 117.806 62.8887 6.6
      vertex 109.7 68.2 6.6
      vertex 109.298 68.2636 6.6
    endloop
  endfacet
  facet normal 0 0 1
    outer loop
      vertex 119.285 61.0854 6.6
      vertex 109.298 68.2636 6.6
      vertex 124.7 22 6.6
    endloop
  endfacet
  facet normal 0 0 1
    outer loop
      vertex 108.936 68.4483 6.6
      vertex 124.7 22 6.6
      vertex 109.298 68.2636 6.6
    endloop
  endfacet
  facet normal 0 0 1
    outer loop
      vertex 63.6641 68.4483 6.6
      vertex 108.936 68.4483 6.6
      vertex 108.648 68.7359 6.6
    endloop
  endfacet
  facet normal 0 0 1
    outer loop
      vertex 63.9517 68.7359 6.6
      vertex 108.648 68.7359 6.6
      vertex 108.464 69.0983 6.6
    endloop
  endfacet
  facet normal -0 0 1
    outer loop
      vertex 64.2 69.5 6.6
      vertex 108.464 69.0983 6.6
      vertex 108.4 69.5 6.6
    endloop
  endfacet
  facet normal 0 0 1
    outer loop
      vertex 64.1364 69.0983 6.6
      vertex 108.464 69.0983 6.6
      vertex 64.2 69.5 6.6
    endloop
  endfacet
  facet normal 0 0 1
    outer loop
      vertex 63.9517 68.7359 6.6
      vertex 108.464 69.0983 6.6
      vertex 64.1364 69.0983 6.6
    endloop
  endfacet
  facet normal 0 0 1
    outer loop
      vertex 108.648 68.7359 6.6
      vertex 63.9517 68.7359 6.6
      vertex 63.6641 68.4483 6.6
    endloop
  endfacet
  facet normal 0 0 1
    outer loop
      vertex 108.936 68.4483 6.6
      vertex 63.6641 68.4483 6.6
      vertex 124.7 22 6.6
    endloop
  endfacet
  facet normal 0 0 1
    outer loop
      vertex 47.9 22 6.6
      vertex 63.6641 68.4483 6.6
      vertex 63.3017 68.2636 6.6
    endloop
  endfacet
  facet normal 0 0 1
    outer loop
      vertex 54.7945 62.8887 6.6
      vertex 63.3017 68.2636 6.6
      vertex 62.9 68.2 6.6
    endloop
  endfacet
  facet normal 0 0 1
    outer loop
      vertex 55.8942 64.9461 6.6
      vertex 62.9 68.2 6.6
      vertex 62.4983 68.2636 6.6
    endloop
  endfacet
  facet normal 0 0 1
    outer loop
      vertex 56.2876 66.0456 6.6
      vertex 62.4983 68.2636 6.6
      vertex 62.1359 68.4483 6.6
    endloop
  endfacet
  facet normal -0 0 1
    outer loop
      vertex 56.8 69.5 6.6
      vertex 61.6636 69.0983 6.6
      vertex 61.6 69.5 6.6
    endloop
  endfacet
  facet normal 0 0 1
    outer loop
      vertex 56.7427 68.3336 6.6
      vertex 61.6636 69.0983 6.6
      vertex 56.8 69.5 6.6
    endloop
  endfacet
  facet normal 0 0 1
    outer loop
      vertex 61.6636 69.0983 6.6
      vertex 56.7427 68.3336 6.6
      vertex 61.8483 68.7359 6.6
    endloop
  endfacet
  facet normal 0 0 1
    outer loop
      vertex 56.5713 67.1784 6.6
      vertex 61.8483 68.7359 6.6
      vertex 56.7427 68.3336 6.6
    endloop
  endfacet
  facet normal 0 0 1
    outer loop
      vertex 61.8483 68.7359 6.6
      vertex 56.5713 67.1784 6.6
      vertex 62.1359 68.4483 6.6
    endloop
  endfacet
  facet normal 0 0 1
    outer loop
      vertex 56.2876 66.0456 6.6
      vertex 62.1359 68.4483 6.6
      vertex 56.5713 67.1784 6.6
    endloop
  endfacet
  facet normal 0 0 1
    outer loop
      vertex 62.4983 68.2636 6.6
      vertex 56.2876 66.0456 6.6
      vertex 55.8942 64.9461 6.6
    endloop
  endfacet
  facet normal 0 0 1
    outer loop
      vertex 62.9 68.2 6.6
      vertex 55.8942 64.9461 6.6
      vertex 55.3949 63.8904 6.6
    endloop
  endfacet
  facet normal 0 0 1
    outer loop
      vertex 62.9 68.2 6.6
      vertex 55.3949 63.8904 6.6
      vertex 54.7945 62.8887 6.6
    endloop
  endfacet
  facet normal 0 0 1
    outer loop
      vertex 63.3017 68.2636 6.6
      vertex 54.7945 62.8887 6.6
      vertex 54.0988 61.9507 6.6
    endloop
  endfacet
  facet normal 0 0 1
    outer loop
      vertex 63.3017 68.2636 6.6
      vertex 54.0988 61.9507 6.6
      vertex 53.3146 61.0854 6.6
    endloop
  endfacet
  facet normal 0 0 1
    outer loop
      vertex 63.3017 68.2636 6.6
      vertex 53.3146 61.0854 6.6
      vertex 47.9 22 6.6
    endloop
  endfacet
  facet normal 0 0 1
    outer loop
      vertex 47.9 22 6.6
      vertex 53.3146 61.0854 6.6
      vertex 52.4493 60.3012 6.6
    endloop
  endfacet
  facet normal 0 0 1
    outer loop
      vertex 47.9 22 6.6
      vertex 52.4493 60.3012 6.6
      vertex 51.5113 59.6055 6.6
    endloop
  endfacet
  facet normal 0 0 1
    outer loop
      vertex 47.9 22 6.6
      vertex 51.5113 59.6055 6.6
      vertex 50.5096 59.0051 6.6
    endloop
  endfacet
  facet normal 0 0 1
    outer loop
      vertex 47.9 22 6.6
      vertex 50.5096 59.0051 6.6
      vertex 49.4539 58.5058 6.6
    endloop
  endfacet
  facet normal 0 0 1
    outer loop
      vertex 47.9 22 6.6
      vertex 49.4539 58.5058 6.6
      vertex 48.3544 58.1124 6.6
    endloop
  endfacet
  facet normal 0 0 1
    outer loop
      vertex 47.9 22 6.6
      vertex 48.3544 58.1124 6.6
      vertex 47.9 57.9986 6.6
    endloop
  endfacet
  facet normal 0 0 1
    outer loop
      vertex 63.6641 68.4483 6.6
      vertex 47.9 22 6.6
      vertex 124.7 22 6.6
    endloop
  endfacet
  facet normal 0 0 1
    outer loop
      vertex 41.4456 58.1124 6.6
      vertex 41.9 22 6.6
      vertex 41.9 57.9986 6.6
    endloop
  endfacet
  facet normal 0 0 1
    outer loop
      vertex 40.3461 58.5058 6.6
      vertex 41.9 22 6.6
      vertex 41.4456 58.1124 6.6
    endloop
  endfacet
  facet normal 0 0 1
    outer loop
      vertex 39.2904 59.0051 6.6
      vertex 41.9 22 6.6
      vertex 40.3461 58.5058 6.6
    endloop
  endfacet
  facet normal 0 0 1
    outer loop
      vertex 38.2887 59.6055 6.6
      vertex 41.9 22 6.6
      vertex 39.2904 59.0051 6.6
    endloop
  endfacet
  facet normal 0 0 1
    outer loop
      vertex 37.3507 60.3012 6.6
      vertex 41.9 22 6.6
      vertex 38.2887 59.6055 6.6
    endloop
  endfacet
  facet normal 0 0 1
    outer loop
      vertex 0 22 6.6
      vertex 37.3507 60.3012 6.6
      vertex 36.4854 61.0854 6.6
    endloop
  endfacet
  facet normal 0 0 1
    outer loop
      vertex 0 22 6.6
      vertex 36.4854 61.0854 6.6
      vertex 35.7012 61.9507 6.6
    endloop
  endfacet
  facet normal 0 0 1
    outer loop
      vertex 26.4983 68.2636 6.6
      vertex 35.7012 61.9507 6.6
      vertex 35.0055 62.8887 6.6
    endloop
  endfacet
  facet normal 0 0 1
    outer loop
      vertex 26.9 68.2 6.6
      vertex 35.0055 62.8887 6.6
      vertex 34.4051 63.8904 6.6
    endloop
  endfacet
  facet normal 0 0 1
    outer loop
      vertex 26.9 68.2 6.6
      vertex 34.4051 63.8904 6.6
      vertex 33.9058 64.9461 6.6
    endloop
  endfacet
  facet normal 0 0 1
    outer loop
      vertex 27.3017 68.2636 6.6
      vertex 33.9058 64.9461 6.6
      vertex 33.5124 66.0456 6.6
    endloop
  endfacet
  facet normal 0 0 1
    outer loop
      vertex 27.6641 68.4483 6.6
      vertex 33.5124 66.0456 6.6
      vertex 33.2287 67.1784 6.6
    endloop
  endfacet
  facet normal 0 0 1
    outer loop
      vertex 28.1364 69.0983 6.6
      vertex 33 69.5 6.6
      vertex 28.2 69.5 6.6
    endloop
  endfacet
  facet normal 0 0 1
    outer loop
      vertex 33 69.5 6.6
      vertex 28.1364 69.0983 6.6
      vertex 33.0573 68.3336 6.6
    endloop
  endfacet
  facet normal -0 0 1
    outer loop
      vertex 27.9517 68.7359 6.6
      vertex 33.0573 68.3336 6.6
      vertex 28.1364 69.0983 6.6
    endloop
  endfacet
  facet normal 0 0 1
    outer loop
      vertex 33.0573 68.3336 6.6
      vertex 27.9517 68.7359 6.6
      vertex 33.2287 67.1784 6.6
    endloop
  endfacet
  facet normal -0 0 1
    outer loop
      vertex 27.6641 68.4483 6.6
      vertex 33.2287 67.1784 6.6
      vertex 27.9517 68.7359 6.6
    endloop
  endfacet
  facet normal 0 0 1
    outer loop
      vertex 33.5124 66.0456 6.6
      vertex 27.6641 68.4483 6.6
      vertex 27.3017 68.2636 6.6
    endloop
  endfacet
  facet normal 0 0 1
    outer loop
      vertex 33.9058 64.9461 6.6
      vertex 27.3017 68.2636 6.6
      vertex 26.9 68.2 6.6
    endloop
  endfacet
  facet normal 0 0 1
    outer loop
      vertex 35.0055 62.8887 6.6
      vertex 26.9 68.2 6.6
      vertex 26.4983 68.2636 6.6
    endloop
  endfacet
  facet normal 0 0 1
    outer loop
      vertex 35.7012 61.9507 6.6
      vertex 26.4983 68.2636 6.6
      vertex 0 22 6.6
    endloop
  endfacet
  facet normal 0 0 1
    outer loop
      vertex 0 22 6.6
      vertex 26.4983 68.2636 6.6
      vertex 26.1359 68.4483 6.6
    endloop
  endfacet
  facet normal 0 0 1
    outer loop
      vertex 0 22 6.6
      vertex 26.1359 68.4483 6.6
      vertex 25.8483 68.7359 6.6
    endloop
  endfacet
  facet normal 0 0 1
    outer loop
      vertex 0 22 6.6
      vertex 25.8483 68.7359 6.6
      vertex 25.6636 69.0983 6.6
    endloop
  endfacet
  facet normal 0 0 1
    outer loop
      vertex 25.6636 69.9017 6.6
      vertex 0 22 6.6
      vertex 25.6 69.5 6.6
    endloop
  endfacet
  facet normal 0 0 1
    outer loop
      vertex 37.3507 60.3012 6.6
      vertex 0 22 6.6
      vertex 41.9 22 6.6
    endloop
  endfacet
  facet normal 0 0 1
    outer loop
      vertex 25.6 69.5 6.6
      vertex 0 22 6.6
      vertex 25.6636 69.0983 6.6
    endloop
  endfacet
  facet normal -0 0 1
    outer loop
      vertex 0 16 6.6
      vertex 182.6 0 6.6
      vertex 182.6 16 6.6
    endloop
  endfacet
  facet normal 0 0 1
    outer loop
      vertex 182.6 0 6.6
      vertex 0 16 6.6
      vertex 0 0 6.6
    endloop
  endfacet
  facet normal 0 0 -1
    outer loop
      vertex 166.5 0 0
      vertex 163.4 6 0
      vertex 166.5 150 0
    endloop
  endfacet
  facet normal 0 0 -1
    outer loop
      vertex 166.5 0 0
      vertex 92 6 0
      vertex 163.4 6 0
    endloop
  endfacet
  facet normal 0 0 -1
    outer loop
      vertex 92 6 0
      vertex 80.6 6 0
      vertex 92 149 0
    endloop
  endfacet
  facet normal 0 0 -1
    outer loop
      vertex 166.5 0 0
      vertex 80.6 6 0
      vertex 92 6 0
    endloop
  endfacet
  facet normal 0 0 -1
    outer loop
      vertex 0 0 0
      vertex 80.6 6 0
      vertex 166.5 0 0
    endloop
  endfacet
  facet normal 0 0 -1
    outer loop
      vertex 0 150 0
      vertex 9.2 6 0
      vertex 0 0 0
    endloop
  endfacet
  facet normal -0 0 -1
    outer loop
      vertex 80.6 6 0
      vertex 0 0 0
      vertex 9.2 6 0
    endloop
  endfacet
  facet normal 0 0 -1
    outer loop
      vertex 163.4 149 0
      vertex 166.5 150 0
      vertex 163.4 6 0
    endloop
  endfacet
  facet normal 0 0 -1
    outer loop
      vertex 92 149 0
      vertex 166.5 150 0
      vertex 163.4 149 0
    endloop
  endfacet
  facet normal 0 0 -1
    outer loop
      vertex 80.6 149 0
      vertex 92 149 0
      vertex 80.6 6 0
    endloop
  endfacet
  facet normal 0 0 -1
    outer loop
      vertex 80.6 149 0
      vertex 166.5 150 0
      vertex 92 149 0
    endloop
  endfacet
  facet normal 0 0 -1
    outer loop
      vertex 0 150 0
      vertex 80.6 149 0
      vertex 9.2 149 0
    endloop
  endfacet
  facet normal 0 0 -1
    outer loop
      vertex 80.6 149 0
      vertex 0 150 0
      vertex 166.5 150 0
    endloop
  endfacet
  facet normal 0 0 -1
    outer loop
      vertex 9.2 6 0
      vertex 0 150 0
      vertex 9.2 149 0
    endloop
  endfacet
  facet normal -1 0 0
    outer loop
      vertex 0 150 0
      vertex 0 22 4.3
      vertex 0 150 6.6
    endloop
  endfacet
  facet normal -1 0 0
    outer loop
      vertex 0 0 0
      vertex 0 22 4.3
      vertex 0 150 0
    endloop
  endfacet
  facet normal -1 -0 0
    outer loop
      vertex 0 22 4.3
      vertex 0 0 0
      vertex 0 16 4.3
    endloop
  endfacet
  facet normal -1 0 0
    outer loop
      vertex 0 0 6.6
      vertex 0 16 4.3
      vertex 0 0 0
    endloop
  endfacet
  facet normal -1 0 0
    outer loop
      vertex 0 16 4.3
      vertex 0 0 6.6
      vertex 0 16 6.6
    endloop
  endfacet
  facet normal -1 -0 0
    outer loop
      vertex 0 150 6.6
      vertex 0 22 4.3
      vertex 0 22 6.6
    endloop
  endfacet
  facet normal 0 1 0
    outer loop
      vertex 127.73 150 1.57966
      vertex 128.335 150 2.37422
      vertex 128.357 150 2.20356
    endloop
  endfacet
  facet normal 0 1 0
    outer loop
      vertex 128.335 150 2.37422
      vertex 127.099 150 2.03646
      vertex 127.055 150 2.23745
    endloop
  endfacet
  facet normal 0 1 0
    outer loop
      vertex 128.335 150 2.37422
      vertex 127.73 150 1.57966
      vertex 127.099 150 2.03646
    endloop
  endfacet
  facet normal 0 1 0
    outer loop
      vertex 127.73 150 1.57966
      vertex 128.357 150 2.20356
      vertex 128.287 150 1.85695
    endloop
  endfacet
  facet normal 0 1 0
    outer loop
      vertex 127.099 150 2.03646
      vertex 127.73 150 1.57966
      vertex 127.169 150 1.87201
    endloop
  endfacet
  facet normal -0 1 -0
    outer loop
      vertex 127.542 150 1.59793
      vertex 127.169 150 1.87201
      vertex 127.73 150 1.57966
    endloop
  endfacet
  facet normal 0 1 0
    outer loop
      vertex 127.73 150 1.57966
      vertex 128.287 150 1.85695
      vertex 128.078 150 1.64898
    endloop
  endfacet
  facet normal 0 1 0
    outer loop
      vertex 127.169 150 1.87201
      vertex 127.542 150 1.59793
      vertex 127.264 150 1.74411
    endloop
  endfacet
  facet normal 0 1 0
    outer loop
      vertex 127.264 150 1.74411
      vertex 127.542 150 1.59793
      vertex 127.387 150 1.65275
    endloop
  endfacet
  facet normal 0 1 0
    outer loop
      vertex 44.6349 150 4.92416
      vertex 43.4889 150 2.38122
      vertex 43.4516 150 4.92416
    endloop
  endfacet
  facet normal -0 1 0
    outer loop
      vertex 43.4889 150 2.38122
      vertex 44.6349 150 4.92416
      vertex 44.6349 150 1.66577
    endloop
  endfacet
  facet normal 0 1 -0
    outer loop
      vertex 126.055 150 5.0076
      vertex 46.6828 150 5.63281
      vertex 126.055 150 5.66874
    endloop
  endfacet
  facet normal 0 1 0
    outer loop
      vertex 126.055 150 5.0076
      vertex 46.6828 150 4.92416
      vertex 46.6828 150 5.63281
    endloop
  endfacet
  facet normal 0 1 -0
    outer loop
      vertex 126.096 150 2.18321
      vertex 126.055 150 5.0076
      vertex 126.197 150 4.73632
    endloop
  endfacet
  facet normal 0 1 0
    outer loop
      vertex 126.055 150 5.0076
      vertex 126.096 150 2.18321
      vertex 46.6828 150 4.92416
    endloop
  endfacet
  facet normal 0 1 0
    outer loop
      vertex 126.096 150 2.18321
      vertex 126.197 150 4.73632
      vertex 126.374 150 4.46959
    endloop
  endfacet
  facet normal 0 1 0
    outer loop
      vertex 126.096 150 2.18321
      vertex 126.374 150 4.46959
      vertex 126.586 150 4.20739
    endloop
  endfacet
  facet normal 0 1 0
    outer loop
      vertex 126.096 150 2.18321
      vertex 126.586 150 4.20739
      vertex 126.835 150 3.94366
    endloop
  endfacet
  facet normal 0 1 0
    outer loop
      vertex 126.096 150 2.18321
      vertex 126.835 150 3.94366
      vertex 127.124 150 3.67242
    endloop
  endfacet
  facet normal 0 1 0
    outer loop
      vertex 127.055 150 2.23745
      vertex 127.124 150 3.67242
      vertex 127.452 150 3.39364
    endloop
  endfacet
  facet normal 0 1 0
    outer loop
      vertex 127.055 150 2.23745
      vertex 127.452 150 3.39364
      vertex 127.753 150 3.13823
    endloop
  endfacet
  facet normal 0 1 0
    outer loop
      vertex 127.055 150 2.23745
      vertex 127.753 150 3.13823
      vertex 127.988 150 2.91444
    endloop
  endfacet
  facet normal 0 1 0
    outer loop
      vertex 127.055 150 2.23745
      vertex 127.988 150 2.91444
      vertex 128.155 150 2.7223
    endloop
  endfacet
  facet normal 0 1 0
    outer loop
      vertex 127.055 150 2.23745
      vertex 128.155 150 2.7223
      vertex 128.267 150 2.54713
    endloop
  endfacet
  facet normal 0 1 0
    outer loop
      vertex 127.055 150 2.23745
      vertex 128.267 150 2.54713
      vertex 128.335 150 2.37422
    endloop
  endfacet
  facet normal 0 1 0
    outer loop
      vertex 127.124 150 3.67242
      vertex 127.055 150 2.23745
      vertex 126.096 150 2.18321
    endloop
  endfacet
  facet normal 0 1 0
    outer loop
      vertex 126.187 150 1.77519
      vertex 46.6828 150 4.92416
      vertex 126.096 150 2.18321
    endloop
  endfacet
  facet normal 0 1 0
    outer loop
      vertex 46.6828 150 4.92416
      vertex 126.187 150 1.77519
      vertex 45.5877 150 0.855419
    endloop
  endfacet
  facet normal 0 1 0
    outer loop
      vertex 45.5877 150 0.855419
      vertex 126.187 150 1.77519
      vertex 126.353 150 1.43725
    endloop
  endfacet
  facet normal 0 1 0
    outer loop
      vertex 45.5877 150 0.855419
      vertex 126.353 150 1.43725
      vertex 126.592 150 1.1694
    endloop
  endfacet
  facet normal 0 1 0
    outer loop
      vertex 45.5877 150 0.855419
      vertex 126.592 150 1.1694
      vertex 126.903 150 0.975384
    endloop
  endfacet
  facet normal 0 1 0
    outer loop
      vertex 45.5877 150 0.855419
      vertex 126.903 150 0.975384
      vertex 127.279 150 0.858959
    endloop
  endfacet
  facet normal 0 1 0
    outer loop
      vertex 46.6828 150 4.92416
      vertex 45.5877 150 0.855419
      vertex 45.5877 150 4.92416
    endloop
  endfacet
  facet normal 0 1 0
    outer loop
      vertex 166.5 150 0
      vertex 45.5877 150 0.855419
      vertex 127.723 150 0.820156
    endloop
  endfacet
  facet normal 0 1 0
    outer loop
      vertex 127.723 150 0.820156
      vertex 45.5877 150 0.855419
      vertex 127.279 150 0.858959
    endloop
  endfacet
  facet normal 0 1 0
    outer loop
      vertex 126.055 150 5.66874
      vertex 182.6 150 6.6
      vertex 129.398 150 5.66874
    endloop
  endfacet
  facet normal 0 1 -0
    outer loop
      vertex 166.5 150 2.4
      vertex 129.398 150 5.66874
      vertex 182.6 150 6.6
    endloop
  endfacet
  facet normal 0 1 0
    outer loop
      vertex 129.398 150 4.88549
      vertex 127.255 150 4.74157
      vertex 127.181 150 4.88549
    endloop
  endfacet
  facet normal 0 1 0
    outer loop
      vertex 129.398 150 5.66874
      vertex 166.5 150 2.4
      vertex 129.398 150 4.88549
    endloop
  endfacet
  facet normal 0 1 0
    outer loop
      vertex 129.323 150 2.16285
      vertex 129.398 150 4.88549
      vertex 166.5 150 2.4
    endloop
  endfacet
  facet normal -0 1 0
    outer loop
      vertex 128.393 150 3.69879
      vertex 129.398 150 4.88549
      vertex 128.556 150 3.56222
    endloop
  endfacet
  facet normal -0 1 0
    outer loop
      vertex 128.063 150 3.96101
      vertex 129.398 150 4.88549
      vertex 128.226 150 3.83104
    endloop
  endfacet
  facet normal -0 1 0
    outer loop
      vertex 127.903 150 4.08874
      vertex 129.398 150 4.88549
      vertex 128.063 150 3.96101
    endloop
  endfacet
  facet normal -0 1 0
    outer loop
      vertex 127.605 150 4.34338
      vertex 129.398 150 4.88549
      vertex 127.749 150 4.21568
    endloop
  endfacet
  facet normal 0 1 0
    outer loop
      vertex 129.398 150 4.88549
      vertex 127.352 150 4.60369
      vertex 127.255 150 4.74157
    endloop
  endfacet
  facet normal -0 1 0
    outer loop
      vertex 127.352 150 4.60369
      vertex 129.398 150 4.88549
      vertex 127.47 150 4.47184
    endloop
  endfacet
  facet normal -0 1 0
    outer loop
      vertex 127.47 150 4.47184
      vertex 129.398 150 4.88549
      vertex 127.605 150 4.34338
    endloop
  endfacet
  facet normal -0 1 0
    outer loop
      vertex 127.749 150 4.21568
      vertex 129.398 150 4.88549
      vertex 127.903 150 4.08874
    endloop
  endfacet
  facet normal -0 1 0
    outer loop
      vertex 128.226 150 3.83104
      vertex 129.398 150 4.88549
      vertex 128.393 150 3.69879
    endloop
  endfacet
  facet normal 0 1 0
    outer loop
      vertex 129.398 150 4.88549
      vertex 128.709 150 3.41926
      vertex 128.556 150 3.56222
    endloop
  endfacet
  facet normal 0 1 0
    outer loop
      vertex 129.398 150 4.88549
      vertex 128.852 150 3.26991
      vertex 128.709 150 3.41926
    endloop
  endfacet
  facet normal 0 1 0
    outer loop
      vertex 129.398 150 4.88549
      vertex 128.982 150 3.11261
      vertex 128.852 150 3.26991
    endloop
  endfacet
  facet normal 0 1 0
    outer loop
      vertex 129.398 150 4.88549
      vertex 129.095 150 2.94589
      vertex 128.982 150 3.11261
    endloop
  endfacet
  facet normal 0 1 0
    outer loop
      vertex 129.398 150 4.88549
      vertex 129.191 150 2.76976
      vertex 129.095 150 2.94589
    endloop
  endfacet
  facet normal 0 1 0
    outer loop
      vertex 166.5 150 2.4
      vertex 182.6 150 6.6
      vertex 182.6 150 2.4
    endloop
  endfacet
  facet normal 0 1 0
    outer loop
      vertex 129.398 150 4.88549
      vertex 129.265 150 2.58177
      vertex 129.191 150 2.76976
    endloop
  endfacet
  facet normal 0 1 0
    outer loop
      vertex 129.398 150 4.88549
      vertex 129.309 150 2.37947
      vertex 129.265 150 2.58177
    endloop
  endfacet
  facet normal 0 1 0
    outer loop
      vertex 129.398 150 4.88549
      vertex 129.323 150 2.16285
      vertex 129.309 150 2.37947
    endloop
  endfacet
  facet normal 0 1 -0
    outer loop
      vertex 166.5 150 0
      vertex 129.323 150 2.16285
      vertex 166.5 150 2.4
    endloop
  endfacet
  facet normal 0 1 0
    outer loop
      vertex 129.323 150 2.16285
      vertex 166.5 150 0
      vertex 129.278 150 1.76954
    endloop
  endfacet
  facet normal 0 1 0
    outer loop
      vertex 129.278 150 1.76954
      vertex 166.5 150 0
      vertex 129.14 150 1.43953
    endloop
  endfacet
  facet normal 0 1 0
    outer loop
      vertex 129.14 150 1.43953
      vertex 166.5 150 0
      vertex 128.91 150 1.1728
    endloop
  endfacet
  facet normal 0 1 0
    outer loop
      vertex 128.91 150 1.1728
      vertex 166.5 150 0
      vertex 128.594 150 0.976894
    endloop
  endfacet
  facet normal 0 1 0
    outer loop
      vertex 128.594 150 0.976894
      vertex 166.5 150 0
      vertex 128.199 150 0.859341
    endloop
  endfacet
  facet normal 0 1 0
    outer loop
      vertex 128.199 150 0.859341
      vertex 166.5 150 0
      vertex 127.723 150 0.820156
    endloop
  endfacet
  facet normal 0 1 0
    outer loop
      vertex 182.6 150 6.6
      vertex 126.055 150 5.66874
      vertex 0 150 6.6
    endloop
  endfacet
  facet normal 0 1 -0
    outer loop
      vertex 46.6828 150 5.63281
      vertex 0 150 6.6
      vertex 126.055 150 5.66874
    endloop
  endfacet
  facet normal 0 1 -0
    outer loop
      vertex 43.4516 150 5.63281
      vertex 0 150 6.6
      vertex 46.6828 150 5.63281
    endloop
  endfacet
  facet normal 0 1 -0
    outer loop
      vertex 43.4516 150 4.92416
      vertex 0 150 6.6
      vertex 43.4516 150 5.63281
    endloop
  endfacet
  facet normal 0 1 0
    outer loop
      vertex 43.4889 150 2.38122
      vertex 0 150 6.6
      vertex 43.4516 150 4.92416
    endloop
  endfacet
  facet normal 0 1 0
    outer loop
      vertex 0 150 0
      vertex 43.4889 150 2.38122
      vertex 43.4889 150 1.63186
    endloop
  endfacet
  facet normal 0 1 0
    outer loop
      vertex 0 150 0
      vertex 43.4889 150 1.63186
      vertex 44.6858 150 0.855419
    endloop
  endfacet
  facet normal 0 1 0
    outer loop
      vertex 0 150 0
      vertex 45.5877 150 0.855419
      vertex 166.5 150 0
    endloop
  endfacet
  facet normal 0 1 0
    outer loop
      vertex 43.4889 150 2.38122
      vertex 0 150 0
      vertex 0 150 6.6
    endloop
  endfacet
  facet normal 0 1 0
    outer loop
      vertex 45.5877 150 0.855419
      vertex 0 150 0
      vertex 44.6858 150 0.855419
    endloop
  endfacet
  facet normal 0 -1 0
    outer loop
      vertex 0 0 6.6
      vertex 166.5 0 2.4
      vertex 182.6 0 6.6
    endloop
  endfacet
  facet normal 0 -1 0
    outer loop
      vertex 0 0 0
      vertex 166.5 0 2.4
      vertex 0 0 6.6
    endloop
  endfacet
  facet normal 0 -1 -0
    outer loop
      vertex 166.5 0 2.4
      vertex 0 0 0
      vertex 166.5 0 0
    endloop
  endfacet
  facet normal 0 -1 -0
    outer loop
      vertex 182.6 0 6.6
      vertex 166.5 0 2.4
      vertex 182.6 0 2.4
    endloop
  endfacet
  facet normal -1 0 0
    outer loop
      vertex 80.6 149 0
      vertex 80.6 141 1
      vertex 80.6 149 1
    endloop
  endfacet
  facet normal -1 0 0
    outer loop
      vertex 80.6 6 0
      vertex 80.6 141 1
      vertex 80.6 149 0
    endloop
  endfacet
  facet normal -1 -0 0
    outer loop
      vertex 80.6 141 1
      vertex 80.6 6 0
      vertex 80.6 6 1
    endloop
  endfacet
  facet normal 0 0 -1
    outer loop
      vertex 9.2 141 1
      vertex 80.6 149 1
      vertex 80.6 141 1
    endloop
  endfacet
  facet normal -0 0 -1
    outer loop
      vertex 80.6 149 1
      vertex 9.2 141 1
      vertex 9.2 149 1
    endloop
  endfacet
  facet normal -0 0 1
    outer loop
      vertex 6 141 1
      vertex 9.2 6 1
      vertex 9.2 141 1
    endloop
  endfacet
  facet normal 0 0 1
    outer loop
      vertex 9.2 6 1
      vertex 6 141 1
      vertex 6 6 1
    endloop
  endfacet
  facet normal -0 0 1
    outer loop
      vertex 80.6 141 1
      vertex 83.8 6 1
      vertex 83.8 141 1
    endloop
  endfacet
  facet normal 0 0 1
    outer loop
      vertex 83.8 6 1
      vertex 80.6 141 1
      vertex 80.6 6 1
    endloop
  endfacet
  facet normal 1 -0 0
    outer loop
      vertex 9.2 141 1
      vertex 9.2 149 0
      vertex 9.2 149 1
    endloop
  endfacet
  facet normal 1 0 0
    outer loop
      vertex 9.2 6 0
      vertex 9.2 141 1
      vertex 9.2 6 1
    endloop
  endfacet
  facet normal 1 0 0
    outer loop
      vertex 9.2 141 1
      vertex 9.2 6 0
      vertex 9.2 149 0
    endloop
  endfacet
  facet normal 0 -1 0
    outer loop
      vertex 9.2 149 0
      vertex 80.6 149 1
      vertex 9.2 149 1
    endloop
  endfacet
  facet normal 0 -1 -0
    outer loop
      vertex 80.6 149 1
      vertex 9.2 149 0
      vertex 80.6 149 0
    endloop
  endfacet
  facet normal 0 1 -0
    outer loop
      vertex 80.6 6 0
      vertex 9.2 6 1
      vertex 80.6 6 1
    endloop
  endfacet
  facet normal 0 1 0
    outer loop
      vertex 9.2 6 1
      vertex 80.6 6 0
      vertex 9.2 6 0
    endloop
  endfacet
  facet normal 0 1 0
    outer loop
      vertex 80.6 6 1
      vertex 83.8 6 2.8
      vertex 83.8 6 1
    endloop
  endfacet
  facet normal 0 1 0
    outer loop
      vertex 83.8 6 2.8
      vertex 80.6 6 1
      vertex 6 6 2.8
    endloop
  endfacet
  facet normal 0 1 -0
    outer loop
      vertex 9.2 6 1
      vertex 6 6 2.8
      vertex 80.6 6 1
    endloop
  endfacet
  facet normal 0 1 0
    outer loop
      vertex 6 6 2.8
      vertex 9.2 6 1
      vertex 6 6 1
    endloop
  endfacet
  facet normal -1 0 0
    outer loop
      vertex 83.8 6 1
      vertex 83.8 141 2.8
      vertex 83.8 141 1
    endloop
  endfacet
  facet normal -1 -0 0
    outer loop
      vertex 83.8 141 2.8
      vertex 83.8 6 1
      vertex 83.8 6 2.8
    endloop
  endfacet
  facet normal 0 0 -1
    outer loop
      vertex 83.8 6 2.8
      vertex 64.2 69.5 2.8
      vertex 83.8 141 2.8
    endloop
  endfacet
  facet normal 0 0 -1
    outer loop
      vertex 83.8 6 2.8
      vertex 64.1364 69.0983 2.8
      vertex 64.2 69.5 2.8
    endloop
  endfacet
  facet normal 0 0 -1
    outer loop
      vertex 83.8 6 2.8
      vertex 63.9517 68.7359 2.8
      vertex 64.1364 69.0983 2.8
    endloop
  endfacet
  facet normal 0 0 -1
    outer loop
      vertex 83.8 6 2.8
      vertex 63.6641 68.4483 2.8
      vertex 63.9517 68.7359 2.8
    endloop
  endfacet
  facet normal 0 0 -1
    outer loop
      vertex 83.8 6 2.8
      vertex 63.3017 68.2636 2.8
      vertex 63.6641 68.4483 2.8
    endloop
  endfacet
  facet normal 0 0 -1
    outer loop
      vertex 83.8 6 2.8
      vertex 62.9 68.2 2.8
      vertex 63.3017 68.2636 2.8
    endloop
  endfacet
  facet normal 0 0 -1
    outer loop
      vertex 46.8134 64.8806 2.8
      vertex 62.9 68.2 2.8
      vertex 83.8 6 2.8
    endloop
  endfacet
  facet normal 0 -0 -1
    outer loop
      vertex 47.4 65.1699 2.8
      vertex 62.9 68.2 2.8
      vertex 46.8134 64.8806 2.8
    endloop
  endfacet
  facet normal -0 0 -1
    outer loop
      vertex 62.9 68.2 2.8
      vertex 47.4 65.1699 2.8
      vertex 62.4983 68.2636 2.8
    endloop
  endfacet
  facet normal 0 -0 -1
    outer loop
      vertex 48.4355 65.9645 2.8
      vertex 62.4983 68.2636 2.8
      vertex 47.9438 65.5332 2.8
    endloop
  endfacet
  facet normal 0 0 -1
    outer loop
      vertex 49.8572 68.8474 2.8
      vertex 61.6 69.5 2.8
      vertex 61.6636 69.0983 2.8
    endloop
  endfacet
  facet normal -0 0 -1
    outer loop
      vertex 62.4983 68.2636 2.8
      vertex 48.4355 65.9645 2.8
      vertex 62.1359 68.4483 2.8
    endloop
  endfacet
  facet normal -0 0 -1
    outer loop
      vertex 61.6 69.5 2.8
      vertex 49.8572 68.8474 2.8
      vertex 49.9 69.5 2.8
    endloop
  endfacet
  facet normal 0 0 -1
    outer loop
      vertex 61.6636 69.0983 2.8
      vertex 49.7296 68.2059 2.8
      vertex 49.8572 68.8474 2.8
    endloop
  endfacet
  facet normal -0 0 -1
    outer loop
      vertex 61.8483 68.7359 2.8
      vertex 49.7296 68.2059 2.8
      vertex 61.6636 69.0983 2.8
    endloop
  endfacet
  facet normal 0 -0 -1
    outer loop
      vertex 49.7296 68.2059 2.8
      vertex 61.8483 68.7359 2.8
      vertex 49.5194 67.5866 2.8
    endloop
  endfacet
  facet normal 0 -0 -1
    outer loop
      vertex 49.5194 67.5866 2.8
      vertex 61.8483 68.7359 2.8
      vertex 49.2301 67 2.8
    endloop
  endfacet
  facet normal -0 0 -1
    outer loop
      vertex 62.1359 68.4483 2.8
      vertex 49.2301 67 2.8
      vertex 61.8483 68.7359 2.8
    endloop
  endfacet
  facet normal 0 -0 -1
    outer loop
      vertex 49.2301 67 2.8
      vertex 62.1359 68.4483 2.8
      vertex 48.8668 66.4562 2.8
    endloop
  endfacet
  facet normal 0 -0 -1
    outer loop
      vertex 48.8668 66.4562 2.8
      vertex 62.1359 68.4483 2.8
      vertex 48.4355 65.9645 2.8
    endloop
  endfacet
  facet normal 0 -0 -1
    outer loop
      vertex 47.9438 65.5332 2.8
      vertex 62.4983 68.2636 2.8
      vertex 47.4 65.1699 2.8
    endloop
  endfacet
  facet normal 0 0 -1
    outer loop
      vertex 83.8 6 2.8
      vertex 46.1941 64.6704 2.8
      vertex 46.8134 64.8806 2.8
    endloop
  endfacet
  facet normal 0 0 -1
    outer loop
      vertex 83.8 6 2.8
      vertex 45.5526 64.5428 2.8
      vertex 46.1941 64.6704 2.8
    endloop
  endfacet
  facet normal 0 0 -1
    outer loop
      vertex 83.8 6 2.8
      vertex 44.9 64.5 2.8
      vertex 45.5526 64.5428 2.8
    endloop
  endfacet
  facet normal 0 0 -1
    outer loop
      vertex 6 6 2.8
      vertex 44.9 64.5 2.8
      vertex 83.8 6 2.8
    endloop
  endfacet
  facet normal -0 0 -1
    outer loop
      vertex 44.9 64.5 2.8
      vertex 6 6 2.8
      vertex 44.2474 64.5428 2.8
    endloop
  endfacet
  facet normal -0 0 -1
    outer loop
      vertex 44.2474 64.5428 2.8
      vertex 6 6 2.8
      vertex 43.6059 64.6704 2.8
    endloop
  endfacet
  facet normal -0 0 -1
    outer loop
      vertex 43.6059 64.6704 2.8
      vertex 6 6 2.8
      vertex 42.9866 64.8806 2.8
    endloop
  endfacet
  facet normal 0 -0 -1
    outer loop
      vertex 26.9 68.2 2.8
      vertex 42.9866 64.8806 2.8
      vertex 6 6 2.8
    endloop
  endfacet
  facet normal 0 0 -1
    outer loop
      vertex 42.9866 64.8806 2.8
      vertex 26.9 68.2 2.8
      vertex 42.4 65.1699 2.8
    endloop
  endfacet
  facet normal 0 -0 -1
    outer loop
      vertex 27.3017 68.2636 2.8
      vertex 42.4 65.1699 2.8
      vertex 26.9 68.2 2.8
    endloop
  endfacet
  facet normal 0 0 -1
    outer loop
      vertex 39.9428 68.8474 2.8
      vertex 28.2 69.5 2.8
      vertex 39.9 69.5 2.8
    endloop
  endfacet
  facet normal 0 0 -1
    outer loop
      vertex 28.1364 69.0983 2.8
      vertex 39.9428 68.8474 2.8
      vertex 40.0704 68.2059 2.8
    endloop
  endfacet
  facet normal 0 0 -1
    outer loop
      vertex 27.9517 68.7359 2.8
      vertex 40.0704 68.2059 2.8
      vertex 40.2806 67.5866 2.8
    endloop
  endfacet
  facet normal 0 0 -1
    outer loop
      vertex 27.9517 68.7359 2.8
      vertex 40.2806 67.5866 2.8
      vertex 40.5699 67 2.8
    endloop
  endfacet
  facet normal 0 0 -1
    outer loop
      vertex 27.6641 68.4483 2.8
      vertex 40.5699 67 2.8
      vertex 40.9332 66.4562 2.8
    endloop
  endfacet
  facet normal 0 0 -1
    outer loop
      vertex 42.4 65.1699 2.8
      vertex 27.3017 68.2636 2.8
      vertex 41.8562 65.5332 2.8
    endloop
  endfacet
  facet normal 0 0 -1
    outer loop
      vertex 39.9428 68.8474 2.8
      vertex 28.1364 69.0983 2.8
      vertex 28.2 69.5 2.8
    endloop
  endfacet
  facet normal 0 0 -1
    outer loop
      vertex 40.0704 68.2059 2.8
      vertex 27.9517 68.7359 2.8
      vertex 28.1364 69.0983 2.8
    endloop
  endfacet
  facet normal 0 0 -1
    outer loop
      vertex 40.5699 67 2.8
      vertex 27.6641 68.4483 2.8
      vertex 27.9517 68.7359 2.8
    endloop
  endfacet
  facet normal 0 0 -1
    outer loop
      vertex 41.3645 65.9645 2.8
      vertex 27.6641 68.4483 2.8
      vertex 40.9332 66.4562 2.8
    endloop
  endfacet
  facet normal 0 0 -1
    outer loop
      vertex 41.8562 65.5332 2.8
      vertex 27.3017 68.2636 2.8
      vertex 41.3645 65.9645 2.8
    endloop
  endfacet
  facet normal 0 -0 -1
    outer loop
      vertex 27.6641 68.4483 2.8
      vertex 41.3645 65.9645 2.8
      vertex 27.3017 68.2636 2.8
    endloop
  endfacet
  facet normal -0 0 -1
    outer loop
      vertex 26.9 68.2 2.8
      vertex 6 6 2.8
      vertex 26.4983 68.2636 2.8
    endloop
  endfacet
  facet normal -0 0 -1
    outer loop
      vertex 26.4983 68.2636 2.8
      vertex 6 6 2.8
      vertex 26.1359 68.4483 2.8
    endloop
  endfacet
  facet normal -0 0 -1
    outer loop
      vertex 25.6636 69.0983 2.8
      vertex 6 6 2.8
      vertex 25.6 69.5 2.8
    endloop
  endfacet
  facet normal -0 0 -1
    outer loop
      vertex 25.8483 68.7359 2.8
      vertex 6 6 2.8
      vertex 25.6636 69.0983 2.8
    endloop
  endfacet
  facet normal -0 0 -1
    outer loop
      vertex 26.1359 68.4483 2.8
      vertex 6 6 2.8
      vertex 25.8483 68.7359 2.8
    endloop
  endfacet
  facet normal 0 0 -1
    outer loop
      vertex 64.1364 69.9017 2.8
      vertex 83.8 141 2.8
      vertex 64.2 69.5 2.8
    endloop
  endfacet
  facet normal 0 0 -1
    outer loop
      vertex 63.9517 70.2641 2.8
      vertex 83.8 141 2.8
      vertex 64.1364 69.9017 2.8
    endloop
  endfacet
  facet normal 0 0 -1
    outer loop
      vertex 63.6641 70.5517 2.8
      vertex 83.8 141 2.8
      vertex 63.9517 70.2641 2.8
    endloop
  endfacet
  facet normal 0 0 -1
    outer loop
      vertex 63.3017 70.7364 2.8
      vertex 83.8 141 2.8
      vertex 63.6641 70.5517 2.8
    endloop
  endfacet
  facet normal 0 0 -1
    outer loop
      vertex 62.9 70.8 2.8
      vertex 83.8 141 2.8
      vertex 63.3017 70.7364 2.8
    endloop
  endfacet
  facet normal 0 0 -1
    outer loop
      vertex 47.4 73.8301 2.8
      vertex 62.9 70.8 2.8
      vertex 62.4983 70.7364 2.8
    endloop
  endfacet
  facet normal 0 0 -1
    outer loop
      vertex 48.4355 73.0355 2.8
      vertex 62.4983 70.7364 2.8
      vertex 62.1359 70.5517 2.8
    endloop
  endfacet
  facet normal 0 0 -1
    outer loop
      vertex 49.2301 72 2.8
      vertex 62.1359 70.5517 2.8
      vertex 61.8483 70.2641 2.8
    endloop
  endfacet
  facet normal 0 0 -1
    outer loop
      vertex 49.7296 70.7941 2.8
      vertex 61.8483 70.2641 2.8
      vertex 61.6636 69.9017 2.8
    endloop
  endfacet
  facet normal 0 0 -1
    outer loop
      vertex 49.8572 70.1526 2.8
      vertex 61.6 69.5 2.8
      vertex 49.9 69.5 2.8
    endloop
  endfacet
  facet normal 0 0 -1
    outer loop
      vertex 61.6 69.5 2.8
      vertex 49.8572 70.1526 2.8
      vertex 61.6636 69.9017 2.8
    endloop
  endfacet
  facet normal 0 0 -1
    outer loop
      vertex 49.7296 70.7941 2.8
      vertex 61.6636 69.9017 2.8
      vertex 49.8572 70.1526 2.8
    endloop
  endfacet
  facet normal 0 0 -1
    outer loop
      vertex 61.8483 70.2641 2.8
      vertex 49.7296 70.7941 2.8
      vertex 49.5194 71.4134 2.8
    endloop
  endfacet
  facet normal 0 0 -1
    outer loop
      vertex 61.8483 70.2641 2.8
      vertex 49.5194 71.4134 2.8
      vertex 49.2301 72 2.8
    endloop
  endfacet
  facet normal 0 0 -1
    outer loop
      vertex 62.1359 70.5517 2.8
      vertex 49.2301 72 2.8
      vertex 48.8668 72.5438 2.8
    endloop
  endfacet
  facet normal 0 0 -1
    outer loop
      vertex 62.1359 70.5517 2.8
      vertex 48.8668 72.5438 2.8
      vertex 48.4355 73.0355 2.8
    endloop
  endfacet
  facet normal 0 0 -1
    outer loop
      vertex 62.4983 70.7364 2.8
      vertex 48.4355 73.0355 2.8
      vertex 47.9438 73.4668 2.8
    endloop
  endfacet
  facet normal 0 0 -1
    outer loop
      vertex 62.4983 70.7364 2.8
      vertex 47.9438 73.4668 2.8
      vertex 47.4 73.8301 2.8
    endloop
  endfacet
  facet normal 0 0 -1
    outer loop
      vertex 62.9 70.8 2.8
      vertex 47.4 73.8301 2.8
      vertex 46.8134 74.1194 2.8
    endloop
  endfacet
  facet normal 0 0 -1
    outer loop
      vertex 62.9 70.8 2.8
      vertex 46.8134 74.1194 2.8
      vertex 83.8 141 2.8
    endloop
  endfacet
  facet normal 0 0 -1
    outer loop
      vertex 46.1941 74.3296 2.8
      vertex 83.8 141 2.8
      vertex 46.8134 74.1194 2.8
    endloop
  endfacet
  facet normal 0 0 -1
    outer loop
      vertex 45.5526 74.4572 2.8
      vertex 83.8 141 2.8
      vertex 46.1941 74.3296 2.8
    endloop
  endfacet
  facet normal 0 0 -1
    outer loop
      vertex 44.9 74.5 2.8
      vertex 83.8 141 2.8
      vertex 45.5526 74.4572 2.8
    endloop
  endfacet
  facet normal 0 0 -1
    outer loop
      vertex 6 141 2.8
      vertex 44.9 74.5 2.8
      vertex 44.2474 74.4572 2.8
    endloop
  endfacet
  facet normal 0 0 -1
    outer loop
      vertex 6 141 2.8
      vertex 44.2474 74.4572 2.8
      vertex 43.6059 74.3296 2.8
    endloop
  endfacet
  facet normal 0 0 -1
    outer loop
      vertex 6 141 2.8
      vertex 43.6059 74.3296 2.8
      vertex 42.9866 74.1194 2.8
    endloop
  endfacet
  facet normal 0 0 -1
    outer loop
      vertex 26.9 70.8 2.8
      vertex 42.9866 74.1194 2.8
      vertex 42.4 73.8301 2.8
    endloop
  endfacet
  facet normal 0 0 -1
    outer loop
      vertex 27.3017 70.7364 2.8
      vertex 42.4 73.8301 2.8
      vertex 41.8562 73.4668 2.8
    endloop
  endfacet
  facet normal 0 0 -1
    outer loop
      vertex 27.3017 70.7364 2.8
      vertex 41.8562 73.4668 2.8
      vertex 41.3645 73.0355 2.8
    endloop
  endfacet
  facet normal 0 0 -1
    outer loop
      vertex 27.6641 70.5517 2.8
      vertex 41.3645 73.0355 2.8
      vertex 40.9332 72.5438 2.8
    endloop
  endfacet
  facet normal 0 0 -1
    outer loop
      vertex 27.6641 70.5517 2.8
      vertex 40.9332 72.5438 2.8
      vertex 40.5699 72 2.8
    endloop
  endfacet
  facet normal 0 0 -1
    outer loop
      vertex 28.2 69.5 2.8
      vertex 39.9428 70.1526 2.8
      vertex 39.9 69.5 2.8
    endloop
  endfacet
  facet normal 0 0 -1
    outer loop
      vertex 28.1364 69.9017 2.8
      vertex 39.9428 70.1526 2.8
      vertex 28.2 69.5 2.8
    endloop
  endfacet
  facet normal -0 0 -1
    outer loop
      vertex 39.9428 70.1526 2.8
      vertex 28.1364 69.9017 2.8
      vertex 40.0704 70.7941 2.8
    endloop
  endfacet
  facet normal 0 0 -1
    outer loop
      vertex 27.9517 70.2641 2.8
      vertex 40.0704 70.7941 2.8
      vertex 28.1364 69.9017 2.8
    endloop
  endfacet
  facet normal -0 0 -1
    outer loop
      vertex 40.0704 70.7941 2.8
      vertex 27.9517 70.2641 2.8
      vertex 40.2806 71.4134 2.8
    endloop
  endfacet
  facet normal -0 0 -1
    outer loop
      vertex 40.2806 71.4134 2.8
      vertex 27.9517 70.2641 2.8
      vertex 40.5699 72 2.8
    endloop
  endfacet
  facet normal 0 0 -1
    outer loop
      vertex 27.6641 70.5517 2.8
      vertex 40.5699 72 2.8
      vertex 27.9517 70.2641 2.8
    endloop
  endfacet
  facet normal 0 0 -1
    outer loop
      vertex 41.3645 73.0355 2.8
      vertex 27.6641 70.5517 2.8
      vertex 27.3017 70.7364 2.8
    endloop
  endfacet
  facet normal 0 0 -1
    outer loop
      vertex 42.4 73.8301 2.8
      vertex 27.3017 70.7364 2.8
      vertex 26.9 70.8 2.8
    endloop
  endfacet
  facet normal -0 0 -1
    outer loop
      vertex 42.9866 74.1194 2.8
      vertex 26.9 70.8 2.8
      vertex 6 141 2.8
    endloop
  endfacet
  facet normal 0 0 -1
    outer loop
      vertex 6 141 2.8
      vertex 26.9 70.8 2.8
      vertex 26.4983 70.7364 2.8
    endloop
  endfacet
  facet normal 0 0 -1
    outer loop
      vertex 6 141 2.8
      vertex 26.4983 70.7364 2.8
      vertex 26.1359 70.5517 2.8
    endloop
  endfacet
  facet normal 0 0 -1
    outer loop
      vertex 6 141 2.8
      vertex 26.1359 70.5517 2.8
      vertex 25.8483 70.2641 2.8
    endloop
  endfacet
  facet normal 0 0 -1
    outer loop
      vertex 6 141 2.8
      vertex 25.6 69.5 2.8
      vertex 6 6 2.8
    endloop
  endfacet
  facet normal 0 0 -1
    outer loop
      vertex 44.9 74.5 2.8
      vertex 6 141 2.8
      vertex 83.8 141 2.8
    endloop
  endfacet
  facet normal 0 0 -1
    outer loop
      vertex 25.6636 69.9017 2.8
      vertex 6 141 2.8
      vertex 25.8483 70.2641 2.8
    endloop
  endfacet
  facet normal 0 0 -1
    outer loop
      vertex 25.6 69.5 2.8
      vertex 6 141 2.8
      vertex 25.6636 69.9017 2.8
    endloop
  endfacet
  facet normal 1 -0 0
    outer loop
      vertex 6 6 2.8
      vertex 6 141 1
      vertex 6 141 2.8
    endloop
  endfacet
  facet normal 1 0 0
    outer loop
      vertex 6 141 1
      vertex 6 6 2.8
      vertex 6 6 1
    endloop
  endfacet
  facet normal 0 -1 0
    outer loop
      vertex 9.2 141 1
      vertex 6 141 2.8
      vertex 6 141 1
    endloop
  endfacet
  facet normal 0 -1 0
    outer loop
      vertex 6 141 2.8
      vertex 9.2 141 1
      vertex 83.8 141 2.8
    endloop
  endfacet
  facet normal 0 -1 0
    outer loop
      vertex 80.6 141 1
      vertex 83.8 141 2.8
      vertex 9.2 141 1
    endloop
  endfacet
  facet normal 0 -1 -0
    outer loop
      vertex 83.8 141 2.8
      vertex 80.6 141 1
      vertex 83.8 141 1
    endloop
  endfacet
  facet normal -0.989171 -0.146766 0
    outer loop
      vertex 56.7427 70.6664 4.2
      vertex 56.5713 71.8216 6.6
      vertex 56.5713 71.8216 4.2
    endloop
  endfacet
  facet normal -0.989171 -0.146766 0
    outer loop
      vertex 56.5713 71.8216 6.6
      vertex 56.7427 70.6664 4.2
      vertex 56.7427 70.6664 6.6
    endloop
  endfacet
  facet normal -0.998796 -0.0490663 0
    outer loop
      vertex 56.8 69.5 4.2
      vertex 56.7427 70.6664 6.6
      vertex 56.7427 70.6664 4.2
    endloop
  endfacet
  facet normal -0.998796 -0.0490663 0
    outer loop
      vertex 56.7427 70.6664 6.6
      vertex 56.8 69.5 4.2
      vertex 56.8 69.5 6.6
    endloop
  endfacet
  facet normal -0.970042 -0.242939 0
    outer loop
      vertex 56.5713 71.8216 4.2
      vertex 56.2876 72.9544 6.6
      vertex 56.2876 72.9544 4.2
    endloop
  endfacet
  facet normal -0.970042 -0.242939 0
    outer loop
      vertex 56.2876 72.9544 6.6
      vertex 56.5713 71.8216 4.2
      vertex 56.5713 71.8216 6.6
    endloop
  endfacet
  facet normal 0.242939 -0.970042 0
    outer loop
      vertex 41.4456 80.8876 4.2
      vertex 42.5784 81.1713 6.6
      vertex 41.4456 80.8876 6.6
    endloop
  endfacet
  facet normal 0.242939 -0.970042 0
    outer loop
      vertex 42.5784 81.1713 6.6
      vertex 41.4456 80.8876 4.2
      vertex 42.5784 81.1713 4.2
    endloop
  endfacet
  facet normal 0.903992 0.427549 0
    outer loop
      vertex 34.4051 63.8904 6.6
      vertex 33.9058 64.9461 4.2
      vertex 33.9058 64.9461 6.6
    endloop
  endfacet
  facet normal 0.903992 0.427549 0
    outer loop
      vertex 33.9058 64.9461 4.2
      vertex 34.4051 63.8904 6.6
      vertex 34.4051 63.8904 4.2
    endloop
  endfacet
  facet normal -0.514105 -0.857727 0
    outer loop
      vertex 50.5096 79.9949 4.2
      vertex 51.5113 79.3945 6.6
      vertex 50.5096 79.9949 6.6
    endloop
  endfacet
  facet normal -0.514105 -0.857727 -0
    outer loop
      vertex 51.5113 79.3945 6.6
      vertex 50.5096 79.9949 4.2
      vertex 51.5113 79.3945 4.2
    endloop
  endfacet
  facet normal -0.514105 0.857727 0
    outer loop
      vertex 51.5113 59.6055 4.2
      vertex 50.5096 59.0051 6.6
      vertex 51.5113 59.6055 6.6
    endloop
  endfacet
  facet normal -0.514105 0.857727 0
    outer loop
      vertex 50.5096 59.0051 6.6
      vertex 51.5113 59.6055 4.2
      vertex 50.5096 59.0051 4.2
    endloop
  endfacet
  facet normal -0.336884 0.941546 0
    outer loop
      vertex 49.4539 58.5058 4.2
      vertex 48.3544 58.1124 6.6
      vertex 49.4539 58.5058 6.6
    endloop
  endfacet
  facet normal -0.336884 0.941546 0
    outer loop
      vertex 48.3544 58.1124 6.6
      vertex 49.4539 58.5058 4.2
      vertex 48.3544 58.1124 4.2
    endloop
  endfacet
  facet normal 0.970042 -0.242939 0
    outer loop
      vertex 33.2287 71.8216 6.6
      vertex 33.5124 72.9544 4.2
      vertex 33.5124 72.9544 6.6
    endloop
  endfacet
  facet normal 0.970042 -0.242939 0
    outer loop
      vertex 33.5124 72.9544 4.2
      vertex 33.2287 71.8216 6.6
      vertex 33.2287 71.8216 4.2
    endloop
  endfacet
  facet normal 0.67153 -0.740978 0
    outer loop
      vertex 36.4854 77.9146 4.2
      vertex 37.3507 78.6988 6.6
      vertex 36.4854 77.9146 6.6
    endloop
  endfacet
  facet normal 0.67153 -0.740978 0
    outer loop
      vertex 37.3507 78.6988 6.6
      vertex 36.4854 77.9146 4.2
      vertex 37.3507 78.6988 4.2
    endloop
  endfacet
  facet normal 0.514105 -0.857727 0
    outer loop
      vertex 38.2887 79.3945 4.2
      vertex 39.2904 79.9949 6.6
      vertex 38.2887 79.3945 6.6
    endloop
  endfacet
  facet normal 0.514105 -0.857727 0
    outer loop
      vertex 39.2904 79.9949 6.6
      vertex 38.2887 79.3945 4.2
      vertex 39.2904 79.9949 4.2
    endloop
  endfacet
  facet normal 0.803195 -0.595717 0
    outer loop
      vertex 35.0055 76.1113 6.6
      vertex 35.7012 77.0493 4.2
      vertex 35.7012 77.0493 6.6
    endloop
  endfacet
  facet normal 0.803195 -0.595717 0
    outer loop
      vertex 35.7012 77.0493 4.2
      vertex 35.0055 76.1113 6.6
      vertex 35.0055 76.1113 4.2
    endloop
  endfacet
  facet normal -0.903992 -0.427549 0
    outer loop
      vertex 55.8942 74.0539 4.2
      vertex 55.3949 75.1096 6.6
      vertex 55.3949 75.1096 4.2
    endloop
  endfacet
  facet normal -0.903992 -0.427549 0
    outer loop
      vertex 55.3949 75.1096 6.6
      vertex 55.8942 74.0539 4.2
      vertex 55.8942 74.0539 6.6
    endloop
  endfacet
  facet normal 0.941546 -0.336884 0
    outer loop
      vertex 33.5124 72.9544 6.6
      vertex 33.9058 74.0539 4.2
      vertex 33.9058 74.0539 6.6
    endloop
  endfacet
  facet normal 0.941546 -0.336884 0
    outer loop
      vertex 33.9058 74.0539 4.2
      vertex 33.5124 72.9544 6.6
      vertex 33.5124 72.9544 4.2
    endloop
  endfacet
  facet normal 0.336884 0.941546 -0
    outer loop
      vertex 41.4456 58.1124 4.2
      vertex 40.3461 58.5058 6.6
      vertex 41.4456 58.1124 6.6
    endloop
  endfacet
  facet normal 0.336884 0.941546 0
    outer loop
      vertex 40.3461 58.5058 6.6
      vertex 41.4456 58.1124 4.2
      vertex 40.3461 58.5058 4.2
    endloop
  endfacet
  facet normal -0.595717 -0.803195 0
    outer loop
      vertex 51.5113 79.3945 4.2
      vertex 52.4493 78.6988 6.6
      vertex 51.5113 79.3945 6.6
    endloop
  endfacet
  facet normal -0.595717 -0.803195 -0
    outer loop
      vertex 52.4493 78.6988 6.6
      vertex 51.5113 79.3945 4.2
      vertex 52.4493 78.6988 4.2
    endloop
  endfacet
  facet normal 0.903992 -0.427549 0
    outer loop
      vertex 33.9058 74.0539 6.6
      vertex 34.4051 75.1096 4.2
      vertex 34.4051 75.1096 6.6
    endloop
  endfacet
  facet normal 0.903992 -0.427549 0
    outer loop
      vertex 34.4051 75.1096 4.2
      vertex 33.9058 74.0539 6.6
      vertex 33.9058 74.0539 4.2
    endloop
  endfacet
  facet normal -0.803195 0.595717 0
    outer loop
      vertex 54.0988 61.9507 4.2
      vertex 54.7945 62.8887 6.6
      vertex 54.7945 62.8887 4.2
    endloop
  endfacet
  facet normal -0.803195 0.595717 0
    outer loop
      vertex 54.7945 62.8887 6.6
      vertex 54.0988 61.9507 4.2
      vertex 54.0988 61.9507 6.6
    endloop
  endfacet
  facet normal -0.146766 -0.989171 0
    outer loop
      vertex 46.0664 81.3427 4.2
      vertex 47.2216 81.1713 6.6
      vertex 46.0664 81.3427 6.6
    endloop
  endfacet
  facet normal -0.146766 -0.989171 -0
    outer loop
      vertex 47.2216 81.1713 6.6
      vertex 46.0664 81.3427 4.2
      vertex 47.2216 81.1713 4.2
    endloop
  endfacet
  facet normal 0.989171 -0.146766 0
    outer loop
      vertex 33.0573 70.6664 6.6
      vertex 33.2287 71.8216 4.2
      vertex 33.2287 71.8216 6.6
    endloop
  endfacet
  facet normal 0.989171 -0.146766 0
    outer loop
      vertex 33.2287 71.8216 4.2
      vertex 33.0573 70.6664 6.6
      vertex 33.0573 70.6664 4.2
    endloop
  endfacet
  facet normal -0.803195 -0.595717 0
    outer loop
      vertex 54.7945 76.1113 4.2
      vertex 54.0988 77.0493 6.6
      vertex 54.0988 77.0493 4.2
    endloop
  endfacet
  facet normal -0.803195 -0.595717 0
    outer loop
      vertex 54.0988 77.0493 6.6
      vertex 54.7945 76.1113 4.2
      vertex 54.7945 76.1113 6.6
    endloop
  endfacet
  facet normal -0.0490663 -0.998796 0
    outer loop
      vertex 44.9 81.4 4.2
      vertex 46.0664 81.3427 6.6
      vertex 44.9 81.4 6.6
    endloop
  endfacet
  facet normal -0.0490663 -0.998796 -0
    outer loop
      vertex 46.0664 81.3427 6.6
      vertex 44.9 81.4 4.2
      vertex 46.0664 81.3427 4.2
    endloop
  endfacet
  facet normal 0.857727 0.514105 0
    outer loop
      vertex 35.0055 62.8887 6.6
      vertex 34.4051 63.8904 4.2
      vertex 34.4051 63.8904 6.6
    endloop
  endfacet
  facet normal 0.857727 0.514105 0
    outer loop
      vertex 34.4051 63.8904 4.2
      vertex 35.0055 62.8887 6.6
      vertex 35.0055 62.8887 4.2
    endloop
  endfacet
  facet normal 0.941546 0.336884 0
    outer loop
      vertex 33.9058 64.9461 6.6
      vertex 33.5124 66.0456 4.2
      vertex 33.5124 66.0456 6.6
    endloop
  endfacet
  facet normal 0.941546 0.336884 0
    outer loop
      vertex 33.5124 66.0456 4.2
      vertex 33.9058 64.9461 6.6
      vertex 33.9058 64.9461 4.2
    endloop
  endfacet
  facet normal 0.427549 -0.903992 0
    outer loop
      vertex 39.2904 79.9949 4.2
      vertex 40.3461 80.4942 6.6
      vertex 39.2904 79.9949 6.6
    endloop
  endfacet
  facet normal 0.427549 -0.903992 0
    outer loop
      vertex 40.3461 80.4942 6.6
      vertex 39.2904 79.9949 4.2
      vertex 40.3461 80.4942 4.2
    endloop
  endfacet
  facet normal -0.903992 0.427549 0
    outer loop
      vertex 55.3949 63.8904 4.2
      vertex 55.8942 64.9461 6.6
      vertex 55.8942 64.9461 4.2
    endloop
  endfacet
  facet normal -0.903992 0.427549 0
    outer loop
      vertex 55.8942 64.9461 6.6
      vertex 55.3949 63.8904 4.2
      vertex 55.3949 63.8904 6.6
    endloop
  endfacet
  facet normal 0.595717 0.803195 -0
    outer loop
      vertex 38.2887 59.6055 4.2
      vertex 37.3507 60.3012 6.6
      vertex 38.2887 59.6055 6.6
    endloop
  endfacet
  facet normal 0.595717 0.803195 0
    outer loop
      vertex 37.3507 60.3012 6.6
      vertex 38.2887 59.6055 4.2
      vertex 37.3507 60.3012 4.2
    endloop
  endfacet
  facet normal 0.857727 -0.514105 0
    outer loop
      vertex 34.4051 75.1096 6.6
      vertex 35.0055 76.1113 4.2
      vertex 35.0055 76.1113 6.6
    endloop
  endfacet
  facet normal 0.857727 -0.514105 0
    outer loop
      vertex 35.0055 76.1113 4.2
      vertex 34.4051 75.1096 6.6
      vertex 34.4051 75.1096 4.2
    endloop
  endfacet
  facet normal -0.998796 0.0490663 0
    outer loop
      vertex 56.7427 68.3336 4.2
      vertex 56.8 69.5 6.6
      vertex 56.8 69.5 4.2
    endloop
  endfacet
  facet normal -0.998796 0.0490663 0
    outer loop
      vertex 56.8 69.5 6.6
      vertex 56.7427 68.3336 4.2
      vertex 56.7427 68.3336 6.6
    endloop
  endfacet
  facet normal -0.941546 0.336884 0
    outer loop
      vertex 55.8942 64.9461 4.2
      vertex 56.2876 66.0456 6.6
      vertex 56.2876 66.0456 4.2
    endloop
  endfacet
  facet normal -0.941546 0.336884 0
    outer loop
      vertex 56.2876 66.0456 6.6
      vertex 55.8942 64.9461 4.2
      vertex 55.8942 64.9461 6.6
    endloop
  endfacet
  facet normal -0.242937 0.970042 0
    outer loop
      vertex 48.3544 58.1124 4.2
      vertex 47.9 57.9986 6.6
      vertex 48.3544 58.1124 6.6
    endloop
  endfacet
  facet normal -0.242937 0.970042 0
    outer loop
      vertex 47.9 57.9986 6.6
      vertex 48.3544 58.1124 4.2
      vertex 47.9 57.9986 4.2
    endloop
  endfacet
  facet normal -0.857727 -0.514105 0
    outer loop
      vertex 55.3949 75.1096 4.2
      vertex 54.7945 76.1113 6.6
      vertex 54.7945 76.1113 4.2
    endloop
  endfacet
  facet normal -0.857727 -0.514105 0
    outer loop
      vertex 54.7945 76.1113 6.6
      vertex 55.3949 75.1096 4.2
      vertex 55.3949 75.1096 6.6
    endloop
  endfacet
  facet normal -0.941546 -0.336884 0
    outer loop
      vertex 56.2876 72.9544 4.2
      vertex 55.8942 74.0539 6.6
      vertex 55.8942 74.0539 4.2
    endloop
  endfacet
  facet normal -0.941546 -0.336884 0
    outer loop
      vertex 55.8942 74.0539 6.6
      vertex 56.2876 72.9544 4.2
      vertex 56.2876 72.9544 6.6
    endloop
  endfacet
  facet normal 0.998796 0.0490663 0
    outer loop
      vertex 33.0573 68.3336 6.6
      vertex 33 69.5 4.2
      vertex 33 69.5 6.6
    endloop
  endfacet
  facet normal 0.998796 0.0490663 0
    outer loop
      vertex 33 69.5 4.2
      vertex 33.0573 68.3336 6.6
      vertex 33.0573 68.3336 4.2
    endloop
  endfacet
  facet normal -0.989171 0.146766 0
    outer loop
      vertex 56.5713 67.1784 4.2
      vertex 56.7427 68.3336 6.6
      vertex 56.7427 68.3336 4.2
    endloop
  endfacet
  facet normal -0.989171 0.146766 0
    outer loop
      vertex 56.7427 68.3336 6.6
      vertex 56.5713 67.1784 4.2
      vertex 56.5713 67.1784 6.6
    endloop
  endfacet
  facet normal 0.67153 0.740978 -0
    outer loop
      vertex 37.3507 60.3012 4.2
      vertex 36.4854 61.0854 6.6
      vertex 37.3507 60.3012 6.6
    endloop
  endfacet
  facet normal 0.67153 0.740978 0
    outer loop
      vertex 36.4854 61.0854 6.6
      vertex 37.3507 60.3012 4.2
      vertex 36.4854 61.0854 4.2
    endloop
  endfacet
  facet normal -0.970042 0.242939 0
    outer loop
      vertex 56.2876 66.0456 4.2
      vertex 56.5713 67.1784 6.6
      vertex 56.5713 67.1784 4.2
    endloop
  endfacet
  facet normal -0.970042 0.242939 0
    outer loop
      vertex 56.5713 67.1784 6.6
      vertex 56.2876 66.0456 4.2
      vertex 56.2876 66.0456 6.6
    endloop
  endfacet
  facet normal -0.67153 -0.740978 0
    outer loop
      vertex 52.4493 78.6988 4.2
      vertex 53.3146 77.9146 6.6
      vertex 52.4493 78.6988 6.6
    endloop
  endfacet
  facet normal -0.67153 -0.740978 -0
    outer loop
      vertex 53.3146 77.9146 6.6
      vertex 52.4493 78.6988 4.2
      vertex 53.3146 77.9146 4.2
    endloop
  endfacet
  facet normal -0.336884 -0.941546 0
    outer loop
      vertex 48.3544 80.8876 4.2
      vertex 49.4539 80.4942 6.6
      vertex 48.3544 80.8876 6.6
    endloop
  endfacet
  facet normal -0.336884 -0.941546 -0
    outer loop
      vertex 49.4539 80.4942 6.6
      vertex 48.3544 80.8876 4.2
      vertex 49.4539 80.4942 4.2
    endloop
  endfacet
  facet normal 0.336884 -0.941546 0
    outer loop
      vertex 40.3461 80.4942 4.2
      vertex 41.4456 80.8876 6.6
      vertex 40.3461 80.4942 6.6
    endloop
  endfacet
  facet normal 0.336884 -0.941546 0
    outer loop
      vertex 41.4456 80.8876 6.6
      vertex 40.3461 80.4942 4.2
      vertex 41.4456 80.8876 4.2
    endloop
  endfacet
  facet normal 0.514105 0.857727 -0
    outer loop
      vertex 39.2904 59.0051 4.2
      vertex 38.2887 59.6055 6.6
      vertex 39.2904 59.0051 6.6
    endloop
  endfacet
  facet normal 0.514105 0.857727 0
    outer loop
      vertex 38.2887 59.6055 6.6
      vertex 39.2904 59.0051 4.2
      vertex 38.2887 59.6055 4.2
    endloop
  endfacet
  facet normal -0.857727 0.514105 0
    outer loop
      vertex 54.7945 62.8887 4.2
      vertex 55.3949 63.8904 6.6
      vertex 55.3949 63.8904 4.2
    endloop
  endfacet
  facet normal -0.857727 0.514105 0
    outer loop
      vertex 55.3949 63.8904 6.6
      vertex 54.7945 62.8887 4.2
      vertex 54.7945 62.8887 6.6
    endloop
  endfacet
  facet normal -0.427549 -0.903992 0
    outer loop
      vertex 49.4539 80.4942 4.2
      vertex 50.5096 79.9949 6.6
      vertex 49.4539 80.4942 6.6
    endloop
  endfacet
  facet normal -0.427549 -0.903992 -0
    outer loop
      vertex 50.5096 79.9949 6.6
      vertex 49.4539 80.4942 4.2
      vertex 50.5096 79.9949 4.2
    endloop
  endfacet
  facet normal 0.595717 -0.803195 0
    outer loop
      vertex 37.3507 78.6988 4.2
      vertex 38.2887 79.3945 6.6
      vertex 37.3507 78.6988 6.6
    endloop
  endfacet
  facet normal 0.595717 -0.803195 0
    outer loop
      vertex 38.2887 79.3945 6.6
      vertex 37.3507 78.6988 4.2
      vertex 38.2887 79.3945 4.2
    endloop
  endfacet
  facet normal 0.740978 -0.67153 0
    outer loop
      vertex 35.7012 77.0493 6.6
      vertex 36.4854 77.9146 4.2
      vertex 36.4854 77.9146 6.6
    endloop
  endfacet
  facet normal 0.740978 -0.67153 0
    outer loop
      vertex 36.4854 77.9146 4.2
      vertex 35.7012 77.0493 6.6
      vertex 35.7012 77.0493 4.2
    endloop
  endfacet
  facet normal 0.146766 -0.989171 0
    outer loop
      vertex 42.5784 81.1713 4.2
      vertex 43.7336 81.3427 6.6
      vertex 42.5784 81.1713 6.6
    endloop
  endfacet
  facet normal 0.146766 -0.989171 0
    outer loop
      vertex 43.7336 81.3427 6.6
      vertex 42.5784 81.1713 4.2
      vertex 43.7336 81.3427 4.2
    endloop
  endfacet
  facet normal 0.242937 0.970042 -0
    outer loop
      vertex 41.9 57.9986 4.2
      vertex 41.4456 58.1124 6.6
      vertex 41.9 57.9986 6.6
    endloop
  endfacet
  facet normal 0.242937 0.970042 0
    outer loop
      vertex 41.4456 58.1124 6.6
      vertex 41.9 57.9986 4.2
      vertex 41.4456 58.1124 4.2
    endloop
  endfacet
  facet normal -0.67153 0.740978 0
    outer loop
      vertex 53.3146 61.0854 4.2
      vertex 52.4493 60.3012 6.6
      vertex 53.3146 61.0854 6.6
    endloop
  endfacet
  facet normal -0.67153 0.740978 0
    outer loop
      vertex 52.4493 60.3012 6.6
      vertex 53.3146 61.0854 4.2
      vertex 52.4493 60.3012 4.2
    endloop
  endfacet
  facet normal -0.242939 -0.970042 0
    outer loop
      vertex 47.2216 81.1713 4.2
      vertex 48.3544 80.8876 6.6
      vertex 47.2216 81.1713 6.6
    endloop
  endfacet
  facet normal -0.242939 -0.970042 -0
    outer loop
      vertex 48.3544 80.8876 6.6
      vertex 47.2216 81.1713 4.2
      vertex 48.3544 80.8876 4.2
    endloop
  endfacet
  facet normal 0.970042 0.242939 0
    outer loop
      vertex 33.5124 66.0456 6.6
      vertex 33.2287 67.1784 4.2
      vertex 33.2287 67.1784 6.6
    endloop
  endfacet
  facet normal 0.970042 0.242939 0
    outer loop
      vertex 33.2287 67.1784 4.2
      vertex 33.5124 66.0456 6.6
      vertex 33.5124 66.0456 4.2
    endloop
  endfacet
  facet normal 0.427549 0.903992 -0
    outer loop
      vertex 40.3461 58.5058 4.2
      vertex 39.2904 59.0051 6.6
      vertex 40.3461 58.5058 6.6
    endloop
  endfacet
  facet normal 0.427549 0.903992 0
    outer loop
      vertex 39.2904 59.0051 6.6
      vertex 40.3461 58.5058 4.2
      vertex 39.2904 59.0051 4.2
    endloop
  endfacet
  facet normal 0.740978 0.67153 0
    outer loop
      vertex 36.4854 61.0854 6.6
      vertex 35.7012 61.9507 4.2
      vertex 35.7012 61.9507 6.6
    endloop
  endfacet
  facet normal 0.740978 0.67153 0
    outer loop
      vertex 35.7012 61.9507 4.2
      vertex 36.4854 61.0854 6.6
      vertex 36.4854 61.0854 4.2
    endloop
  endfacet
  facet normal -0.427549 0.903992 0
    outer loop
      vertex 50.5096 59.0051 4.2
      vertex 49.4539 58.5058 6.6
      vertex 50.5096 59.0051 6.6
    endloop
  endfacet
  facet normal -0.427549 0.903992 0
    outer loop
      vertex 49.4539 58.5058 6.6
      vertex 50.5096 59.0051 4.2
      vertex 49.4539 58.5058 4.2
    endloop
  endfacet
  facet normal 0.0490663 -0.998796 0
    outer loop
      vertex 43.7336 81.3427 4.2
      vertex 44.9 81.4 6.6
      vertex 43.7336 81.3427 6.6
    endloop
  endfacet
  facet normal 0.0490663 -0.998796 0
    outer loop
      vertex 44.9 81.4 6.6
      vertex 43.7336 81.3427 4.2
      vertex 44.9 81.4 4.2
    endloop
  endfacet
  facet normal 0.989171 0.146766 0
    outer loop
      vertex 33.2287 67.1784 6.6
      vertex 33.0573 68.3336 4.2
      vertex 33.0573 68.3336 6.6
    endloop
  endfacet
  facet normal 0.989171 0.146766 0
    outer loop
      vertex 33.0573 68.3336 4.2
      vertex 33.2287 67.1784 6.6
      vertex 33.2287 67.1784 4.2
    endloop
  endfacet
  facet normal -0.740978 -0.67153 0
    outer loop
      vertex 54.0988 77.0493 4.2
      vertex 53.3146 77.9146 6.6
      vertex 53.3146 77.9146 4.2
    endloop
  endfacet
  facet normal -0.740978 -0.67153 0
    outer loop
      vertex 53.3146 77.9146 6.6
      vertex 54.0988 77.0493 4.2
      vertex 54.0988 77.0493 6.6
    endloop
  endfacet
  facet normal -0.595717 0.803195 0
    outer loop
      vertex 52.4493 60.3012 4.2
      vertex 51.5113 59.6055 6.6
      vertex 52.4493 60.3012 6.6
    endloop
  endfacet
  facet normal -0.595717 0.803195 0
    outer loop
      vertex 51.5113 59.6055 6.6
      vertex 52.4493 60.3012 4.2
      vertex 51.5113 59.6055 4.2
    endloop
  endfacet
  facet normal 0 0 1
    outer loop
      vertex 49.9 69.5 4.2
      vertex 56.8 69.5 4.2
      vertex 56.7427 70.6664 4.2
    endloop
  endfacet
  facet normal 0 0 1
    outer loop
      vertex 49.8572 70.1526 4.2
      vertex 56.7427 70.6664 4.2
      vertex 56.5713 71.8216 4.2
    endloop
  endfacet
  facet normal 0 0 1
    outer loop
      vertex 56.8 69.5 4.2
      vertex 49.9 69.5 4.2
      vertex 56.7427 68.3336 4.2
    endloop
  endfacet
  facet normal 0 0 1
    outer loop
      vertex 49.7296 70.7941 4.2
      vertex 56.5713 71.8216 4.2
      vertex 56.2876 72.9544 4.2
    endloop
  endfacet
  facet normal -0 0 1
    outer loop
      vertex 49.8572 68.8474 4.2
      vertex 56.7427 68.3336 4.2
      vertex 49.9 69.5 4.2
    endloop
  endfacet
  facet normal 0 0 1
    outer loop
      vertex 49.5194 71.4134 4.2
      vertex 56.2876 72.9544 4.2
      vertex 55.8942 74.0539 4.2
    endloop
  endfacet
  facet normal 0 0 1
    outer loop
      vertex 56.7427 68.3336 4.2
      vertex 49.8572 68.8474 4.2
      vertex 56.5713 67.1784 4.2
    endloop
  endfacet
  facet normal 0 0 1
    outer loop
      vertex 49.5194 71.4134 4.2
      vertex 55.8942 74.0539 4.2
      vertex 55.3949 75.1096 4.2
    endloop
  endfacet
  facet normal -0 0 1
    outer loop
      vertex 49.7296 68.2059 4.2
      vertex 56.5713 67.1784 4.2
      vertex 49.8572 68.8474 4.2
    endloop
  endfacet
  facet normal 0 0 1
    outer loop
      vertex 49.2301 72 4.2
      vertex 55.3949 75.1096 4.2
      vertex 54.7945 76.1113 4.2
    endloop
  endfacet
  facet normal 0 0 1
    outer loop
      vertex 56.5713 67.1784 4.2
      vertex 49.7296 68.2059 4.2
      vertex 56.2876 66.0456 4.2
    endloop
  endfacet
  facet normal 0 0 1
    outer loop
      vertex 48.8668 72.5438 4.2
      vertex 54.7945 76.1113 4.2
      vertex 54.0988 77.0493 4.2
    endloop
  endfacet
  facet normal -0 0 1
    outer loop
      vertex 49.5194 67.5866 4.2
      vertex 56.2876 66.0456 4.2
      vertex 49.7296 68.2059 4.2
    endloop
  endfacet
  facet normal 0 0 1
    outer loop
      vertex 47.9 75.5 4.2
      vertex 54.0988 77.0493 4.2
      vertex 53.3146 77.9146 4.2
    endloop
  endfacet
  facet normal 0 0 1
    outer loop
      vertex 56.2876 66.0456 4.2
      vertex 49.5194 67.5866 4.2
      vertex 55.8942 64.9461 4.2
    endloop
  endfacet
  facet normal 0 0 1
    outer loop
      vertex 47.9 75.5 4.2
      vertex 53.3146 77.9146 4.2
      vertex 52.4493 78.6988 4.2
    endloop
  endfacet
  facet normal 0 0 1
    outer loop
      vertex 55.8942 64.9461 4.2
      vertex 49.5194 67.5866 4.2
      vertex 55.3949 63.8904 4.2
    endloop
  endfacet
  facet normal 0 0 1
    outer loop
      vertex 47.9 75.5 4.2
      vertex 52.4493 78.6988 4.2
      vertex 51.5113 79.3945 4.2
    endloop
  endfacet
  facet normal -0 0 1
    outer loop
      vertex 49.2301 67 4.2
      vertex 55.3949 63.8904 4.2
      vertex 49.5194 67.5866 4.2
    endloop
  endfacet
  facet normal 0 0 1
    outer loop
      vertex 47.9 75.5 4.2
      vertex 51.5113 79.3945 4.2
      vertex 50.5096 79.9949 4.2
    endloop
  endfacet
  facet normal 0 0 1
    outer loop
      vertex 55.3949 63.8904 4.2
      vertex 49.2301 67 4.2
      vertex 54.7945 62.8887 4.2
    endloop
  endfacet
  facet normal -0 0 1
    outer loop
      vertex 48.8668 66.4562 4.2
      vertex 54.7945 62.8887 4.2
      vertex 49.2301 67 4.2
    endloop
  endfacet
  facet normal 0 0 1
    outer loop
      vertex 56.7427 70.6664 4.2
      vertex 49.8572 70.1526 4.2
      vertex 49.9 69.5 4.2
    endloop
  endfacet
  facet normal 0 0 1
    outer loop
      vertex 56.5713 71.8216 4.2
      vertex 49.7296 70.7941 4.2
      vertex 49.8572 70.1526 4.2
    endloop
  endfacet
  facet normal 0 0 1
    outer loop
      vertex 56.2876 72.9544 4.2
      vertex 49.5194 71.4134 4.2
      vertex 49.7296 70.7941 4.2
    endloop
  endfacet
  facet normal 0 0 1
    outer loop
      vertex 47.9 75.5 4.2
      vertex 50.5096 79.9949 4.2
      vertex 49.4539 80.4942 4.2
    endloop
  endfacet
  facet normal 0 0 1
    outer loop
      vertex 55.3949 75.1096 4.2
      vertex 49.2301 72 4.2
      vertex 49.5194 71.4134 4.2
    endloop
  endfacet
  facet normal 0 0 1
    outer loop
      vertex 54.7945 76.1113 4.2
      vertex 48.8668 72.5438 4.2
      vertex 49.2301 72 4.2
    endloop
  endfacet
  facet normal 0 0 1
    outer loop
      vertex 54.0988 77.0493 4.2
      vertex 47.9 75.5 4.2
      vertex 48.8668 72.5438 4.2
    endloop
  endfacet
  facet normal 0 0 1
    outer loop
      vertex 47.9 75.5 4.2
      vertex 49.4539 80.4942 4.2
      vertex 48.3544 80.8876 4.2
    endloop
  endfacet
  facet normal 0 0 1
    outer loop
      vertex 48.8668 72.5438 4.2
      vertex 47.9 75.5 4.2
      vertex 48.4355 73.0355 4.2
    endloop
  endfacet
  facet normal 0 0 1
    outer loop
      vertex 48.4355 73.0355 4.2
      vertex 47.9 75.5 4.2
      vertex 47.9438 73.4668 4.2
    endloop
  endfacet
  facet normal 0 0 1
    outer loop
      vertex 47.2216 81.1713 4.2
      vertex 47.9 75.5 4.2
      vertex 48.3544 80.8876 4.2
    endloop
  endfacet
  facet normal 0 0 1
    outer loop
      vertex 46.0664 81.3427 4.2
      vertex 47.9 75.5 4.2
      vertex 47.2216 81.1713 4.2
    endloop
  endfacet
  facet normal 0 0 1
    outer loop
      vertex 44.9 81.4 4.2
      vertex 47.9 75.5 4.2
      vertex 46.0664 81.3427 4.2
    endloop
  endfacet
  facet normal 0 0 1
    outer loop
      vertex 41.9 75.5 4.2
      vertex 44.9 81.4 4.2
      vertex 43.7336 81.3427 4.2
    endloop
  endfacet
  facet normal 0 0 1
    outer loop
      vertex 41.9 75.5 4.2
      vertex 43.7336 81.3427 4.2
      vertex 42.5784 81.1713 4.2
    endloop
  endfacet
  facet normal 0 0 1
    outer loop
      vertex 44.9 81.4 4.2
      vertex 41.9 75.5 4.2
      vertex 47.9 75.5 4.2
    endloop
  endfacet
  facet normal 0 0 1
    outer loop
      vertex 41.9 75.5 4.2
      vertex 41.8562 73.4668 4.2
      vertex 41.9 73.496 4.2
    endloop
  endfacet
  facet normal -0 0 1
    outer loop
      vertex 41.4456 80.8876 4.2
      vertex 41.9 75.5 4.2
      vertex 42.5784 81.1713 4.2
    endloop
  endfacet
  facet normal -0 0 1
    outer loop
      vertex 40.3461 80.4942 4.2
      vertex 41.9 75.5 4.2
      vertex 41.4456 80.8876 4.2
    endloop
  endfacet
  facet normal -0 0 1
    outer loop
      vertex 39.2904 79.9949 4.2
      vertex 41.9 75.5 4.2
      vertex 40.3461 80.4942 4.2
    endloop
  endfacet
  facet normal -0 0 1
    outer loop
      vertex 38.2887 79.3945 4.2
      vertex 41.9 75.5 4.2
      vertex 39.2904 79.9949 4.2
    endloop
  endfacet
  facet normal -0 0 1
    outer loop
      vertex 37.3507 78.6988 4.2
      vertex 41.9 75.5 4.2
      vertex 38.2887 79.3945 4.2
    endloop
  endfacet
  facet normal -0 0 1
    outer loop
      vertex 36.4854 77.9146 4.2
      vertex 41.9 75.5 4.2
      vertex 37.3507 78.6988 4.2
    endloop
  endfacet
  facet normal 0 0 1
    outer loop
      vertex 41.9 75.5 4.2
      vertex 41.3645 73.0355 4.2
      vertex 41.8562 73.4668 4.2
    endloop
  endfacet
  facet normal -0 0 1
    outer loop
      vertex 35.7012 77.0493 4.2
      vertex 41.9 75.5 4.2
      vertex 36.4854 77.9146 4.2
    endloop
  endfacet
  facet normal 0 -0 1
    outer loop
      vertex 40.9332 72.5438 4.2
      vertex 41.9 75.5 4.2
      vertex 35.7012 77.0493 4.2
    endloop
  endfacet
  facet normal 0 0 1
    outer loop
      vertex 41.9 75.5 4.2
      vertex 40.9332 72.5438 4.2
      vertex 41.3645 73.0355 4.2
    endloop
  endfacet
  facet normal -0 0 1
    outer loop
      vertex 35.0055 76.1113 4.2
      vertex 40.9332 72.5438 4.2
      vertex 35.7012 77.0493 4.2
    endloop
  endfacet
  facet normal 0 0 1
    outer loop
      vertex 54.7945 62.8887 4.2
      vertex 48.8668 66.4562 4.2
      vertex 54.0988 61.9507 4.2
    endloop
  endfacet
  facet normal -0 0 1
    outer loop
      vertex 48.4355 65.9645 4.2
      vertex 54.0988 61.9507 4.2
      vertex 48.8668 66.4562 4.2
    endloop
  endfacet
  facet normal 0 0 1
    outer loop
      vertex 54.0988 61.9507 4.2
      vertex 48.4355 65.9645 4.2
      vertex 53.3146 61.0854 4.2
    endloop
  endfacet
  facet normal 0 0 1
    outer loop
      vertex 53.3146 61.0854 4.2
      vertex 48.4355 65.9645 4.2
      vertex 52.4493 60.3012 4.2
    endloop
  endfacet
  facet normal -0 0 1
    outer loop
      vertex 47.9438 65.5332 4.2
      vertex 52.4493 60.3012 4.2
      vertex 48.4355 65.9645 4.2
    endloop
  endfacet
  facet normal 0 0 1
    outer loop
      vertex 52.4493 60.3012 4.2
      vertex 47.9438 65.5332 4.2
      vertex 51.5113 59.6055 4.2
    endloop
  endfacet
  facet normal -0 0 1
    outer loop
      vertex 47.9 65.504 4.2
      vertex 51.5113 59.6055 4.2
      vertex 47.9438 65.5332 4.2
    endloop
  endfacet
  facet normal 0 0 1
    outer loop
      vertex 51.5113 59.6055 4.2
      vertex 47.9 65.504 4.2
      vertex 50.5096 59.0051 4.2
    endloop
  endfacet
  facet normal 0 0 1
    outer loop
      vertex 50.5096 59.0051 4.2
      vertex 47.9 65.504 4.2
      vertex 49.4539 58.5058 4.2
    endloop
  endfacet
  facet normal 0 0 1
    outer loop
      vertex 49.4539 58.5058 4.2
      vertex 47.9 65.504 4.2
      vertex 48.3544 58.1124 4.2
    endloop
  endfacet
  facet normal 0 0 1
    outer loop
      vertex 48.3544 58.1124 4.2
      vertex 47.9 65.504 4.2
      vertex 47.9 57.9986 4.2
    endloop
  endfacet
  facet normal 0 0 1
    outer loop
      vertex 47.9438 73.4668 4.2
      vertex 47.9 75.5 4.2
      vertex 47.9 73.496 4.2
    endloop
  endfacet
  facet normal 0 0 1
    outer loop
      vertex 38.2887 59.6055 4.2
      vertex 41.9 65.504 4.2
      vertex 41.8562 65.5332 4.2
    endloop
  endfacet
  facet normal 0 0 1
    outer loop
      vertex 41.9 65.504 4.2
      vertex 41.4456 58.1124 4.2
      vertex 41.9 57.9986 4.2
    endloop
  endfacet
  facet normal 0 0 1
    outer loop
      vertex 37.3507 60.3012 4.2
      vertex 41.8562 65.5332 4.2
      vertex 41.3645 65.9645 4.2
    endloop
  endfacet
  facet normal 0 0 1
    outer loop
      vertex 35.7012 61.9507 4.2
      vertex 41.3645 65.9645 4.2
      vertex 40.9332 66.4562 4.2
    endloop
  endfacet
  facet normal 0 0 1
    outer loop
      vertex 35.0055 62.8887 4.2
      vertex 40.9332 66.4562 4.2
      vertex 40.5699 67 4.2
    endloop
  endfacet
  facet normal 0 0 1
    outer loop
      vertex 41.9 65.504 4.2
      vertex 40.3461 58.5058 4.2
      vertex 41.4456 58.1124 4.2
    endloop
  endfacet
  facet normal 0 0 1
    outer loop
      vertex 34.4051 63.8904 4.2
      vertex 40.5699 67 4.2
      vertex 40.2806 67.5866 4.2
    endloop
  endfacet
  facet normal 0 0 1
    outer loop
      vertex 33.5124 66.0456 4.2
      vertex 40.2806 67.5866 4.2
      vertex 40.0704 68.2059 4.2
    endloop
  endfacet
  facet normal 0 0 1
    outer loop
      vertex 33.2287 67.1784 4.2
      vertex 40.0704 68.2059 4.2
      vertex 39.9428 68.8474 4.2
    endloop
  endfacet
  facet normal 0 0 1
    outer loop
      vertex 33.0573 68.3336 4.2
      vertex 39.9428 68.8474 4.2
      vertex 39.9 69.5 4.2
    endloop
  endfacet
  facet normal 0 0 1
    outer loop
      vertex 40.9332 72.5438 4.2
      vertex 35.0055 76.1113 4.2
      vertex 40.5699 72 4.2
    endloop
  endfacet
  facet normal 0 0 1
    outer loop
      vertex 41.9 65.504 4.2
      vertex 39.2904 59.0051 4.2
      vertex 40.3461 58.5058 4.2
    endloop
  endfacet
  facet normal -0 0 1
    outer loop
      vertex 34.4051 75.1096 4.2
      vertex 40.5699 72 4.2
      vertex 35.0055 76.1113 4.2
    endloop
  endfacet
  facet normal 0 0 1
    outer loop
      vertex 41.9 65.504 4.2
      vertex 38.2887 59.6055 4.2
      vertex 39.2904 59.0051 4.2
    endloop
  endfacet
  facet normal 0 0 1
    outer loop
      vertex 40.5699 72 4.2
      vertex 34.4051 75.1096 4.2
      vertex 40.2806 71.4134 4.2
    endloop
  endfacet
  facet normal 0 0 1
    outer loop
      vertex 41.8562 65.5332 4.2
      vertex 37.3507 60.3012 4.2
      vertex 38.2887 59.6055 4.2
    endloop
  endfacet
  facet normal -0 0 1
    outer loop
      vertex 33.9058 74.0539 4.2
      vertex 40.2806 71.4134 4.2
      vertex 34.4051 75.1096 4.2
    endloop
  endfacet
  facet normal 0 0 1
    outer loop
      vertex 41.3645 65.9645 4.2
      vertex 36.4854 61.0854 4.2
      vertex 37.3507 60.3012 4.2
    endloop
  endfacet
  facet normal -0 0 1
    outer loop
      vertex 33.5124 72.9544 4.2
      vertex 40.2806 71.4134 4.2
      vertex 33.9058 74.0539 4.2
    endloop
  endfacet
  facet normal 0 0 1
    outer loop
      vertex 41.3645 65.9645 4.2
      vertex 35.7012 61.9507 4.2
      vertex 36.4854 61.0854 4.2
    endloop
  endfacet
  facet normal 0 0 1
    outer loop
      vertex 40.2806 71.4134 4.2
      vertex 33.5124 72.9544 4.2
      vertex 40.0704 70.7941 4.2
    endloop
  endfacet
  facet normal 0 0 1
    outer loop
      vertex 40.9332 66.4562 4.2
      vertex 35.0055 62.8887 4.2
      vertex 35.7012 61.9507 4.2
    endloop
  endfacet
  facet normal -0 0 1
    outer loop
      vertex 33.2287 71.8216 4.2
      vertex 40.0704 70.7941 4.2
      vertex 33.5124 72.9544 4.2
    endloop
  endfacet
  facet normal 0 0 1
    outer loop
      vertex 40.5699 67 4.2
      vertex 34.4051 63.8904 4.2
      vertex 35.0055 62.8887 4.2
    endloop
  endfacet
  facet normal 0 0 1
    outer loop
      vertex 40.0704 70.7941 4.2
      vertex 33.2287 71.8216 4.2
      vertex 39.9428 70.1526 4.2
    endloop
  endfacet
  facet normal 0 0 1
    outer loop
      vertex 40.2806 67.5866 4.2
      vertex 33.9058 64.9461 4.2
      vertex 34.4051 63.8904 4.2
    endloop
  endfacet
  facet normal -0 0 1
    outer loop
      vertex 33.0573 70.6664 4.2
      vertex 39.9428 70.1526 4.2
      vertex 33.2287 71.8216 4.2
    endloop
  endfacet
  facet normal 0 0 1
    outer loop
      vertex 40.2806 67.5866 4.2
      vertex 33.5124 66.0456 4.2
      vertex 33.9058 64.9461 4.2
    endloop
  endfacet
  facet normal 0 0 1
    outer loop
      vertex 39.9428 70.1526 4.2
      vertex 33.0573 70.6664 4.2
      vertex 39.9 69.5 4.2
    endloop
  endfacet
  facet normal 0 0 1
    outer loop
      vertex 40.0704 68.2059 4.2
      vertex 33.2287 67.1784 4.2
      vertex 33.5124 66.0456 4.2
    endloop
  endfacet
  facet normal 0 0 1
    outer loop
      vertex 33 69.5 4.2
      vertex 39.9 69.5 4.2
      vertex 33.0573 70.6664 4.2
    endloop
  endfacet
  facet normal 0 0 1
    outer loop
      vertex 39.9428 68.8474 4.2
      vertex 33.0573 68.3336 4.2
      vertex 33.2287 67.1784 4.2
    endloop
  endfacet
  facet normal 0 0 1
    outer loop
      vertex 39.9 69.5 4.2
      vertex 33 69.5 4.2
      vertex 33.0573 68.3336 4.2
    endloop
  endfacet
  facet normal 0.803195 0.595717 0
    outer loop
      vertex 35.7012 61.9507 6.6
      vertex 35.0055 62.8887 4.2
      vertex 35.0055 62.8887 6.6
    endloop
  endfacet
  facet normal 0.803195 0.595717 0
    outer loop
      vertex 35.0055 62.8887 4.2
      vertex 35.7012 61.9507 6.6
      vertex 35.7012 61.9507 4.2
    endloop
  endfacet
  facet normal 0.998796 -0.0490663 0
    outer loop
      vertex 33 69.5 6.6
      vertex 33.0573 70.6664 4.2
      vertex 33.0573 70.6664 6.6
    endloop
  endfacet
  facet normal 0.998796 -0.0490663 0
    outer loop
      vertex 33.0573 70.6664 4.2
      vertex 33 69.5 6.6
      vertex 33 69.5 4.2
    endloop
  endfacet
  facet normal -0.740978 0.67153 0
    outer loop
      vertex 53.3146 61.0854 4.2
      vertex 54.0988 61.9507 6.6
      vertex 54.0988 61.9507 4.2
    endloop
  endfacet
  facet normal -0.740978 0.67153 0
    outer loop
      vertex 54.0988 61.9507 6.6
      vertex 53.3146 61.0854 4.2
      vertex 53.3146 61.0854 6.6
    endloop
  endfacet
  facet normal -0.195087 0.980786 0
    outer loop
      vertex 46.1941 64.6704 2.8
      vertex 45.5526 64.5428 4.1
      vertex 46.1941 64.6704 4.1
    endloop
  endfacet
  facet normal -0.195087 0.980786 0
    outer loop
      vertex 45.5526 64.5428 4.1
      vertex 46.1941 64.6704 2.8
      vertex 45.5526 64.5428 2.8
    endloop
  endfacet
  facet normal -0.980786 -0.195087 0
    outer loop
      vertex 49.8572 70.1526 2.8
      vertex 49.7296 70.7941 4.2
      vertex 49.7296 70.7941 2.8
    endloop
  endfacet
  facet normal -0.980786 -0.195087 0
    outer loop
      vertex 49.7296 70.7941 4.2
      vertex 49.8572 70.1526 2.8
      vertex 49.8572 70.1526 4.2
    endloop
  endfacet
  facet normal -0.997856 -0.0654432 0
    outer loop
      vertex 49.9 69.5 2.8
      vertex 49.8572 70.1526 4.2
      vertex 49.8572 70.1526 2.8
    endloop
  endfacet
  facet normal -0.997856 -0.0654432 0
    outer loop
      vertex 49.8572 70.1526 4.2
      vertex 49.9 69.5 2.8
      vertex 49.9 69.5 4.2
    endloop
  endfacet
  facet normal 0.89686 0.442314 0
    outer loop
      vertex 40.5699 67 4.2
      vertex 40.2806 67.5866 2.8
      vertex 40.2806 67.5866 4.2
    endloop
  endfacet
  facet normal 0.89686 0.442314 0
    outer loop
      vertex 40.2806 67.5866 2.8
      vertex 40.5699 67 4.2
      vertex 40.5699 67 2.8
    endloop
  endfacet
  facet normal 0.946941 0.321407 0
    outer loop
      vertex 40.2806 67.5866 4.2
      vertex 40.0704 68.2059 2.8
      vertex 40.0704 68.2059 4.2
    endloop
  endfacet
  facet normal 0.946941 0.321407 0
    outer loop
      vertex 40.0704 68.2059 2.8
      vertex 40.2806 67.5866 4.2
      vertex 40.2806 67.5866 2.8
    endloop
  endfacet
  facet normal -0.946941 0.321407 0
    outer loop
      vertex 49.5194 67.5866 2.8
      vertex 49.7296 68.2059 4.2
      vertex 49.7296 68.2059 2.8
    endloop
  endfacet
  facet normal -0.946941 0.321407 0
    outer loop
      vertex 49.7296 68.2059 4.2
      vertex 49.5194 67.5866 2.8
      vertex 49.5194 67.5866 4.2
    endloop
  endfacet
  facet normal -0.89686 0.442314 0
    outer loop
      vertex 49.2301 67 2.8
      vertex 49.5194 67.5866 4.2
      vertex 49.5194 67.5866 2.8
    endloop
  endfacet
  facet normal -0.89686 0.442314 0
    outer loop
      vertex 49.5194 67.5866 4.2
      vertex 49.2301 67 2.8
      vertex 49.2301 67 4.2
    endloop
  endfacet
  facet normal -0.831509 0.555512 0
    outer loop
      vertex 48.8668 66.4562 2.8
      vertex 49.2301 67 4.2
      vertex 49.2301 67 2.8
    endloop
  endfacet
  facet normal -0.831509 0.555512 0
    outer loop
      vertex 49.2301 67 4.2
      vertex 48.8668 66.4562 2.8
      vertex 48.8668 66.4562 4.2
    endloop
  endfacet
  facet normal 0.0654432 -0.997856 0
    outer loop
      vertex 44.2474 74.4572 2.8
      vertex 44.9 74.5 4.1
      vertex 44.2474 74.4572 4.1
    endloop
  endfacet
  facet normal 0.0654432 -0.997856 0
    outer loop
      vertex 44.9 74.5 4.1
      vertex 44.2474 74.4572 2.8
      vertex 44.9 74.5 2.8
    endloop
  endfacet
  facet normal 0.997856 0.0654432 0
    outer loop
      vertex 39.9428 68.8474 4.2
      vertex 39.9 69.5 2.8
      vertex 39.9 69.5 4.2
    endloop
  endfacet
  facet normal 0.997856 0.0654432 0
    outer loop
      vertex 39.9 69.5 2.8
      vertex 39.9428 68.8474 4.2
      vertex 39.9428 68.8474 2.8
    endloop
  endfacet
  facet normal -0.195087 -0.980786 0
    outer loop
      vertex 45.5526 74.4572 2.8
      vertex 46.1941 74.3296 4.1
      vertex 45.5526 74.4572 4.1
    endloop
  endfacet
  facet normal -0.195087 -0.980786 -0
    outer loop
      vertex 46.1941 74.3296 4.1
      vertex 45.5526 74.4572 2.8
      vertex 46.1941 74.3296 2.8
    endloop
  endfacet
  facet normal 0.555583 0.831461 0
    outer loop
      vertex 42.4 65.1699 4.1
      vertex 42.4 65.1699 2.8
      vertex 41.9 65.504 4.1
    endloop
  endfacet
  facet normal 0.5547 0.83205 -0
    outer loop
      vertex 41.9 65.504 4.1
      vertex 41.8562 65.5332 4.2
      vertex 41.9 65.504 4.2
    endloop
  endfacet
  facet normal 0.555512 0.831509 -3.94971e-05
    outer loop
      vertex 41.8562 65.5332 2.8
      vertex 41.9 65.504 4.1
      vertex 42.4 65.1699 2.8
    endloop
  endfacet
  facet normal 0.5547 0.83205 0
    outer loop
      vertex 41.9 65.504 4.1
      vertex 41.8562 65.5332 2.8
      vertex 41.8562 65.5332 4.2
    endloop
  endfacet
  facet normal 0.0654432 0.997856 -0
    outer loop
      vertex 44.9 64.5 2.8
      vertex 44.2474 64.5428 4.1
      vertex 44.9 64.5 4.1
    endloop
  endfacet
  facet normal 0.0654432 0.997856 0
    outer loop
      vertex 44.2474 64.5428 4.1
      vertex 44.9 64.5 2.8
      vertex 44.2474 64.5428 2.8
    endloop
  endfacet
  facet normal 0.195087 0.980786 -0
    outer loop
      vertex 44.2474 64.5428 2.8
      vertex 43.6059 64.6704 4.1
      vertex 44.2474 64.5428 4.1
    endloop
  endfacet
  facet normal 0.195087 0.980786 0
    outer loop
      vertex 43.6059 64.6704 4.1
      vertex 44.2474 64.5428 2.8
      vertex 43.6059 64.6704 2.8
    endloop
  endfacet
  facet normal -0.980786 0.195087 0
    outer loop
      vertex 49.7296 68.2059 2.8
      vertex 49.8572 68.8474 4.2
      vertex 49.8572 68.8474 2.8
    endloop
  endfacet
  facet normal -0.980786 0.195087 0
    outer loop
      vertex 49.8572 68.8474 4.2
      vertex 49.7296 68.2059 2.8
      vertex 49.7296 68.2059 4.2
    endloop
  endfacet
  facet normal -0.831509 -0.555512 0
    outer loop
      vertex 49.2301 72 2.8
      vertex 48.8668 72.5438 4.2
      vertex 48.8668 72.5438 2.8
    endloop
  endfacet
  facet normal -0.831509 -0.555512 0
    outer loop
      vertex 48.8668 72.5438 4.2
      vertex 49.2301 72 2.8
      vertex 49.2301 72 4.2
    endloop
  endfacet
  facet normal 0.751771 0.659424 0
    outer loop
      vertex 41.3645 65.9645 4.2
      vertex 40.9332 66.4562 2.8
      vertex 40.9332 66.4562 4.2
    endloop
  endfacet
  facet normal 0.751771 0.659424 0
    outer loop
      vertex 40.9332 66.4562 2.8
      vertex 41.3645 65.9645 4.2
      vertex 41.3645 65.9645 2.8
    endloop
  endfacet
  facet normal 0.980786 0.195087 0
    outer loop
      vertex 40.0704 68.2059 4.2
      vertex 39.9428 68.8474 2.8
      vertex 39.9428 68.8474 4.2
    endloop
  endfacet
  facet normal 0.980786 0.195087 0
    outer loop
      vertex 39.9428 68.8474 2.8
      vertex 40.0704 68.2059 4.2
      vertex 40.0704 68.2059 2.8
    endloop
  endfacet
  facet normal 0.831509 0.555512 0
    outer loop
      vertex 40.9332 66.4562 4.2
      vertex 40.5699 67 2.8
      vertex 40.5699 67 4.2
    endloop
  endfacet
  facet normal 0.831509 0.555512 0
    outer loop
      vertex 40.5699 67 2.8
      vertex 40.9332 66.4562 4.2
      vertex 40.9332 66.4562 2.8
    endloop
  endfacet
  facet normal -0.442314 0.89686 0
    outer loop
      vertex 47.4 65.1699 2.8
      vertex 46.8134 64.8806 4.1
      vertex 47.4 65.1699 4.1
    endloop
  endfacet
  facet normal -0.442314 0.89686 0
    outer loop
      vertex 46.8134 64.8806 4.1
      vertex 47.4 65.1699 2.8
      vertex 46.8134 64.8806 2.8
    endloop
  endfacet
  facet normal -0.659424 -0.751771 0
    outer loop
      vertex 47.9438 73.4668 2.8
      vertex 48.4355 73.0355 4.2
      vertex 47.9438 73.4668 4.2
    endloop
  endfacet
  facet normal -0.659424 -0.751771 -0
    outer loop
      vertex 48.4355 73.0355 4.2
      vertex 47.9438 73.4668 2.8
      vertex 48.4355 73.0355 2.8
    endloop
  endfacet
  facet normal -0.442314 -0.89686 0
    outer loop
      vertex 46.8134 74.1194 2.8
      vertex 47.4 73.8301 4.1
      vertex 46.8134 74.1194 4.1
    endloop
  endfacet
  facet normal -0.442314 -0.89686 -0
    outer loop
      vertex 47.4 73.8301 4.1
      vertex 46.8134 74.1194 2.8
      vertex 47.4 73.8301 2.8
    endloop
  endfacet
  facet normal -0.997856 0.0654432 0
    outer loop
      vertex 49.8572 68.8474 2.8
      vertex 49.9 69.5 4.2
      vertex 49.9 69.5 2.8
    endloop
  endfacet
  facet normal -0.997856 0.0654432 0
    outer loop
      vertex 49.9 69.5 4.2
      vertex 49.8572 68.8474 2.8
      vertex 49.8572 68.8474 4.2
    endloop
  endfacet
  facet normal -0.0654432 -0.997856 0
    outer loop
      vertex 44.9 74.5 2.8
      vertex 45.5526 74.4572 4.1
      vertex 44.9 74.5 4.1
    endloop
  endfacet
  facet normal -0.0654432 -0.997856 -0
    outer loop
      vertex 45.5526 74.4572 4.1
      vertex 44.9 74.5 2.8
      vertex 45.5526 74.4572 2.8
    endloop
  endfacet
  facet normal 0.751771 -0.659424 0
    outer loop
      vertex 40.9332 72.5438 4.2
      vertex 41.3645 73.0355 2.8
      vertex 41.3645 73.0355 4.2
    endloop
  endfacet
  facet normal 0.751771 -0.659424 0
    outer loop
      vertex 41.3645 73.0355 2.8
      vertex 40.9332 72.5438 4.2
      vertex 40.9332 72.5438 2.8
    endloop
  endfacet
  facet normal -0.555583 -0.831461 -0
    outer loop
      vertex 47.4 73.8301 4.1
      vertex 47.4 73.8301 2.8
      vertex 47.9 73.496 4.1
    endloop
  endfacet
  facet normal -0.5547 -0.83205 0
    outer loop
      vertex 47.9 73.496 4.1
      vertex 47.9438 73.4668 4.2
      vertex 47.9 73.496 4.2
    endloop
  endfacet
  facet normal -0.555512 -0.831509 -3.94971e-05
    outer loop
      vertex 47.9438 73.4668 2.8
      vertex 47.9 73.496 4.1
      vertex 47.4 73.8301 2.8
    endloop
  endfacet
  facet normal -0.5547 -0.83205 0
    outer loop
      vertex 47.9 73.496 4.1
      vertex 47.9438 73.4668 2.8
      vertex 47.9438 73.4668 4.2
    endloop
  endfacet
  facet normal 0.5547 -0.83205 0
    outer loop
      vertex 41.8562 73.4668 4.2
      vertex 41.9 73.496 4.1
      vertex 41.9 73.496 4.2
    endloop
  endfacet
  facet normal 0.5547 -0.83205 0
    outer loop
      vertex 41.8562 73.4668 2.8
      vertex 41.9 73.496 4.1
      vertex 41.8562 73.4668 4.2
    endloop
  endfacet
  facet normal 0.555512 -0.831509 -3.94971e-05
    outer loop
      vertex 42.4 73.8301 2.8
      vertex 41.9 73.496 4.1
      vertex 41.8562 73.4668 2.8
    endloop
  endfacet
  facet normal 0.555583 -0.831461 0
    outer loop
      vertex 41.9 73.496 4.1
      vertex 42.4 73.8301 2.8
      vertex 42.4 73.8301 4.1
    endloop
  endfacet
  facet normal 0.195087 -0.980786 0
    outer loop
      vertex 43.6059 74.3296 2.8
      vertex 44.2474 74.4572 4.1
      vertex 43.6059 74.3296 4.1
    endloop
  endfacet
  facet normal 0.195087 -0.980786 0
    outer loop
      vertex 44.2474 74.4572 4.1
      vertex 43.6059 74.3296 2.8
      vertex 44.2474 74.4572 2.8
    endloop
  endfacet
  facet normal 0.442314 -0.89686 0
    outer loop
      vertex 42.4 73.8301 2.8
      vertex 42.9866 74.1194 4.1
      vertex 42.4 73.8301 4.1
    endloop
  endfacet
  facet normal 0.442314 -0.89686 0
    outer loop
      vertex 42.9866 74.1194 4.1
      vertex 42.4 73.8301 2.8
      vertex 42.9866 74.1194 2.8
    endloop
  endfacet
  facet normal 0.659424 0.751771 -0
    outer loop
      vertex 41.8562 65.5332 2.8
      vertex 41.3645 65.9645 4.2
      vertex 41.8562 65.5332 4.2
    endloop
  endfacet
  facet normal 0.659424 0.751771 0
    outer loop
      vertex 41.3645 65.9645 4.2
      vertex 41.8562 65.5332 2.8
      vertex 41.3645 65.9645 2.8
    endloop
  endfacet
  facet normal -0.659424 0.751771 0
    outer loop
      vertex 48.4355 65.9645 2.8
      vertex 47.9438 65.5332 4.2
      vertex 48.4355 65.9645 4.2
    endloop
  endfacet
  facet normal -0.659424 0.751771 0
    outer loop
      vertex 47.9438 65.5332 4.2
      vertex 48.4355 65.9645 2.8
      vertex 47.9438 65.5332 2.8
    endloop
  endfacet
  facet normal -0.5547 0.83205 0
    outer loop
      vertex 47.9438 65.5332 4.2
      vertex 47.9 65.504 4.1
      vertex 47.9 65.504 4.2
    endloop
  endfacet
  facet normal -0.5547 0.83205 0
    outer loop
      vertex 47.9438 65.5332 2.8
      vertex 47.9 65.504 4.1
      vertex 47.9438 65.5332 4.2
    endloop
  endfacet
  facet normal -0.555512 0.831509 -3.94971e-05
    outer loop
      vertex 47.4 65.1699 2.8
      vertex 47.9 65.504 4.1
      vertex 47.9438 65.5332 2.8
    endloop
  endfacet
  facet normal -0.555583 0.831461 0
    outer loop
      vertex 47.9 65.504 4.1
      vertex 47.4 65.1699 2.8
      vertex 47.4 65.1699 4.1
    endloop
  endfacet
  facet normal -0.751771 0.659424 0
    outer loop
      vertex 48.4355 65.9645 2.8
      vertex 48.8668 66.4562 4.2
      vertex 48.8668 66.4562 2.8
    endloop
  endfacet
  facet normal -0.751771 0.659424 0
    outer loop
      vertex 48.8668 66.4562 4.2
      vertex 48.4355 65.9645 2.8
      vertex 48.4355 65.9645 4.2
    endloop
  endfacet
  facet normal -0.321407 -0.946941 0
    outer loop
      vertex 46.1941 74.3296 2.8
      vertex 46.8134 74.1194 4.1
      vertex 46.1941 74.3296 4.1
    endloop
  endfacet
  facet normal -0.321407 -0.946941 -0
    outer loop
      vertex 46.8134 74.1194 4.1
      vertex 46.1941 74.3296 2.8
      vertex 46.8134 74.1194 2.8
    endloop
  endfacet
  facet normal 0.980786 -0.195087 0
    outer loop
      vertex 39.9428 70.1526 4.2
      vertex 40.0704 70.7941 2.8
      vertex 40.0704 70.7941 4.2
    endloop
  endfacet
  facet normal 0.980786 -0.195087 0
    outer loop
      vertex 40.0704 70.7941 2.8
      vertex 39.9428 70.1526 4.2
      vertex 39.9428 70.1526 2.8
    endloop
  endfacet
  facet normal -0.89686 -0.442314 0
    outer loop
      vertex 49.5194 71.4134 2.8
      vertex 49.2301 72 4.2
      vertex 49.2301 72 2.8
    endloop
  endfacet
  facet normal -0.89686 -0.442314 0
    outer loop
      vertex 49.2301 72 4.2
      vertex 49.5194 71.4134 2.8
      vertex 49.5194 71.4134 4.2
    endloop
  endfacet
  facet normal -0.751771 -0.659424 0
    outer loop
      vertex 48.8668 72.5438 2.8
      vertex 48.4355 73.0355 4.2
      vertex 48.4355 73.0355 2.8
    endloop
  endfacet
  facet normal -0.751771 -0.659424 0
    outer loop
      vertex 48.4355 73.0355 4.2
      vertex 48.8668 72.5438 2.8
      vertex 48.8668 72.5438 4.2
    endloop
  endfacet
  facet normal -0.946941 -0.321407 0
    outer loop
      vertex 49.7296 70.7941 2.8
      vertex 49.5194 71.4134 4.2
      vertex 49.5194 71.4134 2.8
    endloop
  endfacet
  facet normal -0.946941 -0.321407 0
    outer loop
      vertex 49.5194 71.4134 4.2
      vertex 49.7296 70.7941 2.8
      vertex 49.7296 70.7941 4.2
    endloop
  endfacet
  facet normal 0.997856 -0.0654432 0
    outer loop
      vertex 39.9 69.5 4.2
      vertex 39.9428 70.1526 2.8
      vertex 39.9428 70.1526 4.2
    endloop
  endfacet
  facet normal 0.997856 -0.0654432 0
    outer loop
      vertex 39.9428 70.1526 2.8
      vertex 39.9 69.5 4.2
      vertex 39.9 69.5 2.8
    endloop
  endfacet
  facet normal 0.321407 -0.946941 0
    outer loop
      vertex 42.9866 74.1194 2.8
      vertex 43.6059 74.3296 4.1
      vertex 42.9866 74.1194 4.1
    endloop
  endfacet
  facet normal 0.321407 -0.946941 0
    outer loop
      vertex 43.6059 74.3296 4.1
      vertex 42.9866 74.1194 2.8
      vertex 43.6059 74.3296 2.8
    endloop
  endfacet
  facet normal 0.831509 -0.555512 0
    outer loop
      vertex 40.5699 72 4.2
      vertex 40.9332 72.5438 2.8
      vertex 40.9332 72.5438 4.2
    endloop
  endfacet
  facet normal 0.831509 -0.555512 0
    outer loop
      vertex 40.9332 72.5438 2.8
      vertex 40.5699 72 4.2
      vertex 40.5699 72 2.8
    endloop
  endfacet
  facet normal -0.321407 0.946941 0
    outer loop
      vertex 46.8134 64.8806 2.8
      vertex 46.1941 64.6704 4.1
      vertex 46.8134 64.8806 4.1
    endloop
  endfacet
  facet normal -0.321407 0.946941 0
    outer loop
      vertex 46.1941 64.6704 4.1
      vertex 46.8134 64.8806 2.8
      vertex 46.1941 64.6704 2.8
    endloop
  endfacet
  facet normal 0.659424 -0.751771 0
    outer loop
      vertex 41.3645 73.0355 2.8
      vertex 41.8562 73.4668 4.2
      vertex 41.3645 73.0355 4.2
    endloop
  endfacet
  facet normal 0.659424 -0.751771 0
    outer loop
      vertex 41.8562 73.4668 4.2
      vertex 41.3645 73.0355 2.8
      vertex 41.8562 73.4668 2.8
    endloop
  endfacet
  facet normal 0.89686 -0.442314 0
    outer loop
      vertex 40.2806 71.4134 4.2
      vertex 40.5699 72 2.8
      vertex 40.5699 72 4.2
    endloop
  endfacet
  facet normal 0.89686 -0.442314 0
    outer loop
      vertex 40.5699 72 2.8
      vertex 40.2806 71.4134 4.2
      vertex 40.2806 71.4134 2.8
    endloop
  endfacet
  facet normal 0.946941 -0.321407 0
    outer loop
      vertex 40.0704 70.7941 4.2
      vertex 40.2806 71.4134 2.8
      vertex 40.2806 71.4134 4.2
    endloop
  endfacet
  facet normal 0.946941 -0.321407 0
    outer loop
      vertex 40.2806 71.4134 2.8
      vertex 40.0704 70.7941 4.2
      vertex 40.0704 70.7941 2.8
    endloop
  endfacet
  facet normal -0.0654432 0.997856 0
    outer loop
      vertex 45.5526 64.5428 2.8
      vertex 44.9 64.5 4.1
      vertex 45.5526 64.5428 4.1
    endloop
  endfacet
  facet normal -0.0654432 0.997856 0
    outer loop
      vertex 44.9 64.5 4.1
      vertex 45.5526 64.5428 2.8
      vertex 44.9 64.5 2.8
    endloop
  endfacet
  facet normal 0.321407 0.946941 -0
    outer loop
      vertex 43.6059 64.6704 2.8
      vertex 42.9866 64.8806 4.1
      vertex 43.6059 64.6704 4.1
    endloop
  endfacet
  facet normal 0.321407 0.946941 0
    outer loop
      vertex 42.9866 64.8806 4.1
      vertex 43.6059 64.6704 2.8
      vertex 42.9866 64.8806 2.8
    endloop
  endfacet
  facet normal 0.442314 0.89686 -0
    outer loop
      vertex 42.9866 64.8806 2.8
      vertex 42.4 65.1699 4.1
      vertex 42.9866 64.8806 4.1
    endloop
  endfacet
  facet normal 0.442314 0.89686 0
    outer loop
      vertex 42.4 65.1699 4.1
      vertex 42.9866 64.8806 2.8
      vertex 42.4 65.1699 2.8
    endloop
  endfacet
  facet normal -0.890959 -0.454084 0
    outer loop
      vertex 28.1364 69.9017 2.8
      vertex 27.9517 70.2641 6.6
      vertex 27.9517 70.2641 2.8
    endloop
  endfacet
  facet normal -0.890959 -0.454084 0
    outer loop
      vertex 27.9517 70.2641 6.6
      vertex 28.1364 69.9017 2.8
      vertex 28.1364 69.9017 6.6
    endloop
  endfacet
  facet normal -0.987697 -0.156379 0
    outer loop
      vertex 28.2 69.5 2.8
      vertex 28.1364 69.9017 6.6
      vertex 28.1364 69.9017 2.8
    endloop
  endfacet
  facet normal -0.987697 -0.156379 0
    outer loop
      vertex 28.1364 69.9017 6.6
      vertex 28.2 69.5 2.8
      vertex 28.2 69.5 6.6
    endloop
  endfacet
  facet normal -0.707107 -0.707107 0
    outer loop
      vertex 27.6641 70.5517 2.8
      vertex 27.9517 70.2641 6.6
      vertex 27.6641 70.5517 6.6
    endloop
  endfacet
  facet normal -0.707107 -0.707107 -0
    outer loop
      vertex 27.9517 70.2641 6.6
      vertex 27.6641 70.5517 2.8
      vertex 27.9517 70.2641 2.8
    endloop
  endfacet
  facet normal 0.987697 -0.156379 0
    outer loop
      vertex 25.6 69.5 6.6
      vertex 25.6636 69.9017 2.8
      vertex 25.6636 69.9017 6.6
    endloop
  endfacet
  facet normal 0.987697 -0.156379 0
    outer loop
      vertex 25.6636 69.9017 2.8
      vertex 25.6 69.5 6.6
      vertex 25.6 69.5 2.8
    endloop
  endfacet
  facet normal -0.454084 0.890959 0
    outer loop
      vertex 27.6641 68.4483 2.8
      vertex 27.3017 68.2636 6.6
      vertex 27.6641 68.4483 6.6
    endloop
  endfacet
  facet normal -0.454084 0.890959 0
    outer loop
      vertex 27.3017 68.2636 6.6
      vertex 27.6641 68.4483 2.8
      vertex 27.3017 68.2636 2.8
    endloop
  endfacet
  facet normal -0.890959 0.454084 0
    outer loop
      vertex 27.9517 68.7359 2.8
      vertex 28.1364 69.0983 6.6
      vertex 28.1364 69.0983 2.8
    endloop
  endfacet
  facet normal -0.890959 0.454084 0
    outer loop
      vertex 28.1364 69.0983 6.6
      vertex 27.9517 68.7359 2.8
      vertex 27.9517 68.7359 6.6
    endloop
  endfacet
  facet normal -0.156379 -0.987697 0
    outer loop
      vertex 26.9 70.8 2.8
      vertex 27.3017 70.7364 6.6
      vertex 26.9 70.8 6.6
    endloop
  endfacet
  facet normal -0.156379 -0.987697 -0
    outer loop
      vertex 27.3017 70.7364 6.6
      vertex 26.9 70.8 2.8
      vertex 27.3017 70.7364 2.8
    endloop
  endfacet
  facet normal 0.454084 0.890959 -0
    outer loop
      vertex 26.4983 68.2636 2.8
      vertex 26.1359 68.4483 6.6
      vertex 26.4983 68.2636 6.6
    endloop
  endfacet
  facet normal 0.454084 0.890959 0
    outer loop
      vertex 26.1359 68.4483 6.6
      vertex 26.4983 68.2636 2.8
      vertex 26.1359 68.4483 2.8
    endloop
  endfacet
  facet normal 0.454084 -0.890959 0
    outer loop
      vertex 26.1359 70.5517 2.8
      vertex 26.4983 70.7364 6.6
      vertex 26.1359 70.5517 6.6
    endloop
  endfacet
  facet normal 0.454084 -0.890959 0
    outer loop
      vertex 26.4983 70.7364 6.6
      vertex 26.1359 70.5517 2.8
      vertex 26.4983 70.7364 2.8
    endloop
  endfacet
  facet normal 0.987697 0.156379 0
    outer loop
      vertex 25.6636 69.0983 6.6
      vertex 25.6 69.5 2.8
      vertex 25.6 69.5 6.6
    endloop
  endfacet
  facet normal 0.987697 0.156379 0
    outer loop
      vertex 25.6 69.5 2.8
      vertex 25.6636 69.0983 6.6
      vertex 25.6636 69.0983 2.8
    endloop
  endfacet
  facet normal 0.890959 -0.454084 0
    outer loop
      vertex 25.6636 69.9017 6.6
      vertex 25.8483 70.2641 2.8
      vertex 25.8483 70.2641 6.6
    endloop
  endfacet
  facet normal 0.890959 -0.454084 0
    outer loop
      vertex 25.8483 70.2641 2.8
      vertex 25.6636 69.9017 6.6
      vertex 25.6636 69.9017 2.8
    endloop
  endfacet
  facet normal -0.987697 0.156379 0
    outer loop
      vertex 28.1364 69.0983 2.8
      vertex 28.2 69.5 6.6
      vertex 28.2 69.5 2.8
    endloop
  endfacet
  facet normal -0.987697 0.156379 0
    outer loop
      vertex 28.2 69.5 6.6
      vertex 28.1364 69.0983 2.8
      vertex 28.1364 69.0983 6.6
    endloop
  endfacet
  facet normal 0.890959 0.454084 0
    outer loop
      vertex 25.8483 68.7359 6.6
      vertex 25.6636 69.0983 2.8
      vertex 25.6636 69.0983 6.6
    endloop
  endfacet
  facet normal 0.890959 0.454084 0
    outer loop
      vertex 25.6636 69.0983 2.8
      vertex 25.8483 68.7359 6.6
      vertex 25.8483 68.7359 2.8
    endloop
  endfacet
  facet normal 0.707107 -0.707107 0
    outer loop
      vertex 25.8483 70.2641 2.8
      vertex 26.1359 70.5517 6.6
      vertex 25.8483 70.2641 6.6
    endloop
  endfacet
  facet normal 0.707107 -0.707107 0
    outer loop
      vertex 26.1359 70.5517 6.6
      vertex 25.8483 70.2641 2.8
      vertex 26.1359 70.5517 2.8
    endloop
  endfacet
  facet normal -0.454084 -0.890959 0
    outer loop
      vertex 27.3017 70.7364 2.8
      vertex 27.6641 70.5517 6.6
      vertex 27.3017 70.7364 6.6
    endloop
  endfacet
  facet normal -0.454084 -0.890959 -0
    outer loop
      vertex 27.6641 70.5517 6.6
      vertex 27.3017 70.7364 2.8
      vertex 27.6641 70.5517 2.8
    endloop
  endfacet
  facet normal -0.156379 0.987697 0
    outer loop
      vertex 27.3017 68.2636 2.8
      vertex 26.9 68.2 6.6
      vertex 27.3017 68.2636 6.6
    endloop
  endfacet
  facet normal -0.156379 0.987697 0
    outer loop
      vertex 26.9 68.2 6.6
      vertex 27.3017 68.2636 2.8
      vertex 26.9 68.2 2.8
    endloop
  endfacet
  facet normal -0.707107 0.707107 0
    outer loop
      vertex 27.9517 68.7359 2.8
      vertex 27.6641 68.4483 6.6
      vertex 27.9517 68.7359 6.6
    endloop
  endfacet
  facet normal -0.707107 0.707107 0
    outer loop
      vertex 27.6641 68.4483 6.6
      vertex 27.9517 68.7359 2.8
      vertex 27.6641 68.4483 2.8
    endloop
  endfacet
  facet normal 0.156379 0.987697 -0
    outer loop
      vertex 26.9 68.2 2.8
      vertex 26.4983 68.2636 6.6
      vertex 26.9 68.2 6.6
    endloop
  endfacet
  facet normal 0.156379 0.987697 0
    outer loop
      vertex 26.4983 68.2636 6.6
      vertex 26.9 68.2 2.8
      vertex 26.4983 68.2636 2.8
    endloop
  endfacet
  facet normal 0.707107 0.707107 -0
    outer loop
      vertex 26.1359 68.4483 2.8
      vertex 25.8483 68.7359 6.6
      vertex 26.1359 68.4483 6.6
    endloop
  endfacet
  facet normal 0.707107 0.707107 0
    outer loop
      vertex 25.8483 68.7359 6.6
      vertex 26.1359 68.4483 2.8
      vertex 25.8483 68.7359 2.8
    endloop
  endfacet
  facet normal 0.156379 -0.987697 0
    outer loop
      vertex 26.4983 70.7364 2.8
      vertex 26.9 70.8 6.6
      vertex 26.4983 70.7364 6.6
    endloop
  endfacet
  facet normal 0.156379 -0.987697 0
    outer loop
      vertex 26.9 70.8 6.6
      vertex 26.4983 70.7364 2.8
      vertex 26.9 70.8 2.8
    endloop
  endfacet
  facet normal -0.890959 -0.454084 0
    outer loop
      vertex 64.1364 69.9017 2.8
      vertex 63.9517 70.2641 6.6
      vertex 63.9517 70.2641 2.8
    endloop
  endfacet
  facet normal -0.890959 -0.454084 0
    outer loop
      vertex 63.9517 70.2641 6.6
      vertex 64.1364 69.9017 2.8
      vertex 64.1364 69.9017 6.6
    endloop
  endfacet
  facet normal -0.987697 -0.156379 0
    outer loop
      vertex 64.2 69.5 2.8
      vertex 64.1364 69.9017 6.6
      vertex 64.1364 69.9017 2.8
    endloop
  endfacet
  facet normal -0.987697 -0.156379 0
    outer loop
      vertex 64.1364 69.9017 6.6
      vertex 64.2 69.5 2.8
      vertex 64.2 69.5 6.6
    endloop
  endfacet
  facet normal -0.707107 -0.707107 0
    outer loop
      vertex 63.6641 70.5517 2.8
      vertex 63.9517 70.2641 6.6
      vertex 63.6641 70.5517 6.6
    endloop
  endfacet
  facet normal -0.707107 -0.707107 -0
    outer loop
      vertex 63.9517 70.2641 6.6
      vertex 63.6641 70.5517 2.8
      vertex 63.9517 70.2641 2.8
    endloop
  endfacet
  facet normal 0.987697 -0.156379 0
    outer loop
      vertex 61.6 69.5 6.6
      vertex 61.6636 69.9017 2.8
      vertex 61.6636 69.9017 6.6
    endloop
  endfacet
  facet normal 0.987697 -0.156379 0
    outer loop
      vertex 61.6636 69.9017 2.8
      vertex 61.6 69.5 6.6
      vertex 61.6 69.5 2.8
    endloop
  endfacet
  facet normal -0.454084 0.890959 0
    outer loop
      vertex 63.6641 68.4483 2.8
      vertex 63.3017 68.2636 6.6
      vertex 63.6641 68.4483 6.6
    endloop
  endfacet
  facet normal -0.454084 0.890959 0
    outer loop
      vertex 63.3017 68.2636 6.6
      vertex 63.6641 68.4483 2.8
      vertex 63.3017 68.2636 2.8
    endloop
  endfacet
  facet normal -0.890959 0.454084 0
    outer loop
      vertex 63.9517 68.7359 2.8
      vertex 64.1364 69.0983 6.6
      vertex 64.1364 69.0983 2.8
    endloop
  endfacet
  facet normal -0.890959 0.454084 0
    outer loop
      vertex 64.1364 69.0983 6.6
      vertex 63.9517 68.7359 2.8
      vertex 63.9517 68.7359 6.6
    endloop
  endfacet
  facet normal -0.156379 -0.987697 0
    outer loop
      vertex 62.9 70.8 2.8
      vertex 63.3017 70.7364 6.6
      vertex 62.9 70.8 6.6
    endloop
  endfacet
  facet normal -0.156379 -0.987697 -0
    outer loop
      vertex 63.3017 70.7364 6.6
      vertex 62.9 70.8 2.8
      vertex 63.3017 70.7364 2.8
    endloop
  endfacet
  facet normal 0.454084 0.890959 -0
    outer loop
      vertex 62.4983 68.2636 2.8
      vertex 62.1359 68.4483 6.6
      vertex 62.4983 68.2636 6.6
    endloop
  endfacet
  facet normal 0.454084 0.890959 0
    outer loop
      vertex 62.1359 68.4483 6.6
      vertex 62.4983 68.2636 2.8
      vertex 62.1359 68.4483 2.8
    endloop
  endfacet
  facet normal 0.454084 -0.890959 0
    outer loop
      vertex 62.1359 70.5517 2.8
      vertex 62.4983 70.7364 6.6
      vertex 62.1359 70.5517 6.6
    endloop
  endfacet
  facet normal 0.454084 -0.890959 0
    outer loop
      vertex 62.4983 70.7364 6.6
      vertex 62.1359 70.5517 2.8
      vertex 62.4983 70.7364 2.8
    endloop
  endfacet
  facet normal 0.987697 0.156379 0
    outer loop
      vertex 61.6636 69.0983 6.6
      vertex 61.6 69.5 2.8
      vertex 61.6 69.5 6.6
    endloop
  endfacet
  facet normal 0.987697 0.156379 0
    outer loop
      vertex 61.6 69.5 2.8
      vertex 61.6636 69.0983 6.6
      vertex 61.6636 69.0983 2.8
    endloop
  endfacet
  facet normal 0.890959 -0.454084 0
    outer loop
      vertex 61.6636 69.9017 6.6
      vertex 61.8483 70.2641 2.8
      vertex 61.8483 70.2641 6.6
    endloop
  endfacet
  facet normal 0.890959 -0.454084 0
    outer loop
      vertex 61.8483 70.2641 2.8
      vertex 61.6636 69.9017 6.6
      vertex 61.6636 69.9017 2.8
    endloop
  endfacet
  facet normal -0.987697 0.156379 0
    outer loop
      vertex 64.1364 69.0983 2.8
      vertex 64.2 69.5 6.6
      vertex 64.2 69.5 2.8
    endloop
  endfacet
  facet normal -0.987697 0.156379 0
    outer loop
      vertex 64.2 69.5 6.6
      vertex 64.1364 69.0983 2.8
      vertex 64.1364 69.0983 6.6
    endloop
  endfacet
  facet normal 0.890959 0.454084 0
    outer loop
      vertex 61.8483 68.7359 6.6
      vertex 61.6636 69.0983 2.8
      vertex 61.6636 69.0983 6.6
    endloop
  endfacet
  facet normal 0.890959 0.454084 0
    outer loop
      vertex 61.6636 69.0983 2.8
      vertex 61.8483 68.7359 6.6
      vertex 61.8483 68.7359 2.8
    endloop
  endfacet
  facet normal 0.707107 -0.707107 0
    outer loop
      vertex 61.8483 70.2641 2.8
      vertex 62.1359 70.5517 6.6
      vertex 61.8483 70.2641 6.6
    endloop
  endfacet
  facet normal 0.707107 -0.707107 0
    outer loop
      vertex 62.1359 70.5517 6.6
      vertex 61.8483 70.2641 2.8
      vertex 62.1359 70.5517 2.8
    endloop
  endfacet
  facet normal -0.454084 -0.890959 0
    outer loop
      vertex 63.3017 70.7364 2.8
      vertex 63.6641 70.5517 6.6
      vertex 63.3017 70.7364 6.6
    endloop
  endfacet
  facet normal -0.454084 -0.890959 -0
    outer loop
      vertex 63.6641 70.5517 6.6
      vertex 63.3017 70.7364 2.8
      vertex 63.6641 70.5517 2.8
    endloop
  endfacet
  facet normal -0.156379 0.987697 0
    outer loop
      vertex 63.3017 68.2636 2.8
      vertex 62.9 68.2 6.6
      vertex 63.3017 68.2636 6.6
    endloop
  endfacet
  facet normal -0.156379 0.987697 0
    outer loop
      vertex 62.9 68.2 6.6
      vertex 63.3017 68.2636 2.8
      vertex 62.9 68.2 2.8
    endloop
  endfacet
  facet normal -0.707107 0.707107 0
    outer loop
      vertex 63.9517 68.7359 2.8
      vertex 63.6641 68.4483 6.6
      vertex 63.9517 68.7359 6.6
    endloop
  endfacet
  facet normal -0.707107 0.707107 0
    outer loop
      vertex 63.6641 68.4483 6.6
      vertex 63.9517 68.7359 2.8
      vertex 63.6641 68.4483 2.8
    endloop
  endfacet
  facet normal 0.156379 0.987697 -0
    outer loop
      vertex 62.9 68.2 2.8
      vertex 62.4983 68.2636 6.6
      vertex 62.9 68.2 6.6
    endloop
  endfacet
  facet normal 0.156379 0.987697 0
    outer loop
      vertex 62.4983 68.2636 6.6
      vertex 62.9 68.2 2.8
      vertex 62.4983 68.2636 2.8
    endloop
  endfacet
  facet normal 0.707107 0.707107 -0
    outer loop
      vertex 62.1359 68.4483 2.8
      vertex 61.8483 68.7359 6.6
      vertex 62.1359 68.4483 6.6
    endloop
  endfacet
  facet normal 0.707107 0.707107 0
    outer loop
      vertex 61.8483 68.7359 6.6
      vertex 62.1359 68.4483 2.8
      vertex 61.8483 68.7359 2.8
    endloop
  endfacet
  facet normal 0.156379 -0.987697 0
    outer loop
      vertex 62.4983 70.7364 2.8
      vertex 62.9 70.8 6.6
      vertex 62.4983 70.7364 6.6
    endloop
  endfacet
  facet normal 0.156379 -0.987697 0
    outer loop
      vertex 62.9 70.8 6.6
      vertex 62.4983 70.7364 2.8
      vertex 62.9 70.8 2.8
    endloop
  endfacet
  facet normal -1 0 0
    outer loop
      vertex 47.9 73.496 4.1
      vertex 47.9 75.5 4.2
      vertex 47.9 75.5 4.1
    endloop
  endfacet
  facet normal -1 -0 0
    outer loop
      vertex 47.9 75.5 4.2
      vertex 47.9 73.496 4.1
      vertex 47.9 73.496 4.2
    endloop
  endfacet
  facet normal -1 0 0
    outer loop
      vertex 47.9 65.504 4.1
      vertex 47.9 57.9986 4.2
      vertex 47.9 65.504 4.2
    endloop
  endfacet
  facet normal -1 0 0
    outer loop
      vertex 47.9 57.9986 4.2
      vertex 47.9 22 4.3
      vertex 47.9 57.9986 6.6
    endloop
  endfacet
  facet normal -1 0 0
    outer loop
      vertex 47.9 16 4.1
      vertex 47.9 57.9986 4.2
      vertex 47.9 65.504 4.1
    endloop
  endfacet
  facet normal -1 -0 0
    outer loop
      vertex 47.9 57.9986 4.2
      vertex 47.9 16 4.1
      vertex 47.9 22 4.3
    endloop
  endfacet
  facet normal -1 -0 0
    outer loop
      vertex 47.9 22 4.3
      vertex 47.9 16 4.1
      vertex 47.9 16 4.3
    endloop
  endfacet
  facet normal -1 -0 0
    outer loop
      vertex 47.9 57.9986 6.6
      vertex 47.9 22 4.3
      vertex 47.9 22 6.6
    endloop
  endfacet
  facet normal 0 0 1
    outer loop
      vertex 47.9 75.5 4.1
      vertex 47.4 73.8301 4.1
      vertex 47.9 73.496 4.1
    endloop
  endfacet
  facet normal 0 0 1
    outer loop
      vertex 47.9 75.5 4.1
      vertex 46.8134 74.1194 4.1
      vertex 47.4 73.8301 4.1
    endloop
  endfacet
  facet normal 0 0 1
    outer loop
      vertex 47.9 75.5 4.1
      vertex 46.1941 74.3296 4.1
      vertex 46.8134 74.1194 4.1
    endloop
  endfacet
  facet normal 0 0 1
    outer loop
      vertex 47.9 75.5 4.1
      vertex 45.5526 74.4572 4.1
      vertex 46.1941 74.3296 4.1
    endloop
  endfacet
  facet normal 0 0 1
    outer loop
      vertex 47.9 75.5 4.1
      vertex 44.9 74.5 4.1
      vertex 45.5526 74.4572 4.1
    endloop
  endfacet
  facet normal -0 0 1
    outer loop
      vertex 41.9 75.5 4.1
      vertex 44.9 74.5 4.1
      vertex 47.9 75.5 4.1
    endloop
  endfacet
  facet normal 0 0 1
    outer loop
      vertex 44.9 74.5 4.1
      vertex 41.9 75.5 4.1
      vertex 44.2474 74.4572 4.1
    endloop
  endfacet
  facet normal 0 0 1
    outer loop
      vertex 44.2474 74.4572 4.1
      vertex 41.9 75.5 4.1
      vertex 43.6059 74.3296 4.1
    endloop
  endfacet
  facet normal 0 0 1
    outer loop
      vertex 41.9 75.5 4.1
      vertex 42.9866 74.1194 4.1
      vertex 43.6059 74.3296 4.1
    endloop
  endfacet
  facet normal 0 0 1
    outer loop
      vertex 41.9 75.5 4.1
      vertex 42.4 73.8301 4.1
      vertex 42.9866 74.1194 4.1
    endloop
  endfacet
  facet normal 0 0 1
    outer loop
      vertex 42.4 73.8301 4.1
      vertex 41.9 75.5 4.1
      vertex 41.9 73.496 4.1
    endloop
  endfacet
  facet normal -0 0 1
    outer loop
      vertex 47.4 65.1699 4.1
      vertex 47.9 16 4.1
      vertex 47.9 65.504 4.1
    endloop
  endfacet
  facet normal -0 0 1
    outer loop
      vertex 46.8134 64.8806 4.1
      vertex 47.9 16 4.1
      vertex 47.4 65.1699 4.1
    endloop
  endfacet
  facet normal -0 0 1
    outer loop
      vertex 46.1941 64.6704 4.1
      vertex 47.9 16 4.1
      vertex 46.8134 64.8806 4.1
    endloop
  endfacet
  facet normal -0 0 1
    outer loop
      vertex 45.5526 64.5428 4.1
      vertex 47.9 16 4.1
      vertex 46.1941 64.6704 4.1
    endloop
  endfacet
  facet normal -0 0 1
    outer loop
      vertex 44.9 64.5 4.1
      vertex 47.9 16 4.1
      vertex 45.5526 64.5428 4.1
    endloop
  endfacet
  facet normal 0 0 1
    outer loop
      vertex 41.9 16 4.1
      vertex 44.9 64.5 4.1
      vertex 44.2474 64.5428 4.1
    endloop
  endfacet
  facet normal 0 0 1
    outer loop
      vertex 41.9 16 4.1
      vertex 44.2474 64.5428 4.1
      vertex 43.6059 64.6704 4.1
    endloop
  endfacet
  facet normal 0 0 1
    outer loop
      vertex 41.9 16 4.1
      vertex 43.6059 64.6704 4.1
      vertex 42.9866 64.8806 4.1
    endloop
  endfacet
  facet normal 0 0 1
    outer loop
      vertex 41.9 16 4.1
      vertex 42.9866 64.8806 4.1
      vertex 42.4 65.1699 4.1
    endloop
  endfacet
  facet normal 0 0 1
    outer loop
      vertex 41.9 16 4.1
      vertex 42.4 65.1699 4.1
      vertex 41.9 65.504 4.1
    endloop
  endfacet
  facet normal 0 0 1
    outer loop
      vertex 44.9 64.5 4.1
      vertex 41.9 16 4.1
      vertex 47.9 16 4.1
    endloop
  endfacet
  facet normal 1 0 0
    outer loop
      vertex 41.9 57.9986 6.6
      vertex 41.9 22 6.6
      vertex 41.9 57.9986 4.2
    endloop
  endfacet
  facet normal 1 -0 0
    outer loop
      vertex 41.9 57.9986 4.2
      vertex 41.9 65.504 4.1
      vertex 41.9 65.504 4.2
    endloop
  endfacet
  facet normal 1 -0 0
    outer loop
      vertex 41.9 22 4.3
      vertex 41.9 57.9986 4.2
      vertex 41.9 22 6.6
    endloop
  endfacet
  facet normal 1 0 0
    outer loop
      vertex 41.9 16 4.1
      vertex 41.9 57.9986 4.2
      vertex 41.9 22 4.3
    endloop
  endfacet
  facet normal 1 0 0
    outer loop
      vertex 41.9 16 4.1
      vertex 41.9 22 4.3
      vertex 41.9 16 4.3
    endloop
  endfacet
  facet normal 1 0 0
    outer loop
      vertex 41.9 57.9986 4.2
      vertex 41.9 16 4.1
      vertex 41.9 65.504 4.1
    endloop
  endfacet
  facet normal 1 -0 0
    outer loop
      vertex 41.9 73.496 4.2
      vertex 41.9 75.5 4.1
      vertex 41.9 75.5 4.2
    endloop
  endfacet
  facet normal 1 0 0
    outer loop
      vertex 41.9 75.5 4.1
      vertex 41.9 73.496 4.2
      vertex 41.9 73.496 4.1
    endloop
  endfacet
  facet normal 0 -1 0
    outer loop
      vertex 41.9 75.5 4.1
      vertex 47.9 75.5 4.2
      vertex 41.9 75.5 4.2
    endloop
  endfacet
  facet normal 0 -1 -0
    outer loop
      vertex 47.9 75.5 4.2
      vertex 41.9 75.5 4.1
      vertex 47.9 75.5 4.1
    endloop
  endfacet
  facet normal 0 1 -0
    outer loop
      vertex 47.9 16 4.1
      vertex 41.9 16 4.3
      vertex 47.9 16 4.3
    endloop
  endfacet
  facet normal 0 1 0
    outer loop
      vertex 41.9 16 4.3
      vertex 47.9 16 4.1
      vertex 41.9 16 4.1
    endloop
  endfacet
  facet normal 0 1 -0
    outer loop
      vertex 130.7 16 4.1
      vertex 124.7 16 4.3
      vertex 130.7 16 4.3
    endloop
  endfacet
  facet normal 0 1 0
    outer loop
      vertex 124.7 16 4.3
      vertex 130.7 16 4.1
      vertex 124.7 16 4.1
    endloop
  endfacet
  facet normal 0 1 0
    outer loop
      vertex 130.7 16 4.3
      vertex 182.6 16 6.6
      vertex 182.6 16 4.3
    endloop
  endfacet
  facet normal 0 1 0
    outer loop
      vertex 124.7 16 4.3
      vertex 182.6 16 6.6
      vertex 130.7 16 4.3
    endloop
  endfacet
  facet normal 0 1 0
    outer loop
      vertex 182.6 16 6.6
      vertex 124.7 16 4.3
      vertex 0 16 6.6
    endloop
  endfacet
  facet normal 0 1 -0
    outer loop
      vertex 47.9 16 4.3
      vertex 0 16 6.6
      vertex 124.7 16 4.3
    endloop
  endfacet
  facet normal 0 1 -0
    outer loop
      vertex 41.9 16 4.3
      vertex 0 16 6.6
      vertex 47.9 16 4.3
    endloop
  endfacet
  facet normal 0 1 0
    outer loop
      vertex 0 16 6.6
      vertex 41.9 16 4.3
      vertex 0 16 4.3
    endloop
  endfacet
  facet normal -1 0 0
    outer loop
      vertex 163.4 149 0
      vertex 163.4 141 1
      vertex 163.4 149 1
    endloop
  endfacet
  facet normal -1 0 0
    outer loop
      vertex 163.4 6 0
      vertex 163.4 141 1
      vertex 163.4 149 0
    endloop
  endfacet
  facet normal -1 -0 0
    outer loop
      vertex 163.4 141 1
      vertex 163.4 6 0
      vertex 163.4 6 1
    endloop
  endfacet
  facet normal 0 0 -1
    outer loop
      vertex 92 141 1
      vertex 163.4 149 1
      vertex 163.4 141 1
    endloop
  endfacet
  facet normal -0 0 -1
    outer loop
      vertex 163.4 149 1
      vertex 92 141 1
      vertex 92 149 1
    endloop
  endfacet
  facet normal -0 0 1
    outer loop
      vertex 88.8 141 1
      vertex 92 6 1
      vertex 92 141 1
    endloop
  endfacet
  facet normal 0 0 1
    outer loop
      vertex 92 6 1
      vertex 88.8 141 1
      vertex 88.8 6 1
    endloop
  endfacet
  facet normal -0 0 1
    outer loop
      vertex 163.4 141 1
      vertex 166.5 6 1
      vertex 166.5 141 1
    endloop
  endfacet
  facet normal 0 0 1
    outer loop
      vertex 166.5 6 1
      vertex 163.4 141 1
      vertex 163.4 6 1
    endloop
  endfacet
  facet normal 1 -0 0
    outer loop
      vertex 92 141 1
      vertex 92 149 0
      vertex 92 149 1
    endloop
  endfacet
  facet normal 1 0 0
    outer loop
      vertex 92 6 0
      vertex 92 141 1
      vertex 92 6 1
    endloop
  endfacet
  facet normal 1 0 0
    outer loop
      vertex 92 141 1
      vertex 92 6 0
      vertex 92 149 0
    endloop
  endfacet
  facet normal 0 -1 0
    outer loop
      vertex 92 149 0
      vertex 163.4 149 1
      vertex 92 149 1
    endloop
  endfacet
  facet normal 0 -1 -0
    outer loop
      vertex 163.4 149 1
      vertex 92 149 0
      vertex 163.4 149 0
    endloop
  endfacet
  facet normal 0 1 -0
    outer loop
      vertex 163.4 6 0
      vertex 92 6 1
      vertex 163.4 6 1
    endloop
  endfacet
  facet normal 0 1 0
    outer loop
      vertex 92 6 1
      vertex 163.4 6 0
      vertex 92 6 0
    endloop
  endfacet
  facet normal 0 1 0
    outer loop
      vertex 166.5 6 2.4
      vertex 166.6 6 2.8
      vertex 166.6 6 2.4
    endloop
  endfacet
  facet normal 0 1 0
    outer loop
      vertex 163.4 6 1
      vertex 166.6 6 2.8
      vertex 166.5 6 2.4
    endloop
  endfacet
  facet normal 0 1 0
    outer loop
      vertex 163.4 6 1
      vertex 166.5 6 2.4
      vertex 166.5 6 1
    endloop
  endfacet
  facet normal 0 1 0
    outer loop
      vertex 166.6 6 2.8
      vertex 163.4 6 1
      vertex 88.8 6 2.8
    endloop
  endfacet
  facet normal 0 1 -0
    outer loop
      vertex 92 6 1
      vertex 88.8 6 2.8
      vertex 163.4 6 1
    endloop
  endfacet
  facet normal 0 1 0
    outer loop
      vertex 88.8 6 2.8
      vertex 92 6 1
      vertex 88.8 6 1
    endloop
  endfacet
  facet normal -1 0 0
    outer loop
      vertex 166.6 6 2.4
      vertex 166.6 141 2.8
      vertex 166.6 141 2.4
    endloop
  endfacet
  facet normal -1 -0 0
    outer loop
      vertex 166.6 141 2.8
      vertex 166.6 6 2.4
      vertex 166.6 6 2.8
    endloop
  endfacet
  facet normal 0 0 -1
    outer loop
      vertex 166.6 6 2.8
      vertex 147 69.5 2.8
      vertex 166.6 141 2.8
    endloop
  endfacet
  facet normal 0 0 -1
    outer loop
      vertex 166.6 6 2.8
      vertex 146.936 69.0983 2.8
      vertex 147 69.5 2.8
    endloop
  endfacet
  facet normal 0 0 -1
    outer loop
      vertex 166.6 6 2.8
      vertex 146.752 68.7359 2.8
      vertex 146.936 69.0983 2.8
    endloop
  endfacet
  facet normal 0 0 -1
    outer loop
      vertex 166.6 6 2.8
      vertex 146.464 68.4483 2.8
      vertex 146.752 68.7359 2.8
    endloop
  endfacet
  facet normal 0 0 -1
    outer loop
      vertex 166.6 6 2.8
      vertex 146.102 68.2636 2.8
      vertex 146.464 68.4483 2.8
    endloop
  endfacet
  facet normal 0 0 -1
    outer loop
      vertex 166.6 6 2.8
      vertex 145.7 68.2 2.8
      vertex 146.102 68.2636 2.8
    endloop
  endfacet
  facet normal 0 0 -1
    outer loop
      vertex 129.613 64.8806 2.8
      vertex 145.7 68.2 2.8
      vertex 166.6 6 2.8
    endloop
  endfacet
  facet normal 0 -0 -1
    outer loop
      vertex 130.2 65.1699 2.8
      vertex 145.7 68.2 2.8
      vertex 129.613 64.8806 2.8
    endloop
  endfacet
  facet normal -0 0 -1
    outer loop
      vertex 145.7 68.2 2.8
      vertex 130.2 65.1699 2.8
      vertex 145.298 68.2636 2.8
    endloop
  endfacet
  facet normal 0 -0 -1
    outer loop
      vertex 131.236 65.9645 2.8
      vertex 145.298 68.2636 2.8
      vertex 130.744 65.5332 2.8
    endloop
  endfacet
  facet normal 0 0 -1
    outer loop
      vertex 132.657 68.8474 2.8
      vertex 144.4 69.5 2.8
      vertex 144.464 69.0983 2.8
    endloop
  endfacet
  facet normal -0 0 -1
    outer loop
      vertex 145.298 68.2636 2.8
      vertex 131.236 65.9645 2.8
      vertex 144.936 68.4483 2.8
    endloop
  endfacet
  facet normal -0 0 -1
    outer loop
      vertex 144.4 69.5 2.8
      vertex 132.657 68.8474 2.8
      vertex 132.7 69.5 2.8
    endloop
  endfacet
  facet normal 0 0 -1
    outer loop
      vertex 144.464 69.0983 2.8
      vertex 132.53 68.2059 2.8
      vertex 132.657 68.8474 2.8
    endloop
  endfacet
  facet normal -0 0 -1
    outer loop
      vertex 144.648 68.7359 2.8
      vertex 132.53 68.2059 2.8
      vertex 144.464 69.0983 2.8
    endloop
  endfacet
  facet normal 0 -0 -1
    outer loop
      vertex 132.53 68.2059 2.8
      vertex 144.648 68.7359 2.8
      vertex 132.319 67.5866 2.8
    endloop
  endfacet
  facet normal 0 -0 -1
    outer loop
      vertex 132.319 67.5866 2.8
      vertex 144.648 68.7359 2.8
      vertex 132.03 67 2.8
    endloop
  endfacet
  facet normal -0 0 -1
    outer loop
      vertex 144.936 68.4483 2.8
      vertex 132.03 67 2.8
      vertex 144.648 68.7359 2.8
    endloop
  endfacet
  facet normal 0 -0 -1
    outer loop
      vertex 132.03 67 2.8
      vertex 144.936 68.4483 2.8
      vertex 131.667 66.4562 2.8
    endloop
  endfacet
  facet normal 0 -0 -1
    outer loop
      vertex 131.667 66.4562 2.8
      vertex 144.936 68.4483 2.8
      vertex 131.236 65.9645 2.8
    endloop
  endfacet
  facet normal 0 -0 -1
    outer loop
      vertex 130.744 65.5332 2.8
      vertex 145.298 68.2636 2.8
      vertex 130.2 65.1699 2.8
    endloop
  endfacet
  facet normal 0 0 -1
    outer loop
      vertex 166.6 6 2.8
      vertex 128.994 64.6704 2.8
      vertex 129.613 64.8806 2.8
    endloop
  endfacet
  facet normal 0 0 -1
    outer loop
      vertex 166.6 6 2.8
      vertex 128.353 64.5428 2.8
      vertex 128.994 64.6704 2.8
    endloop
  endfacet
  facet normal 0 0 -1
    outer loop
      vertex 166.6 6 2.8
      vertex 127.7 64.5 2.8
      vertex 128.353 64.5428 2.8
    endloop
  endfacet
  facet normal 0 0 -1
    outer loop
      vertex 88.8 6 2.8
      vertex 127.7 64.5 2.8
      vertex 166.6 6 2.8
    endloop
  endfacet
  facet normal -0 0 -1
    outer loop
      vertex 127.7 64.5 2.8
      vertex 88.8 6 2.8
      vertex 127.047 64.5428 2.8
    endloop
  endfacet
  facet normal -0 0 -1
    outer loop
      vertex 127.047 64.5428 2.8
      vertex 88.8 6 2.8
      vertex 126.406 64.6704 2.8
    endloop
  endfacet
  facet normal -0 0 -1
    outer loop
      vertex 126.406 64.6704 2.8
      vertex 88.8 6 2.8
      vertex 125.787 64.8806 2.8
    endloop
  endfacet
  facet normal 0 -0 -1
    outer loop
      vertex 109.7 68.2 2.8
      vertex 125.787 64.8806 2.8
      vertex 88.8 6 2.8
    endloop
  endfacet
  facet normal 0 0 -1
    outer loop
      vertex 125.787 64.8806 2.8
      vertex 109.7 68.2 2.8
      vertex 125.2 65.1699 2.8
    endloop
  endfacet
  facet normal 0 -0 -1
    outer loop
      vertex 110.102 68.2636 2.8
      vertex 125.2 65.1699 2.8
      vertex 109.7 68.2 2.8
    endloop
  endfacet
  facet normal 0 0 -1
    outer loop
      vertex 122.743 68.8474 2.8
      vertex 111 69.5 2.8
      vertex 122.7 69.5 2.8
    endloop
  endfacet
  facet normal 0 0 -1
    outer loop
      vertex 110.936 69.0983 2.8
      vertex 122.743 68.8474 2.8
      vertex 122.87 68.2059 2.8
    endloop
  endfacet
  facet normal 0 0 -1
    outer loop
      vertex 110.752 68.7359 2.8
      vertex 122.87 68.2059 2.8
      vertex 123.081 67.5866 2.8
    endloop
  endfacet
  facet normal 0 0 -1
    outer loop
      vertex 110.752 68.7359 2.8
      vertex 123.081 67.5866 2.8
      vertex 123.37 67 2.8
    endloop
  endfacet
  facet normal 0 0 -1
    outer loop
      vertex 110.464 68.4483 2.8
      vertex 123.37 67 2.8
      vertex 123.733 66.4562 2.8
    endloop
  endfacet
  facet normal 0 0 -1
    outer loop
      vertex 125.2 65.1699 2.8
      vertex 110.102 68.2636 2.8
      vertex 124.656 65.5332 2.8
    endloop
  endfacet
  facet normal 0 0 -1
    outer loop
      vertex 122.743 68.8474 2.8
      vertex 110.936 69.0983 2.8
      vertex 111 69.5 2.8
    endloop
  endfacet
  facet normal 0 0 -1
    outer loop
      vertex 122.87 68.2059 2.8
      vertex 110.752 68.7359 2.8
      vertex 110.936 69.0983 2.8
    endloop
  endfacet
  facet normal 0 0 -1
    outer loop
      vertex 123.37 67 2.8
      vertex 110.464 68.4483 2.8
      vertex 110.752 68.7359 2.8
    endloop
  endfacet
  facet normal 0 0 -1
    outer loop
      vertex 124.164 65.9645 2.8
      vertex 110.464 68.4483 2.8
      vertex 123.733 66.4562 2.8
    endloop
  endfacet
  facet normal 0 0 -1
    outer loop
      vertex 124.656 65.5332 2.8
      vertex 110.102 68.2636 2.8
      vertex 124.164 65.9645 2.8
    endloop
  endfacet
  facet normal 0 -0 -1
    outer loop
      vertex 110.464 68.4483 2.8
      vertex 124.164 65.9645 2.8
      vertex 110.102 68.2636 2.8
    endloop
  endfacet
  facet normal -0 0 -1
    outer loop
      vertex 109.7 68.2 2.8
      vertex 88.8 6 2.8
      vertex 109.298 68.2636 2.8
    endloop
  endfacet
  facet normal -0 0 -1
    outer loop
      vertex 109.298 68.2636 2.8
      vertex 88.8 6 2.8
      vertex 108.936 68.4483 2.8
    endloop
  endfacet
  facet normal -0 0 -1
    outer loop
      vertex 108.464 69.0983 2.8
      vertex 88.8 6 2.8
      vertex 108.4 69.5 2.8
    endloop
  endfacet
  facet normal -0 0 -1
    outer loop
      vertex 108.648 68.7359 2.8
      vertex 88.8 6 2.8
      vertex 108.464 69.0983 2.8
    endloop
  endfacet
  facet normal -0 0 -1
    outer loop
      vertex 108.936 68.4483 2.8
      vertex 88.8 6 2.8
      vertex 108.648 68.7359 2.8
    endloop
  endfacet
  facet normal 0 0 -1
    outer loop
      vertex 146.936 69.9017 2.8
      vertex 166.6 141 2.8
      vertex 147 69.5 2.8
    endloop
  endfacet
  facet normal 0 0 -1
    outer loop
      vertex 146.752 70.2641 2.8
      vertex 166.6 141 2.8
      vertex 146.936 69.9017 2.8
    endloop
  endfacet
  facet normal 0 0 -1
    outer loop
      vertex 146.464 70.5517 2.8
      vertex 166.6 141 2.8
      vertex 146.752 70.2641 2.8
    endloop
  endfacet
  facet normal 0 0 -1
    outer loop
      vertex 146.102 70.7364 2.8
      vertex 166.6 141 2.8
      vertex 146.464 70.5517 2.8
    endloop
  endfacet
  facet normal 0 0 -1
    outer loop
      vertex 145.7 70.8 2.8
      vertex 166.6 141 2.8
      vertex 146.102 70.7364 2.8
    endloop
  endfacet
  facet normal 0 0 -1
    outer loop
      vertex 130.2 73.8301 2.8
      vertex 145.7 70.8 2.8
      vertex 145.298 70.7364 2.8
    endloop
  endfacet
  facet normal 0 0 -1
    outer loop
      vertex 131.236 73.0355 2.8
      vertex 145.298 70.7364 2.8
      vertex 144.936 70.5517 2.8
    endloop
  endfacet
  facet normal 0 0 -1
    outer loop
      vertex 132.03 72 2.8
      vertex 144.936 70.5517 2.8
      vertex 144.648 70.2641 2.8
    endloop
  endfacet
  facet normal 0 0 -1
    outer loop
      vertex 132.53 70.7941 2.8
      vertex 144.648 70.2641 2.8
      vertex 144.464 69.9017 2.8
    endloop
  endfacet
  facet normal 0 0 -1
    outer loop
      vertex 132.657 70.1526 2.8
      vertex 144.4 69.5 2.8
      vertex 132.7 69.5 2.8
    endloop
  endfacet
  facet normal 0 0 -1
    outer loop
      vertex 144.4 69.5 2.8
      vertex 132.657 70.1526 2.8
      vertex 144.464 69.9017 2.8
    endloop
  endfacet
  facet normal 0 0 -1
    outer loop
      vertex 132.53 70.7941 2.8
      vertex 144.464 69.9017 2.8
      vertex 132.657 70.1526 2.8
    endloop
  endfacet
  facet normal 0 0 -1
    outer loop
      vertex 144.648 70.2641 2.8
      vertex 132.53 70.7941 2.8
      vertex 132.319 71.4134 2.8
    endloop
  endfacet
  facet normal 0 0 -1
    outer loop
      vertex 144.648 70.2641 2.8
      vertex 132.319 71.4134 2.8
      vertex 132.03 72 2.8
    endloop
  endfacet
  facet normal 0 0 -1
    outer loop
      vertex 144.936 70.5517 2.8
      vertex 132.03 72 2.8
      vertex 131.667 72.5438 2.8
    endloop
  endfacet
  facet normal 0 0 -1
    outer loop
      vertex 144.936 70.5517 2.8
      vertex 131.667 72.5438 2.8
      vertex 131.236 73.0355 2.8
    endloop
  endfacet
  facet normal 0 0 -1
    outer loop
      vertex 145.298 70.7364 2.8
      vertex 131.236 73.0355 2.8
      vertex 130.744 73.4668 2.8
    endloop
  endfacet
  facet normal 0 0 -1
    outer loop
      vertex 145.298 70.7364 2.8
      vertex 130.744 73.4668 2.8
      vertex 130.2 73.8301 2.8
    endloop
  endfacet
  facet normal 0 0 -1
    outer loop
      vertex 145.7 70.8 2.8
      vertex 130.2 73.8301 2.8
      vertex 129.613 74.1194 2.8
    endloop
  endfacet
  facet normal 0 0 -1
    outer loop
      vertex 145.7 70.8 2.8
      vertex 129.613 74.1194 2.8
      vertex 166.6 141 2.8
    endloop
  endfacet
  facet normal 0 0 -1
    outer loop
      vertex 128.994 74.3296 2.8
      vertex 166.6 141 2.8
      vertex 129.613 74.1194 2.8
    endloop
  endfacet
  facet normal 0 0 -1
    outer loop
      vertex 128.353 74.4572 2.8
      vertex 166.6 141 2.8
      vertex 128.994 74.3296 2.8
    endloop
  endfacet
  facet normal 0 0 -1
    outer loop
      vertex 127.7 74.5 2.8
      vertex 166.6 141 2.8
      vertex 128.353 74.4572 2.8
    endloop
  endfacet
  facet normal 0 0 -1
    outer loop
      vertex 88.8 141 2.8
      vertex 127.7 74.5 2.8
      vertex 127.047 74.4572 2.8
    endloop
  endfacet
  facet normal 0 0 -1
    outer loop
      vertex 88.8 141 2.8
      vertex 127.047 74.4572 2.8
      vertex 126.406 74.3296 2.8
    endloop
  endfacet
  facet normal 0 0 -1
    outer loop
      vertex 88.8 141 2.8
      vertex 126.406 74.3296 2.8
      vertex 125.787 74.1194 2.8
    endloop
  endfacet
  facet normal 0 0 -1
    outer loop
      vertex 109.7 70.8 2.8
      vertex 125.787 74.1194 2.8
      vertex 125.2 73.8301 2.8
    endloop
  endfacet
  facet normal 0 0 -1
    outer loop
      vertex 110.102 70.7364 2.8
      vertex 125.2 73.8301 2.8
      vertex 124.656 73.4668 2.8
    endloop
  endfacet
  facet normal 0 0 -1
    outer loop
      vertex 110.102 70.7364 2.8
      vertex 124.656 73.4668 2.8
      vertex 124.164 73.0355 2.8
    endloop
  endfacet
  facet normal 0 0 -1
    outer loop
      vertex 110.464 70.5517 2.8
      vertex 124.164 73.0355 2.8
      vertex 123.733 72.5438 2.8
    endloop
  endfacet
  facet normal 0 0 -1
    outer loop
      vertex 110.464 70.5517 2.8
      vertex 123.733 72.5438 2.8
      vertex 123.37 72 2.8
    endloop
  endfacet
  facet normal 0 0 -1
    outer loop
      vertex 111 69.5 2.8
      vertex 122.743 70.1526 2.8
      vertex 122.7 69.5 2.8
    endloop
  endfacet
  facet normal 0 0 -1
    outer loop
      vertex 110.936 69.9017 2.8
      vertex 122.743 70.1526 2.8
      vertex 111 69.5 2.8
    endloop
  endfacet
  facet normal -0 0 -1
    outer loop
      vertex 122.743 70.1526 2.8
      vertex 110.936 69.9017 2.8
      vertex 122.87 70.7941 2.8
    endloop
  endfacet
  facet normal 0 0 -1
    outer loop
      vertex 110.752 70.2641 2.8
      vertex 122.87 70.7941 2.8
      vertex 110.936 69.9017 2.8
    endloop
  endfacet
  facet normal -0 0 -1
    outer loop
      vertex 122.87 70.7941 2.8
      vertex 110.752 70.2641 2.8
      vertex 123.081 71.4134 2.8
    endloop
  endfacet
  facet normal -0 0 -1
    outer loop
      vertex 123.081 71.4134 2.8
      vertex 110.752 70.2641 2.8
      vertex 123.37 72 2.8
    endloop
  endfacet
  facet normal 0 0 -1
    outer loop
      vertex 110.464 70.5517 2.8
      vertex 123.37 72 2.8
      vertex 110.752 70.2641 2.8
    endloop
  endfacet
  facet normal 0 0 -1
    outer loop
      vertex 124.164 73.0355 2.8
      vertex 110.464 70.5517 2.8
      vertex 110.102 70.7364 2.8
    endloop
  endfacet
  facet normal 0 0 -1
    outer loop
      vertex 125.2 73.8301 2.8
      vertex 110.102 70.7364 2.8
      vertex 109.7 70.8 2.8
    endloop
  endfacet
  facet normal -0 0 -1
    outer loop
      vertex 125.787 74.1194 2.8
      vertex 109.7 70.8 2.8
      vertex 88.8 141 2.8
    endloop
  endfacet
  facet normal 0 0 -1
    outer loop
      vertex 88.8 141 2.8
      vertex 109.7 70.8 2.8
      vertex 109.298 70.7364 2.8
    endloop
  endfacet
  facet normal 0 0 -1
    outer loop
      vertex 88.8 141 2.8
      vertex 109.298 70.7364 2.8
      vertex 108.936 70.5517 2.8
    endloop
  endfacet
  facet normal 0 0 -1
    outer loop
      vertex 88.8 141 2.8
      vertex 108.936 70.5517 2.8
      vertex 108.648 70.2641 2.8
    endloop
  endfacet
  facet normal 0 0 -1
    outer loop
      vertex 88.8 141 2.8
      vertex 108.4 69.5 2.8
      vertex 88.8 6 2.8
    endloop
  endfacet
  facet normal 0 0 -1
    outer loop
      vertex 127.7 74.5 2.8
      vertex 88.8 141 2.8
      vertex 166.6 141 2.8
    endloop
  endfacet
  facet normal 0 0 -1
    outer loop
      vertex 108.464 69.9017 2.8
      vertex 88.8 141 2.8
      vertex 108.648 70.2641 2.8
    endloop
  endfacet
  facet normal 0 0 -1
    outer loop
      vertex 108.4 69.5 2.8
      vertex 88.8 141 2.8
      vertex 108.464 69.9017 2.8
    endloop
  endfacet
  facet normal 1 -0 0
    outer loop
      vertex 88.8 6 2.8
      vertex 88.8 141 1
      vertex 88.8 141 2.8
    endloop
  endfacet
  facet normal 1 0 0
    outer loop
      vertex 88.8 141 1
      vertex 88.8 6 2.8
      vertex 88.8 6 1
    endloop
  endfacet
  facet normal 0 -1 0
    outer loop
      vertex 163.4 141 1
      vertex 166.6 141 2.8
      vertex 88.8 141 2.8
    endloop
  endfacet
  facet normal 0 -1 0
    outer loop
      vertex 92 141 1
      vertex 88.8 141 2.8
      vertex 88.8 141 1
    endloop
  endfacet
  facet normal 0 -1 0
    outer loop
      vertex 163.4 141 1
      vertex 88.8 141 2.8
      vertex 92 141 1
    endloop
  endfacet
  facet normal 0 -1 0
    outer loop
      vertex 166.6 141 2.8
      vertex 163.4 141 1
      vertex 166.5 141 2.4
    endloop
  endfacet
  facet normal 0 -1 -0
    outer loop
      vertex 166.5 141 2.4
      vertex 163.4 141 1
      vertex 166.5 141 1
    endloop
  endfacet
  facet normal 0 -1 -0
    outer loop
      vertex 166.6 141 2.8
      vertex 166.5 141 2.4
      vertex 166.6 141 2.4
    endloop
  endfacet
  facet normal -0.989097 -0.147269 0
    outer loop
      vertex 139.543 70.6664 4.2
      vertex 139.371 71.8216 6.6
      vertex 139.371 71.8216 4.2
    endloop
  endfacet
  facet normal -0.989097 -0.147269 0
    outer loop
      vertex 139.371 71.8216 6.6
      vertex 139.543 70.6664 4.2
      vertex 139.543 70.6664 6.6
    endloop
  endfacet
  facet normal -0.998808 -0.0488101 0
    outer loop
      vertex 139.6 69.5 4.2
      vertex 139.543 70.6664 6.6
      vertex 139.543 70.6664 4.2
    endloop
  endfacet
  facet normal -0.998808 -0.0488101 0
    outer loop
      vertex 139.543 70.6664 6.6
      vertex 139.6 69.5 4.2
      vertex 139.6 69.5 6.6
    endloop
  endfacet
  facet normal -0.970183 -0.242374 0
    outer loop
      vertex 139.371 71.8216 4.2
      vertex 139.088 72.9544 6.6
      vertex 139.088 72.9544 4.2
    endloop
  endfacet
  facet normal -0.970183 -0.242374 0
    outer loop
      vertex 139.088 72.9544 6.6
      vertex 139.371 71.8216 4.2
      vertex 139.371 71.8216 6.6
    endloop
  endfacet
  facet normal -0.998808 0.0488101 0
    outer loop
      vertex 139.543 68.3336 4.2
      vertex 139.6 69.5 6.6
      vertex 139.6 69.5 4.2
    endloop
  endfacet
  facet normal -0.998808 0.0488101 0
    outer loop
      vertex 139.6 69.5 6.6
      vertex 139.543 68.3336 4.2
      vertex 139.543 68.3336 6.6
    endloop
  endfacet
  facet normal 0.42745 -0.904039 0
    outer loop
      vertex 122.09 79.9949 4.2
      vertex 123.146 80.4942 6.6
      vertex 122.09 79.9949 6.6
    endloop
  endfacet
  facet normal 0.42745 -0.904039 0
    outer loop
      vertex 123.146 80.4942 6.6
      vertex 122.09 79.9949 4.2
      vertex 123.146 80.4942 4.2
    endloop
  endfacet
  facet normal -0.941383 0.33734 0
    outer loop
      vertex 138.694 64.9461 4.2
      vertex 139.088 66.0456 6.6
      vertex 139.088 66.0456 4.2
    endloop
  endfacet
  facet normal -0.941383 0.33734 0
    outer loop
      vertex 139.088 66.0456 6.6
      vertex 138.694 64.9461 4.2
      vertex 138.694 64.9461 6.6
    endloop
  endfacet
  facet normal 0.989097 0.147269 0
    outer loop
      vertex 116.029 67.1784 6.6
      vertex 115.857 68.3336 4.2
      vertex 115.857 68.3336 6.6
    endloop
  endfacet
  facet normal 0.989097 0.147269 0
    outer loop
      vertex 115.857 68.3336 4.2
      vertex 116.029 67.1784 6.6
      vertex 116.029 67.1784 4.2
    endloop
  endfacet
  facet normal -0.336748 -0.941595 0
    outer loop
      vertex 131.154 80.8876 4.2
      vertex 132.254 80.4942 6.6
      vertex 131.154 80.8876 6.6
    endloop
  endfacet
  facet normal -0.336748 -0.941595 -0
    outer loop
      vertex 132.254 80.4942 6.6
      vertex 131.154 80.8876 4.2
      vertex 132.254 80.4942 4.2
    endloop
  endfacet
  facet normal -0.671232 0.741248 0
    outer loop
      vertex 136.115 61.0854 4.2
      vertex 135.249 60.3012 6.6
      vertex 136.115 61.0854 6.6
    endloop
  endfacet
  facet normal -0.671232 0.741248 0
    outer loop
      vertex 135.249 60.3012 6.6
      vertex 136.115 61.0854 4.2
      vertex 135.249 60.3012 4.2
    endloop
  endfacet
  facet normal 0.671232 -0.741248 0
    outer loop
      vertex 119.285 77.9146 4.2
      vertex 120.151 78.6988 6.6
      vertex 119.285 77.9146 6.6
    endloop
  endfacet
  facet normal 0.671232 -0.741248 0
    outer loop
      vertex 120.151 78.6988 6.6
      vertex 119.285 77.9146 4.2
      vertex 120.151 78.6988 4.2
    endloop
  endfacet
  facet normal -0.803481 -0.59533 0
    outer loop
      vertex 137.594 76.1113 4.2
      vertex 136.899 77.0493 6.6
      vertex 136.899 77.0493 4.2
    endloop
  endfacet
  facet normal -0.803481 -0.59533 0
    outer loop
      vertex 136.899 77.0493 6.6
      vertex 137.594 76.1113 4.2
      vertex 137.594 76.1113 6.6
    endloop
  endfacet
  facet normal -0.51437 -0.857569 0
    outer loop
      vertex 133.31 79.9949 4.2
      vertex 134.311 79.3945 6.6
      vertex 133.31 79.9949 6.6
    endloop
  endfacet
  facet normal -0.51437 -0.857569 -0
    outer loop
      vertex 134.311 79.3945 6.6
      vertex 133.31 79.9949 4.2
      vertex 134.311 79.3945 4.2
    endloop
  endfacet
  facet normal 0.998808 -0.0488101 0
    outer loop
      vertex 115.8 69.5 6.6
      vertex 115.857 70.6664 4.2
      vertex 115.857 70.6664 6.6
    endloop
  endfacet
  facet normal 0.998808 -0.0488101 0
    outer loop
      vertex 115.857 70.6664 4.2
      vertex 115.8 69.5 6.6
      vertex 115.8 69.5 4.2
    endloop
  endfacet
  facet normal -0.671232 -0.741248 0
    outer loop
      vertex 135.249 78.6988 4.2
      vertex 136.115 77.9146 6.6
      vertex 135.249 78.6988 6.6
    endloop
  endfacet
  facet normal -0.671232 -0.741248 -0
    outer loop
      vertex 136.115 77.9146 6.6
      vertex 135.249 78.6988 4.2
      vertex 136.115 77.9146 4.2
    endloop
  endfacet
  facet normal -0.243139 0.969991 0
    outer loop
      vertex 131.154 58.1124 4.2
      vertex 130.7 57.9986 6.6
      vertex 131.154 58.1124 6.6
    endloop
  endfacet
  facet normal -0.243139 0.969991 0
    outer loop
      vertex 130.7 57.9986 6.6
      vertex 131.154 58.1124 4.2
      vertex 130.7 57.9986 4.2
    endloop
  endfacet
  facet normal 0.595717 -0.803195 0
    outer loop
      vertex 120.151 78.6988 4.2
      vertex 121.089 79.3945 6.6
      vertex 120.151 78.6988 6.6
    endloop
  endfacet
  facet normal 0.595717 -0.803195 0
    outer loop
      vertex 121.089 79.3945 6.6
      vertex 120.151 78.6988 4.2
      vertex 121.089 79.3945 4.2
    endloop
  endfacet
  facet normal 0.941383 0.33734 0
    outer loop
      vertex 116.706 64.9461 6.6
      vertex 116.312 66.0456 4.2
      vertex 116.312 66.0456 6.6
    endloop
  endfacet
  facet normal 0.941383 0.33734 0
    outer loop
      vertex 116.312 66.0456 4.2
      vertex 116.706 64.9461 6.6
      vertex 116.706 64.9461 4.2
    endloop
  endfacet
  facet normal -0.904092 0.427339 0
    outer loop
      vertex 138.195 63.8904 4.2
      vertex 138.694 64.9461 6.6
      vertex 138.694 64.9461 4.2
    endloop
  endfacet
  facet normal -0.904092 0.427339 0
    outer loop
      vertex 138.694 64.9461 6.6
      vertex 138.195 63.8904 4.2
      vertex 138.195 63.8904 6.6
    endloop
  endfacet
  facet normal -0.989097 0.147269 0
    outer loop
      vertex 139.371 67.1784 4.2
      vertex 139.543 68.3336 6.6
      vertex 139.543 68.3336 4.2
    endloop
  endfacet
  facet normal -0.989097 0.147269 0
    outer loop
      vertex 139.543 68.3336 6.6
      vertex 139.371 67.1784 4.2
      vertex 139.371 67.1784 6.6
    endloop
  endfacet
  facet normal 0.0490831 -0.998795 0
    outer loop
      vertex 126.534 81.3427 4.2
      vertex 127.7 81.4 6.6
      vertex 126.534 81.3427 6.6
    endloop
  endfacet
  facet normal 0.0490831 -0.998795 0
    outer loop
      vertex 127.7 81.4 6.6
      vertex 126.534 81.3427 4.2
      vertex 127.7 81.4 4.2
    endloop
  endfacet
  facet normal -0.146667 -0.989186 0
    outer loop
      vertex 128.866 81.3427 4.2
      vertex 130.022 81.1713 6.6
      vertex 128.866 81.3427 6.6
    endloop
  endfacet
  facet normal -0.146667 -0.989186 -0
    outer loop
      vertex 130.022 81.1713 6.6
      vertex 128.866 81.3427 4.2
      vertex 130.022 81.1713 4.2
    endloop
  endfacet
  facet normal -0.741063 -0.671436 0
    outer loop
      vertex 136.899 77.0493 4.2
      vertex 136.115 77.9146 6.6
      vertex 136.115 77.9146 4.2
    endloop
  endfacet
  facet normal -0.741063 -0.671436 0
    outer loop
      vertex 136.115 77.9146 6.6
      vertex 136.899 77.0493 4.2
      vertex 136.899 77.0493 6.6
    endloop
  endfacet
  facet normal 0.336748 -0.941595 0
    outer loop
      vertex 123.146 80.4942 4.2
      vertex 124.246 80.8876 6.6
      vertex 123.146 80.4942 6.6
    endloop
  endfacet
  facet normal 0.336748 -0.941595 0
    outer loop
      vertex 124.246 80.8876 6.6
      vertex 123.146 80.4942 4.2
      vertex 124.246 80.8876 4.2
    endloop
  endfacet
  facet normal -0.336748 0.941595 0
    outer loop
      vertex 132.254 58.5058 4.2
      vertex 131.154 58.1124 6.6
      vertex 132.254 58.5058 6.6
    endloop
  endfacet
  facet normal -0.336748 0.941595 0
    outer loop
      vertex 131.154 58.1124 6.6
      vertex 132.254 58.5058 4.2
      vertex 131.154 58.1124 4.2
    endloop
  endfacet
  facet normal 0.904092 -0.427339 0
    outer loop
      vertex 116.706 74.0539 6.6
      vertex 117.205 75.1096 4.2
      vertex 117.205 75.1096 6.6
    endloop
  endfacet
  facet normal 0.904092 -0.427339 0
    outer loop
      vertex 117.205 75.1096 4.2
      vertex 116.706 74.0539 6.6
      vertex 116.706 74.0539 4.2
    endloop
  endfacet
  facet normal -0.0490831 -0.998795 0
    outer loop
      vertex 127.7 81.4 4.2
      vertex 128.866 81.3427 6.6
      vertex 127.7 81.4 6.6
    endloop
  endfacet
  facet normal -0.0490831 -0.998795 -0
    outer loop
      vertex 128.866 81.3427 6.6
      vertex 127.7 81.4 4.2
      vertex 128.866 81.3427 4.2
    endloop
  endfacet
  facet normal 0.51437 0.857569 -0
    outer loop
      vertex 122.09 59.0051 4.2
      vertex 121.089 59.6055 6.6
      vertex 122.09 59.0051 6.6
    endloop
  endfacet
  facet normal 0.51437 0.857569 0
    outer loop
      vertex 121.089 59.6055 6.6
      vertex 122.09 59.0051 4.2
      vertex 121.089 59.6055 4.2
    endloop
  endfacet
  facet normal 0.42745 0.904039 -0
    outer loop
      vertex 123.146 58.5058 4.2
      vertex 122.09 59.0051 6.6
      vertex 123.146 58.5058 6.6
    endloop
  endfacet
  facet normal 0.42745 0.904039 0
    outer loop
      vertex 122.09 59.0051 6.6
      vertex 123.146 58.5058 4.2
      vertex 122.09 59.0051 4.2
    endloop
  endfacet
  facet normal 0.595717 0.803195 -0
    outer loop
      vertex 121.089 59.6055 4.2
      vertex 120.151 60.3012 6.6
      vertex 121.089 59.6055 6.6
    endloop
  endfacet
  facet normal 0.595717 0.803195 0
    outer loop
      vertex 120.151 60.3012 6.6
      vertex 121.089 59.6055 4.2
      vertex 120.151 60.3012 4.2
    endloop
  endfacet
  facet normal 0.998808 0.0488101 0
    outer loop
      vertex 115.857 68.3336 6.6
      vertex 115.8 69.5 4.2
      vertex 115.8 69.5 6.6
    endloop
  endfacet
  facet normal 0.998808 0.0488101 0
    outer loop
      vertex 115.8 69.5 4.2
      vertex 115.857 68.3336 6.6
      vertex 115.857 68.3336 4.2
    endloop
  endfacet
  facet normal -0.42745 -0.904039 0
    outer loop
      vertex 132.254 80.4942 4.2
      vertex 133.31 79.9949 6.6
      vertex 132.254 80.4942 6.6
    endloop
  endfacet
  facet normal -0.42745 -0.904039 -0
    outer loop
      vertex 133.31 79.9949 6.6
      vertex 132.254 80.4942 4.2
      vertex 133.31 79.9949 4.2
    endloop
  endfacet
  facet normal 0.2431 -0.970001 0
    outer loop
      vertex 124.246 80.8876 4.2
      vertex 125.378 81.1713 6.6
      vertex 124.246 80.8876 6.6
    endloop
  endfacet
  facet normal 0.2431 -0.970001 0
    outer loop
      vertex 125.378 81.1713 6.6
      vertex 124.246 80.8876 4.2
      vertex 125.378 81.1713 4.2
    endloop
  endfacet
  facet normal 0.904092 0.427339 0
    outer loop
      vertex 117.205 63.8904 6.6
      vertex 116.706 64.9461 4.2
      vertex 116.706 64.9461 6.6
    endloop
  endfacet
  facet normal 0.904092 0.427339 0
    outer loop
      vertex 116.706 64.9461 4.2
      vertex 117.205 63.8904 6.6
      vertex 117.205 63.8904 4.2
    endloop
  endfacet
  facet normal -0.595717 0.803195 0
    outer loop
      vertex 135.249 60.3012 4.2
      vertex 134.311 59.6055 6.6
      vertex 135.249 60.3012 6.6
    endloop
  endfacet
  facet normal -0.595717 0.803195 0
    outer loop
      vertex 134.311 59.6055 6.6
      vertex 135.249 60.3012 4.2
      vertex 134.311 59.6055 4.2
    endloop
  endfacet
  facet normal 0.741063 0.671436 0
    outer loop
      vertex 119.285 61.0854 6.6
      vertex 118.501 61.9507 4.2
      vertex 118.501 61.9507 6.6
    endloop
  endfacet
  facet normal 0.741063 0.671436 0
    outer loop
      vertex 118.501 61.9507 4.2
      vertex 119.285 61.0854 6.6
      vertex 119.285 61.0854 4.2
    endloop
  endfacet
  facet normal -0.803481 0.59533 0
    outer loop
      vertex 136.899 61.9507 4.2
      vertex 137.594 62.8887 6.6
      vertex 137.594 62.8887 4.2
    endloop
  endfacet
  facet normal -0.803481 0.59533 0
    outer loop
      vertex 137.594 62.8887 6.6
      vertex 136.899 61.9507 4.2
      vertex 136.899 61.9507 6.6
    endloop
  endfacet
  facet normal 0.741063 -0.671436 0
    outer loop
      vertex 118.501 77.0493 6.6
      vertex 119.285 77.9146 4.2
      vertex 119.285 77.9146 6.6
    endloop
  endfacet
  facet normal 0.741063 -0.671436 0
    outer loop
      vertex 119.285 77.9146 4.2
      vertex 118.501 77.0493 6.6
      vertex 118.501 77.0493 4.2
    endloop
  endfacet
  facet normal -0.595717 -0.803195 0
    outer loop
      vertex 134.311 79.3945 4.2
      vertex 135.249 78.6988 6.6
      vertex 134.311 79.3945 6.6
    endloop
  endfacet
  facet normal -0.595717 -0.803195 -0
    outer loop
      vertex 135.249 78.6988 6.6
      vertex 134.311 79.3945 4.2
      vertex 135.249 78.6988 4.2
    endloop
  endfacet
  facet normal -0.42745 0.904039 0
    outer loop
      vertex 133.31 59.0051 4.2
      vertex 132.254 58.5058 6.6
      vertex 133.31 59.0051 6.6
    endloop
  endfacet
  facet normal -0.42745 0.904039 0
    outer loop
      vertex 132.254 58.5058 6.6
      vertex 133.31 59.0051 4.2
      vertex 132.254 58.5058 4.2
    endloop
  endfacet
  facet normal -0.8575 0.514483 0
    outer loop
      vertex 137.594 62.8887 4.2
      vertex 138.195 63.8904 6.6
      vertex 138.195 63.8904 4.2
    endloop
  endfacet
  facet normal -0.8575 0.514483 0
    outer loop
      vertex 138.195 63.8904 6.6
      vertex 137.594 62.8887 4.2
      vertex 137.594 62.8887 6.6
    endloop
  endfacet
  facet normal -0.941383 -0.33734 0
    outer loop
      vertex 139.088 72.9544 4.2
      vertex 138.694 74.0539 6.6
      vertex 138.694 74.0539 4.2
    endloop
  endfacet
  facet normal -0.941383 -0.33734 0
    outer loop
      vertex 138.694 74.0539 6.6
      vertex 139.088 72.9544 4.2
      vertex 139.088 72.9544 6.6
    endloop
  endfacet
  facet normal -0.741063 0.671436 0
    outer loop
      vertex 136.115 61.0854 4.2
      vertex 136.899 61.9507 6.6
      vertex 136.899 61.9507 4.2
    endloop
  endfacet
  facet normal -0.741063 0.671436 0
    outer loop
      vertex 136.899 61.9507 6.6
      vertex 136.115 61.0854 4.2
      vertex 136.115 61.0854 6.6
    endloop
  endfacet
  facet normal -0.904092 -0.427339 0
    outer loop
      vertex 138.694 74.0539 4.2
      vertex 138.195 75.1096 6.6
      vertex 138.195 75.1096 4.2
    endloop
  endfacet
  facet normal -0.904092 -0.427339 0
    outer loop
      vertex 138.195 75.1096 6.6
      vertex 138.694 74.0539 4.2
      vertex 138.694 74.0539 6.6
    endloop
  endfacet
  facet normal -0.970183 0.242374 0
    outer loop
      vertex 139.088 66.0456 4.2
      vertex 139.371 67.1784 6.6
      vertex 139.371 67.1784 4.2
    endloop
  endfacet
  facet normal -0.970183 0.242374 0
    outer loop
      vertex 139.371 67.1784 6.6
      vertex 139.088 66.0456 4.2
      vertex 139.088 66.0456 6.6
    endloop
  endfacet
  facet normal 0.803481 0.59533 0
    outer loop
      vertex 118.501 61.9507 6.6
      vertex 117.806 62.8887 4.2
      vertex 117.806 62.8887 6.6
    endloop
  endfacet
  facet normal 0.803481 0.59533 0
    outer loop
      vertex 117.806 62.8887 4.2
      vertex 118.501 61.9507 6.6
      vertex 118.501 61.9507 4.2
    endloop
  endfacet
  facet normal -0.8575 -0.514483 0
    outer loop
      vertex 138.195 75.1096 4.2
      vertex 137.594 76.1113 6.6
      vertex 137.594 76.1113 4.2
    endloop
  endfacet
  facet normal -0.8575 -0.514483 0
    outer loop
      vertex 137.594 76.1113 6.6
      vertex 138.195 75.1096 4.2
      vertex 138.195 75.1096 6.6
    endloop
  endfacet
  facet normal 0.243139 0.969991 -0
    outer loop
      vertex 124.7 57.9986 4.2
      vertex 124.246 58.1124 6.6
      vertex 124.7 57.9986 6.6
    endloop
  endfacet
  facet normal 0.243139 0.969991 0
    outer loop
      vertex 124.246 58.1124 6.6
      vertex 124.7 57.9986 4.2
      vertex 124.246 58.1124 4.2
    endloop
  endfacet
  facet normal 0.8575 -0.514483 0
    outer loop
      vertex 117.205 75.1096 6.6
      vertex 117.806 76.1113 4.2
      vertex 117.806 76.1113 6.6
    endloop
  endfacet
  facet normal 0.8575 -0.514483 0
    outer loop
      vertex 117.806 76.1113 4.2
      vertex 117.205 75.1096 6.6
      vertex 117.205 75.1096 4.2
    endloop
  endfacet
  facet normal 0.146667 -0.989186 0
    outer loop
      vertex 125.378 81.1713 4.2
      vertex 126.534 81.3427 6.6
      vertex 125.378 81.1713 6.6
    endloop
  endfacet
  facet normal 0.146667 -0.989186 0
    outer loop
      vertex 126.534 81.3427 6.6
      vertex 125.378 81.1713 4.2
      vertex 126.534 81.3427 4.2
    endloop
  endfacet
  facet normal 0.970183 -0.242374 0
    outer loop
      vertex 116.029 71.8216 6.6
      vertex 116.312 72.9544 4.2
      vertex 116.312 72.9544 6.6
    endloop
  endfacet
  facet normal 0.970183 -0.242374 0
    outer loop
      vertex 116.312 72.9544 4.2
      vertex 116.029 71.8216 6.6
      vertex 116.029 71.8216 4.2
    endloop
  endfacet
  facet normal 0.970183 0.242374 0
    outer loop
      vertex 116.312 66.0456 6.6
      vertex 116.029 67.1784 4.2
      vertex 116.029 67.1784 6.6
    endloop
  endfacet
  facet normal 0.970183 0.242374 0
    outer loop
      vertex 116.029 67.1784 4.2
      vertex 116.312 66.0456 6.6
      vertex 116.312 66.0456 4.2
    endloop
  endfacet
  facet normal 0 0 1
    outer loop
      vertex 132.7 69.5 4.2
      vertex 139.6 69.5 4.2
      vertex 139.543 70.6664 4.2
    endloop
  endfacet
  facet normal 0 0 1
    outer loop
      vertex 132.657 70.1526 4.2
      vertex 139.543 70.6664 4.2
      vertex 139.371 71.8216 4.2
    endloop
  endfacet
  facet normal 0 0 1
    outer loop
      vertex 139.6 69.5 4.2
      vertex 132.7 69.5 4.2
      vertex 139.543 68.3336 4.2
    endloop
  endfacet
  facet normal 0 0 1
    outer loop
      vertex 132.53 70.7941 4.2
      vertex 139.371 71.8216 4.2
      vertex 139.088 72.9544 4.2
    endloop
  endfacet
  facet normal -0 0 1
    outer loop
      vertex 132.657 68.8474 4.2
      vertex 139.543 68.3336 4.2
      vertex 132.7 69.5 4.2
    endloop
  endfacet
  facet normal 0 0 1
    outer loop
      vertex 132.319 71.4134 4.2
      vertex 139.088 72.9544 4.2
      vertex 138.694 74.0539 4.2
    endloop
  endfacet
  facet normal 0 0 1
    outer loop
      vertex 139.543 68.3336 4.2
      vertex 132.657 68.8474 4.2
      vertex 139.371 67.1784 4.2
    endloop
  endfacet
  facet normal 0 0 1
    outer loop
      vertex 132.319 71.4134 4.2
      vertex 138.694 74.0539 4.2
      vertex 138.195 75.1096 4.2
    endloop
  endfacet
  facet normal -0 0 1
    outer loop
      vertex 132.53 68.2059 4.2
      vertex 139.371 67.1784 4.2
      vertex 132.657 68.8474 4.2
    endloop
  endfacet
  facet normal 0 0 1
    outer loop
      vertex 132.03 72 4.2
      vertex 138.195 75.1096 4.2
      vertex 137.594 76.1113 4.2
    endloop
  endfacet
  facet normal 0 0 1
    outer loop
      vertex 139.371 67.1784 4.2
      vertex 132.53 68.2059 4.2
      vertex 139.088 66.0456 4.2
    endloop
  endfacet
  facet normal 0 0 1
    outer loop
      vertex 131.667 72.5438 4.2
      vertex 137.594 76.1113 4.2
      vertex 136.899 77.0493 4.2
    endloop
  endfacet
  facet normal -0 0 1
    outer loop
      vertex 132.319 67.5866 4.2
      vertex 139.088 66.0456 4.2
      vertex 132.53 68.2059 4.2
    endloop
  endfacet
  facet normal 0 0 1
    outer loop
      vertex 130.7 75.5 4.2
      vertex 136.899 77.0493 4.2
      vertex 136.115 77.9146 4.2
    endloop
  endfacet
  facet normal 0 0 1
    outer loop
      vertex 139.088 66.0456 4.2
      vertex 132.319 67.5866 4.2
      vertex 138.694 64.9461 4.2
    endloop
  endfacet
  facet normal 0 0 1
    outer loop
      vertex 130.7 75.5 4.2
      vertex 136.115 77.9146 4.2
      vertex 135.249 78.6988 4.2
    endloop
  endfacet
  facet normal 0 0 1
    outer loop
      vertex 138.694 64.9461 4.2
      vertex 132.319 67.5866 4.2
      vertex 138.195 63.8904 4.2
    endloop
  endfacet
  facet normal 0 0 1
    outer loop
      vertex 130.7 75.5 4.2
      vertex 135.249 78.6988 4.2
      vertex 134.311 79.3945 4.2
    endloop
  endfacet
  facet normal -0 0 1
    outer loop
      vertex 132.03 67 4.2
      vertex 138.195 63.8904 4.2
      vertex 132.319 67.5866 4.2
    endloop
  endfacet
  facet normal 0 0 1
    outer loop
      vertex 130.7 75.5 4.2
      vertex 134.311 79.3945 4.2
      vertex 133.31 79.9949 4.2
    endloop
  endfacet
  facet normal 0 0 1
    outer loop
      vertex 138.195 63.8904 4.2
      vertex 132.03 67 4.2
      vertex 137.594 62.8887 4.2
    endloop
  endfacet
  facet normal -0 0 1
    outer loop
      vertex 131.667 66.4562 4.2
      vertex 137.594 62.8887 4.2
      vertex 132.03 67 4.2
    endloop
  endfacet
  facet normal 0 0 1
    outer loop
      vertex 139.543 70.6664 4.2
      vertex 132.657 70.1526 4.2
      vertex 132.7 69.5 4.2
    endloop
  endfacet
  facet normal 0 0 1
    outer loop
      vertex 139.371 71.8216 4.2
      vertex 132.53 70.7941 4.2
      vertex 132.657 70.1526 4.2
    endloop
  endfacet
  facet normal 0 0 1
    outer loop
      vertex 139.088 72.9544 4.2
      vertex 132.319 71.4134 4.2
      vertex 132.53 70.7941 4.2
    endloop
  endfacet
  facet normal 0 0 1
    outer loop
      vertex 130.7 75.5 4.2
      vertex 133.31 79.9949 4.2
      vertex 132.254 80.4942 4.2
    endloop
  endfacet
  facet normal 0 0 1
    outer loop
      vertex 138.195 75.1096 4.2
      vertex 132.03 72 4.2
      vertex 132.319 71.4134 4.2
    endloop
  endfacet
  facet normal 0 0 1
    outer loop
      vertex 137.594 76.1113 4.2
      vertex 131.667 72.5438 4.2
      vertex 132.03 72 4.2
    endloop
  endfacet
  facet normal 0 0 1
    outer loop
      vertex 136.899 77.0493 4.2
      vertex 130.7 75.5 4.2
      vertex 131.667 72.5438 4.2
    endloop
  endfacet
  facet normal 0 0 1
    outer loop
      vertex 130.7 75.5 4.2
      vertex 132.254 80.4942 4.2
      vertex 131.154 80.8876 4.2
    endloop
  endfacet
  facet normal 0 0 1
    outer loop
      vertex 131.667 72.5438 4.2
      vertex 130.7 75.5 4.2
      vertex 131.236 73.0355 4.2
    endloop
  endfacet
  facet normal 0 0 1
    outer loop
      vertex 131.236 73.0355 4.2
      vertex 130.7 75.5 4.2
      vertex 130.744 73.4668 4.2
    endloop
  endfacet
  facet normal 0 0 1
    outer loop
      vertex 130.022 81.1713 4.2
      vertex 130.7 75.5 4.2
      vertex 131.154 80.8876 4.2
    endloop
  endfacet
  facet normal 0 0 1
    outer loop
      vertex 128.866 81.3427 4.2
      vertex 130.7 75.5 4.2
      vertex 130.022 81.1713 4.2
    endloop
  endfacet
  facet normal 0 0 1
    outer loop
      vertex 127.7 81.4 4.2
      vertex 130.7 75.5 4.2
      vertex 128.866 81.3427 4.2
    endloop
  endfacet
  facet normal 0 0 1
    outer loop
      vertex 124.7 75.5 4.2
      vertex 127.7 81.4 4.2
      vertex 126.534 81.3427 4.2
    endloop
  endfacet
  facet normal 0 0 1
    outer loop
      vertex 124.7 75.5 4.2
      vertex 126.534 81.3427 4.2
      vertex 125.378 81.1713 4.2
    endloop
  endfacet
  facet normal 0 0 1
    outer loop
      vertex 127.7 81.4 4.2
      vertex 124.7 75.5 4.2
      vertex 130.7 75.5 4.2
    endloop
  endfacet
  facet normal 0 0 1
    outer loop
      vertex 124.7 75.5 4.2
      vertex 124.656 73.4668 4.2
      vertex 124.7 73.496 4.2
    endloop
  endfacet
  facet normal -0 0 1
    outer loop
      vertex 124.246 80.8876 4.2
      vertex 124.7 75.5 4.2
      vertex 125.378 81.1713 4.2
    endloop
  endfacet
  facet normal -0 0 1
    outer loop
      vertex 123.146 80.4942 4.2
      vertex 124.7 75.5 4.2
      vertex 124.246 80.8876 4.2
    endloop
  endfacet
  facet normal -0 0 1
    outer loop
      vertex 122.09 79.9949 4.2
      vertex 124.7 75.5 4.2
      vertex 123.146 80.4942 4.2
    endloop
  endfacet
  facet normal -0 0 1
    outer loop
      vertex 121.089 79.3945 4.2
      vertex 124.7 75.5 4.2
      vertex 122.09 79.9949 4.2
    endloop
  endfacet
  facet normal -0 0 1
    outer loop
      vertex 120.151 78.6988 4.2
      vertex 124.7 75.5 4.2
      vertex 121.089 79.3945 4.2
    endloop
  endfacet
  facet normal -0 0 1
    outer loop
      vertex 119.285 77.9146 4.2
      vertex 124.7 75.5 4.2
      vertex 120.151 78.6988 4.2
    endloop
  endfacet
  facet normal 0 0 1
    outer loop
      vertex 124.7 75.5 4.2
      vertex 124.164 73.0355 4.2
      vertex 124.656 73.4668 4.2
    endloop
  endfacet
  facet normal -0 0 1
    outer loop
      vertex 118.501 77.0493 4.2
      vertex 124.7 75.5 4.2
      vertex 119.285 77.9146 4.2
    endloop
  endfacet
  facet normal 0 -0 1
    outer loop
      vertex 123.733 72.5438 4.2
      vertex 124.7 75.5 4.2
      vertex 118.501 77.0493 4.2
    endloop
  endfacet
  facet normal 0 0 1
    outer loop
      vertex 124.7 75.5 4.2
      vertex 123.733 72.5438 4.2
      vertex 124.164 73.0355 4.2
    endloop
  endfacet
  facet normal -0 0 1
    outer loop
      vertex 117.806 76.1113 4.2
      vertex 123.733 72.5438 4.2
      vertex 118.501 77.0493 4.2
    endloop
  endfacet
  facet normal 0 0 1
    outer loop
      vertex 137.594 62.8887 4.2
      vertex 131.667 66.4562 4.2
      vertex 136.899 61.9507 4.2
    endloop
  endfacet
  facet normal -0 0 1
    outer loop
      vertex 131.236 65.9645 4.2
      vertex 136.899 61.9507 4.2
      vertex 131.667 66.4562 4.2
    endloop
  endfacet
  facet normal 0 0 1
    outer loop
      vertex 136.899 61.9507 4.2
      vertex 131.236 65.9645 4.2
      vertex 136.115 61.0854 4.2
    endloop
  endfacet
  facet normal 0 0 1
    outer loop
      vertex 136.115 61.0854 4.2
      vertex 131.236 65.9645 4.2
      vertex 135.249 60.3012 4.2
    endloop
  endfacet
  facet normal -0 0 1
    outer loop
      vertex 130.744 65.5332 4.2
      vertex 135.249 60.3012 4.2
      vertex 131.236 65.9645 4.2
    endloop
  endfacet
  facet normal 0 0 1
    outer loop
      vertex 135.249 60.3012 4.2
      vertex 130.744 65.5332 4.2
      vertex 134.311 59.6055 4.2
    endloop
  endfacet
  facet normal -0 0 1
    outer loop
      vertex 130.7 65.504 4.2
      vertex 134.311 59.6055 4.2
      vertex 130.744 65.5332 4.2
    endloop
  endfacet
  facet normal 0 0 1
    outer loop
      vertex 134.311 59.6055 4.2
      vertex 130.7 65.504 4.2
      vertex 133.31 59.0051 4.2
    endloop
  endfacet
  facet normal 0 0 1
    outer loop
      vertex 133.31 59.0051 4.2
      vertex 130.7 65.504 4.2
      vertex 132.254 58.5058 4.2
    endloop
  endfacet
  facet normal 0 0 1
    outer loop
      vertex 132.254 58.5058 4.2
      vertex 130.7 65.504 4.2
      vertex 131.154 58.1124 4.2
    endloop
  endfacet
  facet normal 0 0 1
    outer loop
      vertex 131.154 58.1124 4.2
      vertex 130.7 65.504 4.2
      vertex 130.7 57.9986 4.2
    endloop
  endfacet
  facet normal 0 0 1
    outer loop
      vertex 130.744 73.4668 4.2
      vertex 130.7 75.5 4.2
      vertex 130.7 73.496 4.2
    endloop
  endfacet
  facet normal 0 0 1
    outer loop
      vertex 121.089 59.6055 4.2
      vertex 124.7 65.504 4.2
      vertex 124.656 65.5332 4.2
    endloop
  endfacet
  facet normal 0 0 1
    outer loop
      vertex 124.7 65.504 4.2
      vertex 124.246 58.1124 4.2
      vertex 124.7 57.9986 4.2
    endloop
  endfacet
  facet normal 0 0 1
    outer loop
      vertex 120.151 60.3012 4.2
      vertex 124.656 65.5332 4.2
      vertex 124.164 65.9645 4.2
    endloop
  endfacet
  facet normal 0 0 1
    outer loop
      vertex 118.501 61.9507 4.2
      vertex 124.164 65.9645 4.2
      vertex 123.733 66.4562 4.2
    endloop
  endfacet
  facet normal 0 0 1
    outer loop
      vertex 117.806 62.8887 4.2
      vertex 123.733 66.4562 4.2
      vertex 123.37 67 4.2
    endloop
  endfacet
  facet normal 0 0 1
    outer loop
      vertex 124.7 65.504 4.2
      vertex 123.146 58.5058 4.2
      vertex 124.246 58.1124 4.2
    endloop
  endfacet
  facet normal 0 0 1
    outer loop
      vertex 117.205 63.8904 4.2
      vertex 123.37 67 4.2
      vertex 123.081 67.5866 4.2
    endloop
  endfacet
  facet normal 0 0 1
    outer loop
      vertex 116.312 66.0456 4.2
      vertex 123.081 67.5866 4.2
      vertex 122.87 68.2059 4.2
    endloop
  endfacet
  facet normal 0 0 1
    outer loop
      vertex 116.029 67.1784 4.2
      vertex 122.87 68.2059 4.2
      vertex 122.743 68.8474 4.2
    endloop
  endfacet
  facet normal 0 0 1
    outer loop
      vertex 115.857 68.3336 4.2
      vertex 122.743 68.8474 4.2
      vertex 122.7 69.5 4.2
    endloop
  endfacet
  facet normal 0 0 1
    outer loop
      vertex 123.733 72.5438 4.2
      vertex 117.806 76.1113 4.2
      vertex 123.37 72 4.2
    endloop
  endfacet
  facet normal 0 0 1
    outer loop
      vertex 124.7 65.504 4.2
      vertex 122.09 59.0051 4.2
      vertex 123.146 58.5058 4.2
    endloop
  endfacet
  facet normal -0 0 1
    outer loop
      vertex 117.205 75.1096 4.2
      vertex 123.37 72 4.2
      vertex 117.806 76.1113 4.2
    endloop
  endfacet
  facet normal 0 0 1
    outer loop
      vertex 124.7 65.504 4.2
      vertex 121.089 59.6055 4.2
      vertex 122.09 59.0051 4.2
    endloop
  endfacet
  facet normal 0 0 1
    outer loop
      vertex 123.37 72 4.2
      vertex 117.205 75.1096 4.2
      vertex 123.081 71.4134 4.2
    endloop
  endfacet
  facet normal 0 0 1
    outer loop
      vertex 124.656 65.5332 4.2
      vertex 120.151 60.3012 4.2
      vertex 121.089 59.6055 4.2
    endloop
  endfacet
  facet normal -0 0 1
    outer loop
      vertex 116.706 74.0539 4.2
      vertex 123.081 71.4134 4.2
      vertex 117.205 75.1096 4.2
    endloop
  endfacet
  facet normal 0 0 1
    outer loop
      vertex 124.164 65.9645 4.2
      vertex 119.285 61.0854 4.2
      vertex 120.151 60.3012 4.2
    endloop
  endfacet
  facet normal -0 0 1
    outer loop
      vertex 116.312 72.9544 4.2
      vertex 123.081 71.4134 4.2
      vertex 116.706 74.0539 4.2
    endloop
  endfacet
  facet normal 0 0 1
    outer loop
      vertex 124.164 65.9645 4.2
      vertex 118.501 61.9507 4.2
      vertex 119.285 61.0854 4.2
    endloop
  endfacet
  facet normal 0 0 1
    outer loop
      vertex 123.081 71.4134 4.2
      vertex 116.312 72.9544 4.2
      vertex 122.87 70.7941 4.2
    endloop
  endfacet
  facet normal 0 0 1
    outer loop
      vertex 123.733 66.4562 4.2
      vertex 117.806 62.8887 4.2
      vertex 118.501 61.9507 4.2
    endloop
  endfacet
  facet normal -0 0 1
    outer loop
      vertex 116.029 71.8216 4.2
      vertex 122.87 70.7941 4.2
      vertex 116.312 72.9544 4.2
    endloop
  endfacet
  facet normal 0 0 1
    outer loop
      vertex 123.37 67 4.2
      vertex 117.205 63.8904 4.2
      vertex 117.806 62.8887 4.2
    endloop
  endfacet
  facet normal 0 0 1
    outer loop
      vertex 122.87 70.7941 4.2
      vertex 116.029 71.8216 4.2
      vertex 122.743 70.1526 4.2
    endloop
  endfacet
  facet normal 0 0 1
    outer loop
      vertex 123.081 67.5866 4.2
      vertex 116.706 64.9461 4.2
      vertex 117.205 63.8904 4.2
    endloop
  endfacet
  facet normal -0 0 1
    outer loop
      vertex 115.857 70.6664 4.2
      vertex 122.743 70.1526 4.2
      vertex 116.029 71.8216 4.2
    endloop
  endfacet
  facet normal 0 0 1
    outer loop
      vertex 123.081 67.5866 4.2
      vertex 116.312 66.0456 4.2
      vertex 116.706 64.9461 4.2
    endloop
  endfacet
  facet normal 0 0 1
    outer loop
      vertex 122.743 70.1526 4.2
      vertex 115.857 70.6664 4.2
      vertex 122.7 69.5 4.2
    endloop
  endfacet
  facet normal 0 0 1
    outer loop
      vertex 122.87 68.2059 4.2
      vertex 116.029 67.1784 4.2
      vertex 116.312 66.0456 4.2
    endloop
  endfacet
  facet normal 0 0 1
    outer loop
      vertex 115.8 69.5 4.2
      vertex 122.7 69.5 4.2
      vertex 115.857 70.6664 4.2
    endloop
  endfacet
  facet normal 0 0 1
    outer loop
      vertex 122.743 68.8474 4.2
      vertex 115.857 68.3336 4.2
      vertex 116.029 67.1784 4.2
    endloop
  endfacet
  facet normal 0 0 1
    outer loop
      vertex 122.7 69.5 4.2
      vertex 115.8 69.5 4.2
      vertex 115.857 68.3336 4.2
    endloop
  endfacet
  facet normal 0.51437 -0.857569 0
    outer loop
      vertex 121.089 79.3945 4.2
      vertex 122.09 79.9949 6.6
      vertex 121.089 79.3945 6.6
    endloop
  endfacet
  facet normal 0.51437 -0.857569 0
    outer loop
      vertex 122.09 79.9949 6.6
      vertex 121.089 79.3945 4.2
      vertex 122.09 79.9949 4.2
    endloop
  endfacet
  facet normal -0.51437 0.857569 0
    outer loop
      vertex 134.311 59.6055 4.2
      vertex 133.31 59.0051 6.6
      vertex 134.311 59.6055 6.6
    endloop
  endfacet
  facet normal -0.51437 0.857569 0
    outer loop
      vertex 133.31 59.0051 6.6
      vertex 134.311 59.6055 4.2
      vertex 133.31 59.0051 4.2
    endloop
  endfacet
  facet normal 0.989097 -0.147269 0
    outer loop
      vertex 115.857 70.6664 6.6
      vertex 116.029 71.8216 4.2
      vertex 116.029 71.8216 6.6
    endloop
  endfacet
  facet normal 0.989097 -0.147269 0
    outer loop
      vertex 116.029 71.8216 4.2
      vertex 115.857 70.6664 6.6
      vertex 115.857 70.6664 4.2
    endloop
  endfacet
  facet normal 0.336748 0.941595 -0
    outer loop
      vertex 124.246 58.1124 4.2
      vertex 123.146 58.5058 6.6
      vertex 124.246 58.1124 6.6
    endloop
  endfacet
  facet normal 0.336748 0.941595 0
    outer loop
      vertex 123.146 58.5058 6.6
      vertex 124.246 58.1124 4.2
      vertex 123.146 58.5058 4.2
    endloop
  endfacet
  facet normal 0.941383 -0.33734 0
    outer loop
      vertex 116.312 72.9544 6.6
      vertex 116.706 74.0539 4.2
      vertex 116.706 74.0539 6.6
    endloop
  endfacet
  facet normal 0.941383 -0.33734 0
    outer loop
      vertex 116.706 74.0539 4.2
      vertex 116.312 72.9544 6.6
      vertex 116.312 72.9544 4.2
    endloop
  endfacet
  facet normal 0.671232 0.741248 -0
    outer loop
      vertex 120.151 60.3012 4.2
      vertex 119.285 61.0854 6.6
      vertex 120.151 60.3012 6.6
    endloop
  endfacet
  facet normal 0.671232 0.741248 0
    outer loop
      vertex 119.285 61.0854 6.6
      vertex 120.151 60.3012 4.2
      vertex 119.285 61.0854 4.2
    endloop
  endfacet
  facet normal 0.8575 0.514483 0
    outer loop
      vertex 117.806 62.8887 6.6
      vertex 117.205 63.8904 4.2
      vertex 117.205 63.8904 6.6
    endloop
  endfacet
  facet normal 0.8575 0.514483 0
    outer loop
      vertex 117.205 63.8904 4.2
      vertex 117.806 62.8887 6.6
      vertex 117.806 62.8887 4.2
    endloop
  endfacet
  facet normal -0.2431 -0.970001 0
    outer loop
      vertex 130.022 81.1713 4.2
      vertex 131.154 80.8876 6.6
      vertex 130.022 81.1713 6.6
    endloop
  endfacet
  facet normal -0.2431 -0.970001 -0
    outer loop
      vertex 131.154 80.8876 6.6
      vertex 130.022 81.1713 4.2
      vertex 131.154 80.8876 4.2
    endloop
  endfacet
  facet normal 0.803481 -0.59533 0
    outer loop
      vertex 117.806 76.1113 6.6
      vertex 118.501 77.0493 4.2
      vertex 118.501 77.0493 6.6
    endloop
  endfacet
  facet normal 0.803481 -0.59533 0
    outer loop
      vertex 118.501 77.0493 4.2
      vertex 117.806 76.1113 6.6
      vertex 117.806 76.1113 4.2
    endloop
  endfacet
  facet normal -0.195233 0.980757 0
    outer loop
      vertex 128.994 64.6704 2.8
      vertex 128.353 64.5428 4.1
      vertex 128.994 64.6704 4.1
    endloop
  endfacet
  facet normal -0.195233 0.980757 0
    outer loop
      vertex 128.353 64.5428 4.1
      vertex 128.994 64.6704 2.8
      vertex 128.353 64.5428 2.8
    endloop
  endfacet
  facet normal -0.980961 -0.194204 0
    outer loop
      vertex 132.657 70.1526 2.8
      vertex 132.53 70.7941 4.2
      vertex 132.53 70.7941 2.8
    endloop
  endfacet
  facet normal -0.980961 -0.194204 0
    outer loop
      vertex 132.53 70.7941 4.2
      vertex 132.657 70.1526 2.8
      vertex 132.657 70.1526 4.2
    endloop
  endfacet
  facet normal -0.997836 -0.0657477 0
    outer loop
      vertex 132.7 69.5 2.8
      vertex 132.657 70.1526 4.2
      vertex 132.657 70.1526 2.8
    endloop
  endfacet
  facet normal -0.997836 -0.0657477 0
    outer loop
      vertex 132.657 70.1526 4.2
      vertex 132.7 69.5 2.8
      vertex 132.7 69.5 4.2
    endloop
  endfacet
  facet normal 0.997836 0.0657477 0
    outer loop
      vertex 122.743 68.8474 4.2
      vertex 122.7 69.5 2.8
      vertex 122.7 69.5 4.2
    endloop
  endfacet
  facet normal 0.997836 0.0657477 0
    outer loop
      vertex 122.7 69.5 2.8
      vertex 122.743 68.8474 4.2
      vertex 122.743 68.8474 2.8
    endloop
  endfacet
  facet normal 0.0654033 -0.997859 0
    outer loop
      vertex 127.047 74.4572 2.8
      vertex 127.7 74.5 4.1
      vertex 127.047 74.4572 4.1
    endloop
  endfacet
  facet normal 0.0654033 -0.997859 0
    outer loop
      vertex 127.7 74.5 4.1
      vertex 127.047 74.4572 2.8
      vertex 127.7 74.5 2.8
    endloop
  endfacet
  facet normal 0.897042 0.441945 0
    outer loop
      vertex 123.37 67 4.2
      vertex 123.081 67.5866 2.8
      vertex 123.081 67.5866 4.2
    endloop
  endfacet
  facet normal 0.897042 0.441945 0
    outer loop
      vertex 123.081 67.5866 2.8
      vertex 123.37 67 4.2
      vertex 123.37 67 2.8
    endloop
  endfacet
  facet normal -0.0654033 -0.997859 0
    outer loop
      vertex 127.7 74.5 2.8
      vertex 128.353 74.4572 4.1
      vertex 127.7 74.5 4.1
    endloop
  endfacet
  facet normal -0.0654033 -0.997859 -0
    outer loop
      vertex 128.353 74.4572 4.1
      vertex 127.7 74.5 2.8
      vertex 128.353 74.4572 2.8
    endloop
  endfacet
  facet normal 0.659197 -0.75197 0
    outer loop
      vertex 124.164 73.0355 2.8
      vertex 124.656 73.4668 4.2
      vertex 124.164 73.0355 4.2
    endloop
  endfacet
  facet normal 0.659197 -0.75197 0
    outer loop
      vertex 124.656 73.4668 4.2
      vertex 124.164 73.0355 2.8
      vertex 124.656 73.4668 2.8
    endloop
  endfacet
  facet normal 0.751998 0.659165 0
    outer loop
      vertex 124.164 65.9645 4.2
      vertex 123.733 66.4562 2.8
      vertex 123.733 66.4562 4.2
    endloop
  endfacet
  facet normal 0.751998 0.659165 0
    outer loop
      vertex 123.733 66.4562 2.8
      vertex 124.164 65.9645 4.2
      vertex 124.164 65.9645 2.8
    endloop
  endfacet
  facet normal -0.946569 0.322503 0
    outer loop
      vertex 132.319 67.5866 2.8
      vertex 132.53 68.2059 4.2
      vertex 132.53 68.2059 2.8
    endloop
  endfacet
  facet normal -0.946569 0.322503 0
    outer loop
      vertex 132.53 68.2059 4.2
      vertex 132.319 67.5866 2.8
      vertex 132.319 67.5866 4.2
    endloop
  endfacet
  facet normal 0.897042 -0.441945 0
    outer loop
      vertex 123.081 71.4134 4.2
      vertex 123.37 72 2.8
      vertex 123.37 72 4.2
    endloop
  endfacet
  facet normal 0.897042 -0.441945 0
    outer loop
      vertex 123.37 72 2.8
      vertex 123.081 71.4134 4.2
      vertex 123.081 71.4134 2.8
    endloop
  endfacet
  facet normal -0.195233 -0.980757 0
    outer loop
      vertex 128.353 74.4572 2.8
      vertex 128.994 74.3296 4.1
      vertex 128.353 74.4572 4.1
    endloop
  endfacet
  facet normal -0.195233 -0.980757 -0
    outer loop
      vertex 128.994 74.3296 4.1
      vertex 128.353 74.4572 2.8
      vertex 128.994 74.3296 2.8
    endloop
  endfacet
  facet normal 0.442072 0.89698 -0
    outer loop
      vertex 125.787 64.8806 2.8
      vertex 125.2 65.1699 4.1
      vertex 125.787 64.8806 4.1
    endloop
  endfacet
  facet normal 0.442072 0.89698 0
    outer loop
      vertex 125.2 65.1699 4.1
      vertex 125.787 64.8806 2.8
      vertex 125.2 65.1699 2.8
    endloop
  endfacet
  facet normal -0.659197 0.75197 0
    outer loop
      vertex 131.236 65.9645 2.8
      vertex 130.744 65.5332 4.2
      vertex 131.236 65.9645 4.2
    endloop
  endfacet
  facet normal -0.659197 0.75197 0
    outer loop
      vertex 130.744 65.5332 4.2
      vertex 131.236 65.9645 2.8
      vertex 130.744 65.5332 2.8
    endloop
  endfacet
  facet normal -0.831721 -0.555194 0
    outer loop
      vertex 132.03 72 2.8
      vertex 131.667 72.5438 4.2
      vertex 131.667 72.5438 2.8
    endloop
  endfacet
  facet normal -0.831721 -0.555194 0
    outer loop
      vertex 131.667 72.5438 4.2
      vertex 132.03 72 2.8
      vertex 132.03 72 4.2
    endloop
  endfacet
  facet normal 0.946569 -0.322503 0
    outer loop
      vertex 122.87 70.7941 4.2
      vertex 123.081 71.4134 2.8
      vertex 123.081 71.4134 4.2
    endloop
  endfacet
  facet normal 0.946569 -0.322503 0
    outer loop
      vertex 123.081 71.4134 2.8
      vertex 122.87 70.7941 4.2
      vertex 122.87 70.7941 2.8
    endloop
  endfacet
  facet normal 0.552951 -0.833214 0
    outer loop
      vertex 124.656 73.4668 4.2
      vertex 124.7 73.496 4.1
      vertex 124.7 73.496 4.2
    endloop
  endfacet
  facet normal 0.552951 -0.833214 0
    outer loop
      vertex 124.656 73.4668 2.8
      vertex 124.7 73.496 4.1
      vertex 124.656 73.4668 4.2
    endloop
  endfacet
  facet normal 0.55537 -0.831603 -0.000118061
    outer loop
      vertex 125.2 73.8301 2.8
      vertex 124.7 73.496 4.1
      vertex 124.656 73.4668 2.8
    endloop
  endfacet
  facet normal 0.555583 -0.831461 0
    outer loop
      vertex 124.7 73.496 4.1
      vertex 125.2 73.8301 2.8
      vertex 125.2 73.8301 4.1
    endloop
  endfacet
  facet normal -0.442072 0.89698 0
    outer loop
      vertex 130.2 65.1699 2.8
      vertex 129.613 64.8806 4.1
      vertex 130.2 65.1699 4.1
    endloop
  endfacet
  facet normal -0.442072 0.89698 0
    outer loop
      vertex 129.613 64.8806 4.1
      vertex 130.2 65.1699 2.8
      vertex 129.613 64.8806 2.8
    endloop
  endfacet
  facet normal -0.552951 0.833214 0
    outer loop
      vertex 130.744 65.5332 4.2
      vertex 130.7 65.504 4.1
      vertex 130.7 65.504 4.2
    endloop
  endfacet
  facet normal -0.552951 0.833214 0
    outer loop
      vertex 130.744 65.5332 2.8
      vertex 130.7 65.504 4.1
      vertex 130.744 65.5332 4.2
    endloop
  endfacet
  facet normal -0.55537 0.831603 -0.000118061
    outer loop
      vertex 130.2 65.1699 2.8
      vertex 130.7 65.504 4.1
      vertex 130.744 65.5332 2.8
    endloop
  endfacet
  facet normal -0.555583 0.831461 0
    outer loop
      vertex 130.7 65.504 4.1
      vertex 130.2 65.1699 2.8
      vertex 130.2 65.1699 4.1
    endloop
  endfacet
  facet normal -0.659197 -0.75197 0
    outer loop
      vertex 130.744 73.4668 2.8
      vertex 131.236 73.0355 4.2
      vertex 130.744 73.4668 4.2
    endloop
  endfacet
  facet normal -0.659197 -0.75197 -0
    outer loop
      vertex 131.236 73.0355 4.2
      vertex 130.744 73.4668 2.8
      vertex 131.236 73.0355 2.8
    endloop
  endfacet
  facet normal -0.442072 -0.89698 0
    outer loop
      vertex 129.613 74.1194 2.8
      vertex 130.2 73.8301 4.1
      vertex 129.613 74.1194 4.1
    endloop
  endfacet
  facet normal -0.442072 -0.89698 -0
    outer loop
      vertex 130.2 73.8301 4.1
      vertex 129.613 74.1194 2.8
      vertex 130.2 73.8301 2.8
    endloop
  endfacet
  facet normal -0.997836 0.0657477 0
    outer loop
      vertex 132.657 68.8474 2.8
      vertex 132.7 69.5 4.2
      vertex 132.7 69.5 2.8
    endloop
  endfacet
  facet normal -0.997836 0.0657477 0
    outer loop
      vertex 132.7 69.5 4.2
      vertex 132.657 68.8474 2.8
      vertex 132.657 68.8474 4.2
    endloop
  endfacet
  facet normal 0.751998 -0.659165 0
    outer loop
      vertex 123.733 72.5438 4.2
      vertex 124.164 73.0355 2.8
      vertex 124.164 73.0355 4.2
    endloop
  endfacet
  facet normal 0.751998 -0.659165 0
    outer loop
      vertex 124.164 73.0355 2.8
      vertex 123.733 72.5438 4.2
      vertex 123.733 72.5438 2.8
    endloop
  endfacet
  facet normal -0.555583 -0.831461 -0
    outer loop
      vertex 130.2 73.8301 4.1
      vertex 130.2 73.8301 2.8
      vertex 130.7 73.496 4.1
    endloop
  endfacet
  facet normal -0.552951 -0.833214 0
    outer loop
      vertex 130.7 73.496 4.1
      vertex 130.744 73.4668 4.2
      vertex 130.7 73.496 4.2
    endloop
  endfacet
  facet normal -0.55537 -0.831603 -0.000118061
    outer loop
      vertex 130.744 73.4668 2.8
      vertex 130.7 73.496 4.1
      vertex 130.2 73.8301 2.8
    endloop
  endfacet
  facet normal -0.552951 -0.833214 0
    outer loop
      vertex 130.7 73.496 4.1
      vertex 130.744 73.4668 2.8
      vertex 130.744 73.4668 4.2
    endloop
  endfacet
  facet normal 0.980961 -0.194204 0
    outer loop
      vertex 122.743 70.1526 4.2
      vertex 122.87 70.7941 2.8
      vertex 122.87 70.7941 4.2
    endloop
  endfacet
  facet normal 0.980961 -0.194204 0
    outer loop
      vertex 122.87 70.7941 2.8
      vertex 122.743 70.1526 4.2
      vertex 122.743 70.1526 2.8
    endloop
  endfacet
  facet normal 0.321546 0.946894 -0
    outer loop
      vertex 126.406 64.6704 2.8
      vertex 125.787 64.8806 4.1
      vertex 126.406 64.6704 4.1
    endloop
  endfacet
  facet normal 0.321546 0.946894 0
    outer loop
      vertex 125.787 64.8806 4.1
      vertex 126.406 64.6704 2.8
      vertex 125.787 64.8806 2.8
    endloop
  endfacet
  facet normal 0.946569 0.322503 0
    outer loop
      vertex 123.081 67.5866 4.2
      vertex 122.87 68.2059 2.8
      vertex 122.87 68.2059 4.2
    endloop
  endfacet
  facet normal 0.946569 0.322503 0
    outer loop
      vertex 122.87 68.2059 2.8
      vertex 123.081 67.5866 4.2
      vertex 123.081 67.5866 2.8
    endloop
  endfacet
  facet normal 0.555583 0.831461 0
    outer loop
      vertex 125.2 65.1699 4.1
      vertex 125.2 65.1699 2.8
      vertex 124.7 65.504 4.1
    endloop
  endfacet
  facet normal 0.552951 0.833214 -0
    outer loop
      vertex 124.7 65.504 4.1
      vertex 124.656 65.5332 4.2
      vertex 124.7 65.504 4.2
    endloop
  endfacet
  facet normal 0.55537 0.831603 -0.000118061
    outer loop
      vertex 124.656 65.5332 2.8
      vertex 124.7 65.504 4.1
      vertex 125.2 65.1699 2.8
    endloop
  endfacet
  facet normal 0.552951 0.833214 0
    outer loop
      vertex 124.7 65.504 4.1
      vertex 124.656 65.5332 2.8
      vertex 124.656 65.5332 4.2
    endloop
  endfacet
  facet normal 0.195233 -0.980757 0
    outer loop
      vertex 126.406 74.3296 2.8
      vertex 127.047 74.4572 4.1
      vertex 126.406 74.3296 4.1
    endloop
  endfacet
  facet normal 0.195233 -0.980757 0
    outer loop
      vertex 127.047 74.4572 4.1
      vertex 126.406 74.3296 2.8
      vertex 127.047 74.4572 2.8
    endloop
  endfacet
  facet normal 0.442072 -0.89698 0
    outer loop
      vertex 125.2 73.8301 2.8
      vertex 125.787 74.1194 4.1
      vertex 125.2 73.8301 4.1
    endloop
  endfacet
  facet normal 0.442072 -0.89698 0
    outer loop
      vertex 125.787 74.1194 4.1
      vertex 125.2 73.8301 2.8
      vertex 125.787 74.1194 2.8
    endloop
  endfacet
  facet normal 0.831721 0.555194 0
    outer loop
      vertex 123.733 66.4562 4.2
      vertex 123.37 67 2.8
      vertex 123.37 67 4.2
    endloop
  endfacet
  facet normal 0.831721 0.555194 0
    outer loop
      vertex 123.37 67 2.8
      vertex 123.733 66.4562 4.2
      vertex 123.733 66.4562 2.8
    endloop
  endfacet
  facet normal -0.897042 0.441945 0
    outer loop
      vertex 132.03 67 2.8
      vertex 132.319 67.5866 4.2
      vertex 132.319 67.5866 2.8
    endloop
  endfacet
  facet normal -0.897042 0.441945 0
    outer loop
      vertex 132.319 67.5866 4.2
      vertex 132.03 67 2.8
      vertex 132.03 67 4.2
    endloop
  endfacet
  facet normal -0.831721 0.555194 0
    outer loop
      vertex 131.667 66.4562 2.8
      vertex 132.03 67 4.2
      vertex 132.03 67 2.8
    endloop
  endfacet
  facet normal -0.831721 0.555194 0
    outer loop
      vertex 132.03 67 4.2
      vertex 131.667 66.4562 2.8
      vertex 131.667 66.4562 4.2
    endloop
  endfacet
  facet normal -0.980961 0.194204 0
    outer loop
      vertex 132.53 68.2059 2.8
      vertex 132.657 68.8474 4.2
      vertex 132.657 68.8474 2.8
    endloop
  endfacet
  facet normal -0.980961 0.194204 0
    outer loop
      vertex 132.657 68.8474 4.2
      vertex 132.53 68.2059 2.8
      vertex 132.53 68.2059 4.2
    endloop
  endfacet
  facet normal -0.751998 0.659165 0
    outer loop
      vertex 131.236 65.9645 2.8
      vertex 131.667 66.4562 4.2
      vertex 131.667 66.4562 2.8
    endloop
  endfacet
  facet normal -0.751998 0.659165 0
    outer loop
      vertex 131.667 66.4562 4.2
      vertex 131.236 65.9645 2.8
      vertex 131.236 65.9645 4.2
    endloop
  endfacet
  facet normal 0.997836 -0.0657477 0
    outer loop
      vertex 122.7 69.5 4.2
      vertex 122.743 70.1526 2.8
      vertex 122.743 70.1526 4.2
    endloop
  endfacet
  facet normal 0.997836 -0.0657477 0
    outer loop
      vertex 122.743 70.1526 2.8
      vertex 122.7 69.5 4.2
      vertex 122.7 69.5 2.8
    endloop
  endfacet
  facet normal -0.321546 -0.946894 0
    outer loop
      vertex 128.994 74.3296 2.8
      vertex 129.613 74.1194 4.1
      vertex 128.994 74.3296 4.1
    endloop
  endfacet
  facet normal -0.321546 -0.946894 -0
    outer loop
      vertex 129.613 74.1194 4.1
      vertex 128.994 74.3296 2.8
      vertex 129.613 74.1194 2.8
    endloop
  endfacet
  facet normal 0.980961 0.194204 0
    outer loop
      vertex 122.87 68.2059 4.2
      vertex 122.743 68.8474 2.8
      vertex 122.743 68.8474 4.2
    endloop
  endfacet
  facet normal 0.980961 0.194204 0
    outer loop
      vertex 122.743 68.8474 2.8
      vertex 122.87 68.2059 4.2
      vertex 122.87 68.2059 2.8
    endloop
  endfacet
  facet normal 0.831721 -0.555194 0
    outer loop
      vertex 123.37 72 4.2
      vertex 123.733 72.5438 2.8
      vertex 123.733 72.5438 4.2
    endloop
  endfacet
  facet normal 0.831721 -0.555194 0
    outer loop
      vertex 123.733 72.5438 2.8
      vertex 123.37 72 4.2
      vertex 123.37 72 2.8
    endloop
  endfacet
  facet normal -0.897042 -0.441945 0
    outer loop
      vertex 132.319 71.4134 2.8
      vertex 132.03 72 4.2
      vertex 132.03 72 2.8
    endloop
  endfacet
  facet normal -0.897042 -0.441945 0
    outer loop
      vertex 132.03 72 4.2
      vertex 132.319 71.4134 2.8
      vertex 132.319 71.4134 4.2
    endloop
  endfacet
  facet normal -0.751998 -0.659165 0
    outer loop
      vertex 131.667 72.5438 2.8
      vertex 131.236 73.0355 4.2
      vertex 131.236 73.0355 2.8
    endloop
  endfacet
  facet normal -0.751998 -0.659165 0
    outer loop
      vertex 131.236 73.0355 4.2
      vertex 131.667 72.5438 2.8
      vertex 131.667 72.5438 4.2
    endloop
  endfacet
  facet normal -0.946569 -0.322503 0
    outer loop
      vertex 132.53 70.7941 2.8
      vertex 132.319 71.4134 4.2
      vertex 132.319 71.4134 2.8
    endloop
  endfacet
  facet normal -0.946569 -0.322503 0
    outer loop
      vertex 132.319 71.4134 4.2
      vertex 132.53 70.7941 2.8
      vertex 132.53 70.7941 4.2
    endloop
  endfacet
  facet normal 0.321546 -0.946894 0
    outer loop
      vertex 125.787 74.1194 2.8
      vertex 126.406 74.3296 4.1
      vertex 125.787 74.1194 4.1
    endloop
  endfacet
  facet normal 0.321546 -0.946894 0
    outer loop
      vertex 126.406 74.3296 4.1
      vertex 125.787 74.1194 2.8
      vertex 126.406 74.3296 2.8
    endloop
  endfacet
  facet normal -0.321546 0.946894 0
    outer loop
      vertex 129.613 64.8806 2.8
      vertex 128.994 64.6704 4.1
      vertex 129.613 64.8806 4.1
    endloop
  endfacet
  facet normal -0.321546 0.946894 0
    outer loop
      vertex 128.994 64.6704 4.1
      vertex 129.613 64.8806 2.8
      vertex 128.994 64.6704 2.8
    endloop
  endfacet
  facet normal 0.195233 0.980757 -0
    outer loop
      vertex 127.047 64.5428 2.8
      vertex 126.406 64.6704 4.1
      vertex 127.047 64.5428 4.1
    endloop
  endfacet
  facet normal 0.195233 0.980757 0
    outer loop
      vertex 126.406 64.6704 4.1
      vertex 127.047 64.5428 2.8
      vertex 126.406 64.6704 2.8
    endloop
  endfacet
  facet normal 0.659197 0.75197 -0
    outer loop
      vertex 124.656 65.5332 2.8
      vertex 124.164 65.9645 4.2
      vertex 124.656 65.5332 4.2
    endloop
  endfacet
  facet normal 0.659197 0.75197 0
    outer loop
      vertex 124.164 65.9645 4.2
      vertex 124.656 65.5332 2.8
      vertex 124.164 65.9645 2.8
    endloop
  endfacet
  facet normal 0.0654033 0.997859 -0
    outer loop
      vertex 127.7 64.5 2.8
      vertex 127.047 64.5428 4.1
      vertex 127.7 64.5 4.1
    endloop
  endfacet
  facet normal 0.0654033 0.997859 0
    outer loop
      vertex 127.047 64.5428 4.1
      vertex 127.7 64.5 2.8
      vertex 127.047 64.5428 2.8
    endloop
  endfacet
  facet normal -0.0654033 0.997859 0
    outer loop
      vertex 128.353 64.5428 2.8
      vertex 127.7 64.5 4.1
      vertex 128.353 64.5428 4.1
    endloop
  endfacet
  facet normal -0.0654033 0.997859 0
    outer loop
      vertex 127.7 64.5 4.1
      vertex 128.353 64.5428 2.8
      vertex 127.7 64.5 2.8
    endloop
  endfacet
  facet normal -0.891655 -0.452716 0
    outer loop
      vertex 110.936 69.9017 2.8
      vertex 110.752 70.2641 6.6
      vertex 110.752 70.2641 2.8
    endloop
  endfacet
  facet normal -0.891655 -0.452716 0
    outer loop
      vertex 110.752 70.2641 6.6
      vertex 110.936 69.9017 2.8
      vertex 110.936 69.9017 6.6
    endloop
  endfacet
  facet normal -0.987545 -0.157338 0
    outer loop
      vertex 111 69.5 2.8
      vertex 110.936 69.9017 6.6
      vertex 110.936 69.9017 2.8
    endloop
  endfacet
  facet normal -0.987545 -0.157338 0
    outer loop
      vertex 110.936 69.9017 6.6
      vertex 111 69.5 2.8
      vertex 111 69.5 6.6
    endloop
  endfacet
  facet normal 0.156265 0.987715 -0
    outer loop
      vertex 109.7 68.2 2.8
      vertex 109.298 68.2636 6.6
      vertex 109.7 68.2 6.6
    endloop
  endfacet
  facet normal 0.156265 0.987715 0
    outer loop
      vertex 109.298 68.2636 6.6
      vertex 109.7 68.2 2.8
      vertex 109.298 68.2636 2.8
    endloop
  endfacet
  facet normal -0.454482 0.890756 0
    outer loop
      vertex 110.464 68.4483 2.8
      vertex 110.102 68.2636 6.6
      vertex 110.464 68.4483 6.6
    endloop
  endfacet
  facet normal -0.454482 0.890756 0
    outer loop
      vertex 110.102 68.2636 6.6
      vertex 110.464 68.4483 2.8
      vertex 110.102 68.2636 2.8
    endloop
  endfacet
  facet normal -0.706615 0.707598 0
    outer loop
      vertex 110.752 68.7359 2.8
      vertex 110.464 68.4483 6.6
      vertex 110.752 68.7359 6.6
    endloop
  endfacet
  facet normal -0.706615 0.707598 0
    outer loop
      vertex 110.464 68.4483 6.6
      vertex 110.752 68.7359 2.8
      vertex 110.464 68.4483 2.8
    endloop
  endfacet
  facet normal -0.706615 -0.707598 0
    outer loop
      vertex 110.464 70.5517 2.8
      vertex 110.752 70.2641 6.6
      vertex 110.464 70.5517 6.6
    endloop
  endfacet
  facet normal -0.706615 -0.707598 -0
    outer loop
      vertex 110.752 70.2641 6.6
      vertex 110.464 70.5517 2.8
      vertex 110.752 70.2641 2.8
    endloop
  endfacet
  facet normal -0.454482 -0.890756 0
    outer loop
      vertex 110.102 70.7364 2.8
      vertex 110.464 70.5517 6.6
      vertex 110.102 70.7364 6.6
    endloop
  endfacet
  facet normal -0.454482 -0.890756 -0
    outer loop
      vertex 110.464 70.5517 6.6
      vertex 110.102 70.7364 2.8
      vertex 110.464 70.5517 2.8
    endloop
  endfacet
  facet normal 0.891655 -0.452716 0
    outer loop
      vertex 108.464 69.9017 6.6
      vertex 108.648 70.2641 2.8
      vertex 108.648 70.2641 6.6
    endloop
  endfacet
  facet normal 0.891655 -0.452716 0
    outer loop
      vertex 108.648 70.2641 2.8
      vertex 108.464 69.9017 6.6
      vertex 108.464 69.9017 2.8
    endloop
  endfacet
  facet normal 0.156265 -0.987715 0
    outer loop
      vertex 109.298 70.7364 2.8
      vertex 109.7 70.8 6.6
      vertex 109.298 70.7364 6.6
    endloop
  endfacet
  facet normal 0.156265 -0.987715 0
    outer loop
      vertex 109.7 70.8 6.6
      vertex 109.298 70.7364 2.8
      vertex 109.7 70.8 2.8
    endloop
  endfacet
  facet normal 0.454482 -0.890756 0
    outer loop
      vertex 108.936 70.5517 2.8
      vertex 109.298 70.7364 6.6
      vertex 108.936 70.5517 6.6
    endloop
  endfacet
  facet normal 0.454482 -0.890756 0
    outer loop
      vertex 109.298 70.7364 6.6
      vertex 108.936 70.5517 2.8
      vertex 109.298 70.7364 2.8
    endloop
  endfacet
  facet normal 0.454482 0.890756 -0
    outer loop
      vertex 109.298 68.2636 2.8
      vertex 108.936 68.4483 6.6
      vertex 109.298 68.2636 6.6
    endloop
  endfacet
  facet normal 0.454482 0.890756 0
    outer loop
      vertex 108.936 68.4483 6.6
      vertex 109.298 68.2636 2.8
      vertex 108.936 68.4483 2.8
    endloop
  endfacet
  facet normal -0.891655 0.452716 0
    outer loop
      vertex 110.752 68.7359 2.8
      vertex 110.936 69.0983 6.6
      vertex 110.936 69.0983 2.8
    endloop
  endfacet
  facet normal -0.891655 0.452716 0
    outer loop
      vertex 110.936 69.0983 6.6
      vertex 110.752 68.7359 2.8
      vertex 110.752 68.7359 6.6
    endloop
  endfacet
  facet normal 0.987545 0.157338 0
    outer loop
      vertex 108.464 69.0983 6.6
      vertex 108.4 69.5 2.8
      vertex 108.4 69.5 6.6
    endloop
  endfacet
  facet normal 0.987545 0.157338 0
    outer loop
      vertex 108.4 69.5 2.8
      vertex 108.464 69.0983 6.6
      vertex 108.464 69.0983 2.8
    endloop
  endfacet
  facet normal -0.987545 0.157338 0
    outer loop
      vertex 110.936 69.0983 2.8
      vertex 111 69.5 6.6
      vertex 111 69.5 2.8
    endloop
  endfacet
  facet normal -0.987545 0.157338 0
    outer loop
      vertex 111 69.5 6.6
      vertex 110.936 69.0983 2.8
      vertex 110.936 69.0983 6.6
    endloop
  endfacet
  facet normal 0.891655 0.452716 0
    outer loop
      vertex 108.648 68.7359 6.6
      vertex 108.464 69.0983 2.8
      vertex 108.464 69.0983 6.6
    endloop
  endfacet
  facet normal 0.891655 0.452716 0
    outer loop
      vertex 108.464 69.0983 2.8
      vertex 108.648 68.7359 6.6
      vertex 108.648 68.7359 2.8
    endloop
  endfacet
  facet normal -0.156265 -0.987715 0
    outer loop
      vertex 109.7 70.8 2.8
      vertex 110.102 70.7364 6.6
      vertex 109.7 70.8 6.6
    endloop
  endfacet
  facet normal -0.156265 -0.987715 -0
    outer loop
      vertex 110.102 70.7364 6.6
      vertex 109.7 70.8 2.8
      vertex 110.102 70.7364 2.8
    endloop
  endfacet
  facet normal -0.156265 0.987715 0
    outer loop
      vertex 110.102 68.2636 2.8
      vertex 109.7 68.2 6.6
      vertex 110.102 68.2636 6.6
    endloop
  endfacet
  facet normal -0.156265 0.987715 0
    outer loop
      vertex 109.7 68.2 6.6
      vertex 110.102 68.2636 2.8
      vertex 109.7 68.2 2.8
    endloop
  endfacet
  facet normal 0.987545 -0.157338 0
    outer loop
      vertex 108.4 69.5 6.6
      vertex 108.464 69.9017 2.8
      vertex 108.464 69.9017 6.6
    endloop
  endfacet
  facet normal 0.987545 -0.157338 0
    outer loop
      vertex 108.464 69.9017 2.8
      vertex 108.4 69.5 6.6
      vertex 108.4 69.5 2.8
    endloop
  endfacet
  facet normal 0.706615 0.707598 -0
    outer loop
      vertex 108.936 68.4483 2.8
      vertex 108.648 68.7359 6.6
      vertex 108.936 68.4483 6.6
    endloop
  endfacet
  facet normal 0.706615 0.707598 0
    outer loop
      vertex 108.648 68.7359 6.6
      vertex 108.936 68.4483 2.8
      vertex 108.648 68.7359 2.8
    endloop
  endfacet
  facet normal 0.706615 -0.707598 0
    outer loop
      vertex 108.648 70.2641 2.8
      vertex 108.936 70.5517 6.6
      vertex 108.648 70.2641 6.6
    endloop
  endfacet
  facet normal 0.706615 -0.707598 0
    outer loop
      vertex 108.936 70.5517 6.6
      vertex 108.648 70.2641 2.8
      vertex 108.936 70.5517 2.8
    endloop
  endfacet
  facet normal -0.891655 -0.452716 0
    outer loop
      vertex 146.936 69.9017 2.8
      vertex 146.752 70.2641 6.6
      vertex 146.752 70.2641 2.8
    endloop
  endfacet
  facet normal -0.891655 -0.452716 0
    outer loop
      vertex 146.752 70.2641 6.6
      vertex 146.936 69.9017 2.8
      vertex 146.936 69.9017 6.6
    endloop
  endfacet
  facet normal -0.987545 -0.157338 0
    outer loop
      vertex 147 69.5 2.8
      vertex 146.936 69.9017 6.6
      vertex 146.936 69.9017 2.8
    endloop
  endfacet
  facet normal -0.987545 -0.157338 0
    outer loop
      vertex 146.936 69.9017 6.6
      vertex 147 69.5 2.8
      vertex 147 69.5 6.6
    endloop
  endfacet
  facet normal 0.156265 0.987715 -0
    outer loop
      vertex 145.7 68.2 2.8
      vertex 145.298 68.2636 6.6
      vertex 145.7 68.2 6.6
    endloop
  endfacet
  facet normal 0.156265 0.987715 0
    outer loop
      vertex 145.298 68.2636 6.6
      vertex 145.7 68.2 2.8
      vertex 145.298 68.2636 2.8
    endloop
  endfacet
  facet normal -0.454482 0.890756 0
    outer loop
      vertex 146.464 68.4483 2.8
      vertex 146.102 68.2636 6.6
      vertex 146.464 68.4483 6.6
    endloop
  endfacet
  facet normal -0.454482 0.890756 0
    outer loop
      vertex 146.102 68.2636 6.6
      vertex 146.464 68.4483 2.8
      vertex 146.102 68.2636 2.8
    endloop
  endfacet
  facet normal -0.706615 0.707598 0
    outer loop
      vertex 146.464 68.4483 2.8
      vertex 146.752 68.7359 6.6
      vertex 146.752 68.7359 2.8
    endloop
  endfacet
  facet normal -0.706615 0.707598 0
    outer loop
      vertex 146.752 68.7359 6.6
      vertex 146.464 68.4483 2.8
      vertex 146.464 68.4483 6.6
    endloop
  endfacet
  facet normal -0.454482 -0.890756 0
    outer loop
      vertex 146.102 70.7364 2.8
      vertex 146.464 70.5517 6.6
      vertex 146.102 70.7364 6.6
    endloop
  endfacet
  facet normal -0.454482 -0.890756 -0
    outer loop
      vertex 146.464 70.5517 6.6
      vertex 146.102 70.7364 2.8
      vertex 146.464 70.5517 2.8
    endloop
  endfacet
  facet normal 0.891655 -0.452716 0
    outer loop
      vertex 144.464 69.9017 6.6
      vertex 144.648 70.2641 2.8
      vertex 144.648 70.2641 6.6
    endloop
  endfacet
  facet normal 0.891655 -0.452716 0
    outer loop
      vertex 144.648 70.2641 2.8
      vertex 144.464 69.9017 6.6
      vertex 144.464 69.9017 2.8
    endloop
  endfacet
  facet normal 0.156265 -0.987715 0
    outer loop
      vertex 145.298 70.7364 2.8
      vertex 145.7 70.8 6.6
      vertex 145.298 70.7364 6.6
    endloop
  endfacet
  facet normal 0.156265 -0.987715 0
    outer loop
      vertex 145.7 70.8 6.6
      vertex 145.298 70.7364 2.8
      vertex 145.7 70.8 2.8
    endloop
  endfacet
  facet normal 0.454482 -0.890756 0
    outer loop
      vertex 144.936 70.5517 2.8
      vertex 145.298 70.7364 6.6
      vertex 144.936 70.5517 6.6
    endloop
  endfacet
  facet normal 0.454482 -0.890756 0
    outer loop
      vertex 145.298 70.7364 6.6
      vertex 144.936 70.5517 2.8
      vertex 145.298 70.7364 2.8
    endloop
  endfacet
  facet normal 0.454482 0.890756 -0
    outer loop
      vertex 145.298 68.2636 2.8
      vertex 144.936 68.4483 6.6
      vertex 145.298 68.2636 6.6
    endloop
  endfacet
  facet normal 0.454482 0.890756 0
    outer loop
      vertex 144.936 68.4483 6.6
      vertex 145.298 68.2636 2.8
      vertex 144.936 68.4483 2.8
    endloop
  endfacet
  facet normal -0.891655 0.452716 0
    outer loop
      vertex 146.752 68.7359 2.8
      vertex 146.936 69.0983 6.6
      vertex 146.936 69.0983 2.8
    endloop
  endfacet
  facet normal -0.891655 0.452716 0
    outer loop
      vertex 146.936 69.0983 6.6
      vertex 146.752 68.7359 2.8
      vertex 146.752 68.7359 6.6
    endloop
  endfacet
  facet normal 0.987545 0.157338 0
    outer loop
      vertex 144.464 69.0983 6.6
      vertex 144.4 69.5 2.8
      vertex 144.4 69.5 6.6
    endloop
  endfacet
  facet normal 0.987545 0.157338 0
    outer loop
      vertex 144.4 69.5 2.8
      vertex 144.464 69.0983 6.6
      vertex 144.464 69.0983 2.8
    endloop
  endfacet
  facet normal -0.987545 0.157338 0
    outer loop
      vertex 146.936 69.0983 2.8
      vertex 147 69.5 6.6
      vertex 147 69.5 2.8
    endloop
  endfacet
  facet normal -0.987545 0.157338 0
    outer loop
      vertex 147 69.5 6.6
      vertex 146.936 69.0983 2.8
      vertex 146.936 69.0983 6.6
    endloop
  endfacet
  facet normal 0.891655 0.452716 0
    outer loop
      vertex 144.648 68.7359 6.6
      vertex 144.464 69.0983 2.8
      vertex 144.464 69.0983 6.6
    endloop
  endfacet
  facet normal 0.891655 0.452716 0
    outer loop
      vertex 144.464 69.0983 2.8
      vertex 144.648 68.7359 6.6
      vertex 144.648 68.7359 2.8
    endloop
  endfacet
  facet normal -0.156265 -0.987715 0
    outer loop
      vertex 145.7 70.8 2.8
      vertex 146.102 70.7364 6.6
      vertex 145.7 70.8 6.6
    endloop
  endfacet
  facet normal -0.156265 -0.987715 -0
    outer loop
      vertex 146.102 70.7364 6.6
      vertex 145.7 70.8 2.8
      vertex 146.102 70.7364 2.8
    endloop
  endfacet
  facet normal -0.156265 0.987715 0
    outer loop
      vertex 146.102 68.2636 2.8
      vertex 145.7 68.2 6.6
      vertex 146.102 68.2636 6.6
    endloop
  endfacet
  facet normal -0.156265 0.987715 0
    outer loop
      vertex 145.7 68.2 6.6
      vertex 146.102 68.2636 2.8
      vertex 145.7 68.2 2.8
    endloop
  endfacet
  facet normal 0.987545 -0.157338 0
    outer loop
      vertex 144.4 69.5 6.6
      vertex 144.464 69.9017 2.8
      vertex 144.464 69.9017 6.6
    endloop
  endfacet
  facet normal 0.987545 -0.157338 0
    outer loop
      vertex 144.464 69.9017 2.8
      vertex 144.4 69.5 6.6
      vertex 144.4 69.5 2.8
    endloop
  endfacet
  facet normal 0.706615 0.707598 0
    outer loop
      vertex 144.936 68.4483 6.6
      vertex 144.648 68.7359 2.8
      vertex 144.648 68.7359 6.6
    endloop
  endfacet
  facet normal 0.706615 0.707598 0
    outer loop
      vertex 144.648 68.7359 2.8
      vertex 144.936 68.4483 6.6
      vertex 144.936 68.4483 2.8
    endloop
  endfacet
  facet normal 0.706615 -0.707598 0
    outer loop
      vertex 144.648 70.2641 6.6
      vertex 144.936 70.5517 2.8
      vertex 144.936 70.5517 6.6
    endloop
  endfacet
  facet normal 0.706615 -0.707598 0
    outer loop
      vertex 144.936 70.5517 2.8
      vertex 144.648 70.2641 6.6
      vertex 144.648 70.2641 2.8
    endloop
  endfacet
  facet normal -0.706615 -0.707598 0
    outer loop
      vertex 146.752 70.2641 2.8
      vertex 146.464 70.5517 6.6
      vertex 146.464 70.5517 2.8
    endloop
  endfacet
  facet normal -0.706615 -0.707598 0
    outer loop
      vertex 146.464 70.5517 6.6
      vertex 146.752 70.2641 2.8
      vertex 146.752 70.2641 6.6
    endloop
  endfacet
  facet normal -1 0 0
    outer loop
      vertex 130.7 73.496 4.1
      vertex 130.7 75.5 4.2
      vertex 130.7 75.5 4.1
    endloop
  endfacet
  facet normal -1 -0 0
    outer loop
      vertex 130.7 75.5 4.2
      vertex 130.7 73.496 4.1
      vertex 130.7 73.496 4.2
    endloop
  endfacet
  facet normal -1 0 0
    outer loop
      vertex 130.7 65.504 4.1
      vertex 130.7 57.9986 4.2
      vertex 130.7 65.504 4.2
    endloop
  endfacet
  facet normal -1 0 0
    outer loop
      vertex 130.7 57.9986 4.2
      vertex 130.7 22 4.3
      vertex 130.7 57.9986 6.6
    endloop
  endfacet
  facet normal -1 0 0
    outer loop
      vertex 130.7 16 4.1
      vertex 130.7 57.9986 4.2
      vertex 130.7 65.504 4.1
    endloop
  endfacet
  facet normal -1 -0 0
    outer loop
      vertex 130.7 57.9986 4.2
      vertex 130.7 16 4.1
      vertex 130.7 22 4.3
    endloop
  endfacet
  facet normal -1 -0 0
    outer loop
      vertex 130.7 22 4.3
      vertex 130.7 16 4.1
      vertex 130.7 16 4.3
    endloop
  endfacet
  facet normal -1 -0 0
    outer loop
      vertex 130.7 57.9986 6.6
      vertex 130.7 22 4.3
      vertex 130.7 22 6.6
    endloop
  endfacet
  facet normal 0 0 1
    outer loop
      vertex 130.7 75.5 4.1
      vertex 130.2 73.8301 4.1
      vertex 130.7 73.496 4.1
    endloop
  endfacet
  facet normal 0 0 1
    outer loop
      vertex 130.7 75.5 4.1
      vertex 129.613 74.1194 4.1
      vertex 130.2 73.8301 4.1
    endloop
  endfacet
  facet normal 0 0 1
    outer loop
      vertex 130.7 75.5 4.1
      vertex 128.994 74.3296 4.1
      vertex 129.613 74.1194 4.1
    endloop
  endfacet
  facet normal 0 0 1
    outer loop
      vertex 130.7 75.5 4.1
      vertex 128.353 74.4572 4.1
      vertex 128.994 74.3296 4.1
    endloop
  endfacet
  facet normal 0 0 1
    outer loop
      vertex 130.7 75.5 4.1
      vertex 127.7 74.5 4.1
      vertex 128.353 74.4572 4.1
    endloop
  endfacet
  facet normal -0 0 1
    outer loop
      vertex 124.7 75.5 4.1
      vertex 127.7 74.5 4.1
      vertex 130.7 75.5 4.1
    endloop
  endfacet
  facet normal 0 0 1
    outer loop
      vertex 127.7 74.5 4.1
      vertex 124.7 75.5 4.1
      vertex 127.047 74.4572 4.1
    endloop
  endfacet
  facet normal 0 0 1
    outer loop
      vertex 127.047 74.4572 4.1
      vertex 124.7 75.5 4.1
      vertex 126.406 74.3296 4.1
    endloop
  endfacet
  facet normal 0 0 1
    outer loop
      vertex 124.7 75.5 4.1
      vertex 125.787 74.1194 4.1
      vertex 126.406 74.3296 4.1
    endloop
  endfacet
  facet normal 0 0 1
    outer loop
      vertex 124.7 75.5 4.1
      vertex 125.2 73.8301 4.1
      vertex 125.787 74.1194 4.1
    endloop
  endfacet
  facet normal 0 0 1
    outer loop
      vertex 125.2 73.8301 4.1
      vertex 124.7 75.5 4.1
      vertex 124.7 73.496 4.1
    endloop
  endfacet
  facet normal -0 0 1
    outer loop
      vertex 130.2 65.1699 4.1
      vertex 130.7 16 4.1
      vertex 130.7 65.504 4.1
    endloop
  endfacet
  facet normal -0 0 1
    outer loop
      vertex 129.613 64.8806 4.1
      vertex 130.7 16 4.1
      vertex 130.2 65.1699 4.1
    endloop
  endfacet
  facet normal -0 0 1
    outer loop
      vertex 128.994 64.6704 4.1
      vertex 130.7 16 4.1
      vertex 129.613 64.8806 4.1
    endloop
  endfacet
  facet normal -0 0 1
    outer loop
      vertex 128.353 64.5428 4.1
      vertex 130.7 16 4.1
      vertex 128.994 64.6704 4.1
    endloop
  endfacet
  facet normal -0 0 1
    outer loop
      vertex 127.7 64.5 4.1
      vertex 130.7 16 4.1
      vertex 128.353 64.5428 4.1
    endloop
  endfacet
  facet normal 0 0 1
    outer loop
      vertex 124.7 16 4.1
      vertex 127.7 64.5 4.1
      vertex 127.047 64.5428 4.1
    endloop
  endfacet
  facet normal 0 0 1
    outer loop
      vertex 124.7 16 4.1
      vertex 127.047 64.5428 4.1
      vertex 126.406 64.6704 4.1
    endloop
  endfacet
  facet normal 0 0 1
    outer loop
      vertex 124.7 16 4.1
      vertex 126.406 64.6704 4.1
      vertex 125.787 64.8806 4.1
    endloop
  endfacet
  facet normal 0 0 1
    outer loop
      vertex 124.7 16 4.1
      vertex 125.787 64.8806 4.1
      vertex 125.2 65.1699 4.1
    endloop
  endfacet
  facet normal 0 0 1
    outer loop
      vertex 124.7 16 4.1
      vertex 125.2 65.1699 4.1
      vertex 124.7 65.504 4.1
    endloop
  endfacet
  facet normal 0 0 1
    outer loop
      vertex 127.7 64.5 4.1
      vertex 124.7 16 4.1
      vertex 130.7 16 4.1
    endloop
  endfacet
  facet normal 1 0 0
    outer loop
      vertex 124.7 57.9986 6.6
      vertex 124.7 22 6.6
      vertex 124.7 57.9986 4.2
    endloop
  endfacet
  facet normal 1 -0 0
    outer loop
      vertex 124.7 57.9986 4.2
      vertex 124.7 65.504 4.1
      vertex 124.7 65.504 4.2
    endloop
  endfacet
  facet normal 1 -0 0
    outer loop
      vertex 124.7 22 4.3
      vertex 124.7 57.9986 4.2
      vertex 124.7 22 6.6
    endloop
  endfacet
  facet normal 1 0 0
    outer loop
      vertex 124.7 16 4.1
      vertex 124.7 57.9986 4.2
      vertex 124.7 22 4.3
    endloop
  endfacet
  facet normal 1 0 0
    outer loop
      vertex 124.7 16 4.1
      vertex 124.7 22 4.3
      vertex 124.7 16 4.3
    endloop
  endfacet
  facet normal 1 0 0
    outer loop
      vertex 124.7 57.9986 4.2
      vertex 124.7 16 4.1
      vertex 124.7 65.504 4.1
    endloop
  endfacet
  facet normal 1 -0 0
    outer loop
      vertex 124.7 73.496 4.2
      vertex 124.7 75.5 4.1
      vertex 124.7 75.5 4.2
    endloop
  endfacet
  facet normal 1 0 0
    outer loop
      vertex 124.7 75.5 4.1
      vertex 124.7 73.496 4.2
      vertex 124.7 73.496 4.1
    endloop
  endfacet
  facet normal 0 -1 0
    outer loop
      vertex 124.7 75.5 4.1
      vertex 130.7 75.5 4.2
      vertex 124.7 75.5 4.2
    endloop
  endfacet
  facet normal 0 -1 -0
    outer loop
      vertex 130.7 75.5 4.2
      vertex 124.7 75.5 4.1
      vertex 130.7 75.5 4.1
    endloop
  endfacet
  facet normal 0 -1 0
    outer loop
      vertex 172.926 38.9 6.8
      vertex 176.274 38.9 9.6
      vertex 172.926 38.9 9.6
    endloop
  endfacet
  facet normal 0 -1 -0
    outer loop
      vertex 176.274 38.9 9.6
      vertex 172.926 38.9 6.8
      vertex 176.274 38.9 6.8
    endloop
  endfacet
  facet normal -0.865937 -0.500153 0
    outer loop
      vertex 177.949 36 6.8
      vertex 176.274 38.9 9.6
      vertex 176.274 38.9 6.8
    endloop
  endfacet
  facet normal -0.865937 -0.500153 0
    outer loop
      vertex 176.274 38.9 9.6
      vertex 177.949 36 6.8
      vertex 177.949 36 9.6
    endloop
  endfacet
  facet normal 0.865937 -0.500153 0
    outer loop
      vertex 171.251 36 9.6
      vertex 172.926 38.9 6.8
      vertex 172.926 38.9 9.6
    endloop
  endfacet
  facet normal 0.865937 -0.500153 0
    outer loop
      vertex 172.926 38.9 6.8
      vertex 171.251 36 9.6
      vertex 171.251 36 6.8
    endloop
  endfacet
  facet normal 0.865937 0.500153 0
    outer loop
      vertex 172.926 33.1 9.6
      vertex 171.251 36 6.8
      vertex 171.251 36 9.6
    endloop
  endfacet
  facet normal 0.865937 0.500153 0
    outer loop
      vertex 171.251 36 6.8
      vertex 172.926 33.1 9.6
      vertex 172.926 33.1 6.8
    endloop
  endfacet
  facet normal -0.865937 0.500153 0
    outer loop
      vertex 176.274 33.1 6.8
      vertex 177.949 36 9.6
      vertex 177.949 36 6.8
    endloop
  endfacet
  facet normal -0.865937 0.500153 0
    outer loop
      vertex 177.949 36 9.6
      vertex 176.274 33.1 6.8
      vertex 176.274 33.1 9.6
    endloop
  endfacet
  facet normal -0 0 1
    outer loop
      vertex 176.014 36.9445 6.8
      vertex 177.949 36 6.8
      vertex 176.274 38.9 6.8
    endloop
  endfacet
  facet normal 0 0 1
    outer loop
      vertex 177.949 36 6.8
      vertex 176.267 36.3317 6.8
      vertex 176.3 36 6.8
    endloop
  endfacet
  facet normal 0 0 1
    outer loop
      vertex 177.949 36 6.8
      vertex 176.171 36.6506 6.8
      vertex 176.267 36.3317 6.8
    endloop
  endfacet
  facet normal 0 0 1
    outer loop
      vertex 177.949 36 6.8
      vertex 176.014 36.9445 6.8
      vertex 176.171 36.6506 6.8
    endloop
  endfacet
  facet normal 0 0 1
    outer loop
      vertex 176.274 38.9 6.8
      vertex 175.802 37.2021 6.8
      vertex 176.014 36.9445 6.8
    endloop
  endfacet
  facet normal 0 0 1
    outer loop
      vertex 176.274 38.9 6.8
      vertex 175.544 37.4135 6.8
      vertex 175.802 37.2021 6.8
    endloop
  endfacet
  facet normal 0 0 1
    outer loop
      vertex 176.274 38.9 6.8
      vertex 175.251 37.5706 6.8
      vertex 175.544 37.4135 6.8
    endloop
  endfacet
  facet normal 0 0 1
    outer loop
      vertex 176.274 38.9 6.8
      vertex 174.932 37.6673 6.8
      vertex 175.251 37.5706 6.8
    endloop
  endfacet
  facet normal 0 0 1
    outer loop
      vertex 176.274 38.9 6.8
      vertex 174.6 37.7 6.8
      vertex 174.932 37.6673 6.8
    endloop
  endfacet
  facet normal -0 0 1
    outer loop
      vertex 172.926 38.9 6.8
      vertex 174.6 37.7 6.8
      vertex 176.274 38.9 6.8
    endloop
  endfacet
  facet normal 0 0 1
    outer loop
      vertex 174.6 37.7 6.8
      vertex 172.926 38.9 6.8
      vertex 174.268 37.6673 6.8
    endloop
  endfacet
  facet normal 0 0 1
    outer loop
      vertex 174.268 37.6673 6.8
      vertex 172.926 38.9 6.8
      vertex 173.949 37.5706 6.8
    endloop
  endfacet
  facet normal 0 0 1
    outer loop
      vertex 173.949 37.5706 6.8
      vertex 172.926 38.9 6.8
      vertex 173.656 37.4135 6.8
    endloop
  endfacet
  facet normal 0 0 1
    outer loop
      vertex 172.926 38.9 6.8
      vertex 173.398 37.2021 6.8
      vertex 173.656 37.4135 6.8
    endloop
  endfacet
  facet normal 0 0 1
    outer loop
      vertex 172.926 38.9 6.8
      vertex 173.187 36.9445 6.8
      vertex 173.398 37.2021 6.8
    endloop
  endfacet
  facet normal 0 0 1
    outer loop
      vertex 171.251 36 6.8
      vertex 173.187 36.9445 6.8
      vertex 172.926 38.9 6.8
    endloop
  endfacet
  facet normal 0 0 1
    outer loop
      vertex 173.187 36.9445 6.8
      vertex 171.251 36 6.8
      vertex 173.029 36.6506 6.8
    endloop
  endfacet
  facet normal 0 0 1
    outer loop
      vertex 173.029 36.6506 6.8
      vertex 171.251 36 6.8
      vertex 172.933 36.3317 6.8
    endloop
  endfacet
  facet normal 0 0 1
    outer loop
      vertex 172.933 36.3317 6.8
      vertex 171.251 36 6.8
      vertex 172.9 36 6.8
    endloop
  endfacet
  facet normal 0 0 1
    outer loop
      vertex 176.267 35.6683 6.8
      vertex 177.949 36 6.8
      vertex 176.3 36 6.8
    endloop
  endfacet
  facet normal 0 0 1
    outer loop
      vertex 176.171 35.3494 6.8
      vertex 177.949 36 6.8
      vertex 176.267 35.6683 6.8
    endloop
  endfacet
  facet normal 0 0 1
    outer loop
      vertex 176.014 35.0555 6.8
      vertex 177.949 36 6.8
      vertex 176.171 35.3494 6.8
    endloop
  endfacet
  facet normal 0 0 1
    outer loop
      vertex 177.949 36 6.8
      vertex 176.014 35.0555 6.8
      vertex 176.274 33.1 6.8
    endloop
  endfacet
  facet normal -0 0 1
    outer loop
      vertex 175.802 34.7979 6.8
      vertex 176.274 33.1 6.8
      vertex 176.014 35.0555 6.8
    endloop
  endfacet
  facet normal -0 0 1
    outer loop
      vertex 175.544 34.5865 6.8
      vertex 176.274 33.1 6.8
      vertex 175.802 34.7979 6.8
    endloop
  endfacet
  facet normal -0 0 1
    outer loop
      vertex 175.251 34.4294 6.8
      vertex 176.274 33.1 6.8
      vertex 175.544 34.5865 6.8
    endloop
  endfacet
  facet normal -0 0 1
    outer loop
      vertex 174.932 34.3327 6.8
      vertex 176.274 33.1 6.8
      vertex 175.251 34.4294 6.8
    endloop
  endfacet
  facet normal -0 0 1
    outer loop
      vertex 174.6 34.3 6.8
      vertex 176.274 33.1 6.8
      vertex 174.932 34.3327 6.8
    endloop
  endfacet
  facet normal 0 0 1
    outer loop
      vertex 172.926 33.1 6.8
      vertex 174.6 34.3 6.8
      vertex 174.268 34.3327 6.8
    endloop
  endfacet
  facet normal 0 0 1
    outer loop
      vertex 172.926 33.1 6.8
      vertex 174.268 34.3327 6.8
      vertex 173.949 34.4294 6.8
    endloop
  endfacet
  facet normal 0 0 1
    outer loop
      vertex 172.926 33.1 6.8
      vertex 173.949 34.4294 6.8
      vertex 173.656 34.5865 6.8
    endloop
  endfacet
  facet normal 0 0 1
    outer loop
      vertex 174.6 34.3 6.8
      vertex 172.926 33.1 6.8
      vertex 176.274 33.1 6.8
    endloop
  endfacet
  facet normal 0 0 1
    outer loop
      vertex 173.398 34.7979 6.8
      vertex 172.926 33.1 6.8
      vertex 173.656 34.5865 6.8
    endloop
  endfacet
  facet normal 0 0 1
    outer loop
      vertex 173.187 35.0555 6.8
      vertex 172.926 33.1 6.8
      vertex 173.398 34.7979 6.8
    endloop
  endfacet
  facet normal 0 0 1
    outer loop
      vertex 171.251 36 6.8
      vertex 173.187 35.0555 6.8
      vertex 173.029 35.3494 6.8
    endloop
  endfacet
  facet normal 0 0 1
    outer loop
      vertex 171.251 36 6.8
      vertex 173.029 35.3494 6.8
      vertex 172.933 35.6683 6.8
    endloop
  endfacet
  facet normal -0 0 1
    outer loop
      vertex 171.251 36 6.8
      vertex 172.933 35.6683 6.8
      vertex 172.9 36 6.8
    endloop
  endfacet
  facet normal 0 0 1
    outer loop
      vertex 173.187 35.0555 6.8
      vertex 171.251 36 6.8
      vertex 172.926 33.1 6.8
    endloop
  endfacet
  facet normal 0 1 -0
    outer loop
      vertex 176.274 33.1 6.8
      vertex 172.926 33.1 9.6
      vertex 176.274 33.1 9.6
    endloop
  endfacet
  facet normal 0 1 0
    outer loop
      vertex 172.926 33.1 9.6
      vertex 176.274 33.1 6.8
      vertex 172.926 33.1 6.8
    endloop
  endfacet
  facet normal -0.0980197 0.995184 0
    outer loop
      vertex 174.932 34.3327 2.4
      vertex 174.6 34.3 6.8
      vertex 174.932 34.3327 6.8
    endloop
  endfacet
  facet normal -0.0980197 0.995184 0
    outer loop
      vertex 174.6 34.3 6.8
      vertex 174.932 34.3327 2.4
      vertex 174.6 34.3 2.4
    endloop
  endfacet
  facet normal -0.957553 -0.288257 0
    outer loop
      vertex 176.267 36.3317 2.4
      vertex 176.171 36.6506 6.8
      vertex 176.171 36.6506 2.4
    endloop
  endfacet
  facet normal -0.957553 -0.288257 0
    outer loop
      vertex 176.171 36.6506 6.8
      vertex 176.267 36.3317 2.4
      vertex 176.267 36.3317 6.8
    endloop
  endfacet
  facet normal -0.995088 -0.0989988 0
    outer loop
      vertex 176.3 36 2.4
      vertex 176.267 36.3317 6.8
      vertex 176.267 36.3317 2.4
    endloop
  endfacet
  facet normal -0.995088 -0.0989988 0
    outer loop
      vertex 176.267 36.3317 6.8
      vertex 176.3 36 2.4
      vertex 176.3 36 6.8
    endloop
  endfacet
  facet normal -0.882037 -0.47118 0
    outer loop
      vertex 176.171 36.6506 2.4
      vertex 176.014 36.9445 6.8
      vertex 176.014 36.9445 2.4
    endloop
  endfacet
  facet normal -0.882037 -0.47118 0
    outer loop
      vertex 176.014 36.9445 6.8
      vertex 176.171 36.6506 2.4
      vertex 176.171 36.6506 6.8
    endloop
  endfacet
  facet normal -0.995088 0.0989988 0
    outer loop
      vertex 176.267 35.6683 2.4
      vertex 176.3 36 6.8
      vertex 176.3 36 2.4
    endloop
  endfacet
  facet normal -0.995088 0.0989988 0
    outer loop
      vertex 176.3 36 6.8
      vertex 176.267 35.6683 2.4
      vertex 176.267 35.6683 6.8
    endloop
  endfacet
  facet normal 0.633793 -0.773503 0
    outer loop
      vertex 173.398 37.2021 2.4
      vertex 173.656 37.4135 6.8
      vertex 173.398 37.2021 6.8
    endloop
  endfacet
  facet normal 0.633793 -0.773503 0
    outer loop
      vertex 173.656 37.4135 6.8
      vertex 173.398 37.2021 2.4
      vertex 173.656 37.4135 2.4
    endloop
  endfacet
  facet normal -0.290099 -0.956997 0
    outer loop
      vertex 174.932 37.6673 2.4
      vertex 175.251 37.5706 6.8
      vertex 174.932 37.6673 6.8
    endloop
  endfacet
  facet normal -0.290099 -0.956997 -0
    outer loop
      vertex 175.251 37.5706 6.8
      vertex 174.932 37.6673 2.4
      vertex 175.251 37.5706 2.4
    endloop
  endfacet
  facet normal -0.633793 -0.773503 0
    outer loop
      vertex 175.544 37.4135 2.4
      vertex 175.802 37.2021 6.8
      vertex 175.544 37.4135 6.8
    endloop
  endfacet
  facet normal -0.633793 -0.773503 -0
    outer loop
      vertex 175.802 37.2021 6.8
      vertex 175.544 37.4135 2.4
      vertex 175.802 37.2021 2.4
    endloop
  endfacet
  facet normal 0.472539 -0.88131 0
    outer loop
      vertex 173.656 37.4135 2.4
      vertex 173.949 37.5706 6.8
      vertex 173.656 37.4135 6.8
    endloop
  endfacet
  facet normal 0.472539 -0.88131 0
    outer loop
      vertex 173.949 37.5706 6.8
      vertex 173.656 37.4135 2.4
      vertex 173.949 37.5706 2.4
    endloop
  endfacet
  facet normal 0.633793 0.773503 -0
    outer loop
      vertex 173.656 34.5865 2.4
      vertex 173.398 34.7979 6.8
      vertex 173.656 34.5865 6.8
    endloop
  endfacet
  facet normal 0.633793 0.773503 0
    outer loop
      vertex 173.398 34.7979 6.8
      vertex 173.656 34.5865 2.4
      vertex 173.398 34.7979 2.4
    endloop
  endfacet
  facet normal -0.633793 0.773503 0
    outer loop
      vertex 175.802 34.7979 2.4
      vertex 175.544 34.5865 6.8
      vertex 175.802 34.7979 6.8
    endloop
  endfacet
  facet normal -0.633793 0.773503 0
    outer loop
      vertex 175.544 34.5865 6.8
      vertex 175.802 34.7979 2.4
      vertex 175.544 34.5865 2.4
    endloop
  endfacet
  facet normal 0.957553 -0.288257 0
    outer loop
      vertex 172.933 36.3317 6.8
      vertex 173.029 36.6506 2.4
      vertex 173.029 36.6506 6.8
    endloop
  endfacet
  facet normal 0.957553 -0.288257 0
    outer loop
      vertex 173.029 36.6506 2.4
      vertex 172.933 36.3317 6.8
      vertex 172.933 36.3317 2.4
    endloop
  endfacet
  facet normal -0.0980197 -0.995184 0
    outer loop
      vertex 174.6 37.7 2.4
      vertex 174.932 37.6673 6.8
      vertex 174.6 37.7 6.8
    endloop
  endfacet
  facet normal -0.0980197 -0.995184 -0
    outer loop
      vertex 174.932 37.6673 6.8
      vertex 174.6 37.7 2.4
      vertex 174.932 37.6673 2.4
    endloop
  endfacet
  facet normal -0.290099 0.956997 0
    outer loop
      vertex 175.251 34.4294 2.4
      vertex 174.932 34.3327 6.8
      vertex 175.251 34.4294 6.8
    endloop
  endfacet
  facet normal -0.290099 0.956997 0
    outer loop
      vertex 174.932 34.3327 6.8
      vertex 175.251 34.4294 2.4
      vertex 174.932 34.3327 2.4
    endloop
  endfacet
  facet normal 0.290099 -0.956997 0
    outer loop
      vertex 173.949 37.5706 2.4
      vertex 174.268 37.6673 6.8
      vertex 173.949 37.5706 6.8
    endloop
  endfacet
  facet normal 0.290099 -0.956997 0
    outer loop
      vertex 174.268 37.6673 6.8
      vertex 173.949 37.5706 2.4
      vertex 174.268 37.6673 2.4
    endloop
  endfacet
  facet normal -0.882037 0.47118 0
    outer loop
      vertex 176.014 35.0555 2.4
      vertex 176.171 35.3494 6.8
      vertex 176.171 35.3494 2.4
    endloop
  endfacet
  facet normal -0.882037 0.47118 0
    outer loop
      vertex 176.171 35.3494 6.8
      vertex 176.014 35.0555 2.4
      vertex 176.014 35.0555 6.8
    endloop
  endfacet
  facet normal 0.773609 -0.633663 0
    outer loop
      vertex 173.187 36.9445 6.8
      vertex 173.398 37.2021 2.4
      vertex 173.398 37.2021 6.8
    endloop
  endfacet
  facet normal 0.773609 -0.633663 0
    outer loop
      vertex 173.398 37.2021 2.4
      vertex 173.187 36.9445 6.8
      vertex 173.187 36.9445 2.4
    endloop
  endfacet
  facet normal -0.957553 0.288257 0
    outer loop
      vertex 176.171 35.3494 2.4
      vertex 176.267 35.6683 6.8
      vertex 176.267 35.6683 2.4
    endloop
  endfacet
  facet normal -0.957553 0.288257 0
    outer loop
      vertex 176.267 35.6683 6.8
      vertex 176.171 35.3494 2.4
      vertex 176.171 35.3494 6.8
    endloop
  endfacet
  facet normal 0.880788 0.47351 0
    outer loop
      vertex 173.187 35.0555 6.8
      vertex 173.029 35.3494 2.4
      vertex 173.029 35.3494 6.8
    endloop
  endfacet
  facet normal 0.880788 0.47351 0
    outer loop
      vertex 173.029 35.3494 2.4
      vertex 173.187 35.0555 6.8
      vertex 173.187 35.0555 2.4
    endloop
  endfacet
  facet normal -0.772138 -0.635455 0
    outer loop
      vertex 176.014 36.9445 2.4
      vertex 175.802 37.2021 6.8
      vertex 175.802 37.2021 2.4
    endloop
  endfacet
  facet normal -0.772138 -0.635455 0
    outer loop
      vertex 175.802 37.2021 6.8
      vertex 176.014 36.9445 2.4
      vertex 176.014 36.9445 6.8
    endloop
  endfacet
  facet normal -0.472539 -0.88131 0
    outer loop
      vertex 175.251 37.5706 2.4
      vertex 175.544 37.4135 6.8
      vertex 175.251 37.5706 6.8
    endloop
  endfacet
  facet normal -0.472539 -0.88131 -0
    outer loop
      vertex 175.544 37.4135 6.8
      vertex 175.251 37.5706 2.4
      vertex 175.544 37.4135 2.4
    endloop
  endfacet
  facet normal -0.472539 0.88131 0
    outer loop
      vertex 175.544 34.5865 2.4
      vertex 175.251 34.4294 6.8
      vertex 175.544 34.5865 6.8
    endloop
  endfacet
  facet normal -0.472539 0.88131 0
    outer loop
      vertex 175.251 34.4294 6.8
      vertex 175.544 34.5865 2.4
      vertex 175.251 34.4294 2.4
    endloop
  endfacet
  facet normal 0.995088 -0.0989988 0
    outer loop
      vertex 172.9 36 6.8
      vertex 172.933 36.3317 2.4
      vertex 172.933 36.3317 6.8
    endloop
  endfacet
  facet normal 0.995088 -0.0989988 0
    outer loop
      vertex 172.933 36.3317 2.4
      vertex 172.9 36 6.8
      vertex 172.9 36 2.4
    endloop
  endfacet
  facet normal 0.0980197 0.995184 -0
    outer loop
      vertex 174.6 34.3 2.4
      vertex 174.268 34.3327 6.8
      vertex 174.6 34.3 6.8
    endloop
  endfacet
  facet normal 0.0980197 0.995184 0
    outer loop
      vertex 174.268 34.3327 6.8
      vertex 174.6 34.3 2.4
      vertex 174.268 34.3327 2.4
    endloop
  endfacet
  facet normal 0.0980197 -0.995184 0
    outer loop
      vertex 174.268 37.6673 2.4
      vertex 174.6 37.7 6.8
      vertex 174.268 37.6673 6.8
    endloop
  endfacet
  facet normal 0.0980197 -0.995184 0
    outer loop
      vertex 174.6 37.7 6.8
      vertex 174.268 37.6673 2.4
      vertex 174.6 37.7 2.4
    endloop
  endfacet
  facet normal 0.880788 -0.47351 0
    outer loop
      vertex 173.029 36.6506 6.8
      vertex 173.187 36.9445 2.4
      vertex 173.187 36.9445 6.8
    endloop
  endfacet
  facet normal 0.880788 -0.47351 0
    outer loop
      vertex 173.187 36.9445 2.4
      vertex 173.029 36.6506 6.8
      vertex 173.029 36.6506 2.4
    endloop
  endfacet
  facet normal 0.957553 0.288257 0
    outer loop
      vertex 173.029 35.3494 6.8
      vertex 172.933 35.6683 2.4
      vertex 172.933 35.6683 6.8
    endloop
  endfacet
  facet normal 0.957553 0.288257 0
    outer loop
      vertex 172.933 35.6683 2.4
      vertex 173.029 35.3494 6.8
      vertex 173.029 35.3494 2.4
    endloop
  endfacet
  facet normal 0.995088 0.0989988 0
    outer loop
      vertex 172.933 35.6683 6.8
      vertex 172.9 36 2.4
      vertex 172.9 36 6.8
    endloop
  endfacet
  facet normal 0.995088 0.0989988 0
    outer loop
      vertex 172.9 36 2.4
      vertex 172.933 35.6683 6.8
      vertex 172.933 35.6683 2.4
    endloop
  endfacet
  facet normal 0.773609 0.633663 0
    outer loop
      vertex 173.398 34.7979 6.8
      vertex 173.187 35.0555 2.4
      vertex 173.187 35.0555 6.8
    endloop
  endfacet
  facet normal 0.773609 0.633663 0
    outer loop
      vertex 173.187 35.0555 2.4
      vertex 173.398 34.7979 6.8
      vertex 173.398 34.7979 2.4
    endloop
  endfacet
  facet normal 0.472539 0.88131 -0
    outer loop
      vertex 173.949 34.4294 2.4
      vertex 173.656 34.5865 6.8
      vertex 173.949 34.4294 6.8
    endloop
  endfacet
  facet normal 0.472539 0.88131 0
    outer loop
      vertex 173.656 34.5865 6.8
      vertex 173.949 34.4294 2.4
      vertex 173.656 34.5865 2.4
    endloop
  endfacet
  facet normal -0.772138 0.635455 0
    outer loop
      vertex 175.802 34.7979 2.4
      vertex 176.014 35.0555 6.8
      vertex 176.014 35.0555 2.4
    endloop
  endfacet
  facet normal -0.772138 0.635455 0
    outer loop
      vertex 176.014 35.0555 6.8
      vertex 175.802 34.7979 2.4
      vertex 175.802 34.7979 6.8
    endloop
  endfacet
  facet normal 0.290099 0.956997 -0
    outer loop
      vertex 174.268 34.3327 2.4
      vertex 173.949 34.4294 6.8
      vertex 174.268 34.3327 6.8
    endloop
  endfacet
  facet normal 0.290099 0.956997 0
    outer loop
      vertex 173.949 34.4294 6.8
      vertex 174.268 34.3327 2.4
      vertex 173.949 34.4294 2.4
    endloop
  endfacet
  facet normal 0 -1 0
    outer loop
      vertex 172.926 98.9 6.8
      vertex 176.274 98.9 9.6
      vertex 172.926 98.9 9.6
    endloop
  endfacet
  facet normal 0 -1 -0
    outer loop
      vertex 176.274 98.9 9.6
      vertex 172.926 98.9 6.8
      vertex 176.274 98.9 6.8
    endloop
  endfacet
  facet normal -0.865937 -0.500153 0
    outer loop
      vertex 177.949 96 6.8
      vertex 176.274 98.9 9.6
      vertex 176.274 98.9 6.8
    endloop
  endfacet
  facet normal -0.865937 -0.500153 0
    outer loop
      vertex 176.274 98.9 9.6
      vertex 177.949 96 6.8
      vertex 177.949 96 9.6
    endloop
  endfacet
  facet normal 0.865937 -0.500153 0
    outer loop
      vertex 171.251 96 9.6
      vertex 172.926 98.9 6.8
      vertex 172.926 98.9 9.6
    endloop
  endfacet
  facet normal 0.865937 -0.500153 0
    outer loop
      vertex 172.926 98.9 6.8
      vertex 171.251 96 9.6
      vertex 171.251 96 6.8
    endloop
  endfacet
  facet normal 0.865937 0.500153 0
    outer loop
      vertex 172.926 93.1 9.6
      vertex 171.251 96 6.8
      vertex 171.251 96 9.6
    endloop
  endfacet
  facet normal 0.865937 0.500153 0
    outer loop
      vertex 171.251 96 6.8
      vertex 172.926 93.1 9.6
      vertex 172.926 93.1 6.8
    endloop
  endfacet
  facet normal -0.865937 0.500153 0
    outer loop
      vertex 176.274 93.1 6.8
      vertex 177.949 96 9.6
      vertex 177.949 96 6.8
    endloop
  endfacet
  facet normal -0.865937 0.500153 0
    outer loop
      vertex 177.949 96 9.6
      vertex 176.274 93.1 6.8
      vertex 176.274 93.1 9.6
    endloop
  endfacet
  facet normal -0 0 1
    outer loop
      vertex 176.014 96.9445 6.8
      vertex 177.949 96 6.8
      vertex 176.274 98.9 6.8
    endloop
  endfacet
  facet normal 0 0 1
    outer loop
      vertex 177.949 96 6.8
      vertex 176.267 96.3316 6.8
      vertex 176.3 96 6.8
    endloop
  endfacet
  facet normal 0 0 1
    outer loop
      vertex 177.949 96 6.8
      vertex 176.171 96.6506 6.8
      vertex 176.267 96.3316 6.8
    endloop
  endfacet
  facet normal 0 0 1
    outer loop
      vertex 177.949 96 6.8
      vertex 176.014 96.9445 6.8
      vertex 176.171 96.6506 6.8
    endloop
  endfacet
  facet normal 0 0 1
    outer loop
      vertex 176.274 98.9 6.8
      vertex 175.802 97.2021 6.8
      vertex 176.014 96.9445 6.8
    endloop
  endfacet
  facet normal 0 0 1
    outer loop
      vertex 176.274 98.9 6.8
      vertex 175.544 97.4135 6.8
      vertex 175.802 97.2021 6.8
    endloop
  endfacet
  facet normal 0 0 1
    outer loop
      vertex 176.274 98.9 6.8
      vertex 175.251 97.5706 6.8
      vertex 175.544 97.4135 6.8
    endloop
  endfacet
  facet normal 0 0 1
    outer loop
      vertex 176.274 98.9 6.8
      vertex 174.932 97.6673 6.8
      vertex 175.251 97.5706 6.8
    endloop
  endfacet
  facet normal 0 0 1
    outer loop
      vertex 176.274 98.9 6.8
      vertex 174.6 97.7 6.8
      vertex 174.932 97.6673 6.8
    endloop
  endfacet
  facet normal -0 0 1
    outer loop
      vertex 172.926 98.9 6.8
      vertex 174.6 97.7 6.8
      vertex 176.274 98.9 6.8
    endloop
  endfacet
  facet normal 0 0 1
    outer loop
      vertex 174.6 97.7 6.8
      vertex 172.926 98.9 6.8
      vertex 174.268 97.6673 6.8
    endloop
  endfacet
  facet normal 0 0 1
    outer loop
      vertex 174.268 97.6673 6.8
      vertex 172.926 98.9 6.8
      vertex 173.949 97.5706 6.8
    endloop
  endfacet
  facet normal 0 0 1
    outer loop
      vertex 173.949 97.5706 6.8
      vertex 172.926 98.9 6.8
      vertex 173.656 97.4135 6.8
    endloop
  endfacet
  facet normal 0 0 1
    outer loop
      vertex 172.926 98.9 6.8
      vertex 173.398 97.2021 6.8
      vertex 173.656 97.4135 6.8
    endloop
  endfacet
  facet normal 0 0 1
    outer loop
      vertex 172.926 98.9 6.8
      vertex 173.187 96.9445 6.8
      vertex 173.398 97.2021 6.8
    endloop
  endfacet
  facet normal 0 0 1
    outer loop
      vertex 171.251 96 6.8
      vertex 173.187 96.9445 6.8
      vertex 172.926 98.9 6.8
    endloop
  endfacet
  facet normal 0 0 1
    outer loop
      vertex 173.187 96.9445 6.8
      vertex 171.251 96 6.8
      vertex 173.029 96.6506 6.8
    endloop
  endfacet
  facet normal 0 0 1
    outer loop
      vertex 173.029 96.6506 6.8
      vertex 171.251 96 6.8
      vertex 172.933 96.3316 6.8
    endloop
  endfacet
  facet normal 0 0 1
    outer loop
      vertex 172.933 96.3316 6.8
      vertex 171.251 96 6.8
      vertex 172.9 96 6.8
    endloop
  endfacet
  facet normal 0 0 1
    outer loop
      vertex 176.267 95.6684 6.8
      vertex 177.949 96 6.8
      vertex 176.3 96 6.8
    endloop
  endfacet
  facet normal 0 0 1
    outer loop
      vertex 176.171 95.3494 6.8
      vertex 177.949 96 6.8
      vertex 176.267 95.6684 6.8
    endloop
  endfacet
  facet normal 0 0 1
    outer loop
      vertex 176.014 95.0555 6.8
      vertex 177.949 96 6.8
      vertex 176.171 95.3494 6.8
    endloop
  endfacet
  facet normal 0 0 1
    outer loop
      vertex 177.949 96 6.8
      vertex 176.014 95.0555 6.8
      vertex 176.274 93.1 6.8
    endloop
  endfacet
  facet normal -0 0 1
    outer loop
      vertex 175.802 94.7979 6.8
      vertex 176.274 93.1 6.8
      vertex 176.014 95.0555 6.8
    endloop
  endfacet
  facet normal -0 0 1
    outer loop
      vertex 175.544 94.5865 6.8
      vertex 176.274 93.1 6.8
      vertex 175.802 94.7979 6.8
    endloop
  endfacet
  facet normal -0 0 1
    outer loop
      vertex 175.251 94.4294 6.8
      vertex 176.274 93.1 6.8
      vertex 175.544 94.5865 6.8
    endloop
  endfacet
  facet normal -0 0 1
    outer loop
      vertex 174.932 94.3327 6.8
      vertex 176.274 93.1 6.8
      vertex 175.251 94.4294 6.8
    endloop
  endfacet
  facet normal -0 0 1
    outer loop
      vertex 174.6 94.3 6.8
      vertex 176.274 93.1 6.8
      vertex 174.932 94.3327 6.8
    endloop
  endfacet
  facet normal 0 0 1
    outer loop
      vertex 172.926 93.1 6.8
      vertex 174.6 94.3 6.8
      vertex 174.268 94.3327 6.8
    endloop
  endfacet
  facet normal 0 0 1
    outer loop
      vertex 172.926 93.1 6.8
      vertex 174.268 94.3327 6.8
      vertex 173.949 94.4294 6.8
    endloop
  endfacet
  facet normal 0 0 1
    outer loop
      vertex 172.926 93.1 6.8
      vertex 173.949 94.4294 6.8
      vertex 173.656 94.5865 6.8
    endloop
  endfacet
  facet normal 0 0 1
    outer loop
      vertex 174.6 94.3 6.8
      vertex 172.926 93.1 6.8
      vertex 176.274 93.1 6.8
    endloop
  endfacet
  facet normal 0 0 1
    outer loop
      vertex 173.398 94.7979 6.8
      vertex 172.926 93.1 6.8
      vertex 173.656 94.5865 6.8
    endloop
  endfacet
  facet normal 0 0 1
    outer loop
      vertex 173.187 95.0555 6.8
      vertex 172.926 93.1 6.8
      vertex 173.398 94.7979 6.8
    endloop
  endfacet
  facet normal 0 0 1
    outer loop
      vertex 171.251 96 6.8
      vertex 173.187 95.0555 6.8
      vertex 173.029 95.3494 6.8
    endloop
  endfacet
  facet normal 0 0 1
    outer loop
      vertex 171.251 96 6.8
      vertex 173.029 95.3494 6.8
      vertex 172.933 95.6684 6.8
    endloop
  endfacet
  facet normal -0 0 1
    outer loop
      vertex 171.251 96 6.8
      vertex 172.933 95.6684 6.8
      vertex 172.9 96 6.8
    endloop
  endfacet
  facet normal 0 0 1
    outer loop
      vertex 173.187 95.0555 6.8
      vertex 171.251 96 6.8
      vertex 172.926 93.1 6.8
    endloop
  endfacet
  facet normal 0 1 -0
    outer loop
      vertex 176.274 93.1 6.8
      vertex 172.926 93.1 9.6
      vertex 176.274 93.1 9.6
    endloop
  endfacet
  facet normal 0 1 0
    outer loop
      vertex 172.926 93.1 9.6
      vertex 176.274 93.1 6.8
      vertex 172.926 93.1 6.8
    endloop
  endfacet
  facet normal -0.957578 -0.288174 0
    outer loop
      vertex 176.267 96.3316 2.4
      vertex 176.171 96.6506 6.8
      vertex 176.171 96.6506 2.4
    endloop
  endfacet
  facet normal -0.957578 -0.288174 0
    outer loop
      vertex 176.171 96.6506 6.8
      vertex 176.267 96.3316 2.4
      vertex 176.267 96.3316 6.8
    endloop
  endfacet
  facet normal -0.995085 -0.0990283 0
    outer loop
      vertex 176.3 96 2.4
      vertex 176.267 96.3316 6.8
      vertex 176.267 96.3316 2.4
    endloop
  endfacet
  facet normal -0.995085 -0.0990283 0
    outer loop
      vertex 176.267 96.3316 6.8
      vertex 176.3 96 2.4
      vertex 176.3 96 6.8
    endloop
  endfacet
  facet normal -0.882037 -0.47118 0
    outer loop
      vertex 176.171 96.6506 2.4
      vertex 176.014 96.9445 6.8
      vertex 176.014 96.9445 2.4
    endloop
  endfacet
  facet normal -0.882037 -0.47118 0
    outer loop
      vertex 176.014 96.9445 6.8
      vertex 176.171 96.6506 2.4
      vertex 176.171 96.6506 6.8
    endloop
  endfacet
  facet normal -0.995085 0.0990283 0
    outer loop
      vertex 176.267 95.6684 2.4
      vertex 176.3 96 6.8
      vertex 176.3 96 2.4
    endloop
  endfacet
  facet normal -0.995085 0.0990283 0
    outer loop
      vertex 176.3 96 6.8
      vertex 176.267 95.6684 2.4
      vertex 176.267 95.6684 6.8
    endloop
  endfacet
  facet normal 0.633793 -0.773503 0
    outer loop
      vertex 173.398 97.2021 2.4
      vertex 173.656 97.4135 6.8
      vertex 173.398 97.2021 6.8
    endloop
  endfacet
  facet normal 0.633793 -0.773503 0
    outer loop
      vertex 173.656 97.4135 6.8
      vertex 173.398 97.2021 2.4
      vertex 173.656 97.4135 2.4
    endloop
  endfacet
  facet normal -0.290099 -0.956997 0
    outer loop
      vertex 174.932 97.6673 2.4
      vertex 175.251 97.5706 6.8
      vertex 174.932 97.6673 6.8
    endloop
  endfacet
  facet normal -0.290099 -0.956997 -0
    outer loop
      vertex 175.251 97.5706 6.8
      vertex 174.932 97.6673 2.4
      vertex 175.251 97.5706 2.4
    endloop
  endfacet
  facet normal -0.633793 -0.773503 0
    outer loop
      vertex 175.544 97.4135 2.4
      vertex 175.802 97.2021 6.8
      vertex 175.544 97.4135 6.8
    endloop
  endfacet
  facet normal -0.633793 -0.773503 -0
    outer loop
      vertex 175.802 97.2021 6.8
      vertex 175.544 97.4135 2.4
      vertex 175.802 97.2021 2.4
    endloop
  endfacet
  facet normal 0.472539 -0.88131 0
    outer loop
      vertex 173.656 97.4135 2.4
      vertex 173.949 97.5706 6.8
      vertex 173.656 97.4135 6.8
    endloop
  endfacet
  facet normal 0.472539 -0.88131 0
    outer loop
      vertex 173.949 97.5706 6.8
      vertex 173.656 97.4135 2.4
      vertex 173.949 97.5706 2.4
    endloop
  endfacet
  facet normal 0.633793 0.773503 -0
    outer loop
      vertex 173.656 94.5865 2.4
      vertex 173.398 94.7979 6.8
      vertex 173.656 94.5865 6.8
    endloop
  endfacet
  facet normal 0.633793 0.773503 0
    outer loop
      vertex 173.398 94.7979 6.8
      vertex 173.656 94.5865 2.4
      vertex 173.398 94.7979 2.4
    endloop
  endfacet
  facet normal -0.633793 0.773503 0
    outer loop
      vertex 175.802 94.7979 2.4
      vertex 175.544 94.5865 6.8
      vertex 175.802 94.7979 6.8
    endloop
  endfacet
  facet normal -0.633793 0.773503 0
    outer loop
      vertex 175.544 94.5865 6.8
      vertex 175.802 94.7979 2.4
      vertex 175.544 94.5865 2.4
    endloop
  endfacet
  facet normal 0.957578 -0.288174 0
    outer loop
      vertex 172.933 96.3316 6.8
      vertex 173.029 96.6506 2.4
      vertex 173.029 96.6506 6.8
    endloop
  endfacet
  facet normal 0.957578 -0.288174 0
    outer loop
      vertex 173.029 96.6506 2.4
      vertex 172.933 96.3316 6.8
      vertex 172.933 96.3316 2.4
    endloop
  endfacet
  facet normal -0.0980197 -0.995184 0
    outer loop
      vertex 174.6 97.7 2.4
      vertex 174.932 97.6673 6.8
      vertex 174.6 97.7 6.8
    endloop
  endfacet
  facet normal -0.0980197 -0.995184 -0
    outer loop
      vertex 174.932 97.6673 6.8
      vertex 174.6 97.7 2.4
      vertex 174.932 97.6673 2.4
    endloop
  endfacet
  facet normal -0.290099 0.956997 0
    outer loop
      vertex 175.251 94.4294 2.4
      vertex 174.932 94.3327 6.8
      vertex 175.251 94.4294 6.8
    endloop
  endfacet
  facet normal -0.290099 0.956997 0
    outer loop
      vertex 174.932 94.3327 6.8
      vertex 175.251 94.4294 2.4
      vertex 174.932 94.3327 2.4
    endloop
  endfacet
  facet normal 0.290099 -0.956997 0
    outer loop
      vertex 173.949 97.5706 2.4
      vertex 174.268 97.6673 6.8
      vertex 173.949 97.5706 6.8
    endloop
  endfacet
  facet normal 0.290099 -0.956997 0
    outer loop
      vertex 174.268 97.6673 6.8
      vertex 173.949 97.5706 2.4
      vertex 174.268 97.6673 2.4
    endloop
  endfacet
  facet normal 0.773609 -0.633663 0
    outer loop
      vertex 173.187 96.9445 6.8
      vertex 173.398 97.2021 2.4
      vertex 173.398 97.2021 6.8
    endloop
  endfacet
  facet normal 0.773609 -0.633663 0
    outer loop
      vertex 173.398 97.2021 2.4
      vertex 173.187 96.9445 6.8
      vertex 173.187 96.9445 2.4
    endloop
  endfacet
  facet normal -0.957578 0.288174 0
    outer loop
      vertex 176.171 95.3494 2.4
      vertex 176.267 95.6684 6.8
      vertex 176.267 95.6684 2.4
    endloop
  endfacet
  facet normal -0.957578 0.288174 0
    outer loop
      vertex 176.267 95.6684 6.8
      vertex 176.171 95.3494 2.4
      vertex 176.171 95.3494 6.8
    endloop
  endfacet
  facet normal 0.880788 0.47351 0
    outer loop
      vertex 173.187 95.0555 6.8
      vertex 173.029 95.3494 2.4
      vertex 173.029 95.3494 6.8
    endloop
  endfacet
  facet normal 0.880788 0.47351 0
    outer loop
      vertex 173.029 95.3494 2.4
      vertex 173.187 95.0555 6.8
      vertex 173.187 95.0555 2.4
    endloop
  endfacet
  facet normal -0.772138 -0.635455 0
    outer loop
      vertex 176.014 96.9445 2.4
      vertex 175.802 97.2021 6.8
      vertex 175.802 97.2021 2.4
    endloop
  endfacet
  facet normal -0.772138 -0.635455 0
    outer loop
      vertex 175.802 97.2021 6.8
      vertex 176.014 96.9445 2.4
      vertex 176.014 96.9445 6.8
    endloop
  endfacet
  facet normal -0.472539 -0.88131 0
    outer loop
      vertex 175.251 97.5706 2.4
      vertex 175.544 97.4135 6.8
      vertex 175.251 97.5706 6.8
    endloop
  endfacet
  facet normal -0.472539 -0.88131 -0
    outer loop
      vertex 175.544 97.4135 6.8
      vertex 175.251 97.5706 2.4
      vertex 175.544 97.4135 2.4
    endloop
  endfacet
  facet normal -0.0980197 0.995184 0
    outer loop
      vertex 174.932 94.3327 2.4
      vertex 174.6 94.3 6.8
      vertex 174.932 94.3327 6.8
    endloop
  endfacet
  facet normal -0.0980197 0.995184 0
    outer loop
      vertex 174.6 94.3 6.8
      vertex 174.932 94.3327 2.4
      vertex 174.6 94.3 2.4
    endloop
  endfacet
  facet normal -0.472539 0.88131 0
    outer loop
      vertex 175.544 94.5865 2.4
      vertex 175.251 94.4294 6.8
      vertex 175.544 94.5865 6.8
    endloop
  endfacet
  facet normal -0.472539 0.88131 0
    outer loop
      vertex 175.251 94.4294 6.8
      vertex 175.544 94.5865 2.4
      vertex 175.251 94.4294 2.4
    endloop
  endfacet
  facet normal -0.882037 0.47118 0
    outer loop
      vertex 176.014 95.0555 2.4
      vertex 176.171 95.3494 6.8
      vertex 176.171 95.3494 2.4
    endloop
  endfacet
  facet normal -0.882037 0.47118 0
    outer loop
      vertex 176.171 95.3494 6.8
      vertex 176.014 95.0555 2.4
      vertex 176.014 95.0555 6.8
    endloop
  endfacet
  facet normal 0.0980197 0.995184 -0
    outer loop
      vertex 174.6 94.3 2.4
      vertex 174.268 94.3327 6.8
      vertex 174.6 94.3 6.8
    endloop
  endfacet
  facet normal 0.0980197 0.995184 0
    outer loop
      vertex 174.268 94.3327 6.8
      vertex 174.6 94.3 2.4
      vertex 174.268 94.3327 2.4
    endloop
  endfacet
  facet normal 0.0980197 -0.995184 0
    outer loop
      vertex 174.268 97.6673 2.4
      vertex 174.6 97.7 6.8
      vertex 174.268 97.6673 6.8
    endloop
  endfacet
  facet normal 0.0980197 -0.995184 0
    outer loop
      vertex 174.6 97.7 6.8
      vertex 174.268 97.6673 2.4
      vertex 174.6 97.7 2.4
    endloop
  endfacet
  facet normal 0.880788 -0.47351 0
    outer loop
      vertex 173.029 96.6506 6.8
      vertex 173.187 96.9445 2.4
      vertex 173.187 96.9445 6.8
    endloop
  endfacet
  facet normal 0.880788 -0.47351 0
    outer loop
      vertex 173.187 96.9445 2.4
      vertex 173.029 96.6506 6.8
      vertex 173.029 96.6506 2.4
    endloop
  endfacet
  facet normal 0.957578 0.288174 0
    outer loop
      vertex 173.029 95.3494 6.8
      vertex 172.933 95.6684 2.4
      vertex 172.933 95.6684 6.8
    endloop
  endfacet
  facet normal 0.957578 0.288174 0
    outer loop
      vertex 172.933 95.6684 2.4
      vertex 173.029 95.3494 6.8
      vertex 173.029 95.3494 2.4
    endloop
  endfacet
  facet normal 0.995085 0.0990283 0
    outer loop
      vertex 172.933 95.6684 6.8
      vertex 172.9 96 2.4
      vertex 172.9 96 6.8
    endloop
  endfacet
  facet normal 0.995085 0.0990283 0
    outer loop
      vertex 172.9 96 2.4
      vertex 172.933 95.6684 6.8
      vertex 172.933 95.6684 2.4
    endloop
  endfacet
  facet normal 0.773609 0.633663 0
    outer loop
      vertex 173.398 94.7979 6.8
      vertex 173.187 95.0555 2.4
      vertex 173.187 95.0555 6.8
    endloop
  endfacet
  facet normal 0.773609 0.633663 0
    outer loop
      vertex 173.187 95.0555 2.4
      vertex 173.398 94.7979 6.8
      vertex 173.398 94.7979 2.4
    endloop
  endfacet
  facet normal 0.472539 0.88131 -0
    outer loop
      vertex 173.949 94.4294 2.4
      vertex 173.656 94.5865 6.8
      vertex 173.949 94.4294 6.8
    endloop
  endfacet
  facet normal 0.472539 0.88131 0
    outer loop
      vertex 173.656 94.5865 6.8
      vertex 173.949 94.4294 2.4
      vertex 173.656 94.5865 2.4
    endloop
  endfacet
  facet normal -0.772138 0.635455 0
    outer loop
      vertex 175.802 94.7979 2.4
      vertex 176.014 95.0555 6.8
      vertex 176.014 95.0555 2.4
    endloop
  endfacet
  facet normal -0.772138 0.635455 0
    outer loop
      vertex 176.014 95.0555 6.8
      vertex 175.802 94.7979 2.4
      vertex 175.802 94.7979 6.8
    endloop
  endfacet
  facet normal 0.995085 -0.0990283 0
    outer loop
      vertex 172.9 96 6.8
      vertex 172.933 96.3316 2.4
      vertex 172.933 96.3316 6.8
    endloop
  endfacet
  facet normal 0.995085 -0.0990283 0
    outer loop
      vertex 172.933 96.3316 2.4
      vertex 172.9 96 6.8
      vertex 172.9 96 2.4
    endloop
  endfacet
  facet normal 0.290099 0.956997 -0
    outer loop
      vertex 174.268 94.3327 2.4
      vertex 173.949 94.4294 6.8
      vertex 174.268 94.3327 6.8
    endloop
  endfacet
  facet normal 0.290099 0.956997 0
    outer loop
      vertex 173.949 94.4294 6.8
      vertex 174.268 94.3327 2.4
      vertex 173.949 94.4294 2.4
    endloop
  endfacet
  facet normal 0 0 -1
    outer loop
      vertex 176.267 36.3317 2.4
      vertex 176.3 96 2.4
      vertex 176.3 36 2.4
    endloop
  endfacet
  facet normal 0 0 -1
    outer loop
      vertex 176.267 36.3317 2.4
      vertex 176.267 95.6684 2.4
      vertex 176.3 96 2.4
    endloop
  endfacet
  facet normal 0 0 -1
    outer loop
      vertex 176.171 36.6506 2.4
      vertex 176.267 95.6684 2.4
      vertex 176.267 36.3317 2.4
    endloop
  endfacet
  facet normal 0 0 -1
    outer loop
      vertex 176.171 36.6506 2.4
      vertex 176.171 95.3494 2.4
      vertex 176.267 95.6684 2.4
    endloop
  endfacet
  facet normal 0 0 -1
    outer loop
      vertex 176.014 36.9445 2.4
      vertex 176.171 95.3494 2.4
      vertex 176.171 36.6506 2.4
    endloop
  endfacet
  facet normal 0 0 -1
    outer loop
      vertex 176.014 36.9445 2.4
      vertex 176.014 95.0555 2.4
      vertex 176.171 95.3494 2.4
    endloop
  endfacet
  facet normal 0 0 -1
    outer loop
      vertex 175.802 37.2021 2.4
      vertex 176.014 95.0555 2.4
      vertex 176.014 36.9445 2.4
    endloop
  endfacet
  facet normal 0 0 -1
    outer loop
      vertex 175.802 37.2021 2.4
      vertex 175.802 94.7979 2.4
      vertex 176.014 95.0555 2.4
    endloop
  endfacet
  facet normal 0 0 -1
    outer loop
      vertex 175.544 37.4135 2.4
      vertex 175.802 94.7979 2.4
      vertex 175.802 37.2021 2.4
    endloop
  endfacet
  facet normal 0 0 -1
    outer loop
      vertex 175.544 37.4135 2.4
      vertex 175.544 94.5865 2.4
      vertex 175.802 94.7979 2.4
    endloop
  endfacet
  facet normal 0 0 -1
    outer loop
      vertex 175.251 37.5706 2.4
      vertex 175.544 94.5865 2.4
      vertex 175.544 37.4135 2.4
    endloop
  endfacet
  facet normal 0 0 -1
    outer loop
      vertex 175.251 37.5706 2.4
      vertex 175.251 94.4294 2.4
      vertex 175.544 94.5865 2.4
    endloop
  endfacet
  facet normal 0 0 -1
    outer loop
      vertex 174.932 37.6673 2.4
      vertex 175.251 94.4294 2.4
      vertex 175.251 37.5706 2.4
    endloop
  endfacet
  facet normal 0 0 -1
    outer loop
      vertex 174.932 37.6673 2.4
      vertex 174.932 94.3327 2.4
      vertex 175.251 94.4294 2.4
    endloop
  endfacet
  facet normal 0 0 -1
    outer loop
      vertex 174.6 37.7 2.4
      vertex 174.932 94.3327 2.4
      vertex 174.932 37.6673 2.4
    endloop
  endfacet
  facet normal 0 0 -1
    outer loop
      vertex 174.6 37.7 2.4
      vertex 174.6 94.3 2.4
      vertex 174.932 94.3327 2.4
    endloop
  endfacet
  facet normal 0 0 -1
    outer loop
      vertex 174.268 37.6673 2.4
      vertex 174.6 94.3 2.4
      vertex 174.6 37.7 2.4
    endloop
  endfacet
  facet normal 0 0 -1
    outer loop
      vertex 174.268 37.6673 2.4
      vertex 174.268 94.3327 2.4
      vertex 174.6 94.3 2.4
    endloop
  endfacet
  facet normal 0 0 -1
    outer loop
      vertex 173.949 37.5706 2.4
      vertex 174.268 94.3327 2.4
      vertex 174.268 37.6673 2.4
    endloop
  endfacet
  facet normal 0 0 -1
    outer loop
      vertex 173.949 37.5706 2.4
      vertex 173.949 94.4294 2.4
      vertex 174.268 94.3327 2.4
    endloop
  endfacet
  facet normal 0 0 -1
    outer loop
      vertex 173.656 37.4135 2.4
      vertex 173.949 94.4294 2.4
      vertex 173.949 37.5706 2.4
    endloop
  endfacet
  facet normal 0 0 -1
    outer loop
      vertex 173.656 37.4135 2.4
      vertex 173.656 94.5865 2.4
      vertex 173.949 94.4294 2.4
    endloop
  endfacet
  facet normal 0 0 -1
    outer loop
      vertex 173.398 37.2021 2.4
      vertex 173.656 94.5865 2.4
      vertex 173.656 37.4135 2.4
    endloop
  endfacet
  facet normal 0 0 -1
    outer loop
      vertex 173.398 37.2021 2.4
      vertex 173.398 94.7979 2.4
      vertex 173.656 94.5865 2.4
    endloop
  endfacet
  facet normal 0 0 -1
    outer loop
      vertex 173.187 36.9445 2.4
      vertex 173.398 94.7979 2.4
      vertex 173.398 37.2021 2.4
    endloop
  endfacet
  facet normal 0 0 -1
    outer loop
      vertex 173.187 36.9445 2.4
      vertex 173.187 95.0555 2.4
      vertex 173.398 94.7979 2.4
    endloop
  endfacet
  facet normal 0 0 -1
    outer loop
      vertex 173.029 36.6506 2.4
      vertex 173.187 95.0555 2.4
      vertex 173.187 36.9445 2.4
    endloop
  endfacet
  facet normal 0 0 -1
    outer loop
      vertex 173.029 36.6506 2.4
      vertex 173.029 95.3494 2.4
      vertex 173.187 95.0555 2.4
    endloop
  endfacet
  facet normal 0 0 -1
    outer loop
      vertex 172.933 36.3317 2.4
      vertex 173.029 95.3494 2.4
      vertex 173.029 36.6506 2.4
    endloop
  endfacet
  facet normal 0 0 -1
    outer loop
      vertex 172.933 36.3317 2.4
      vertex 172.933 95.6684 2.4
      vertex 173.029 95.3494 2.4
    endloop
  endfacet
  facet normal 0 0 -1
    outer loop
      vertex 166.6 6 2.4
      vertex 172.933 36.3317 2.4
      vertex 172.9 36 2.4
    endloop
  endfacet
  facet normal -0 0 -1
    outer loop
      vertex 172.933 36.3317 2.4
      vertex 166.6 6 2.4
      vertex 172.933 95.6684 2.4
    endloop
  endfacet
  facet normal 0 0 -1
    outer loop
      vertex 176.3 96 2.4
      vertex 182.6 0 2.4
      vertex 176.3 36 2.4
    endloop
  endfacet
  facet normal 0 0 -1
    outer loop
      vertex 182.6 0 2.4
      vertex 176.267 35.6683 2.4
      vertex 176.3 36 2.4
    endloop
  endfacet
  facet normal 0 0 -1
    outer loop
      vertex 182.6 0 2.4
      vertex 176.171 35.3494 2.4
      vertex 176.267 35.6683 2.4
    endloop
  endfacet
  facet normal 0 0 -1
    outer loop
      vertex 182.6 0 2.4
      vertex 176.014 35.0555 2.4
      vertex 176.171 35.3494 2.4
    endloop
  endfacet
  facet normal 0 0 -1
    outer loop
      vertex 182.6 0 2.4
      vertex 175.802 34.7979 2.4
      vertex 176.014 35.0555 2.4
    endloop
  endfacet
  facet normal 0 0 -1
    outer loop
      vertex 182.6 0 2.4
      vertex 175.544 34.5865 2.4
      vertex 175.802 34.7979 2.4
    endloop
  endfacet
  facet normal 0 0 -1
    outer loop
      vertex 182.6 0 2.4
      vertex 175.251 34.4294 2.4
      vertex 175.544 34.5865 2.4
    endloop
  endfacet
  facet normal 0 0 -1
    outer loop
      vertex 182.6 0 2.4
      vertex 174.932 34.3327 2.4
      vertex 175.251 34.4294 2.4
    endloop
  endfacet
  facet normal 0 0 -1
    outer loop
      vertex 166.6 6 2.4
      vertex 174.932 34.3327 2.4
      vertex 182.6 0 2.4
    endloop
  endfacet
  facet normal 0 0 -1
    outer loop
      vertex 174.932 34.3327 2.4
      vertex 166.6 6 2.4
      vertex 174.6 34.3 2.4
    endloop
  endfacet
  facet normal -0 0 -1
    outer loop
      vertex 174.6 34.3 2.4
      vertex 166.6 6 2.4
      vertex 174.268 34.3327 2.4
    endloop
  endfacet
  facet normal -0 0 -1
    outer loop
      vertex 174.268 34.3327 2.4
      vertex 166.6 6 2.4
      vertex 173.949 34.4294 2.4
    endloop
  endfacet
  facet normal -0 0 -1
    outer loop
      vertex 173.949 34.4294 2.4
      vertex 166.6 6 2.4
      vertex 173.656 34.5865 2.4
    endloop
  endfacet
  facet normal -0 0 -1
    outer loop
      vertex 173.656 34.5865 2.4
      vertex 166.6 6 2.4
      vertex 173.398 34.7979 2.4
    endloop
  endfacet
  facet normal -0 0 -1
    outer loop
      vertex 173.398 34.7979 2.4
      vertex 166.6 6 2.4
      vertex 173.187 35.0555 2.4
    endloop
  endfacet
  facet normal -0 0 -1
    outer loop
      vertex 173.187 35.0555 2.4
      vertex 166.6 6 2.4
      vertex 173.029 35.3494 2.4
    endloop
  endfacet
  facet normal -0 0 -1
    outer loop
      vertex 172.933 95.6684 2.4
      vertex 166.6 6 2.4
      vertex 172.9 96 2.4
    endloop
  endfacet
  facet normal -0 0 -1
    outer loop
      vertex 172.933 35.6683 2.4
      vertex 166.6 6 2.4
      vertex 172.9 36 2.4
    endloop
  endfacet
  facet normal -0 0 -1
    outer loop
      vertex 173.029 35.3494 2.4
      vertex 166.6 6 2.4
      vertex 172.933 35.6683 2.4
    endloop
  endfacet
  facet normal 0 0 -1
    outer loop
      vertex 166.5 0 2.4
      vertex 166.6 6 2.4
      vertex 182.6 0 2.4
    endloop
  endfacet
  facet normal -0 0 -1
    outer loop
      vertex 166.6 6 2.4
      vertex 166.5 0 2.4
      vertex 166.5 6 2.4
    endloop
  endfacet
  facet normal 0 0 -1
    outer loop
      vertex 182.6 0 2.4
      vertex 176.3 96 2.4
      vertex 182.6 150 2.4
    endloop
  endfacet
  facet normal 0 0 -1
    outer loop
      vertex 176.267 96.3316 2.4
      vertex 182.6 150 2.4
      vertex 176.3 96 2.4
    endloop
  endfacet
  facet normal 0 0 -1
    outer loop
      vertex 176.171 96.6506 2.4
      vertex 182.6 150 2.4
      vertex 176.267 96.3316 2.4
    endloop
  endfacet
  facet normal 0 0 -1
    outer loop
      vertex 176.014 96.9445 2.4
      vertex 182.6 150 2.4
      vertex 176.171 96.6506 2.4
    endloop
  endfacet
  facet normal 0 0 -1
    outer loop
      vertex 175.802 97.2021 2.4
      vertex 182.6 150 2.4
      vertex 176.014 96.9445 2.4
    endloop
  endfacet
  facet normal 0 0 -1
    outer loop
      vertex 175.544 97.4135 2.4
      vertex 182.6 150 2.4
      vertex 175.802 97.2021 2.4
    endloop
  endfacet
  facet normal 0 0 -1
    outer loop
      vertex 175.251 97.5706 2.4
      vertex 182.6 150 2.4
      vertex 175.544 97.4135 2.4
    endloop
  endfacet
  facet normal 0 0 -1
    outer loop
      vertex 166.6 141 2.4
      vertex 175.251 97.5706 2.4
      vertex 174.932 97.6673 2.4
    endloop
  endfacet
  facet normal 0 0 -1
    outer loop
      vertex 166.6 141 2.4
      vertex 174.932 97.6673 2.4
      vertex 174.6 97.7 2.4
    endloop
  endfacet
  facet normal 0 0 -1
    outer loop
      vertex 166.6 141 2.4
      vertex 174.6 97.7 2.4
      vertex 174.268 97.6673 2.4
    endloop
  endfacet
  facet normal 0 0 -1
    outer loop
      vertex 166.6 141 2.4
      vertex 174.268 97.6673 2.4
      vertex 173.949 97.5706 2.4
    endloop
  endfacet
  facet normal 0 0 -1
    outer loop
      vertex 166.6 141 2.4
      vertex 173.949 97.5706 2.4
      vertex 173.656 97.4135 2.4
    endloop
  endfacet
  facet normal 0 0 -1
    outer loop
      vertex 166.6 141 2.4
      vertex 173.656 97.4135 2.4
      vertex 173.398 97.2021 2.4
    endloop
  endfacet
  facet normal 0 0 -1
    outer loop
      vertex 166.6 141 2.4
      vertex 173.398 97.2021 2.4
      vertex 173.187 96.9445 2.4
    endloop
  endfacet
  facet normal 0 0 -1
    outer loop
      vertex 166.6 141 2.4
      vertex 173.187 96.9445 2.4
      vertex 173.029 96.6506 2.4
    endloop
  endfacet
  facet normal 0 0 -1
    outer loop
      vertex 166.6 141 2.4
      vertex 173.029 96.6506 2.4
      vertex 172.933 96.3316 2.4
    endloop
  endfacet
  facet normal 0 0 -1
    outer loop
      vertex 166.6 141 2.4
      vertex 172.9 96 2.4
      vertex 166.6 6 2.4
    endloop
  endfacet
  facet normal 0 0 -1
    outer loop
      vertex 166.6 141 2.4
      vertex 172.933 96.3316 2.4
      vertex 172.9 96 2.4
    endloop
  endfacet
  facet normal 0 0 -1
    outer loop
      vertex 175.251 97.5706 2.4
      vertex 166.6 141 2.4
      vertex 182.6 150 2.4
    endloop
  endfacet
  facet normal 0 0 -1
    outer loop
      vertex 166.5 150 2.4
      vertex 166.6 141 2.4
      vertex 166.5 141 2.4
    endloop
  endfacet
  facet normal 0 0 -1
    outer loop
      vertex 166.6 141 2.4
      vertex 166.5 150 2.4
      vertex 182.6 150 2.4
    endloop
  endfacet
  facet normal 1 0 0
    outer loop
      vertex 166.5 6 2.4
      vertex 166.5 0 2.4
      vertex 166.5 6 1
    endloop
  endfacet
  facet normal 1 0 0
    outer loop
      vertex 166.5 141 1
      vertex 166.5 150 2.4
      vertex 166.5 141 2.4
    endloop
  endfacet
  facet normal 1 0 0
    outer loop
      vertex 166.5 150 2.4
      vertex 166.5 141 1
      vertex 166.5 150 0
    endloop
  endfacet
  facet normal 1 0 0
    outer loop
      vertex 166.5 0 0
      vertex 166.5 141 1
      vertex 166.5 6 1
    endloop
  endfacet
  facet normal 1 0 0
    outer loop
      vertex 166.5 141 1
      vertex 166.5 0 0
      vertex 166.5 150 0
    endloop
  endfacet
  facet normal 1 0 0
    outer loop
      vertex 166.5 0 0
      vertex 166.5 6 1
      vertex 166.5 0 2.4
    endloop
  endfacet
  facet normal -0 0 1
    outer loop
      vertex 0 22 4.3
      vertex 41.9 16 4.3
      vertex 41.9 22 4.3
    endloop
  endfacet
  facet normal 0 0 1
    outer loop
      vertex 41.9 16 4.3
      vertex 0 22 4.3
      vertex 0 16 4.3
    endloop
  endfacet
  facet normal -0 0 1
    outer loop
      vertex 47.9 22 4.3
      vertex 124.7 16 4.3
      vertex 124.7 22 4.3
    endloop
  endfacet
  facet normal 0 0 1
    outer loop
      vertex 124.7 16 4.3
      vertex 47.9 22 4.3
      vertex 47.9 16 4.3
    endloop
  endfacet
  facet normal -0 0 1
    outer loop
      vertex 130.7 22 4.3
      vertex 182.6 16 4.3
      vertex 182.6 22 4.3
    endloop
  endfacet
  facet normal 0 0 1
    outer loop
      vertex 182.6 16 4.3
      vertex 130.7 22 4.3
      vertex 130.7 16 4.3
    endloop
  endfacet
  facet normal 0 -1 0
    outer loop
      vertex 0 22 4.3
      vertex 41.9 22 6.6
      vertex 0 22 6.6
    endloop
  endfacet
  facet normal 0 -1 -0
    outer loop
      vertex 41.9 22 6.6
      vertex 0 22 4.3
      vertex 41.9 22 4.3
    endloop
  endfacet
  facet normal 0 -1 0
    outer loop
      vertex 47.9 22 4.3
      vertex 124.7 22 6.6
      vertex 47.9 22 6.6
    endloop
  endfacet
  facet normal 0 -1 -0
    outer loop
      vertex 124.7 22 6.6
      vertex 47.9 22 4.3
      vertex 124.7 22 4.3
    endloop
  endfacet
  facet normal 0 -1 0
    outer loop
      vertex 130.7 22 4.3
      vertex 182.6 22 6.6
      vertex 130.7 22 6.6
    endloop
  endfacet
  facet normal 0 -1 -0
    outer loop
      vertex 182.6 22 6.6
      vertex 130.7 22 4.3
      vertex 182.6 22 4.3
    endloop
  endfacet
endsolid OpenSCAD_Model
