solid OpenSCAD_Model
  facet normal -1 0 0
    outer loop
      vertex 15.5 2.8 2.4
      vertex 15.5 4.8 6.4
      vertex 15.5 4.8 2.4
    endloop
  endfacet
  facet normal -1 -0 0
    outer loop
      vertex 15.5 4.8 6.4
      vertex 15.5 2.8 2.4
      vertex 15.5 2.8 6.4
    endloop
  endfacet
  facet normal -1 0 0
    outer loop
      vertex 2.8 15.5 2.4
      vertex 2.8 124.5 6.4
      vertex 2.8 124.5 2.4
    endloop
  endfacet
  facet normal -1 -0 0
    outer loop
      vertex 2.8 124.5 6.4
      vertex 2.8 15.5 2.4
      vertex 2.8 15.5 6.4
    endloop
  endfacet
  facet normal 0 -1 0
    outer loop
      vertex 2.8 15.5 2.4
      vertex 4.8 15.5 6.4
      vertex 2.8 15.5 6.4
    endloop
  endfacet
  facet normal 0 -1 -0
    outer loop
      vertex 4.8 15.5 6.4
      vertex 2.8 15.5 2.4
      vertex 4.8 15.5 2.4
    endloop
  endfacet
  facet normal 0 -1 0
    outer loop
      vertex 15.5 2.8 2.4
      vertex 184.5 2.8 6.4
      vertex 15.5 2.8 6.4
    endloop
  endfacet
  facet normal 0 -1 -0
    outer loop
      vertex 184.5 2.8 6.4
      vertex 15.5 2.8 2.4
      vertex 184.5 2.8 2.4
    endloop
  endfacet
  facet normal -1 0 0
    outer loop
      vertex 15.5 135.2 2.4
      vertex 15.5 137.2 6.4
      vertex 15.5 137.2 2.4
    endloop
  endfacet
  facet normal -1 -0 0
    outer loop
      vertex 15.5 137.2 6.4
      vertex 15.5 135.2 2.4
      vertex 15.5 135.2 6.4
    endloop
  endfacet
  facet normal 0 1 -0
    outer loop
      vertex 184.5 137.2 2.4
      vertex 15.5 137.2 6.4
      vertex 184.5 137.2 6.4
    endloop
  endfacet
  facet normal 0 1 0
    outer loop
      vertex 15.5 137.2 6.4
      vertex 184.5 137.2 2.4
      vertex 15.5 137.2 2.4
    endloop
  endfacet
  facet normal 0 1 -0
    outer loop
      vertex 4.8 124.5 2.4
      vertex 2.8 124.5 6.4
      vertex 4.8 124.5 6.4
    endloop
  endfacet
  facet normal 0 1 0
    outer loop
      vertex 2.8 124.5 6.4
      vertex 4.8 124.5 2.4
      vertex 2.8 124.5 2.4
    endloop
  endfacet
  facet normal 1 -0 0
    outer loop
      vertex 197.2 15.5 6.4
      vertex 197.2 124.5 2.4
      vertex 197.2 124.5 6.4
    endloop
  endfacet
  facet normal 1 0 0
    outer loop
      vertex 197.2 124.5 2.4
      vertex 197.2 15.5 6.4
      vertex 197.2 15.5 2.4
    endloop
  endfacet
  facet normal 1 -0 0
    outer loop
      vertex 184.5 2.8 6.4
      vertex 184.5 4.8 2.4
      vertex 184.5 4.8 6.4
    endloop
  endfacet
  facet normal 1 0 0
    outer loop
      vertex 184.5 4.8 2.4
      vertex 184.5 2.8 6.4
      vertex 184.5 2.8 2.4
    endloop
  endfacet
  facet normal 0 -1 0
    outer loop
      vertex 195.2 15.5 2.4
      vertex 197.2 15.5 6.4
      vertex 195.2 15.5 6.4
    endloop
  endfacet
  facet normal 0 -1 -0
    outer loop
      vertex 197.2 15.5 6.4
      vertex 195.2 15.5 2.4
      vertex 197.2 15.5 2.4
    endloop
  endfacet
  facet normal 1 -0 0
    outer loop
      vertex 184.5 135.2 6.4
      vertex 184.5 137.2 2.4
      vertex 184.5 137.2 6.4
    endloop
  endfacet
  facet normal 1 0 0
    outer loop
      vertex 184.5 137.2 2.4
      vertex 184.5 135.2 6.4
      vertex 184.5 135.2 2.4
    endloop
  endfacet
  facet normal 0 1 -0
    outer loop
      vertex 197.2 124.5 2.4
      vertex 195.2 124.5 6.4
      vertex 197.2 124.5 6.4
    endloop
  endfacet
  facet normal 0 1 0
    outer loop
      vertex 195.2 124.5 6.4
      vertex 197.2 124.5 2.4
      vertex 195.2 124.5 2.4
    endloop
  endfacet
  facet normal -0 0 1
    outer loop
      vertex 15.5 137.2 6.4
      vertex 184.5 135.2 6.4
      vertex 184.5 137.2 6.4
    endloop
  endfacet
  facet normal 0 0 1
    outer loop
      vertex 184.5 135.2 6.4
      vertex 15.5 137.2 6.4
      vertex 15.5 135.2 6.4
    endloop
  endfacet
  facet normal -0 0 1
    outer loop
      vertex 15.5 4.8 6.4
      vertex 184.5 2.8 6.4
      vertex 184.5 4.8 6.4
    endloop
  endfacet
  facet normal 0 0 1
    outer loop
      vertex 184.5 2.8 6.4
      vertex 15.5 4.8 6.4
      vertex 15.5 2.8 6.4
    endloop
  endfacet
  facet normal -0 0 1
    outer loop
      vertex 2.8 124.5 6.4
      vertex 4.8 15.5 6.4
      vertex 4.8 124.5 6.4
    endloop
  endfacet
  facet normal 0 0 1
    outer loop
      vertex 4.8 15.5 6.4
      vertex 2.8 124.5 6.4
      vertex 2.8 15.5 6.4
    endloop
  endfacet
  facet normal -0 0 1
    outer loop
      vertex 195.2 124.5 6.4
      vertex 197.2 15.5 6.4
      vertex 197.2 124.5 6.4
    endloop
  endfacet
  facet normal 0 0 1
    outer loop
      vertex 197.2 15.5 6.4
      vertex 195.2 124.5 6.4
      vertex 195.2 15.5 6.4
    endloop
  endfacet
  facet normal -1 0 0
    outer loop
      vertex 195.2 15.5 2.4
      vertex 195.2 124.5 6.4
      vertex 195.2 124.5 2.4
    endloop
  endfacet
  facet normal -1 -0 0
    outer loop
      vertex 195.2 124.5 6.4
      vertex 195.2 15.5 2.4
      vertex 195.2 15.5 6.4
    endloop
  endfacet
  facet normal 1 -0 0
    outer loop
      vertex 4.8 15.5 6.4
      vertex 4.8 124.5 2.4
      vertex 4.8 124.5 6.4
    endloop
  endfacet
  facet normal 1 0 0
    outer loop
      vertex 4.8 124.5 2.4
      vertex 4.8 15.5 6.4
      vertex 4.8 15.5 2.4
    endloop
  endfacet
  facet normal 0 -1 0
    outer loop
      vertex 15.5 135.2 2.4
      vertex 184.5 135.2 6.4
      vertex 15.5 135.2 6.4
    endloop
  endfacet
  facet normal 0 -1 -0
    outer loop
      vertex 184.5 135.2 6.4
      vertex 15.5 135.2 2.4
      vertex 184.5 135.2 2.4
    endloop
  endfacet
  facet normal 0 1 -0
    outer loop
      vertex 184.5 4.8 2.4
      vertex 15.5 4.8 6.4
      vertex 184.5 4.8 6.4
    endloop
  endfacet
  facet normal 0 1 0
    outer loop
      vertex 15.5 4.8 6.4
      vertex 184.5 4.8 2.4
      vertex 15.5 4.8 2.4
    endloop
  endfacet
  facet normal 0 0 -1
    outer loop
      vertex 8.65056 9.57059 0
      vertex 28 92.3 0
      vertex 8.85 9.47224 0
    endloop
  endfacet
  facet normal 0 0 -1
    outer loop
      vertex 26.3327 93.6684 0
      vertex 9.68546 131.778 0
      vertex 9.7 132 0
    endloop
  endfacet
  facet normal -0 0 -1
    outer loop
      vertex 28 92.3 0
      vertex 8.65056 9.57059 0
      vertex 27.6683 92.3327 0
    endloop
  endfacet
  facet normal 0 0 -1
    outer loop
      vertex 26.3327 93.6684 0
      vertex 9.64207 131.56 0
      vertex 9.68546 131.778 0
    endloop
  endfacet
  facet normal 0 0 -1
    outer loop
      vertex 8.43999 9.64207 0
      vertex 27.6683 92.3327 0
      vertex 8.65056 9.57059 0
    endloop
  endfacet
  facet normal 0 0 -1
    outer loop
      vertex 26.3327 93.6684 0
      vertex 9.57059 131.349 0
      vertex 9.64207 131.56 0
    endloop
  endfacet
  facet normal 0 0 -1
    outer loop
      vertex 8.22189 9.68546 0
      vertex 27.6683 92.3327 0
      vertex 8.43999 9.64207 0
    endloop
  endfacet
  facet normal 0 0 -1
    outer loop
      vertex 26.3327 93.6684 0
      vertex 9.47224 131.15 0
      vertex 9.57059 131.349 0
    endloop
  endfacet
  facet normal -0 0 -1
    outer loop
      vertex 27.6683 92.3327 0
      vertex 8.22189 9.68546 0
      vertex 27.3494 92.4294 0
    endloop
  endfacet
  facet normal 0 0 -1
    outer loop
      vertex 26.3327 93.6684 0
      vertex 9.3487 130.965 0
      vertex 9.47224 131.15 0
    endloop
  endfacet
  facet normal 0 0 -1
    outer loop
      vertex 8 9.7 0
      vertex 27.3494 92.4294 0
      vertex 8.22189 9.68546 0
    endloop
  endfacet
  facet normal 0 0 -1
    outer loop
      vertex 26.3327 93.6684 0
      vertex 9.20208 130.798 0
      vertex 9.3487 130.965 0
    endloop
  endfacet
  facet normal -0 0 -1
    outer loop
      vertex 27.3494 92.4294 0
      vertex 8 9.7 0
      vertex 27.0555 92.5865 0
    endloop
  endfacet
  facet normal 0 0 -1
    outer loop
      vertex 26.3327 93.6684 0
      vertex 9.03489 130.651 0
      vertex 9.20208 130.798 0
    endloop
  endfacet
  facet normal 0 0 -1
    outer loop
      vertex 7.7781 9.68546 0
      vertex 27.0555 92.5865 0
      vertex 8 9.7 0
    endloop
  endfacet
  facet normal 0 0 -1
    outer loop
      vertex 26.3327 93.6684 0
      vertex 8.85 130.528 0
      vertex 9.03489 130.651 0
    endloop
  endfacet
  facet normal 0 0 -1
    outer loop
      vertex 7.56001 9.64207 0
      vertex 27.0555 92.5865 0
      vertex 7.7781 9.68546 0
    endloop
  endfacet
  facet normal 0 0 -1
    outer loop
      vertex 26.3327 93.6684 0
      vertex 8.65056 130.429 0
      vertex 8.85 130.528 0
    endloop
  endfacet
  facet normal -0 0 -1
    outer loop
      vertex 27.0555 92.5865 0
      vertex 7.56001 9.64207 0
      vertex 26.7979 92.7979 0
    endloop
  endfacet
  facet normal 0 0 -1
    outer loop
      vertex 26.3327 93.6684 0
      vertex 8.43999 130.358 0
      vertex 8.65056 130.429 0
    endloop
  endfacet
  facet normal 0 0 -1
    outer loop
      vertex 7.34944 9.57059 0
      vertex 26.7979 92.7979 0
      vertex 7.56001 9.64207 0
    endloop
  endfacet
  facet normal 0 0 -1
    outer loop
      vertex 26.3327 93.6684 0
      vertex 8.22189 130.315 0
      vertex 8.43999 130.358 0
    endloop
  endfacet
  facet normal -0 0 -1
    outer loop
      vertex 26.7979 92.7979 0
      vertex 7.34944 9.57059 0
      vertex 26.5865 93.0555 0
    endloop
  endfacet
  facet normal 0 0 -1
    outer loop
      vertex 26.3327 93.6684 0
      vertex 8 130.3 0
      vertex 8.22189 130.315 0
    endloop
  endfacet
  facet normal 0 0 -1
    outer loop
      vertex 7.15 9.47224 0
      vertex 26.5865 93.0555 0
      vertex 7.34944 9.57059 0
    endloop
  endfacet
  facet normal 0 0 -1
    outer loop
      vertex 26.3327 93.6684 0
      vertex 7.7781 130.315 0
      vertex 8 130.3 0
    endloop
  endfacet
  facet normal 0 0 -1
    outer loop
      vertex 0 6 0
      vertex 26.5865 93.0555 0
      vertex 7.15 9.47224 0
    endloop
  endfacet
  facet normal 0 0 -1
    outer loop
      vertex 26.3327 93.6684 0
      vertex 7.56001 130.358 0
      vertex 7.7781 130.315 0
    endloop
  endfacet
  facet normal -0 0 -1
    outer loop
      vertex 26.5865 93.0555 0
      vertex 0 6 0
      vertex 26.4294 93.3494 0
    endloop
  endfacet
  facet normal 0 0 -1
    outer loop
      vertex 26.3327 93.6684 0
      vertex 7.34944 130.429 0
      vertex 7.56001 130.358 0
    endloop
  endfacet
  facet normal -0 0 -1
    outer loop
      vertex 26.4294 93.3494 0
      vertex 0 6 0
      vertex 26.3327 93.6684 0
    endloop
  endfacet
  facet normal 0 0 -1
    outer loop
      vertex 26.3327 93.6684 0
      vertex 7.15 130.528 0
      vertex 7.34944 130.429 0
    endloop
  endfacet
  facet normal 0 0 -1
    outer loop
      vertex 0 6 0
      vertex 7.15 9.47224 0
      vertex 6.96511 9.3487 0
    endloop
  endfacet
  facet normal 0 0 -1
    outer loop
      vertex 0 134 0
      vertex 26.3327 93.6684 0
      vertex 0 6 0
    endloop
  endfacet
  facet normal 0 0 -1
    outer loop
      vertex 0 6 0
      vertex 6.96511 9.3487 0
      vertex 6.79792 9.20208 0
    endloop
  endfacet
  facet normal 0 0 -1
    outer loop
      vertex 26.3327 93.6684 0
      vertex 0 134 0
      vertex 7.15 130.528 0
    endloop
  endfacet
  facet normal 0 0 -1
    outer loop
      vertex 0 6 0
      vertex 6.79792 9.20208 0
      vertex 6.6513 9.03489 0
    endloop
  endfacet
  facet normal 0 0 -1
    outer loop
      vertex 7.15 130.528 0
      vertex 0 134 0
      vertex 6.96511 130.651 0
    endloop
  endfacet
  facet normal 0 0 -1
    outer loop
      vertex 0 6 0
      vertex 6.6513 9.03489 0
      vertex 6.52776 8.85 0
    endloop
  endfacet
  facet normal 0 0 -1
    outer loop
      vertex 6.96511 130.651 0
      vertex 0 134 0
      vertex 6.79792 130.798 0
    endloop
  endfacet
  facet normal 0 0 -1
    outer loop
      vertex 0 6 0
      vertex 6.52776 8.85 0
      vertex 6.4294 8.65056 0
    endloop
  endfacet
  facet normal 0 0 -1
    outer loop
      vertex 6.79792 130.798 0
      vertex 0 134 0
      vertex 6.6513 130.965 0
    endloop
  endfacet
  facet normal 0 0 -1
    outer loop
      vertex 0 6 0
      vertex 6.4294 8.65056 0
      vertex 6.35793 8.43999 0
    endloop
  endfacet
  facet normal 0 0 -1
    outer loop
      vertex 6.6513 130.965 0
      vertex 0 134 0
      vertex 6.52776 131.15 0
    endloop
  endfacet
  facet normal 0 0 -1
    outer loop
      vertex 0 6 0
      vertex 6.35793 8.43999 0
      vertex 6.31454 8.22189 0
    endloop
  endfacet
  facet normal 0 0 -1
    outer loop
      vertex 6.52776 131.15 0
      vertex 0 134 0
      vertex 6.4294 131.349 0
    endloop
  endfacet
  facet normal 0 0 -1
    outer loop
      vertex 0 6 0
      vertex 6.31454 8.22189 0
      vertex 6.3 8 0
    endloop
  endfacet
  facet normal 0 0 -1
    outer loop
      vertex 6.4294 131.349 0
      vertex 0 134 0
      vertex 6.35793 131.56 0
    endloop
  endfacet
  facet normal 0 0 -1
    outer loop
      vertex 121 86 0
      vertex 108 91 0
      vertex 120 91 0
    endloop
  endfacet
  facet normal -0 0 -1
    outer loop
      vertex 108 91 0
      vertex 79 86 0
      vertex 108 101 0
    endloop
  endfacet
  facet normal 0 0 -1
    outer loop
      vertex 79 86 0
      vertex 108 91 0
      vertex 121 86 0
    endloop
  endfacet
  facet normal 0 0 -1
    outer loop
      vertex 79 81.1667 0
      vertex 121 83 0
      vertex 121 81.1667 0
    endloop
  endfacet
  facet normal -0 0 -1
    outer loop
      vertex 121 83 0
      vertex 79 81.1667 0
      vertex 79 83 0
    endloop
  endfacet
  facet normal 0 0 -1
    outer loop
      vertex 79 76.3333 0
      vertex 121 78.1667 0
      vertex 121 76.3333 0
    endloop
  endfacet
  facet normal -0 0 -1
    outer loop
      vertex 121 78.1667 0
      vertex 79 76.3333 0
      vertex 79 78.1667 0
    endloop
  endfacet
  facet normal 0 0 -1
    outer loop
      vertex 79 71.5 0
      vertex 121 73.3333 0
      vertex 121 71.5 0
    endloop
  endfacet
  facet normal -0 0 -1
    outer loop
      vertex 121 73.3333 0
      vertex 79 71.5 0
      vertex 79 73.3333 0
    endloop
  endfacet
  facet normal 0 0 -1
    outer loop
      vertex 79 66.6667 0
      vertex 121 68.5 0
      vertex 121 66.6667 0
    endloop
  endfacet
  facet normal -0 0 -1
    outer loop
      vertex 121 68.5 0
      vertex 79 66.6667 0
      vertex 79 68.5 0
    endloop
  endfacet
  facet normal 0 0 -1
    outer loop
      vertex 79 61.8333 0
      vertex 121 63.6667 0
      vertex 121 61.8333 0
    endloop
  endfacet
  facet normal -0 0 -1
    outer loop
      vertex 121 63.6667 0
      vertex 79 61.8333 0
      vertex 79 63.6667 0
    endloop
  endfacet
  facet normal 0 0 -1
    outer loop
      vertex 79 57 0
      vertex 121 58.8333 0
      vertex 121 57 0
    endloop
  endfacet
  facet normal -0 0 -1
    outer loop
      vertex 121 58.8333 0
      vertex 79 57 0
      vertex 79 58.8333 0
    endloop
  endfacet
  facet normal 0 0 -1
    outer loop
      vertex 193.571 8.65056 0
      vertex 200 6 0
      vertex 193.642 8.43999 0
    endloop
  endfacet
  facet normal 0 0 -1
    outer loop
      vertex 200 134 0
      vertex 193.685 131.778 0
      vertex 193.7 132 0
    endloop
  endfacet
  facet normal 0 0 -1
    outer loop
      vertex 193.472 8.85 0
      vertex 200 6 0
      vertex 193.571 8.65056 0
    endloop
  endfacet
  facet normal 0 0 -1
    outer loop
      vertex 200 134 0
      vertex 193.642 131.56 0
      vertex 193.685 131.778 0
    endloop
  endfacet
  facet normal 0 0 -1
    outer loop
      vertex 193.349 9.03489 0
      vertex 200 6 0
      vertex 193.472 8.85 0
    endloop
  endfacet
  facet normal 0 0 -1
    outer loop
      vertex 200 134 0
      vertex 193.571 131.349 0
      vertex 193.642 131.56 0
    endloop
  endfacet
  facet normal 0 0 -1
    outer loop
      vertex 193.202 9.20208 0
      vertex 200 6 0
      vertex 193.349 9.03489 0
    endloop
  endfacet
  facet normal 0 0 -1
    outer loop
      vertex 200 134 0
      vertex 193.472 131.15 0
      vertex 193.571 131.349 0
    endloop
  endfacet
  facet normal 0 0 -1
    outer loop
      vertex 193.035 9.3487 0
      vertex 200 6 0
      vertex 193.202 9.20208 0
    endloop
  endfacet
  facet normal 0 0 -1
    outer loop
      vertex 200 134 0
      vertex 193.349 130.965 0
      vertex 193.472 131.15 0
    endloop
  endfacet
  facet normal 0 0 -1
    outer loop
      vertex 200 6 0
      vertex 173.667 93.6684 0
      vertex 200 134 0
    endloop
  endfacet
  facet normal 0 0 -1
    outer loop
      vertex 200 134 0
      vertex 193.202 130.798 0
      vertex 193.349 130.965 0
    endloop
  endfacet
  facet normal 0 0 -1
    outer loop
      vertex 192.85 9.47224 0
      vertex 200 6 0
      vertex 193.035 9.3487 0
    endloop
  endfacet
  facet normal 0 -0 -1
    outer loop
      vertex 173.7 94 0
      vertex 200 134 0
      vertex 173.667 93.6684 0
    endloop
  endfacet
  facet normal 0 0 -1
    outer loop
      vertex 200 6 0
      vertex 192.85 9.47224 0
      vertex 173.413 93.0555 0
    endloop
  endfacet
  facet normal 0 0 -1
    outer loop
      vertex 200 134 0
      vertex 193.035 130.651 0
      vertex 193.202 130.798 0
    endloop
  endfacet
  facet normal 0 0 -1
    outer loop
      vertex 173.413 93.0555 0
      vertex 192.85 9.47224 0
      vertex 192.651 9.57059 0
    endloop
  endfacet
  facet normal 0 -0 -1
    outer loop
      vertex 192.85 130.528 0
      vertex 200 134 0
      vertex 173.7 94 0
    endloop
  endfacet
  facet normal 0 0 -1
    outer loop
      vertex 173.202 92.7979 0
      vertex 192.651 9.57059 0
      vertex 192.44 9.64207 0
    endloop
  endfacet
  facet normal 0 0 -1
    outer loop
      vertex 200 134 0
      vertex 192.85 130.528 0
      vertex 193.035 130.651 0
    endloop
  endfacet
  facet normal 0 0 -1
    outer loop
      vertex 172.944 92.5865 0
      vertex 192.44 9.64207 0
      vertex 192.222 9.68546 0
    endloop
  endfacet
  facet normal 0 0 -1
    outer loop
      vertex 173.667 94.3316 0
      vertex 192.85 130.528 0
      vertex 173.7 94 0
    endloop
  endfacet
  facet normal 0 0 -1
    outer loop
      vertex 172.944 92.5865 0
      vertex 192.222 9.68546 0
      vertex 192 9.7 0
    endloop
  endfacet
  facet normal 0 0 -1
    outer loop
      vertex 192.85 130.528 0
      vertex 173.667 94.3316 0
      vertex 192.651 130.429 0
    endloop
  endfacet
  facet normal 0 0 -1
    outer loop
      vertex 172.651 92.4294 0
      vertex 192 9.7 0
      vertex 191.778 9.68546 0
    endloop
  endfacet
  facet normal 0 0 -1
    outer loop
      vertex 192.651 130.429 0
      vertex 173.667 94.3316 0
      vertex 192.44 130.358 0
    endloop
  endfacet
  facet normal 0 0 -1
    outer loop
      vertex 172.332 92.3327 0
      vertex 191.778 9.68546 0
      vertex 191.56 9.64207 0
    endloop
  endfacet
  facet normal 0 0 -1
    outer loop
      vertex 173.571 94.6506 0
      vertex 192.44 130.358 0
      vertex 173.667 94.3316 0
    endloop
  endfacet
  facet normal 0 0 -1
    outer loop
      vertex 172.332 92.3327 0
      vertex 191.56 9.64207 0
      vertex 191.349 9.57059 0
    endloop
  endfacet
  facet normal 0 0 -1
    outer loop
      vertex 192.44 130.358 0
      vertex 173.571 94.6506 0
      vertex 192.222 130.315 0
    endloop
  endfacet
  facet normal 0 0 -1
    outer loop
      vertex 172 92.3 0
      vertex 191.349 9.57059 0
      vertex 191.15 9.47224 0
    endloop
  endfacet
  facet normal 0 0 -1
    outer loop
      vertex 173.413 94.9445 0
      vertex 192.222 130.315 0
      vertex 173.571 94.6506 0
    endloop
  endfacet
  facet normal 0 0 -1
    outer loop
      vertex 171.668 92.3327 0
      vertex 191.15 9.47224 0
      vertex 190.965 9.3487 0
    endloop
  endfacet
  facet normal 0 0 -1
    outer loop
      vertex 192.222 130.315 0
      vertex 173.413 94.9445 0
      vertex 192 130.3 0
    endloop
  endfacet
  facet normal 0 0 -1
    outer loop
      vertex 121 54 0
      vertex 190.965 9.3487 0
      vertex 190.798 9.20208 0
    endloop
  endfacet
  facet normal -0 0 -1
    outer loop
      vertex 192 130.3 0
      vertex 173.413 94.9445 0
      vertex 191.778 130.315 0
    endloop
  endfacet
  facet normal 0 0 -1
    outer loop
      vertex 121 54 0
      vertex 190.798 9.20208 0
      vertex 190.651 9.03489 0
    endloop
  endfacet
  facet normal 0 0 -1
    outer loop
      vertex 173.202 95.2021 0
      vertex 191.778 130.315 0
      vertex 173.413 94.9445 0
    endloop
  endfacet
  facet normal 0 0 -1
    outer loop
      vertex 121 54 0
      vertex 190.651 9.03489 0
      vertex 190.528 8.85 0
    endloop
  endfacet
  facet normal -0 0 -1
    outer loop
      vertex 191.778 130.315 0
      vertex 173.202 95.2021 0
      vertex 191.56 130.358 0
    endloop
  endfacet
  facet normal 0 0 -1
    outer loop
      vertex 121 54 0
      vertex 190.528 8.85 0
      vertex 190.429 8.65056 0
    endloop
  endfacet
  facet normal 0 0 -1
    outer loop
      vertex 172.944 95.4135 0
      vertex 191.56 130.358 0
      vertex 173.202 95.2021 0
    endloop
  endfacet
  facet normal 0 0 -1
    outer loop
      vertex 121 54 0
      vertex 190.429 8.65056 0
      vertex 190.358 8.43999 0
    endloop
  endfacet
  facet normal -0 0 -1
    outer loop
      vertex 191.56 130.358 0
      vertex 172.944 95.4135 0
      vertex 191.349 130.429 0
    endloop
  endfacet
  facet normal 0 0 -1
    outer loop
      vertex 121 54 0
      vertex 190.358 8.43999 0
      vertex 190.315 8.22189 0
    endloop
  endfacet
  facet normal -0 0 -1
    outer loop
      vertex 191.349 130.429 0
      vertex 172.944 95.4135 0
      vertex 191.15 130.528 0
    endloop
  endfacet
  facet normal 0 0 -1
    outer loop
      vertex 121 54 0
      vertex 190.315 8.22189 0
      vertex 190.3 8 0
    endloop
  endfacet
  facet normal 0 0 -1
    outer loop
      vertex 172.651 95.5706 0
      vertex 191.15 130.528 0
      vertex 172.944 95.4135 0
    endloop
  endfacet
  facet normal 0 0 -1
    outer loop
      vertex 193.571 7.34944 0
      vertex 200 6 0
      vertex 199.971 5.4119 0
    endloop
  endfacet
  facet normal 0 0 -1
    outer loop
      vertex 193.685 8.22189 0
      vertex 200 6 0
      vertex 193.7 8 0
    endloop
  endfacet
  facet normal 0 0 -1
    outer loop
      vertex 193.472 7.15 0
      vertex 199.971 5.4119 0
      vertex 199.885 4.82946 0
    endloop
  endfacet
  facet normal 0 0 -1
    outer loop
      vertex 193.642 8.43999 0
      vertex 200 6 0
      vertex 193.685 8.22189 0
    endloop
  endfacet
  facet normal 0 0 -1
    outer loop
      vertex 193.472 7.15 0
      vertex 199.885 4.82946 0
      vertex 199.742 4.25829 0
    endloop
  endfacet
  facet normal 0 0 -1
    outer loop
      vertex 193.685 132.222 0
      vertex 200 134 0
      vertex 193.7 132 0
    endloop
  endfacet
  facet normal 0 0 -1
    outer loop
      vertex 193.472 7.15 0
      vertex 199.742 4.25829 0
      vertex 199.543 3.7039 0
    endloop
  endfacet
  facet normal 0 0 -1
    outer loop
      vertex 193.642 132.44 0
      vertex 200 134 0
      vertex 193.685 132.222 0
    endloop
  endfacet
  facet normal 0 0 -1
    outer loop
      vertex 193.349 6.96511 0
      vertex 199.543 3.7039 0
      vertex 199.292 3.17162 0
    endloop
  endfacet
  facet normal 0 0 -1
    outer loop
      vertex 193.571 132.651 0
      vertex 200 134 0
      vertex 193.642 132.44 0
    endloop
  endfacet
  facet normal 0 0 -1
    outer loop
      vertex 193.349 6.96511 0
      vertex 199.292 3.17162 0
      vertex 198.989 2.66658 0
    endloop
  endfacet
  facet normal -0 0 -1
    outer loop
      vertex 200 134 0
      vertex 193.571 132.651 0
      vertex 199.971 134.588 0
    endloop
  endfacet
  facet normal 0 0 -1
    outer loop
      vertex 193.349 6.96511 0
      vertex 198.989 2.66658 0
      vertex 198.638 2.19364 0
    endloop
  endfacet
  facet normal 0 0 -1
    outer loop
      vertex 193.472 132.85 0
      vertex 199.971 134.588 0
      vertex 193.571 132.651 0
    endloop
  endfacet
  facet normal 0 0 -1
    outer loop
      vertex 193.202 6.79792 0
      vertex 198.638 2.19364 0
      vertex 198.243 1.75736 0
    endloop
  endfacet
  facet normal -0 0 -1
    outer loop
      vertex 199.971 134.588 0
      vertex 193.472 132.85 0
      vertex 199.885 135.171 0
    endloop
  endfacet
  facet normal 0 0 -1
    outer loop
      vertex 193.202 6.79792 0
      vertex 198.243 1.75736 0
      vertex 197.806 1.36194 0
    endloop
  endfacet
  facet normal -0 0 -1
    outer loop
      vertex 199.885 135.171 0
      vertex 193.472 132.85 0
      vertex 199.742 135.742 0
    endloop
  endfacet
  facet normal 0 0 -1
    outer loop
      vertex 193.202 6.79792 0
      vertex 197.806 1.36194 0
      vertex 197.333 1.01118 0
    endloop
  endfacet
  facet normal -0 0 -1
    outer loop
      vertex 199.742 135.742 0
      vertex 193.472 132.85 0
      vertex 199.543 136.296 0
    endloop
  endfacet
  facet normal 0 0 -1
    outer loop
      vertex 193.035 6.6513 0
      vertex 197.333 1.01118 0
      vertex 196.828 0.708472 0
    endloop
  endfacet
  facet normal 0 0 -1
    outer loop
      vertex 193.349 133.035 0
      vertex 199.543 136.296 0
      vertex 193.472 132.85 0
    endloop
  endfacet
  facet normal 0 0 -1
    outer loop
      vertex 193.035 6.6513 0
      vertex 196.828 0.708472 0
      vertex 196.296 0.456722 0
    endloop
  endfacet
  facet normal -0 0 -1
    outer loop
      vertex 199.543 136.296 0
      vertex 193.349 133.035 0
      vertex 199.292 136.828 0
    endloop
  endfacet
  facet normal 0 0 -1
    outer loop
      vertex 192.85 6.52776 0
      vertex 196.296 0.456722 0
      vertex 195.742 0.258357 0
    endloop
  endfacet
  facet normal -0 0 -1
    outer loop
      vertex 199.292 136.828 0
      vertex 193.349 133.035 0
      vertex 198.989 137.333 0
    endloop
  endfacet
  facet normal 0 0 -1
    outer loop
      vertex 192.85 6.52776 0
      vertex 195.742 0.258357 0
      vertex 195.171 0.115288 0
    endloop
  endfacet
  facet normal -0 0 -1
    outer loop
      vertex 198.989 137.333 0
      vertex 193.349 133.035 0
      vertex 198.638 137.806 0
    endloop
  endfacet
  facet normal 0 0 -1
    outer loop
      vertex 192.85 6.52776 0
      vertex 195.171 0.115288 0
      vertex 194.588 0.0288916 0
    endloop
  endfacet
  facet normal 0 0 -1
    outer loop
      vertex 193.202 133.202 0
      vertex 198.638 137.806 0
      vertex 193.349 133.035 0
    endloop
  endfacet
  facet normal 0 0 -1
    outer loop
      vertex 192.651 6.4294 0
      vertex 194.588 0.0288916 0
      vertex 194 0 0
    endloop
  endfacet
  facet normal -0 0 -1
    outer loop
      vertex 198.638 137.806 0
      vertex 193.202 133.202 0
      vertex 198.243 138.243 0
    endloop
  endfacet
  facet normal -0 0 -1
    outer loop
      vertex 198.243 138.243 0
      vertex 193.202 133.202 0
      vertex 197.806 138.638 0
    endloop
  endfacet
  facet normal 0 0 -1
    outer loop
      vertex 200 6 0
      vertex 193.685 7.7781 0
      vertex 193.7 8 0
    endloop
  endfacet
  facet normal 0 0 -1
    outer loop
      vertex 200 6 0
      vertex 193.642 7.56001 0
      vertex 193.685 7.7781 0
    endloop
  endfacet
  facet normal 0 0 -1
    outer loop
      vertex 200 6 0
      vertex 193.571 7.34944 0
      vertex 193.642 7.56001 0
    endloop
  endfacet
  facet normal 0 0 -1
    outer loop
      vertex 199.971 5.4119 0
      vertex 193.472 7.15 0
      vertex 193.571 7.34944 0
    endloop
  endfacet
  facet normal 0 0 -1
    outer loop
      vertex 199.543 3.7039 0
      vertex 193.349 6.96511 0
      vertex 193.472 7.15 0
    endloop
  endfacet
  facet normal 0 0 -1
    outer loop
      vertex 198.638 2.19364 0
      vertex 193.202 6.79792 0
      vertex 193.349 6.96511 0
    endloop
  endfacet
  facet normal 0 0 -1
    outer loop
      vertex 197.333 1.01118 0
      vertex 193.035 6.6513 0
      vertex 193.202 6.79792 0
    endloop
  endfacet
  facet normal 0 0 -1
    outer loop
      vertex 196.296 0.456722 0
      vertex 192.85 6.52776 0
      vertex 193.035 6.6513 0
    endloop
  endfacet
  facet normal 0 0 -1
    outer loop
      vertex 194.588 0.0288916 0
      vertex 192.651 6.4294 0
      vertex 192.85 6.52776 0
    endloop
  endfacet
  facet normal 0 0 -1
    outer loop
      vertex 194 0 0
      vertex 192.44 6.35793 0
      vertex 192.651 6.4294 0
    endloop
  endfacet
  facet normal 0 0 -1
    outer loop
      vertex 194 0 0
      vertex 192.222 6.31454 0
      vertex 192.44 6.35793 0
    endloop
  endfacet
  facet normal 0 0 -1
    outer loop
      vertex 194 0 0
      vertex 192 6.3 0
      vertex 192.222 6.31454 0
    endloop
  endfacet
  facet normal 0 0 -1
    outer loop
      vertex 194 0 0
      vertex 191.778 6.31454 0
      vertex 192 6.3 0
    endloop
  endfacet
  facet normal 0 0 -1
    outer loop
      vertex 194 0 0
      vertex 191.56 6.35793 0
      vertex 191.778 6.31454 0
    endloop
  endfacet
  facet normal 0 0 -1
    outer loop
      vertex 194 0 0
      vertex 191.349 6.4294 0
      vertex 191.56 6.35793 0
    endloop
  endfacet
  facet normal 0 0 -1
    outer loop
      vertex 194 0 0
      vertex 191.15 6.52776 0
      vertex 191.349 6.4294 0
    endloop
  endfacet
  facet normal 0 0 -1
    outer loop
      vertex 194 0 0
      vertex 190.965 6.6513 0
      vertex 191.15 6.52776 0
    endloop
  endfacet
  facet normal 0 0 -1
    outer loop
      vertex 194 0 0
      vertex 190.798 6.79792 0
      vertex 190.965 6.6513 0
    endloop
  endfacet
  facet normal 0 0 -1
    outer loop
      vertex 194 0 0
      vertex 190.651 6.96511 0
      vertex 190.798 6.79792 0
    endloop
  endfacet
  facet normal 0 0 -1
    outer loop
      vertex 194 0 0
      vertex 190.528 7.15 0
      vertex 190.651 6.96511 0
    endloop
  endfacet
  facet normal 0 0 -1
    outer loop
      vertex 121 54 0
      vertex 190.528 7.15 0
      vertex 194 0 0
    endloop
  endfacet
  facet normal -0 0 -1
    outer loop
      vertex 191.15 130.528 0
      vertex 172.651 95.5706 0
      vertex 190.965 130.651 0
    endloop
  endfacet
  facet normal 0 0 -1
    outer loop
      vertex 121 54 0
      vertex 190.3 8 0
      vertex 190.315 7.7781 0
    endloop
  endfacet
  facet normal 0 0 -1
    outer loop
      vertex 172.332 95.6673 0
      vertex 190.965 130.651 0
      vertex 172.651 95.5706 0
    endloop
  endfacet
  facet normal 0 0 -1
    outer loop
      vertex 200 6 0
      vertex 173.571 93.3494 0
      vertex 173.667 93.6684 0
    endloop
  endfacet
  facet normal 0 0 -1
    outer loop
      vertex 200 6 0
      vertex 173.413 93.0555 0
      vertex 173.571 93.3494 0
    endloop
  endfacet
  facet normal 0 0 -1
    outer loop
      vertex 192.651 9.57059 0
      vertex 173.202 92.7979 0
      vertex 173.413 93.0555 0
    endloop
  endfacet
  facet normal 0 0 -1
    outer loop
      vertex 121 54 0
      vertex 190.315 7.7781 0
      vertex 190.358 7.56001 0
    endloop
  endfacet
  facet normal 0 0 -1
    outer loop
      vertex 192.44 9.64207 0
      vertex 172.944 92.5865 0
      vertex 173.202 92.7979 0
    endloop
  endfacet
  facet normal 0 0 -1
    outer loop
      vertex 192 9.7 0
      vertex 172.651 92.4294 0
      vertex 172.944 92.5865 0
    endloop
  endfacet
  facet normal 0 0 -1
    outer loop
      vertex 191.778 9.68546 0
      vertex 172.332 92.3327 0
      vertex 172.651 92.4294 0
    endloop
  endfacet
  facet normal 0 0 -1
    outer loop
      vertex 191.349 9.57059 0
      vertex 172 92.3 0
      vertex 172.332 92.3327 0
    endloop
  endfacet
  facet normal 0 0 -1
    outer loop
      vertex 191.15 9.47224 0
      vertex 171.668 92.3327 0
      vertex 172 92.3 0
    endloop
  endfacet
  facet normal 0 0 -1
    outer loop
      vertex 190.965 9.3487 0
      vertex 121 54 0
      vertex 171.668 92.3327 0
    endloop
  endfacet
  facet normal -0 0 -1
    outer loop
      vertex 171.668 92.3327 0
      vertex 121 54 0
      vertex 171.349 92.4294 0
    endloop
  endfacet
  facet normal 0 0 -1
    outer loop
      vertex 121 57 0
      vertex 171.349 92.4294 0
      vertex 121 54 0
    endloop
  endfacet
  facet normal 0 0 -1
    outer loop
      vertex 121 58.8333 0
      vertex 171.349 92.4294 0
      vertex 121 57 0
    endloop
  endfacet
  facet normal 0 0 -1
    outer loop
      vertex 121 61.8333 0
      vertex 171.349 92.4294 0
      vertex 121 58.8333 0
    endloop
  endfacet
  facet normal -0 0 -1
    outer loop
      vertex 171.349 92.4294 0
      vertex 121 61.8333 0
      vertex 171.056 92.5865 0
    endloop
  endfacet
  facet normal 0 0 -1
    outer loop
      vertex 170.333 93.6684 0
      vertex 137.7 94 0
      vertex 170.3 94 0
    endloop
  endfacet
  facet normal 0 0 -1
    outer loop
      vertex 121 63.6667 0
      vertex 171.056 92.5865 0
      vertex 121 61.8333 0
    endloop
  endfacet
  facet normal 0 0 -1
    outer loop
      vertex 121 54 0
      vertex 190.358 7.56001 0
      vertex 190.429 7.34944 0
    endloop
  endfacet
  facet normal 0 0 -1
    outer loop
      vertex 190.528 7.15 0
      vertex 121 54 0
      vertex 190.429 7.34944 0
    endloop
  endfacet
  facet normal 0 0 -1
    outer loop
      vertex 170.333 93.6684 0
      vertex 137.667 93.6684 0
      vertex 137.7 94 0
    endloop
  endfacet
  facet normal -0 0 -1
    outer loop
      vertex 170.333 93.6684 0
      vertex 137.571 93.3494 0
      vertex 137.667 93.6684 0
    endloop
  endfacet
  facet normal 0 0 -1
    outer loop
      vertex 170.429 93.3494 0
      vertex 137.571 93.3494 0
      vertex 170.333 93.6684 0
    endloop
  endfacet
  facet normal 0 -0 -1
    outer loop
      vertex 137.571 93.3494 0
      vertex 170.429 93.3494 0
      vertex 137.413 93.0555 0
    endloop
  endfacet
  facet normal 0 -0 -1
    outer loop
      vertex 136.944 92.5865 0
      vertex 171.056 92.5865 0
      vertex 121 63.6667 0
    endloop
  endfacet
  facet normal 0 0 -1
    outer loop
      vertex 171.056 92.5865 0
      vertex 136.944 92.5865 0
      vertex 170.798 92.7979 0
    endloop
  endfacet
  facet normal 0 -0 -1
    outer loop
      vertex 137.202 92.7979 0
      vertex 170.798 92.7979 0
      vertex 136.944 92.5865 0
    endloop
  endfacet
  facet normal 0 0 -1
    outer loop
      vertex 170.587 93.0555 0
      vertex 137.413 93.0555 0
      vertex 170.429 93.3494 0
    endloop
  endfacet
  facet normal 0 0 -1
    outer loop
      vertex 170.798 92.7979 0
      vertex 137.202 92.7979 0
      vertex 170.587 93.0555 0
    endloop
  endfacet
  facet normal 0 -0 -1
    outer loop
      vertex 137.413 93.0555 0
      vertex 170.587 93.0555 0
      vertex 137.202 92.7979 0
    endloop
  endfacet
  facet normal 0 0 -1
    outer loop
      vertex 121 66.6667 0
      vertex 136.944 92.5865 0
      vertex 121 63.6667 0
    endloop
  endfacet
  facet normal 0 0 -1
    outer loop
      vertex 136.944 92.5865 0
      vertex 121 66.6667 0
      vertex 136.651 92.4294 0
    endloop
  endfacet
  facet normal 0 0 -1
    outer loop
      vertex 121 68.5 0
      vertex 136.651 92.4294 0
      vertex 121 66.6667 0
    endloop
  endfacet
  facet normal 0 0 -1
    outer loop
      vertex 121 76.3333 0
      vertex 136.332 92.3327 0
      vertex 121 73.3333 0
    endloop
  endfacet
  facet normal 0 0 -1
    outer loop
      vertex 121 73.3333 0
      vertex 136.332 92.3327 0
      vertex 121 71.5 0
    endloop
  endfacet
  facet normal 0 0 -1
    outer loop
      vertex 136.651 92.4294 0
      vertex 121 71.5 0
      vertex 136.332 92.3327 0
    endloop
  endfacet
  facet normal 0 0 -1
    outer loop
      vertex 121 71.5 0
      vertex 136.651 92.4294 0
      vertex 121 68.5 0
    endloop
  endfacet
  facet normal 0 0 -1
    outer loop
      vertex 194 0 0
      vertex 79 54 0
      vertex 121 54 0
    endloop
  endfacet
  facet normal 0 0 -1
    outer loop
      vertex 28.6506 92.4294 0
      vertex 79 57 0
      vertex 79 54 0
    endloop
  endfacet
  facet normal 0 0 -1
    outer loop
      vertex 79 57 0
      vertex 28.6506 92.4294 0
      vertex 79 58.8333 0
    endloop
  endfacet
  facet normal 0 0 -1
    outer loop
      vertex 79 58.8333 0
      vertex 28.6506 92.4294 0
      vertex 79 61.8333 0
    endloop
  endfacet
  facet normal 0 0 -1
    outer loop
      vertex 79 61.8333 0
      vertex 28.6506 92.4294 0
      vertex 79 63.6667 0
    endloop
  endfacet
  facet normal 0 -0 -1
    outer loop
      vertex 28.9445 92.5865 0
      vertex 79 63.6667 0
      vertex 28.6506 92.4294 0
    endloop
  endfacet
  facet normal -0 -0 -1
    outer loop
      vertex 63.0555 92.5865 0
      vertex 79 63.6667 0
      vertex 28.9445 92.5865 0
    endloop
  endfacet
  facet normal 0 0 -1
    outer loop
      vertex 79 66.6667 0
      vertex 63.3494 92.4294 0
      vertex 79 68.5 0
    endloop
  endfacet
  facet normal -0 -0 -1
    outer loop
      vertex 63.6683 92.3327 0
      vertex 79 71.5 0
      vertex 63.3494 92.4294 0
    endloop
  endfacet
  facet normal 0 0 -1
    outer loop
      vertex 79 71.5 0
      vertex 63.6683 92.3327 0
      vertex 79 73.3333 0
    endloop
  endfacet
  facet normal 0 0 -1
    outer loop
      vertex 79 73.3333 0
      vertex 63.6683 92.3327 0
      vertex 79 76.3333 0
    endloop
  endfacet
  facet normal 0 0 -1
    outer loop
      vertex 79 76.3333 0
      vertex 64 92.3 0
      vertex 79 78.1667 0
    endloop
  endfacet
  facet normal 0 -0 -1
    outer loop
      vertex 64.3316 92.3327 0
      vertex 79 78.1667 0
      vertex 64 92.3 0
    endloop
  endfacet
  facet normal 0 -0 -1
    outer loop
      vertex 64.6506 92.4294 0
      vertex 79 81.1667 0
      vertex 64.3316 92.3327 0
    endloop
  endfacet
  facet normal 0 0 -1
    outer loop
      vertex 79 86 0
      vertex 65.6673 93.6684 0
      vertex 65.7 94 0
    endloop
  endfacet
  facet normal 0 0 -1
    outer loop
      vertex 79 86 0
      vertex 65.5706 93.3494 0
      vertex 65.6673 93.6684 0
    endloop
  endfacet
  facet normal 0 0 -1
    outer loop
      vertex 79 86 0
      vertex 65.4135 93.0555 0
      vertex 65.5706 93.3494 0
    endloop
  endfacet
  facet normal 0 0 -1
    outer loop
      vertex 79 86 0
      vertex 65.2021 92.7979 0
      vertex 65.4135 93.0555 0
    endloop
  endfacet
  facet normal 0 0 -1
    outer loop
      vertex 79 86 0
      vertex 64.9445 92.5865 0
      vertex 65.2021 92.7979 0
    endloop
  endfacet
  facet normal 0 0 -1
    outer loop
      vertex 79 83 0
      vertex 64.9445 92.5865 0
      vertex 79 86 0
    endloop
  endfacet
  facet normal 0 -0 -1
    outer loop
      vertex 64.9445 92.5865 0
      vertex 79 83 0
      vertex 64.6506 92.4294 0
    endloop
  endfacet
  facet normal 0 0 -1
    outer loop
      vertex 79 81.1667 0
      vertex 64.6506 92.4294 0
      vertex 79 83 0
    endloop
  endfacet
  facet normal 0 0 -1
    outer loop
      vertex 79 78.1667 0
      vertex 64.3316 92.3327 0
      vertex 79 81.1667 0
    endloop
  endfacet
  facet normal -0 -0 -1
    outer loop
      vertex 64 92.3 0
      vertex 79 76.3333 0
      vertex 63.6683 92.3327 0
    endloop
  endfacet
  facet normal 0 0 -1
    outer loop
      vertex 79 68.5 0
      vertex 63.3494 92.4294 0
      vertex 79 71.5 0
    endloop
  endfacet
  facet normal -0 -0 -1
    outer loop
      vertex 63.3494 92.4294 0
      vertex 79 66.6667 0
      vertex 63.0555 92.5865 0
    endloop
  endfacet
  facet normal 0 0 -1
    outer loop
      vertex 63.0555 92.5865 0
      vertex 28.9445 92.5865 0
      vertex 62.7979 92.7979 0
    endloop
  endfacet
  facet normal 0 -0 -1
    outer loop
      vertex 29.2021 92.7979 0
      vertex 62.7979 92.7979 0
      vertex 28.9445 92.5865 0
    endloop
  endfacet
  facet normal 0 0 -1
    outer loop
      vertex 62.3327 93.6684 0
      vertex 29.7 94 0
      vertex 62.3 94 0
    endloop
  endfacet
  facet normal 0 0 -1
    outer loop
      vertex 29.6673 93.6684 0
      vertex 62.3327 93.6684 0
      vertex 62.4294 93.3494 0
    endloop
  endfacet
  facet normal 0 0 -1
    outer loop
      vertex 62.7979 92.7979 0
      vertex 29.2021 92.7979 0
      vertex 62.5865 93.0555 0
    endloop
  endfacet
  facet normal 0 0 -1
    outer loop
      vertex 62.3327 93.6684 0
      vertex 29.6673 93.6684 0
      vertex 29.7 94 0
    endloop
  endfacet
  facet normal 0 0 -1
    outer loop
      vertex 62.4294 93.3494 0
      vertex 29.5706 93.3494 0
      vertex 29.6673 93.6684 0
    endloop
  endfacet
  facet normal -0 0 -1
    outer loop
      vertex 62.4294 93.3494 0
      vertex 29.4135 93.0555 0
      vertex 29.5706 93.3494 0
    endloop
  endfacet
  facet normal 0 0 -1
    outer loop
      vertex 62.5865 93.0555 0
      vertex 29.4135 93.0555 0
      vertex 62.4294 93.3494 0
    endloop
  endfacet
  facet normal 0 -0 -1
    outer loop
      vertex 29.4135 93.0555 0
      vertex 62.5865 93.0555 0
      vertex 29.2021 92.7979 0
    endloop
  endfacet
  facet normal 0 0 -1
    outer loop
      vertex 79 63.6667 0
      vertex 63.0555 92.5865 0
      vertex 79 66.6667 0
    endloop
  endfacet
  facet normal 0 0 -1
    outer loop
      vertex 79 54 0
      vertex 28.3317 92.3327 0
      vertex 28.6506 92.4294 0
    endloop
  endfacet
  facet normal 0 0 -1
    outer loop
      vertex 9.68546 8.22189 0
      vertex 79 54 0
      vertex 9.7 8 0
    endloop
  endfacet
  facet normal 0 0 -1
    outer loop
      vertex 9.64207 8.43999 0
      vertex 79 54 0
      vertex 9.68546 8.22189 0
    endloop
  endfacet
  facet normal 0 0 -1
    outer loop
      vertex 9.57059 8.65056 0
      vertex 79 54 0
      vertex 9.64207 8.43999 0
    endloop
  endfacet
  facet normal 0 0 -1
    outer loop
      vertex 9.47224 8.85 0
      vertex 79 54 0
      vertex 9.57059 8.65056 0
    endloop
  endfacet
  facet normal 0 0 -1
    outer loop
      vertex 28.3317 92.3327 0
      vertex 8.85 9.47224 0
      vertex 28 92.3 0
    endloop
  endfacet
  facet normal 0 0 -1
    outer loop
      vertex 8.85 9.47224 0
      vertex 28.3317 92.3327 0
      vertex 9.03489 9.3487 0
    endloop
  endfacet
  facet normal -0 0 -1
    outer loop
      vertex 79 54 0
      vertex 9.03489 9.3487 0
      vertex 28.3317 92.3327 0
    endloop
  endfacet
  facet normal 0 0 -1
    outer loop
      vertex 9.03489 9.3487 0
      vertex 79 54 0
      vertex 9.20208 9.20208 0
    endloop
  endfacet
  facet normal 0 0 -1
    outer loop
      vertex 9.20208 9.20208 0
      vertex 79 54 0
      vertex 9.3487 9.03489 0
    endloop
  endfacet
  facet normal 0 0 -1
    outer loop
      vertex 9.3487 9.03489 0
      vertex 79 54 0
      vertex 9.47224 8.85 0
    endloop
  endfacet
  facet normal 0 0 -1
    outer loop
      vertex 6 0 0
      vertex 79 54 0
      vertex 194 0 0
    endloop
  endfacet
  facet normal 0 0 -1
    outer loop
      vertex 79 54 0
      vertex 9.68546 7.7781 0
      vertex 9.7 8 0
    endloop
  endfacet
  facet normal 0 0 -1
    outer loop
      vertex 79 54 0
      vertex 9.64207 7.56001 0
      vertex 9.68546 7.7781 0
    endloop
  endfacet
  facet normal 0 0 -1
    outer loop
      vertex 79 54 0
      vertex 9.57059 7.34944 0
      vertex 9.64207 7.56001 0
    endloop
  endfacet
  facet normal 0 0 -1
    outer loop
      vertex 79 54 0
      vertex 9.47224 7.15 0
      vertex 9.57059 7.34944 0
    endloop
  endfacet
  facet normal 0 0 -1
    outer loop
      vertex 79 54 0
      vertex 6 0 0
      vertex 9.47224 7.15 0
    endloop
  endfacet
  facet normal 0 0 -1
    outer loop
      vertex 9.47224 7.15 0
      vertex 6 0 0
      vertex 9.3487 6.96511 0
    endloop
  endfacet
  facet normal 0 0 -1
    outer loop
      vertex 9.3487 6.96511 0
      vertex 6 0 0
      vertex 9.20208 6.79792 0
    endloop
  endfacet
  facet normal 0 0 -1
    outer loop
      vertex 9.20208 6.79792 0
      vertex 6 0 0
      vertex 9.03489 6.6513 0
    endloop
  endfacet
  facet normal 0 0 -1
    outer loop
      vertex 9.03489 6.6513 0
      vertex 6 0 0
      vertex 8.85 6.52776 0
    endloop
  endfacet
  facet normal 0 0 -1
    outer loop
      vertex 8.85 6.52776 0
      vertex 6 0 0
      vertex 8.65056 6.4294 0
    endloop
  endfacet
  facet normal 0 0 -1
    outer loop
      vertex 8.65056 6.4294 0
      vertex 6 0 0
      vertex 8.43999 6.35793 0
    endloop
  endfacet
  facet normal 0 0 -1
    outer loop
      vertex 8.43999 6.35793 0
      vertex 6 0 0
      vertex 8.22189 6.31454 0
    endloop
  endfacet
  facet normal 0 0 -1
    outer loop
      vertex 2.19364 1.36194 0
      vertex 6.79792 6.79792 0
      vertex 2.66658 1.01118 0
    endloop
  endfacet
  facet normal -0 0 -1
    outer loop
      vertex 6.96511 6.6513 0
      vertex 2.66658 1.01118 0
      vertex 6.79792 6.79792 0
    endloop
  endfacet
  facet normal 0 0 -1
    outer loop
      vertex 2.66658 1.01118 0
      vertex 6.96511 6.6513 0
      vertex 3.17162 0.708472 0
    endloop
  endfacet
  facet normal 0 0 -1
    outer loop
      vertex 3.17162 0.708472 0
      vertex 6.96511 6.6513 0
      vertex 3.7039 0.456722 0
    endloop
  endfacet
  facet normal -0 0 -1
    outer loop
      vertex 7.15 6.52776 0
      vertex 3.7039 0.456722 0
      vertex 6.96511 6.6513 0
    endloop
  endfacet
  facet normal 0 0 -1
    outer loop
      vertex 3.7039 0.456722 0
      vertex 7.15 6.52776 0
      vertex 4.25829 0.258357 0
    endloop
  endfacet
  facet normal 0 0 -1
    outer loop
      vertex 4.25829 0.258357 0
      vertex 7.15 6.52776 0
      vertex 4.82946 0.115288 0
    endloop
  endfacet
  facet normal 0 0 -1
    outer loop
      vertex 4.82946 0.115288 0
      vertex 7.15 6.52776 0
      vertex 5.4119 0.0288916 0
    endloop
  endfacet
  facet normal -0 0 -1
    outer loop
      vertex 7.34944 6.4294 0
      vertex 5.4119 0.0288916 0
      vertex 7.15 6.52776 0
    endloop
  endfacet
  facet normal 0 0 -1
    outer loop
      vertex 5.4119 0.0288916 0
      vertex 7.34944 6.4294 0
      vertex 6 0 0
    endloop
  endfacet
  facet normal -0 0 -1
    outer loop
      vertex 7.56001 6.35793 0
      vertex 6 0 0
      vertex 7.34944 6.4294 0
    endloop
  endfacet
  facet normal -0 0 -1
    outer loop
      vertex 7.7781 6.31454 0
      vertex 6 0 0
      vertex 7.56001 6.35793 0
    endloop
  endfacet
  facet normal -0 0 -1
    outer loop
      vertex 8 6.3 0
      vertex 6 0 0
      vertex 7.7781 6.31454 0
    endloop
  endfacet
  facet normal 0 0 -1
    outer loop
      vertex 8.22189 6.31454 0
      vertex 6 0 0
      vertex 8 6.3 0
    endloop
  endfacet
  facet normal -0 0 -1
    outer loop
      vertex 197.806 138.638 0
      vertex 193.202 133.202 0
      vertex 197.333 138.989 0
    endloop
  endfacet
  facet normal 0 0 -1
    outer loop
      vertex 193.035 133.349 0
      vertex 197.333 138.989 0
      vertex 193.202 133.202 0
    endloop
  endfacet
  facet normal -0 0 -1
    outer loop
      vertex 197.333 138.989 0
      vertex 193.035 133.349 0
      vertex 196.828 139.292 0
    endloop
  endfacet
  facet normal -0 0 -1
    outer loop
      vertex 196.828 139.292 0
      vertex 193.035 133.349 0
      vertex 196.296 139.543 0
    endloop
  endfacet
  facet normal 0 0 -1
    outer loop
      vertex 192.85 133.472 0
      vertex 196.296 139.543 0
      vertex 193.035 133.349 0
    endloop
  endfacet
  facet normal -0 0 -1
    outer loop
      vertex 196.296 139.543 0
      vertex 192.85 133.472 0
      vertex 195.742 139.742 0
    endloop
  endfacet
  facet normal -0 0 -1
    outer loop
      vertex 195.742 139.742 0
      vertex 192.85 133.472 0
      vertex 195.171 139.885 0
    endloop
  endfacet
  facet normal -0 0 -1
    outer loop
      vertex 195.171 139.885 0
      vertex 192.85 133.472 0
      vertex 194.588 139.971 0
    endloop
  endfacet
  facet normal 0 0 -1
    outer loop
      vertex 192.651 133.571 0
      vertex 194.588 139.971 0
      vertex 192.85 133.472 0
    endloop
  endfacet
  facet normal -0 0 -1
    outer loop
      vertex 194.588 139.971 0
      vertex 192.651 133.571 0
      vertex 194 140 0
    endloop
  endfacet
  facet normal 0 0 -1
    outer loop
      vertex 192.44 133.642 0
      vertex 194 140 0
      vertex 192.651 133.571 0
    endloop
  endfacet
  facet normal 0 0 -1
    outer loop
      vertex 192.222 133.685 0
      vertex 194 140 0
      vertex 192.44 133.642 0
    endloop
  endfacet
  facet normal 0 0 -1
    outer loop
      vertex 192 133.7 0
      vertex 194 140 0
      vertex 192.222 133.685 0
    endloop
  endfacet
  facet normal 0 0 -1
    outer loop
      vertex 191.778 133.685 0
      vertex 194 140 0
      vertex 192 133.7 0
    endloop
  endfacet
  facet normal 0 0 -1
    outer loop
      vertex 191.56 133.642 0
      vertex 194 140 0
      vertex 191.778 133.685 0
    endloop
  endfacet
  facet normal 0 0 -1
    outer loop
      vertex 191.349 133.571 0
      vertex 194 140 0
      vertex 191.56 133.642 0
    endloop
  endfacet
  facet normal 0 0 -1
    outer loop
      vertex 191.15 133.472 0
      vertex 194 140 0
      vertex 191.349 133.571 0
    endloop
  endfacet
  facet normal 0 0 -1
    outer loop
      vertex 190.965 133.349 0
      vertex 194 140 0
      vertex 191.15 133.472 0
    endloop
  endfacet
  facet normal 0 0 -1
    outer loop
      vertex 190.798 133.202 0
      vertex 194 140 0
      vertex 190.965 133.349 0
    endloop
  endfacet
  facet normal 0 0 -1
    outer loop
      vertex 190.651 133.035 0
      vertex 194 140 0
      vertex 190.798 133.202 0
    endloop
  endfacet
  facet normal 0 0 -1
    outer loop
      vertex 190.528 132.85 0
      vertex 194 140 0
      vertex 190.651 133.035 0
    endloop
  endfacet
  facet normal 0 0 -1
    outer loop
      vertex 120 101 0
      vertex 190.528 132.85 0
      vertex 190.429 132.651 0
    endloop
  endfacet
  facet normal -0 0 -1
    outer loop
      vertex 190.965 130.651 0
      vertex 172.332 95.6673 0
      vertex 190.798 130.798 0
    endloop
  endfacet
  facet normal -0 0 -1
    outer loop
      vertex 190.798 130.798 0
      vertex 172.332 95.6673 0
      vertex 190.651 130.965 0
    endloop
  endfacet
  facet normal 0 0 -1
    outer loop
      vertex 172 95.7 0
      vertex 190.651 130.965 0
      vertex 172.332 95.6673 0
    endloop
  endfacet
  facet normal -0 0 -1
    outer loop
      vertex 190.651 130.965 0
      vertex 172 95.7 0
      vertex 190.528 131.15 0
    endloop
  endfacet
  facet normal 0 0 -1
    outer loop
      vertex 171.668 95.6673 0
      vertex 190.528 131.15 0
      vertex 172 95.7 0
    endloop
  endfacet
  facet normal -0 0 -1
    outer loop
      vertex 190.528 131.15 0
      vertex 171.668 95.6673 0
      vertex 190.429 131.349 0
    endloop
  endfacet
  facet normal -0 0 -1
    outer loop
      vertex 190.429 131.349 0
      vertex 171.668 95.6673 0
      vertex 190.358 131.56 0
    endloop
  endfacet
  facet normal 0 0 -1
    outer loop
      vertex 171.349 95.5706 0
      vertex 190.358 131.56 0
      vertex 171.668 95.6673 0
    endloop
  endfacet
  facet normal -0 0 -1
    outer loop
      vertex 190.358 131.56 0
      vertex 171.349 95.5706 0
      vertex 190.315 131.778 0
    endloop
  endfacet
  facet normal 0 0 -1
    outer loop
      vertex 136.651 95.5706 0
      vertex 190.315 131.778 0
      vertex 171.349 95.5706 0
    endloop
  endfacet
  facet normal -0 0 -1
    outer loop
      vertex 190.315 131.778 0
      vertex 136.651 95.5706 0
      vertex 190.3 132 0
    endloop
  endfacet
  facet normal -0 0 -1
    outer loop
      vertex 190.3 132 0
      vertex 136.651 95.5706 0
      vertex 190.315 132.222 0
    endloop
  endfacet
  facet normal 0 0 -1
    outer loop
      vertex 136.332 95.6673 0
      vertex 190.315 132.222 0
      vertex 136.651 95.5706 0
    endloop
  endfacet
  facet normal -0 0 -1
    outer loop
      vertex 190.315 132.222 0
      vertex 136.332 95.6673 0
      vertex 190.358 132.44 0
    endloop
  endfacet
  facet normal 0 0 -1
    outer loop
      vertex 136.651 95.5706 0
      vertex 171.349 95.5706 0
      vertex 171.056 95.4135 0
    endloop
  endfacet
  facet normal 0 0 -1
    outer loop
      vertex 136.944 95.4135 0
      vertex 171.056 95.4135 0
      vertex 170.798 95.2021 0
    endloop
  endfacet
  facet normal 0 0 -1
    outer loop
      vertex 137.202 95.2021 0
      vertex 170.798 95.2021 0
      vertex 170.587 94.9445 0
    endloop
  endfacet
  facet normal 0 0 -1
    outer loop
      vertex 137.413 94.9445 0
      vertex 170.587 94.9445 0
      vertex 170.429 94.6506 0
    endloop
  endfacet
  facet normal 0 0 -1
    outer loop
      vertex 137.7 94 0
      vertex 170.333 94.3316 0
      vertex 170.3 94 0
    endloop
  endfacet
  facet normal 0 0 -1
    outer loop
      vertex 137.667 94.3316 0
      vertex 170.333 94.3316 0
      vertex 137.7 94 0
    endloop
  endfacet
  facet normal 0 0 -1
    outer loop
      vertex 170.333 94.3316 0
      vertex 137.667 94.3316 0
      vertex 170.429 94.6506 0
    endloop
  endfacet
  facet normal 0 0 -1
    outer loop
      vertex 137.571 94.6506 0
      vertex 170.429 94.6506 0
      vertex 137.667 94.3316 0
    endloop
  endfacet
  facet normal 0 0 -1
    outer loop
      vertex 137.413 94.9445 0
      vertex 170.429 94.6506 0
      vertex 137.571 94.6506 0
    endloop
  endfacet
  facet normal 0 0 -1
    outer loop
      vertex 170.587 94.9445 0
      vertex 137.413 94.9445 0
      vertex 137.202 95.2021 0
    endloop
  endfacet
  facet normal 0 0 -1
    outer loop
      vertex 170.798 95.2021 0
      vertex 137.202 95.2021 0
      vertex 136.944 95.4135 0
    endloop
  endfacet
  facet normal 0 0 -1
    outer loop
      vertex 171.056 95.4135 0
      vertex 136.944 95.4135 0
      vertex 136.651 95.5706 0
    endloop
  endfacet
  facet normal 0 0 -1
    outer loop
      vertex 120 101 0
      vertex 190.358 132.44 0
      vertex 136.332 95.6673 0
    endloop
  endfacet
  facet normal -0 0 -1
    outer loop
      vertex 190.358 132.44 0
      vertex 120 101 0
      vertex 190.429 132.651 0
    endloop
  endfacet
  facet normal 0 0 -1
    outer loop
      vertex 120 101 0
      vertex 136.332 95.6673 0
      vertex 136 95.7 0
    endloop
  endfacet
  facet normal 0 0 -1
    outer loop
      vertex 120 101 0
      vertex 136 95.7 0
      vertex 135.668 95.6673 0
    endloop
  endfacet
  facet normal 0 0 -1
    outer loop
      vertex 120 101 0
      vertex 135.668 95.6673 0
      vertex 135.349 95.5706 0
    endloop
  endfacet
  facet normal 0 0 -1
    outer loop
      vertex 120 101 0
      vertex 135.349 95.5706 0
      vertex 135.056 95.4135 0
    endloop
  endfacet
  facet normal 0 0 -1
    outer loop
      vertex 136.332 92.3327 0
      vertex 121 76.3333 0
      vertex 136 92.3 0
    endloop
  endfacet
  facet normal 0 0 -1
    outer loop
      vertex 121 78.1667 0
      vertex 136 92.3 0
      vertex 121 76.3333 0
    endloop
  endfacet
  facet normal -0 0 -1
    outer loop
      vertex 136 92.3 0
      vertex 121 78.1667 0
      vertex 135.668 92.3327 0
    endloop
  endfacet
  facet normal 0 0 -1
    outer loop
      vertex 121 81.1667 0
      vertex 135.668 92.3327 0
      vertex 121 78.1667 0
    endloop
  endfacet
  facet normal -0 0 -1
    outer loop
      vertex 135.668 92.3327 0
      vertex 121 81.1667 0
      vertex 135.349 92.4294 0
    endloop
  endfacet
  facet normal 0 0 -1
    outer loop
      vertex 121 83 0
      vertex 135.349 92.4294 0
      vertex 121 81.1667 0
    endloop
  endfacet
  facet normal -0 0 -1
    outer loop
      vertex 135.349 92.4294 0
      vertex 121 83 0
      vertex 135.056 92.5865 0
    endloop
  endfacet
  facet normal 0 0 -1
    outer loop
      vertex 121 86 0
      vertex 135.056 92.5865 0
      vertex 121 83 0
    endloop
  endfacet
  facet normal -0 0 -1
    outer loop
      vertex 135.056 92.5865 0
      vertex 121 86 0
      vertex 134.798 92.7979 0
    endloop
  endfacet
  facet normal -0 0 -1
    outer loop
      vertex 134.798 92.7979 0
      vertex 121 86 0
      vertex 134.587 93.0555 0
    endloop
  endfacet
  facet normal -0 0 -1
    outer loop
      vertex 134.587 93.0555 0
      vertex 121 86 0
      vertex 134.429 93.3494 0
    endloop
  endfacet
  facet normal 0 0 -1
    outer loop
      vertex 120 91 0
      vertex 134.429 93.3494 0
      vertex 121 86 0
    endloop
  endfacet
  facet normal -0 0 -1
    outer loop
      vertex 134.429 93.3494 0
      vertex 120 91 0
      vertex 134.333 93.6684 0
    endloop
  endfacet
  facet normal -0 0 -1
    outer loop
      vertex 134.333 93.6684 0
      vertex 120 91 0
      vertex 134.3 94 0
    endloop
  endfacet
  facet normal -0 0 -1
    outer loop
      vertex 134.3 94 0
      vertex 120 91 0
      vertex 134.333 94.3316 0
    endloop
  endfacet
  facet normal 0 0 -1
    outer loop
      vertex 120 101 0
      vertex 134.333 94.3316 0
      vertex 120 91 0
    endloop
  endfacet
  facet normal 0 0 -1
    outer loop
      vertex 134.333 94.3316 0
      vertex 120 101 0
      vertex 134.429 94.6506 0
    endloop
  endfacet
  facet normal 0 0 -1
    outer loop
      vertex 134.429 94.6506 0
      vertex 120 101 0
      vertex 134.587 94.9445 0
    endloop
  endfacet
  facet normal 0 0 -1
    outer loop
      vertex 134.587 94.9445 0
      vertex 120 101 0
      vertex 134.798 95.2021 0
    endloop
  endfacet
  facet normal 0 0 -1
    outer loop
      vertex 134.798 95.2021 0
      vertex 120 101 0
      vertex 135.056 95.4135 0
    endloop
  endfacet
  facet normal -0 0 -1
    outer loop
      vertex 190.528 132.85 0
      vertex 120 101 0
      vertex 194 140 0
    endloop
  endfacet
  facet normal 0 0 -1
    outer loop
      vertex 108 101 0
      vertex 194 140 0
      vertex 120 101 0
    endloop
  endfacet
  facet normal 0 0 -1
    outer loop
      vertex 65.6673 94.3316 0
      vertex 79 86 0
      vertex 65.7 94 0
    endloop
  endfacet
  facet normal 0 0 -1
    outer loop
      vertex 65.5706 94.6506 0
      vertex 79 86 0
      vertex 65.6673 94.3316 0
    endloop
  endfacet
  facet normal 0 0 -1
    outer loop
      vertex 65.4135 94.9445 0
      vertex 79 86 0
      vertex 65.5706 94.6506 0
    endloop
  endfacet
  facet normal 0 0 -1
    outer loop
      vertex 79 86 0
      vertex 65.4135 94.9445 0
      vertex 108 101 0
    endloop
  endfacet
  facet normal 0 0 -1
    outer loop
      vertex 65.2021 95.2021 0
      vertex 108 101 0
      vertex 65.4135 94.9445 0
    endloop
  endfacet
  facet normal 0 0 -1
    outer loop
      vertex 64.9445 95.4135 0
      vertex 108 101 0
      vertex 65.2021 95.2021 0
    endloop
  endfacet
  facet normal 0 0 -1
    outer loop
      vertex 64.6506 95.5706 0
      vertex 108 101 0
      vertex 64.9445 95.4135 0
    endloop
  endfacet
  facet normal 0 0 -1
    outer loop
      vertex 64.3316 95.6673 0
      vertex 108 101 0
      vertex 64.6506 95.5706 0
    endloop
  endfacet
  facet normal -0 0 -1
    outer loop
      vertex 108 101 0
      vertex 64.3316 95.6673 0
      vertex 6 140 0
    endloop
  endfacet
  facet normal 0 0 -1
    outer loop
      vertex 9.47224 132.85 0
      vertex 64.3316 95.6673 0
      vertex 64 95.7 0
    endloop
  endfacet
  facet normal 0 0 -1
    outer loop
      vertex 9.64207 132.44 0
      vertex 64 95.7 0
      vertex 63.6683 95.6673 0
    endloop
  endfacet
  facet normal 0 0 -1
    outer loop
      vertex 9.68546 132.222 0
      vertex 63.6683 95.6673 0
      vertex 63.3494 95.5706 0
    endloop
  endfacet
  facet normal 0 0 -1
    outer loop
      vertex 29.7 94 0
      vertex 62.3327 94.3316 0
      vertex 62.3 94 0
    endloop
  endfacet
  facet normal 0 0 -1
    outer loop
      vertex 29.6673 94.3316 0
      vertex 62.3327 94.3316 0
      vertex 29.7 94 0
    endloop
  endfacet
  facet normal 0 0 -1
    outer loop
      vertex 62.3327 94.3316 0
      vertex 29.6673 94.3316 0
      vertex 62.4294 94.6506 0
    endloop
  endfacet
  facet normal 0 0 -1
    outer loop
      vertex 29.5706 94.6506 0
      vertex 62.4294 94.6506 0
      vertex 29.6673 94.3316 0
    endloop
  endfacet
  facet normal 0 0 -1
    outer loop
      vertex 62.4294 94.6506 0
      vertex 29.5706 94.6506 0
      vertex 62.5865 94.9445 0
    endloop
  endfacet
  facet normal 0 0 -1
    outer loop
      vertex 29.4135 94.9445 0
      vertex 62.5865 94.9445 0
      vertex 29.5706 94.6506 0
    endloop
  endfacet
  facet normal 0 0 -1
    outer loop
      vertex 62.5865 94.9445 0
      vertex 29.4135 94.9445 0
      vertex 62.7979 95.2021 0
    endloop
  endfacet
  facet normal 0 0 -1
    outer loop
      vertex 29.2021 95.2021 0
      vertex 62.7979 95.2021 0
      vertex 29.4135 94.9445 0
    endloop
  endfacet
  facet normal 0 0 -1
    outer loop
      vertex 62.7979 95.2021 0
      vertex 29.2021 95.2021 0
      vertex 63.0555 95.4135 0
    endloop
  endfacet
  facet normal 0 0 -1
    outer loop
      vertex 28.9445 95.4135 0
      vertex 63.0555 95.4135 0
      vertex 29.2021 95.2021 0
    endloop
  endfacet
  facet normal 0 0 -1
    outer loop
      vertex 63.0555 95.4135 0
      vertex 28.9445 95.4135 0
      vertex 63.3494 95.5706 0
    endloop
  endfacet
  facet normal 0 0 -1
    outer loop
      vertex 9.7 132 0
      vertex 63.3494 95.5706 0
      vertex 28.9445 95.4135 0
    endloop
  endfacet
  facet normal 0 0 -1
    outer loop
      vertex 9.7 132 0
      vertex 28.9445 95.4135 0
      vertex 28.6506 95.5706 0
    endloop
  endfacet
  facet normal 0 0 -1
    outer loop
      vertex 9.7 132 0
      vertex 28.6506 95.5706 0
      vertex 28.3317 95.6673 0
    endloop
  endfacet
  facet normal 0 0 -1
    outer loop
      vertex 9.7 132 0
      vertex 28.3317 95.6673 0
      vertex 28 95.7 0
    endloop
  endfacet
  facet normal 0 0 -1
    outer loop
      vertex 9.7 132 0
      vertex 28 95.7 0
      vertex 27.6683 95.6673 0
    endloop
  endfacet
  facet normal 0 0 -1
    outer loop
      vertex 26.3327 93.6684 0
      vertex 9.7 132 0
      vertex 26.3 94 0
    endloop
  endfacet
  facet normal 0 0 -1
    outer loop
      vertex 26.3 94 0
      vertex 9.7 132 0
      vertex 26.3327 94.3316 0
    endloop
  endfacet
  facet normal 0 0 -1
    outer loop
      vertex 9.7 132 0
      vertex 26.4294 94.6506 0
      vertex 26.3327 94.3316 0
    endloop
  endfacet
  facet normal 0 0 -1
    outer loop
      vertex 9.7 132 0
      vertex 26.5865 94.9445 0
      vertex 26.4294 94.6506 0
    endloop
  endfacet
  facet normal 0 0 -1
    outer loop
      vertex 9.7 132 0
      vertex 26.7979 95.2021 0
      vertex 26.5865 94.9445 0
    endloop
  endfacet
  facet normal 0 0 -1
    outer loop
      vertex 9.7 132 0
      vertex 27.0555 95.4135 0
      vertex 26.7979 95.2021 0
    endloop
  endfacet
  facet normal 0 0 -1
    outer loop
      vertex 9.7 132 0
      vertex 27.3494 95.5706 0
      vertex 27.0555 95.4135 0
    endloop
  endfacet
  facet normal 0 0 -1
    outer loop
      vertex 9.7 132 0
      vertex 27.6683 95.6673 0
      vertex 27.3494 95.5706 0
    endloop
  endfacet
  facet normal 0 0 -1
    outer loop
      vertex 63.3494 95.5706 0
      vertex 9.7 132 0
      vertex 9.68546 132.222 0
    endloop
  endfacet
  facet normal 0 0 -1
    outer loop
      vertex 63.6683 95.6673 0
      vertex 9.68546 132.222 0
      vertex 9.64207 132.44 0
    endloop
  endfacet
  facet normal 0 0 -1
    outer loop
      vertex 64 95.7 0
      vertex 9.64207 132.44 0
      vertex 9.57059 132.651 0
    endloop
  endfacet
  facet normal 0 0 -1
    outer loop
      vertex 64 95.7 0
      vertex 9.57059 132.651 0
      vertex 9.47224 132.85 0
    endloop
  endfacet
  facet normal 0 0 -1
    outer loop
      vertex 64.3316 95.6673 0
      vertex 9.47224 132.85 0
      vertex 6 140 0
    endloop
  endfacet
  facet normal 0 0 -1
    outer loop
      vertex 6 140 0
      vertex 9.47224 132.85 0
      vertex 9.3487 133.035 0
    endloop
  endfacet
  facet normal 0 0 -1
    outer loop
      vertex 6 140 0
      vertex 9.3487 133.035 0
      vertex 9.20208 133.202 0
    endloop
  endfacet
  facet normal 0 0 -1
    outer loop
      vertex 6 140 0
      vertex 9.20208 133.202 0
      vertex 9.03489 133.349 0
    endloop
  endfacet
  facet normal 0 0 -1
    outer loop
      vertex 6 140 0
      vertex 9.03489 133.349 0
      vertex 8.85 133.472 0
    endloop
  endfacet
  facet normal 0 0 -1
    outer loop
      vertex 6 140 0
      vertex 8.85 133.472 0
      vertex 8.65056 133.571 0
    endloop
  endfacet
  facet normal 0 0 -1
    outer loop
      vertex 6 140 0
      vertex 8.65056 133.571 0
      vertex 8.43999 133.642 0
    endloop
  endfacet
  facet normal 0 0 -1
    outer loop
      vertex 6 140 0
      vertex 8.43999 133.642 0
      vertex 8.22189 133.685 0
    endloop
  endfacet
  facet normal 0 0 -1
    outer loop
      vertex 6 140 0
      vertex 8.22189 133.685 0
      vertex 8 133.7 0
    endloop
  endfacet
  facet normal 0 0 -1
    outer loop
      vertex 108 101 0
      vertex 6 140 0
      vertex 194 140 0
    endloop
  endfacet
  facet normal 0 0 -1
    outer loop
      vertex 7.7781 133.685 0
      vertex 6 140 0
      vertex 8 133.7 0
    endloop
  endfacet
  facet normal 0 0 -1
    outer loop
      vertex 7.56001 133.642 0
      vertex 6 140 0
      vertex 7.7781 133.685 0
    endloop
  endfacet
  facet normal 0 0 -1
    outer loop
      vertex 7.34944 133.571 0
      vertex 6 140 0
      vertex 7.56001 133.642 0
    endloop
  endfacet
  facet normal 0 0 -1
    outer loop
      vertex 5.4119 139.971 0
      vertex 7.34944 133.571 0
      vertex 7.15 133.472 0
    endloop
  endfacet
  facet normal 0 0 -1
    outer loop
      vertex 3.7039 139.543 0
      vertex 7.15 133.472 0
      vertex 6.96511 133.349 0
    endloop
  endfacet
  facet normal 0 0 -1
    outer loop
      vertex 2.66658 138.989 0
      vertex 6.96511 133.349 0
      vertex 6.79792 133.202 0
    endloop
  endfacet
  facet normal 0 0 -1
    outer loop
      vertex 1.36194 137.806 0
      vertex 6.79792 133.202 0
      vertex 6.6513 133.035 0
    endloop
  endfacet
  facet normal 0 0 -1
    outer loop
      vertex 0.456722 136.296 0
      vertex 6.6513 133.035 0
      vertex 6.52776 132.85 0
    endloop
  endfacet
  facet normal 0 0 -1
    outer loop
      vertex 0.0288916 134.588 0
      vertex 6.52776 132.85 0
      vertex 6.4294 132.651 0
    endloop
  endfacet
  facet normal 0 0 -1
    outer loop
      vertex 0 134 0
      vertex 6.4294 132.651 0
      vertex 6.35793 132.44 0
    endloop
  endfacet
  facet normal 0 0 -1
    outer loop
      vertex 0 134 0
      vertex 6.35793 132.44 0
      vertex 6.31454 132.222 0
    endloop
  endfacet
  facet normal 0 0 -1
    outer loop
      vertex 0 134 0
      vertex 6.31454 132.222 0
      vertex 6.3 132 0
    endloop
  endfacet
  facet normal 0 0 -1
    outer loop
      vertex 6.35793 131.56 0
      vertex 0 134 0
      vertex 6.31454 131.778 0
    endloop
  endfacet
  facet normal 0 0 -1
    outer loop
      vertex 1.75736 1.75736 0
      vertex 6.79792 6.79792 0
      vertex 2.19364 1.36194 0
    endloop
  endfacet
  facet normal 0 0 -1
    outer loop
      vertex 6.31454 131.778 0
      vertex 0 134 0
      vertex 6.3 132 0
    endloop
  endfacet
  facet normal 0 0 -1
    outer loop
      vertex 1.36194 2.19364 0
      vertex 6.79792 6.79792 0
      vertex 1.75736 1.75736 0
    endloop
  endfacet
  facet normal 0 0 -1
    outer loop
      vertex 6.4294 132.651 0
      vertex 0 134 0
      vertex 0.0288916 134.588 0
    endloop
  endfacet
  facet normal -0 0 -1
    outer loop
      vertex 6.79792 6.79792 0
      vertex 1.36194 2.19364 0
      vertex 6.6513 6.96511 0
    endloop
  endfacet
  facet normal 0 0 -1
    outer loop
      vertex 7.34944 133.571 0
      vertex 5.4119 139.971 0
      vertex 6 140 0
    endloop
  endfacet
  facet normal 0 0 -1
    outer loop
      vertex 1.01118 2.66658 0
      vertex 6.6513 6.96511 0
      vertex 1.36194 2.19364 0
    endloop
  endfacet
  facet normal 0 0 -1
    outer loop
      vertex 7.15 133.472 0
      vertex 4.82946 139.885 0
      vertex 5.4119 139.971 0
    endloop
  endfacet
  facet normal 0 0 -1
    outer loop
      vertex 0.708472 3.17162 0
      vertex 6.6513 6.96511 0
      vertex 1.01118 2.66658 0
    endloop
  endfacet
  facet normal 0 0 -1
    outer loop
      vertex 7.15 133.472 0
      vertex 4.25829 139.742 0
      vertex 4.82946 139.885 0
    endloop
  endfacet
  facet normal 0 0 -1
    outer loop
      vertex 0.456722 3.7039 0
      vertex 6.6513 6.96511 0
      vertex 0.708472 3.17162 0
    endloop
  endfacet
  facet normal 0 0 -1
    outer loop
      vertex 7.15 133.472 0
      vertex 3.7039 139.543 0
      vertex 4.25829 139.742 0
    endloop
  endfacet
  facet normal -0 0 -1
    outer loop
      vertex 6.6513 6.96511 0
      vertex 0.456722 3.7039 0
      vertex 6.52776 7.15 0
    endloop
  endfacet
  facet normal 0 0 -1
    outer loop
      vertex 6.96511 133.349 0
      vertex 3.17162 139.292 0
      vertex 3.7039 139.543 0
    endloop
  endfacet
  facet normal 0 0 -1
    outer loop
      vertex 0.258357 4.25829 0
      vertex 6.52776 7.15 0
      vertex 0.456722 3.7039 0
    endloop
  endfacet
  facet normal 0 0 -1
    outer loop
      vertex 6.96511 133.349 0
      vertex 2.66658 138.989 0
      vertex 3.17162 139.292 0
    endloop
  endfacet
  facet normal 0 0 -1
    outer loop
      vertex 0.115288 4.82946 0
      vertex 6.52776 7.15 0
      vertex 0.258357 4.25829 0
    endloop
  endfacet
  facet normal 0 0 -1
    outer loop
      vertex 6.79792 133.202 0
      vertex 2.19364 138.638 0
      vertex 2.66658 138.989 0
    endloop
  endfacet
  facet normal 0 0 -1
    outer loop
      vertex 0.0288916 5.4119 0
      vertex 6.52776 7.15 0
      vertex 0.115288 4.82946 0
    endloop
  endfacet
  facet normal 0 0 -1
    outer loop
      vertex 6.79792 133.202 0
      vertex 1.75736 138.243 0
      vertex 2.19364 138.638 0
    endloop
  endfacet
  facet normal -0 0 -1
    outer loop
      vertex 6.52776 7.15 0
      vertex 0.0288916 5.4119 0
      vertex 6.4294 7.34944 0
    endloop
  endfacet
  facet normal 0 0 -1
    outer loop
      vertex 6.79792 133.202 0
      vertex 1.36194 137.806 0
      vertex 1.75736 138.243 0
    endloop
  endfacet
  facet normal 0 0 -1
    outer loop
      vertex 0 6 0
      vertex 6.4294 7.34944 0
      vertex 0.0288916 5.4119 0
    endloop
  endfacet
  facet normal 0 0 -1
    outer loop
      vertex 6.6513 133.035 0
      vertex 1.01118 137.333 0
      vertex 1.36194 137.806 0
    endloop
  endfacet
  facet normal -0 0 -1
    outer loop
      vertex 6.4294 7.34944 0
      vertex 0 6 0
      vertex 6.35793 7.56001 0
    endloop
  endfacet
  facet normal 0 0 -1
    outer loop
      vertex 6.6513 133.035 0
      vertex 0.708472 136.828 0
      vertex 1.01118 137.333 0
    endloop
  endfacet
  facet normal -0 0 -1
    outer loop
      vertex 6.35793 7.56001 0
      vertex 0 6 0
      vertex 6.31454 7.7781 0
    endloop
  endfacet
  facet normal 0 0 -1
    outer loop
      vertex 6.6513 133.035 0
      vertex 0.456722 136.296 0
      vertex 0.708472 136.828 0
    endloop
  endfacet
  facet normal -0 0 -1
    outer loop
      vertex 6.31454 7.7781 0
      vertex 0 6 0
      vertex 6.3 8 0
    endloop
  endfacet
  facet normal 0 0 -1
    outer loop
      vertex 6.52776 132.85 0
      vertex 0.258357 135.742 0
      vertex 0.456722 136.296 0
    endloop
  endfacet
  facet normal 0 0 -1
    outer loop
      vertex 6.52776 132.85 0
      vertex 0.115288 135.171 0
      vertex 0.258357 135.742 0
    endloop
  endfacet
  facet normal 0 0 -1
    outer loop
      vertex 6.52776 132.85 0
      vertex 0.0288916 134.588 0
      vertex 0.115288 135.171 0
    endloop
  endfacet
  facet normal 0.243046 -0.970015 0
    outer loop
      vertex 195.171 0.115288 0
      vertex 195.742 0.258357 2.4
      vertex 195.171 0.115288 2.4
    endloop
  endfacet
  facet normal 0.243046 -0.970015 0
    outer loop
      vertex 195.742 0.258357 2.4
      vertex 195.171 0.115288 0
      vertex 195.742 0.258357 0
    endloop
  endfacet
  facet normal -0.803204 -0.595703 0
    outer loop
      vertex 1.36194 2.19364 0
      vertex 1.01118 2.66658 2.4
      vertex 1.01118 2.66658 0
    endloop
  endfacet
  facet normal -0.803204 -0.595703 0
    outer loop
      vertex 1.01118 2.66658 2.4
      vertex 1.36194 2.19364 0
      vertex 1.36194 2.19364 2.4
    endloop
  endfacet
  facet normal 0.514131 -0.857712 0
    outer loop
      vertex 196.828 0.708472 0
      vertex 197.333 1.01118 2.4
      vertex 196.828 0.708472 2.4
    endloop
  endfacet
  facet normal 0.514131 -0.857712 0
    outer loop
      vertex 197.333 1.01118 2.4
      vertex 196.828 0.708472 0
      vertex 197.333 1.01118 0
    endloop
  endfacet
  facet normal -0.514466 0.857511 0
    outer loop
      vertex 3.17162 139.292 0
      vertex 2.66658 138.989 2.4
      vertex 3.17162 139.292 2.4
    endloop
  endfacet
  facet normal -0.514466 0.857511 0
    outer loop
      vertex 2.66658 138.989 2.4
      vertex 3.17162 139.292 0
      vertex 2.66658 138.989 0
    endloop
  endfacet
  facet normal 0.670558 0.741857 -0
    outer loop
      vertex 198.243 138.243 0
      vertex 197.806 138.638 2.4
      vertex 198.243 138.243 2.4
    endloop
  endfacet
  facet normal 0.670558 0.741857 0
    outer loop
      vertex 197.806 138.638 2.4
      vertex 198.243 138.243 0
      vertex 197.806 138.638 0
    endloop
  endfacet
  facet normal 0.904481 -0.426514 0
    outer loop
      vertex 199.292 3.17162 2.4
      vertex 199.543 3.7039 0
      vertex 199.543 3.7039 2.4
    endloop
  endfacet
  facet normal 0.904481 -0.426514 0
    outer loop
      vertex 199.543 3.7039 0
      vertex 199.292 3.17162 2.4
      vertex 199.292 3.17162 0
    endloop
  endfacet
  facet normal -0.970015 0.243046 0
    outer loop
      vertex 0.115288 135.171 0
      vertex 0.258357 135.742 2.4
      vertex 0.258357 135.742 0
    endloop
  endfacet
  facet normal -0.970015 0.243046 0
    outer loop
      vertex 0.258357 135.742 2.4
      vertex 0.115288 135.171 0
      vertex 0.115288 135.171 2.4
    endloop
  endfacet
  facet normal -0.146071 0.989274 0
    outer loop
      vertex 5.4119 139.971 0
      vertex 4.82946 139.885 2.4
      vertex 5.4119 139.971 2.4
    endloop
  endfacet
  facet normal -0.146071 0.989274 0
    outer loop
      vertex 4.82946 139.885 2.4
      vertex 5.4119 139.971 0
      vertex 4.82946 139.885 0
    endloop
  endfacet
  facet normal 1 -0 0
    outer loop
      vertex 200 6 2.4
      vertex 200 134 0
      vertex 200 134 2.4
    endloop
  endfacet
  facet normal 1 0 0
    outer loop
      vertex 200 134 0
      vertex 200 6 2.4
      vertex 200 6 0
    endloop
  endfacet
  facet normal 0 -1 0
    outer loop
      vertex 6 0 0
      vertex 194 0 2.4
      vertex 6 0 2.4
    endloop
  endfacet
  facet normal 0 -1 -0
    outer loop
      vertex 194 0 2.4
      vertex 6 0 0
      vertex 194 0 0
    endloop
  endfacet
  facet normal 0 1 -0
    outer loop
      vertex 194 140 0
      vertex 6 140 2.4
      vertex 194 140 2.4
    endloop
  endfacet
  facet normal 0 1 0
    outer loop
      vertex 6 140 2.4
      vertex 194 140 0
      vertex 6 140 0
    endloop
  endfacet
  facet normal 0.427739 -0.903902 0
    outer loop
      vertex 196.296 0.456722 0
      vertex 196.828 0.708472 2.4
      vertex 196.296 0.456722 2.4
    endloop
  endfacet
  facet normal 0.427739 -0.903902 0
    outer loop
      vertex 196.828 0.708472 2.4
      vertex 196.296 0.456722 0
      vertex 196.828 0.708472 0
    endloop
  endfacet
  facet normal 0.970042 0.242935 0
    outer loop
      vertex 199.885 135.171 2.4
      vertex 199.742 135.742 0
      vertex 199.742 135.742 2.4
    endloop
  endfacet
  facet normal 0.970042 0.242935 0
    outer loop
      vertex 199.742 135.742 0
      vertex 199.885 135.171 2.4
      vertex 199.885 135.171 0
    endloop
  endfacet
  facet normal -0.427556 -0.903989 0
    outer loop
      vertex 3.17162 0.708472 0
      vertex 3.7039 0.456722 2.4
      vertex 3.17162 0.708472 2.4
    endloop
  endfacet
  facet normal -0.427556 -0.903989 -0
    outer loop
      vertex 3.7039 0.456722 2.4
      vertex 3.17162 0.708472 0
      vertex 3.7039 0.456722 0
    endloop
  endfacet
  facet normal 0.97006 -0.242867 0
    outer loop
      vertex 199.742 4.25829 2.4
      vertex 199.885 4.82946 0
      vertex 199.885 4.82946 2.4
    endloop
  endfacet
  facet normal 0.97006 -0.242867 0
    outer loop
      vertex 199.885 4.82946 0
      vertex 199.742 4.25829 2.4
      vertex 199.742 4.25829 0
    endloop
  endfacet
  facet normal 0.989274 -0.146071 0
    outer loop
      vertex 199.885 4.82946 2.4
      vertex 199.971 5.4119 0
      vertex 199.971 5.4119 2.4
    endloop
  endfacet
  facet normal 0.989274 -0.146071 0
    outer loop
      vertex 199.971 5.4119 0
      vertex 199.885 4.82946 2.4
      vertex 199.885 4.82946 0
    endloop
  endfacet
  facet normal -1 0 0
    outer loop
      vertex 0 6 0
      vertex 0 134 2.4
      vertex 0 134 0
    endloop
  endfacet
  facet normal -1 -0 0
    outer loop
      vertex 0 134 2.4
      vertex 0 6 0
      vertex 0 6 2.4
    endloop
  endfacet
  facet normal -0.998795 0.0490762 0
    outer loop
      vertex 0 134 0
      vertex 0.0288916 134.588 2.4
      vertex 0.0288916 134.588 0
    endloop
  endfacet
  facet normal -0.998795 0.0490762 0
    outer loop
      vertex 0.0288916 134.588 2.4
      vertex 0 134 0
      vertex 0 134 2.4
    endloop
  endfacet
  facet normal 0.998786 -0.0492515 0
    outer loop
      vertex 199.971 5.4119 2.4
      vertex 200 6 0
      vertex 200 6 2.4
    endloop
  endfacet
  facet normal 0.998786 -0.0492515 0
    outer loop
      vertex 200 6 0
      vertex 199.971 5.4119 2.4
      vertex 199.971 5.4119 0
    endloop
  endfacet
  facet normal 0.989294 0.145934 0
    outer loop
      vertex 199.971 134.588 2.4
      vertex 199.885 135.171 0
      vertex 199.885 135.171 2.4
    endloop
  endfacet
  facet normal 0.989294 0.145934 0
    outer loop
      vertex 199.885 135.171 0
      vertex 199.971 134.588 2.4
      vertex 199.971 134.588 0
    endloop
  endfacet
  facet normal -0.989177 -0.14673 0
    outer loop
      vertex 0.115288 4.82946 0
      vertex 0.0288916 5.4119 2.4
      vertex 0.0288916 5.4119 0
    endloop
  endfacet
  facet normal -0.989177 -0.14673 0
    outer loop
      vertex 0.0288916 5.4119 2.4
      vertex 0.115288 4.82946 0
      vertex 0.115288 4.82946 2.4
    endloop
  endfacet
  facet normal 0.941201 -0.337847 0
    outer loop
      vertex 199.543 3.7039 2.4
      vertex 199.742 4.25829 0
      vertex 199.742 4.25829 2.4
    endloop
  endfacet
  facet normal 0.941201 -0.337847 0
    outer loop
      vertex 199.742 4.25829 0
      vertex 199.543 3.7039 2.4
      vertex 199.543 3.7039 0
    endloop
  endfacet
  facet normal 0.803046 0.595918 0
    outer loop
      vertex 198.989 137.333 2.4
      vertex 198.638 137.806 0
      vertex 198.638 137.806 2.4
    endloop
  endfacet
  facet normal 0.803046 0.595918 0
    outer loop
      vertex 198.638 137.806 0
      vertex 198.989 137.333 2.4
      vertex 198.989 137.333 0
    endloop
  endfacet
  facet normal 0.803009 -0.595966 0
    outer loop
      vertex 198.638 2.19364 2.4
      vertex 198.989 2.66658 0
      vertex 198.989 2.66658 2.4
    endloop
  endfacet
  facet normal 0.803009 -0.595966 0
    outer loop
      vertex 198.989 2.66658 0
      vertex 198.638 2.19364 2.4
      vertex 198.638 2.19364 0
    endloop
  endfacet
  facet normal 0.941125 0.338058 0
    outer loop
      vertex 199.742 135.742 2.4
      vertex 199.543 136.296 0
      vertex 199.543 136.296 2.4
    endloop
  endfacet
  facet normal 0.941125 0.338058 0
    outer loop
      vertex 199.543 136.296 0
      vertex 199.742 135.742 2.4
      vertex 199.742 135.742 0
    endloop
  endfacet
  facet normal -0.671558 -0.740952 0
    outer loop
      vertex 1.75736 1.75736 0
      vertex 2.19364 1.36194 2.4
      vertex 1.75736 1.75736 2.4
    endloop
  endfacet
  facet normal -0.671558 -0.740952 -0
    outer loop
      vertex 2.19364 1.36194 2.4
      vertex 1.75736 1.75736 0
      vertex 2.19364 1.36194 0
    endloop
  endfacet
  facet normal 0.338058 0.941125 -0
    outer loop
      vertex 196.296 139.543 0
      vertex 195.742 139.742 2.4
      vertex 196.296 139.543 2.4
    endloop
  endfacet
  facet normal 0.338058 0.941125 0
    outer loop
      vertex 195.742 139.742 2.4
      vertex 196.296 139.543 0
      vertex 195.742 139.742 0
    endloop
  endfacet
  facet normal 0.426697 0.904394 -0
    outer loop
      vertex 196.828 139.292 0
      vertex 196.296 139.543 2.4
      vertex 196.828 139.292 2.4
    endloop
  endfacet
  facet normal 0.426697 0.904394 0
    outer loop
      vertex 196.296 139.543 2.4
      vertex 196.828 139.292 0
      vertex 196.296 139.543 0
    endloop
  endfacet
  facet normal 0.741857 0.670558 0
    outer loop
      vertex 198.638 137.806 2.4
      vertex 198.243 138.243 0
      vertex 198.243 138.243 2.4
    endloop
  endfacet
  facet normal 0.741857 0.670558 0
    outer loop
      vertex 198.243 138.243 0
      vertex 198.638 137.806 2.4
      vertex 198.638 137.806 0
    endloop
  endfacet
  facet normal -0.242978 -0.970032 0
    outer loop
      vertex 4.25829 0.258357 0
      vertex 4.82946 0.115288 2.4
      vertex 4.25829 0.258357 2.4
    endloop
  endfacet
  facet normal -0.242978 -0.970032 -0
    outer loop
      vertex 4.82946 0.115288 2.4
      vertex 4.25829 0.258357 0
      vertex 4.82946 0.115288 0
    endloop
  endfacet
  facet normal 0.146592 -0.989197 0
    outer loop
      vertex 194.588 0.0288916 0
      vertex 195.171 0.115288 2.4
      vertex 194.588 0.0288916 2.4
    endloop
  endfacet
  facet normal 0.146592 -0.989197 0
    outer loop
      vertex 195.171 0.115288 2.4
      vertex 194.588 0.0288916 0
      vertex 195.171 0.115288 0
    endloop
  endfacet
  facet normal -0.595703 -0.803204 0
    outer loop
      vertex 2.19364 1.36194 0
      vertex 2.66658 1.01118 2.4
      vertex 2.19364 1.36194 2.4
    endloop
  endfacet
  facet normal -0.595703 -0.803204 -0
    outer loop
      vertex 2.66658 1.01118 2.4
      vertex 2.19364 1.36194 0
      vertex 2.66658 1.01118 0
    endloop
  endfacet
  facet normal 0.595918 0.803046 -0
    outer loop
      vertex 197.806 138.638 0
      vertex 197.333 138.989 2.4
      vertex 197.806 138.638 2.4
    endloop
  endfacet
  facet normal 0.595918 0.803046 0
    outer loop
      vertex 197.333 138.989 2.4
      vertex 197.806 138.638 0
      vertex 197.333 138.989 0
    endloop
  endfacet
  facet normal -0.998795 -0.0490678 0
    outer loop
      vertex 0.0288916 5.4119 0
      vertex 0 6 2.4
      vertex 0 6 0
    endloop
  endfacet
  facet normal -0.998795 -0.0490678 0
    outer loop
      vertex 0 6 2.4
      vertex 0.0288916 5.4119 0
      vertex 0.0288916 5.4119 2.4
    endloop
  endfacet
  facet normal 0.67095 -0.741503 0
    outer loop
      vertex 197.806 1.36194 0
      vertex 198.243 1.75736 2.4
      vertex 197.806 1.36194 2.4
    endloop
  endfacet
  facet normal 0.67095 -0.741503 0
    outer loop
      vertex 198.243 1.75736 2.4
      vertex 197.806 1.36194 0
      vertex 198.243 1.75736 0
    endloop
  endfacet
  facet normal -0.337847 0.941201 0
    outer loop
      vertex 4.25829 139.742 0
      vertex 3.7039 139.543 2.4
      vertex 4.25829 139.742 2.4
    endloop
  endfacet
  facet normal -0.337847 0.941201 0
    outer loop
      vertex 3.7039 139.543 2.4
      vertex 4.25829 139.742 0
      vertex 3.7039 139.543 0
    endloop
  endfacet
  facet normal 0.857493 0.514496 0
    outer loop
      vertex 199.292 136.828 2.4
      vertex 198.989 137.333 0
      vertex 198.989 137.333 2.4
    endloop
  endfacet
  facet normal 0.857493 0.514496 0
    outer loop
      vertex 198.989 137.333 0
      vertex 199.292 136.828 2.4
      vertex 199.292 136.828 0
    endloop
  endfacet
  facet normal 0.857511 -0.514466 0
    outer loop
      vertex 198.989 2.66658 2.4
      vertex 199.292 3.17162 0
      vertex 199.292 3.17162 2.4
    endloop
  endfacet
  facet normal 0.857511 -0.514466 0
    outer loop
      vertex 199.292 3.17162 0
      vertex 198.989 2.66658 2.4
      vertex 198.989 2.66658 0
    endloop
  endfacet
  facet normal 0.0490762 -0.998795 0
    outer loop
      vertex 194 0 0
      vertex 194.588 0.0288916 2.4
      vertex 194 0 2.4
    endloop
  endfacet
  facet normal 0.0490762 -0.998795 0
    outer loop
      vertex 194.588 0.0288916 2.4
      vertex 194 0 0
      vertex 194.588 0.0288916 0
    endloop
  endfacet
  facet normal 0.514496 0.857493 -0
    outer loop
      vertex 197.333 138.989 0
      vertex 196.828 139.292 2.4
      vertex 197.333 138.989 2.4
    endloop
  endfacet
  facet normal 0.514496 0.857493 0
    outer loop
      vertex 196.828 139.292 2.4
      vertex 197.333 138.989 0
      vertex 196.828 139.292 0
    endloop
  endfacet
  facet normal -0.989197 0.146592 0
    outer loop
      vertex 0.0288916 134.588 0
      vertex 0.115288 135.171 2.4
      vertex 0.115288 135.171 0
    endloop
  endfacet
  facet normal -0.989197 0.146592 0
    outer loop
      vertex 0.115288 135.171 2.4
      vertex 0.0288916 134.588 0
      vertex 0.0288916 134.588 2.4
    endloop
  endfacet
  facet normal 0.595655 -0.803241 0
    outer loop
      vertex 197.333 1.01118 0
      vertex 197.806 1.36194 2.4
      vertex 197.333 1.01118 2.4
    endloop
  endfacet
  facet normal 0.595655 -0.803241 0
    outer loop
      vertex 197.806 1.36194 2.4
      vertex 197.333 1.01118 0
      vertex 197.806 1.36194 0
    endloop
  endfacet
  facet normal -0.85773 -0.514101 0
    outer loop
      vertex 1.01118 2.66658 0
      vertex 0.708472 3.17162 2.4
      vertex 0.708472 3.17162 0
    endloop
  endfacet
  facet normal -0.85773 -0.514101 0
    outer loop
      vertex 0.708472 3.17162 2.4
      vertex 1.01118 2.66658 0
      vertex 1.01118 2.66658 2.4
    endloop
  endfacet
  facet normal 0.0492599 0.998786 -0
    outer loop
      vertex 194.588 139.971 0
      vertex 194 140 2.4
      vertex 194.588 139.971 2.4
    endloop
  endfacet
  facet normal 0.0492599 0.998786 0
    outer loop
      vertex 194 140 2.4
      vertex 194.588 139.971 0
      vertex 194 140 0
    endloop
  endfacet
  facet normal -0.426514 0.904481 0
    outer loop
      vertex 3.7039 139.543 0
      vertex 3.17162 139.292 2.4
      vertex 3.7039 139.543 2.4
    endloop
  endfacet
  facet normal -0.426514 0.904481 0
    outer loop
      vertex 3.17162 139.292 2.4
      vertex 3.7039 139.543 0
      vertex 3.17162 139.292 0
    endloop
  endfacet
  facet normal -0.242867 0.97006 0
    outer loop
      vertex 4.82946 139.885 0
      vertex 4.25829 139.742 2.4
      vertex 4.82946 139.885 2.4
    endloop
  endfacet
  facet normal -0.242867 0.97006 0
    outer loop
      vertex 4.25829 139.742 2.4
      vertex 4.82946 139.885 0
      vertex 4.25829 139.742 0
    endloop
  endfacet
  facet normal -0.336891 -0.941543 0
    outer loop
      vertex 3.7039 0.456722 0
      vertex 4.25829 0.258357 2.4
      vertex 3.7039 0.456722 2.4
    endloop
  endfacet
  facet normal -0.336891 -0.941543 -0
    outer loop
      vertex 4.25829 0.258357 2.4
      vertex 3.7039 0.456722 0
      vertex 4.25829 0.258357 0
    endloop
  endfacet
  facet normal 0.741307 -0.671166 0
    outer loop
      vertex 198.243 1.75736 2.4
      vertex 198.638 2.19364 0
      vertex 198.638 2.19364 2.4
    endloop
  endfacet
  facet normal 0.741307 -0.671166 0
    outer loop
      vertex 198.638 2.19364 0
      vertex 198.243 1.75736 2.4
      vertex 198.243 1.75736 0
    endloop
  endfacet
  facet normal -0.941468 0.337102 0
    outer loop
      vertex 0.258357 135.742 0
      vertex 0.456722 136.296 2.4
      vertex 0.456722 136.296 0
    endloop
  endfacet
  facet normal -0.941468 0.337102 0
    outer loop
      vertex 0.456722 136.296 2.4
      vertex 0.258357 135.742 0
      vertex 0.258357 135.742 2.4
    endloop
  endfacet
  facet normal -0.970032 -0.242978 0
    outer loop
      vertex 0.258357 4.25829 0
      vertex 0.115288 4.82946 2.4
      vertex 0.115288 4.82946 0
    endloop
  endfacet
  facet normal -0.970032 -0.242978 0
    outer loop
      vertex 0.115288 4.82946 2.4
      vertex 0.258357 4.25829 0
      vertex 0.258357 4.25829 2.4
    endloop
  endfacet
  facet normal 0.242935 0.970042 -0
    outer loop
      vertex 195.742 139.742 0
      vertex 195.171 139.885 2.4
      vertex 195.742 139.742 2.4
    endloop
  endfacet
  facet normal 0.242935 0.970042 0
    outer loop
      vertex 195.171 139.885 2.4
      vertex 195.742 139.742 0
      vertex 195.171 139.885 0
    endloop
  endfacet
  facet normal -0.903902 0.427739 0
    outer loop
      vertex 0.456722 136.296 0
      vertex 0.708472 136.828 2.4
      vertex 0.708472 136.828 0
    endloop
  endfacet
  facet normal -0.903902 0.427739 0
    outer loop
      vertex 0.708472 136.828 2.4
      vertex 0.456722 136.296 0
      vertex 0.456722 136.296 2.4
    endloop
  endfacet
  facet normal -0.741503 0.67095 0
    outer loop
      vertex 1.36194 137.806 0
      vertex 1.75736 138.243 2.4
      vertex 1.75736 138.243 0
    endloop
  endfacet
  facet normal -0.741503 0.67095 0
    outer loop
      vertex 1.75736 138.243 2.4
      vertex 1.36194 137.806 0
      vertex 1.36194 137.806 2.4
    endloop
  endfacet
  facet normal -0.857712 0.514131 0
    outer loop
      vertex 0.708472 136.828 0
      vertex 1.01118 137.333 2.4
      vertex 1.01118 137.333 0
    endloop
  endfacet
  facet normal -0.857712 0.514131 0
    outer loop
      vertex 1.01118 137.333 2.4
      vertex 0.708472 136.828 0
      vertex 0.708472 136.828 2.4
    endloop
  endfacet
  facet normal -0.0492515 0.998786 0
    outer loop
      vertex 6 140 0
      vertex 5.4119 139.971 2.4
      vertex 6 140 2.4
    endloop
  endfacet
  facet normal -0.0492515 0.998786 0
    outer loop
      vertex 5.4119 139.971 2.4
      vertex 6 140 0
      vertex 5.4119 139.971 0
    endloop
  endfacet
  facet normal 0.904394 0.426697 0
    outer loop
      vertex 199.543 136.296 2.4
      vertex 199.292 136.828 0
      vertex 199.292 136.828 2.4
    endloop
  endfacet
  facet normal 0.904394 0.426697 0
    outer loop
      vertex 199.292 136.828 0
      vertex 199.543 136.296 2.4
      vertex 199.543 136.296 0
    endloop
  endfacet
  facet normal -0.671166 0.741307 0
    outer loop
      vertex 2.19364 138.638 0
      vertex 1.75736 138.243 2.4
      vertex 2.19364 138.638 2.4
    endloop
  endfacet
  facet normal -0.671166 0.741307 0
    outer loop
      vertex 1.75736 138.243 2.4
      vertex 2.19364 138.638 0
      vertex 1.75736 138.243 0
    endloop
  endfacet
  facet normal -0.803241 0.595655 0
    outer loop
      vertex 1.01118 137.333 0
      vertex 1.36194 137.806 2.4
      vertex 1.36194 137.806 0
    endloop
  endfacet
  facet normal -0.803241 0.595655 0
    outer loop
      vertex 1.36194 137.806 2.4
      vertex 1.01118 137.333 0
      vertex 1.01118 137.333 2.4
    endloop
  endfacet
  facet normal -0.595966 0.803009 0
    outer loop
      vertex 2.66658 138.989 0
      vertex 2.19364 138.638 2.4
      vertex 2.66658 138.989 2.4
    endloop
  endfacet
  facet normal -0.595966 0.803009 0
    outer loop
      vertex 2.19364 138.638 2.4
      vertex 2.66658 138.989 0
      vertex 2.19364 138.638 0
    endloop
  endfacet
  facet normal 0.998786 0.0492599 0
    outer loop
      vertex 200 134 2.4
      vertex 199.971 134.588 0
      vertex 199.971 134.588 2.4
    endloop
  endfacet
  facet normal 0.998786 0.0492599 0
    outer loop
      vertex 199.971 134.588 0
      vertex 200 134 2.4
      vertex 200 134 0
    endloop
  endfacet
  facet normal 0.337102 -0.941468 0
    outer loop
      vertex 195.742 0.258357 0
      vertex 196.296 0.456722 2.4
      vertex 195.742 0.258357 2.4
    endloop
  endfacet
  facet normal 0.337102 -0.941468 0
    outer loop
      vertex 196.296 0.456722 2.4
      vertex 195.742 0.258357 0
      vertex 196.296 0.456722 0
    endloop
  endfacet
  facet normal -0.903989 -0.427556 0
    outer loop
      vertex 0.708472 3.17162 0
      vertex 0.456722 3.7039 2.4
      vertex 0.456722 3.7039 0
    endloop
  endfacet
  facet normal -0.903989 -0.427556 0
    outer loop
      vertex 0.456722 3.7039 2.4
      vertex 0.708472 3.17162 0
      vertex 0.708472 3.17162 2.4
    endloop
  endfacet
  facet normal -0.941543 -0.336891 0
    outer loop
      vertex 0.456722 3.7039 0
      vertex 0.258357 4.25829 2.4
      vertex 0.258357 4.25829 0
    endloop
  endfacet
  facet normal -0.941543 -0.336891 0
    outer loop
      vertex 0.258357 4.25829 2.4
      vertex 0.456722 3.7039 0
      vertex 0.456722 3.7039 2.4
    endloop
  endfacet
  facet normal -0.514101 -0.85773 0
    outer loop
      vertex 2.66658 1.01118 0
      vertex 3.17162 0.708472 2.4
      vertex 2.66658 1.01118 2.4
    endloop
  endfacet
  facet normal -0.514101 -0.85773 -0
    outer loop
      vertex 3.17162 0.708472 2.4
      vertex 2.66658 1.01118 0
      vertex 3.17162 0.708472 0
    endloop
  endfacet
  facet normal -0.0490678 -0.998795 0
    outer loop
      vertex 5.4119 0.0288916 0
      vertex 6 0 2.4
      vertex 5.4119 0.0288916 2.4
    endloop
  endfacet
  facet normal -0.0490678 -0.998795 -0
    outer loop
      vertex 6 0 2.4
      vertex 5.4119 0.0288916 0
      vertex 6 0 0
    endloop
  endfacet
  facet normal -0.14673 -0.989177 0
    outer loop
      vertex 4.82946 0.115288 0
      vertex 5.4119 0.0288916 2.4
      vertex 4.82946 0.115288 2.4
    endloop
  endfacet
  facet normal -0.14673 -0.989177 -0
    outer loop
      vertex 5.4119 0.0288916 2.4
      vertex 4.82946 0.115288 0
      vertex 5.4119 0.0288916 0
    endloop
  endfacet
  facet normal 0 0 1
    outer loop
      vertex 6.35793 8.43999 2.4
      vertex 0 6 2.4
      vertex 6.31454 8.22189 2.4
    endloop
  endfacet
  facet normal 0 -0 1
    outer loop
      vertex 0.0288916 5.4119 2.4
      vertex 6.3 8 2.4
      vertex 0 6 2.4
    endloop
  endfacet
  facet normal 0 0 1
    outer loop
      vertex 6.3 8 2.4
      vertex 4.25829 0.258357 2.4
      vertex 4.82946 0.115288 2.4
    endloop
  endfacet
  facet normal 0 0 1
    outer loop
      vertex 6.3 8 2.4
      vertex 3.7039 0.456722 2.4
      vertex 4.25829 0.258357 2.4
    endloop
  endfacet
  facet normal 0 0 1
    outer loop
      vertex 6.31454 8.22189 2.4
      vertex 0 6 2.4
      vertex 6.3 8 2.4
    endloop
  endfacet
  facet normal 0 0 1
    outer loop
      vertex 6.3 8 2.4
      vertex 3.17162 0.708472 2.4
      vertex 3.7039 0.456722 2.4
    endloop
  endfacet
  facet normal 0 0 1
    outer loop
      vertex 2.8 124.5 2.4
      vertex 0 134 2.4
      vertex 2.8 15.5 2.4
    endloop
  endfacet
  facet normal 0 0 1
    outer loop
      vertex 0 134 2.4
      vertex 2.66658 138.989 2.4
      vertex 2.19364 138.638 2.4
    endloop
  endfacet
  facet normal 0 0 1
    outer loop
      vertex 0 6 2.4
      vertex 2.8 15.5 2.4
      vertex 0 134 2.4
    endloop
  endfacet
  facet normal 0 0 1
    outer loop
      vertex 0 134 2.4
      vertex 2.19364 138.638 2.4
      vertex 1.75736 138.243 2.4
    endloop
  endfacet
  facet normal 0 0 1
    outer loop
      vertex 6.3 8 2.4
      vertex 2.66658 1.01118 2.4
      vertex 3.17162 0.708472 2.4
    endloop
  endfacet
  facet normal 0 0 1
    outer loop
      vertex 0 134 2.4
      vertex 1.75736 138.243 2.4
      vertex 1.36194 137.806 2.4
    endloop
  endfacet
  facet normal 0 0 1
    outer loop
      vertex 6.3 8 2.4
      vertex 2.19364 1.36194 2.4
      vertex 2.66658 1.01118 2.4
    endloop
  endfacet
  facet normal 0 0 1
    outer loop
      vertex 0 134 2.4
      vertex 1.36194 137.806 2.4
      vertex 1.01118 137.333 2.4
    endloop
  endfacet
  facet normal 0 0 1
    outer loop
      vertex 6.3 8 2.4
      vertex 1.75736 1.75736 2.4
      vertex 2.19364 1.36194 2.4
    endloop
  endfacet
  facet normal 0 0 1
    outer loop
      vertex 0 134 2.4
      vertex 1.01118 137.333 2.4
      vertex 0.708472 136.828 2.4
    endloop
  endfacet
  facet normal 0 0 1
    outer loop
      vertex 6.3 8 2.4
      vertex 1.36194 2.19364 2.4
      vertex 1.75736 1.75736 2.4
    endloop
  endfacet
  facet normal 0 0 1
    outer loop
      vertex 0 134 2.4
      vertex 0.708472 136.828 2.4
      vertex 0.456722 136.296 2.4
    endloop
  endfacet
  facet normal 0 0 1
    outer loop
      vertex 6.3 8 2.4
      vertex 1.01118 2.66658 2.4
      vertex 1.36194 2.19364 2.4
    endloop
  endfacet
  facet normal 0 0 1
    outer loop
      vertex 0 134 2.4
      vertex 0.456722 136.296 2.4
      vertex 0.258357 135.742 2.4
    endloop
  endfacet
  facet normal 0 0 1
    outer loop
      vertex 6.3 8 2.4
      vertex 0.708472 3.17162 2.4
      vertex 1.01118 2.66658 2.4
    endloop
  endfacet
  facet normal 0 0 1
    outer loop
      vertex 0 134 2.4
      vertex 0.258357 135.742 2.4
      vertex 0.115288 135.171 2.4
    endloop
  endfacet
  facet normal 0 0 1
    outer loop
      vertex 6.3 8 2.4
      vertex 0.456722 3.7039 2.4
      vertex 0.708472 3.17162 2.4
    endloop
  endfacet
  facet normal 0 0 1
    outer loop
      vertex 0 134 2.4
      vertex 0.115288 135.171 2.4
      vertex 0.0288916 134.588 2.4
    endloop
  endfacet
  facet normal 0 0 1
    outer loop
      vertex 6.3 8 2.4
      vertex 0.258357 4.25829 2.4
      vertex 0.456722 3.7039 2.4
    endloop
  endfacet
  facet normal 0 0 1
    outer loop
      vertex 6.3 8 2.4
      vertex 0.115288 4.82946 2.4
      vertex 0.258357 4.25829 2.4
    endloop
  endfacet
  facet normal 0 0 1
    outer loop
      vertex 6.3 8 2.4
      vertex 0.0288916 5.4119 2.4
      vertex 0.115288 4.82946 2.4
    endloop
  endfacet
  facet normal 0 0 1
    outer loop
      vertex 27.0555 95.4135 2.4
      vertex 4.8 124.5 2.4
      vertex 26.7979 95.2021 2.4
    endloop
  endfacet
  facet normal 0 0 1
    outer loop
      vertex 26.3327 93.6684 2.4
      vertex 9.68546 8.22189 2.4
      vertex 9.7 8 2.4
    endloop
  endfacet
  facet normal 0 0 1
    outer loop
      vertex 26.7979 95.2021 2.4
      vertex 4.8 124.5 2.4
      vertex 26.5865 94.9445 2.4
    endloop
  endfacet
  facet normal 0 0 1
    outer loop
      vertex 26.3327 93.6684 2.4
      vertex 9.64207 8.43999 2.4
      vertex 9.68546 8.22189 2.4
    endloop
  endfacet
  facet normal 0 0 1
    outer loop
      vertex 26.5865 94.9445 2.4
      vertex 4.8 124.5 2.4
      vertex 26.4294 94.6506 2.4
    endloop
  endfacet
  facet normal 0 0 1
    outer loop
      vertex 26.3327 93.6684 2.4
      vertex 9.57059 8.65056 2.4
      vertex 9.64207 8.43999 2.4
    endloop
  endfacet
  facet normal 0 0 1
    outer loop
      vertex 26.4294 94.6506 2.4
      vertex 4.8 124.5 2.4
      vertex 26.3327 94.3316 2.4
    endloop
  endfacet
  facet normal 0 0 1
    outer loop
      vertex 26.3327 93.6684 2.4
      vertex 9.47224 8.85 2.4
      vertex 9.57059 8.65056 2.4
    endloop
  endfacet
  facet normal 0 0 1
    outer loop
      vertex 26.3327 94.3316 2.4
      vertex 4.8 124.5 2.4
      vertex 26.3 94 2.4
    endloop
  endfacet
  facet normal 0 0 1
    outer loop
      vertex 26.3327 93.6684 2.4
      vertex 9.3487 9.03489 2.4
      vertex 9.47224 8.85 2.4
    endloop
  endfacet
  facet normal 0 0 1
    outer loop
      vertex 26.3 94 2.4
      vertex 4.8 124.5 2.4
      vertex 26.3327 93.6684 2.4
    endloop
  endfacet
  facet normal 0 0 1
    outer loop
      vertex 4.8 15.5 2.4
      vertex 26.3327 93.6684 2.4
      vertex 4.8 124.5 2.4
    endloop
  endfacet
  facet normal 0 0 1
    outer loop
      vertex 4.8 124.5 2.4
      vertex 9.20208 130.798 2.4
      vertex 9.03489 130.651 2.4
    endloop
  endfacet
  facet normal -0 0 1
    outer loop
      vertex 4.8 15.5 2.4
      vertex 9.3487 9.03489 2.4
      vertex 26.3327 93.6684 2.4
    endloop
  endfacet
  facet normal 0 0 1
    outer loop
      vertex 4.8 124.5 2.4
      vertex 9.03489 130.651 2.4
      vertex 8.85 130.528 2.4
    endloop
  endfacet
  facet normal 0 0 1
    outer loop
      vertex 9.3487 9.03489 2.4
      vertex 4.8 15.5 2.4
      vertex 9.20208 9.20208 2.4
    endloop
  endfacet
  facet normal 0 0 1
    outer loop
      vertex 4.8 124.5 2.4
      vertex 8.85 130.528 2.4
      vertex 8.65056 130.429 2.4
    endloop
  endfacet
  facet normal 0 0 1
    outer loop
      vertex 9.20208 9.20208 2.4
      vertex 4.8 15.5 2.4
      vertex 9.03489 9.3487 2.4
    endloop
  endfacet
  facet normal 0 0 1
    outer loop
      vertex 4.8 124.5 2.4
      vertex 8.65056 130.429 2.4
      vertex 8.43999 130.358 2.4
    endloop
  endfacet
  facet normal 0 0 1
    outer loop
      vertex 9.03489 9.3487 2.4
      vertex 4.8 15.5 2.4
      vertex 8.85 9.47224 2.4
    endloop
  endfacet
  facet normal 0 0 1
    outer loop
      vertex 4.8 124.5 2.4
      vertex 8.43999 130.358 2.4
      vertex 8.22189 130.315 2.4
    endloop
  endfacet
  facet normal 0 0 1
    outer loop
      vertex 8.85 9.47224 2.4
      vertex 4.8 15.5 2.4
      vertex 8.65056 9.57059 2.4
    endloop
  endfacet
  facet normal 0 0 1
    outer loop
      vertex 4.8 124.5 2.4
      vertex 8.22189 130.315 2.4
      vertex 8 130.3 2.4
    endloop
  endfacet
  facet normal 0 0 1
    outer loop
      vertex 8.65056 9.57059 2.4
      vertex 4.8 15.5 2.4
      vertex 8.43999 9.64207 2.4
    endloop
  endfacet
  facet normal 0 0 1
    outer loop
      vertex 4.8 124.5 2.4
      vertex 8 130.3 2.4
      vertex 7.7781 130.315 2.4
    endloop
  endfacet
  facet normal 0 0 1
    outer loop
      vertex 8.43999 9.64207 2.4
      vertex 4.8 15.5 2.4
      vertex 8.22189 9.68546 2.4
    endloop
  endfacet
  facet normal 0 0 1
    outer loop
      vertex 4.8 124.5 2.4
      vertex 7.7781 130.315 2.4
      vertex 7.56001 130.358 2.4
    endloop
  endfacet
  facet normal 0 0 1
    outer loop
      vertex 8.22189 9.68546 2.4
      vertex 4.8 15.5 2.4
      vertex 8 9.7 2.4
    endloop
  endfacet
  facet normal 0 0 1
    outer loop
      vertex 4.8 124.5 2.4
      vertex 7.56001 130.358 2.4
      vertex 7.34944 130.429 2.4
    endloop
  endfacet
  facet normal 0 0 1
    outer loop
      vertex 8 9.7 2.4
      vertex 4.8 15.5 2.4
      vertex 7.7781 9.68546 2.4
    endloop
  endfacet
  facet normal 0 0 1
    outer loop
      vertex 4.8 124.5 2.4
      vertex 7.34944 130.429 2.4
      vertex 7.15 130.528 2.4
    endloop
  endfacet
  facet normal 0 0 1
    outer loop
      vertex 7.7781 9.68546 2.4
      vertex 4.8 15.5 2.4
      vertex 7.56001 9.64207 2.4
    endloop
  endfacet
  facet normal 0 0 1
    outer loop
      vertex 4.8 124.5 2.4
      vertex 7.15 130.528 2.4
      vertex 6.96511 130.651 2.4
    endloop
  endfacet
  facet normal 0 0 1
    outer loop
      vertex 7.56001 9.64207 2.4
      vertex 4.8 15.5 2.4
      vertex 7.34944 9.57059 2.4
    endloop
  endfacet
  facet normal 0 0 1
    outer loop
      vertex 4.8 124.5 2.4
      vertex 6.96511 130.651 2.4
      vertex 6.79792 130.798 2.4
    endloop
  endfacet
  facet normal 0 0 1
    outer loop
      vertex 7.34944 9.57059 2.4
      vertex 4.8 15.5 2.4
      vertex 7.15 9.47224 2.4
    endloop
  endfacet
  facet normal 0 0 1
    outer loop
      vertex 4.8 124.5 2.4
      vertex 6.79792 130.798 2.4
      vertex 6.6513 130.965 2.4
    endloop
  endfacet
  facet normal 0 0 1
    outer loop
      vertex 7.15 9.47224 2.4
      vertex 4.8 15.5 2.4
      vertex 6.96511 9.3487 2.4
    endloop
  endfacet
  facet normal 0 0 1
    outer loop
      vertex 4.8 124.5 2.4
      vertex 6.6513 130.965 2.4
      vertex 6.52776 131.15 2.4
    endloop
  endfacet
  facet normal 0 0 1
    outer loop
      vertex 6.96511 9.3487 2.4
      vertex 4.8 15.5 2.4
      vertex 6.79792 9.20208 2.4
    endloop
  endfacet
  facet normal 0 0 1
    outer loop
      vertex 4.8 124.5 2.4
      vertex 6.52776 131.15 2.4
      vertex 6.4294 131.349 2.4
    endloop
  endfacet
  facet normal 0 0 1
    outer loop
      vertex 6.79792 9.20208 2.4
      vertex 4.8 15.5 2.4
      vertex 6.6513 9.03489 2.4
    endloop
  endfacet
  facet normal 0 0 1
    outer loop
      vertex 0 134 2.4
      vertex 6.4294 131.349 2.4
      vertex 6.35793 131.56 2.4
    endloop
  endfacet
  facet normal -0 0 1
    outer loop
      vertex 2.8 15.5 2.4
      vertex 6.6513 9.03489 2.4
      vertex 4.8 15.5 2.4
    endloop
  endfacet
  facet normal 0 0 1
    outer loop
      vertex 0 134 2.4
      vertex 6.35793 131.56 2.4
      vertex 6.31454 131.778 2.4
    endloop
  endfacet
  facet normal 0 0 1
    outer loop
      vertex 6.6513 9.03489 2.4
      vertex 2.8 15.5 2.4
      vertex 6.52776 8.85 2.4
    endloop
  endfacet
  facet normal 0 0 1
    outer loop
      vertex 0 134 2.4
      vertex 6.31454 131.778 2.4
      vertex 6.3 132 2.4
    endloop
  endfacet
  facet normal 0 0 1
    outer loop
      vertex 6.52776 8.85 2.4
      vertex 2.8 15.5 2.4
      vertex 6.4294 8.65056 2.4
    endloop
  endfacet
  facet normal -0 0 1
    outer loop
      vertex 79 58.8333 2.4
      vertex 121 57 2.4
      vertex 121 58.8333 2.4
    endloop
  endfacet
  facet normal 0 0 1
    outer loop
      vertex 121 57 2.4
      vertex 79 58.8333 2.4
      vertex 79 57 2.4
    endloop
  endfacet
  facet normal -0 0 1
    outer loop
      vertex 79 63.6667 2.4
      vertex 121 61.8333 2.4
      vertex 121 63.6667 2.4
    endloop
  endfacet
  facet normal 0 0 1
    outer loop
      vertex 121 61.8333 2.4
      vertex 79 63.6667 2.4
      vertex 79 61.8333 2.4
    endloop
  endfacet
  facet normal -0 0 1
    outer loop
      vertex 79 68.5 2.4
      vertex 121 66.6667 2.4
      vertex 121 68.5 2.4
    endloop
  endfacet
  facet normal 0 0 1
    outer loop
      vertex 121 66.6667 2.4
      vertex 79 68.5 2.4
      vertex 79 66.6667 2.4
    endloop
  endfacet
  facet normal -0 0 1
    outer loop
      vertex 79 73.3333 2.4
      vertex 121 71.5 2.4
      vertex 121 73.3333 2.4
    endloop
  endfacet
  facet normal 0 0 1
    outer loop
      vertex 121 71.5 2.4
      vertex 79 73.3333 2.4
      vertex 79 71.5 2.4
    endloop
  endfacet
  facet normal -0 0 1
    outer loop
      vertex 79 78.1667 2.4
      vertex 121 76.3333 2.4
      vertex 121 78.1667 2.4
    endloop
  endfacet
  facet normal 0 0 1
    outer loop
      vertex 121 76.3333 2.4
      vertex 79 78.1667 2.4
      vertex 79 76.3333 2.4
    endloop
  endfacet
  facet normal -0 0 1
    outer loop
      vertex 79 83 2.4
      vertex 121 81.1667 2.4
      vertex 121 83 2.4
    endloop
  endfacet
  facet normal 0 0 1
    outer loop
      vertex 121 81.1667 2.4
      vertex 79 83 2.4
      vertex 79 81.1667 2.4
    endloop
  endfacet
  facet normal 0 0 1
    outer loop
      vertex 173.571 93.3494 2.4
      vertex 195.2 124.5 2.4
      vertex 173.667 93.6684 2.4
    endloop
  endfacet
  facet normal 0 0 1
    outer loop
      vertex 195.2 124.5 2.4
      vertex 173.667 94.3316 2.4
      vertex 173.7 94 2.4
    endloop
  endfacet
  facet normal 0 0 1
    outer loop
      vertex 195.2 124.5 2.4
      vertex 173.571 94.6506 2.4
      vertex 173.667 94.3316 2.4
    endloop
  endfacet
  facet normal 0 0 1
    outer loop
      vertex 195.2 124.5 2.4
      vertex 173.413 94.9445 2.4
      vertex 173.571 94.6506 2.4
    endloop
  endfacet
  facet normal 0 0 1
    outer loop
      vertex 195.2 124.5 2.4
      vertex 173.202 95.2021 2.4
      vertex 173.413 94.9445 2.4
    endloop
  endfacet
  facet normal 0 0 1
    outer loop
      vertex 195.2 124.5 2.4
      vertex 172.944 95.4135 2.4
      vertex 173.202 95.2021 2.4
    endloop
  endfacet
  facet normal 0 0 1
    outer loop
      vertex 195.2 124.5 2.4
      vertex 172.651 95.5706 2.4
      vertex 172.944 95.4135 2.4
    endloop
  endfacet
  facet normal 0 0 1
    outer loop
      vertex 195.2 124.5 2.4
      vertex 172.332 95.6673 2.4
      vertex 172.651 95.5706 2.4
    endloop
  endfacet
  facet normal 0 0 1
    outer loop
      vertex 184.5 135.2 2.4
      vertex 172 95.7 2.4
      vertex 172.332 95.6673 2.4
    endloop
  endfacet
  facet normal 0 0 1
    outer loop
      vertex 184.5 135.2 2.4
      vertex 171.668 95.6673 2.4
      vertex 172 95.7 2.4
    endloop
  endfacet
  facet normal 0 0 1
    outer loop
      vertex 184.5 135.2 2.4
      vertex 171.349 95.5706 2.4
      vertex 171.668 95.6673 2.4
    endloop
  endfacet
  facet normal 0 0 1
    outer loop
      vertex 184.5 135.2 2.4
      vertex 171.056 95.4135 2.4
      vertex 171.349 95.5706 2.4
    endloop
  endfacet
  facet normal 0 0 1
    outer loop
      vertex 136.944 95.4135 2.4
      vertex 171.056 95.4135 2.4
      vertex 184.5 135.2 2.4
    endloop
  endfacet
  facet normal 0 0 1
    outer loop
      vertex 171.056 95.4135 2.4
      vertex 136.944 95.4135 2.4
      vertex 170.798 95.2021 2.4
    endloop
  endfacet
  facet normal 0 -0 1
    outer loop
      vertex 137.202 95.2021 2.4
      vertex 170.798 95.2021 2.4
      vertex 136.944 95.4135 2.4
    endloop
  endfacet
  facet normal 0 0 1
    outer loop
      vertex 170.333 94.3316 2.4
      vertex 137.7 94 2.4
      vertex 170.3 94 2.4
    endloop
  endfacet
  facet normal 0 0 1
    outer loop
      vertex 137.667 94.3316 2.4
      vertex 170.333 94.3316 2.4
      vertex 170.429 94.6506 2.4
    endloop
  endfacet
  facet normal 0 0 1
    outer loop
      vertex 170.798 95.2021 2.4
      vertex 137.202 95.2021 2.4
      vertex 170.587 94.9445 2.4
    endloop
  endfacet
  facet normal 0 0 1
    outer loop
      vertex 170.333 94.3316 2.4
      vertex 137.667 94.3316 2.4
      vertex 137.7 94 2.4
    endloop
  endfacet
  facet normal 0 0 1
    outer loop
      vertex 170.429 94.6506 2.4
      vertex 137.571 94.6506 2.4
      vertex 137.667 94.3316 2.4
    endloop
  endfacet
  facet normal 0 0 1
    outer loop
      vertex 170.429 94.6506 2.4
      vertex 137.413 94.9445 2.4
      vertex 137.571 94.6506 2.4
    endloop
  endfacet
  facet normal 0 0 1
    outer loop
      vertex 170.587 94.9445 2.4
      vertex 137.413 94.9445 2.4
      vertex 170.429 94.6506 2.4
    endloop
  endfacet
  facet normal 0 -0 1
    outer loop
      vertex 137.413 94.9445 2.4
      vertex 170.587 94.9445 2.4
      vertex 137.202 95.2021 2.4
    endloop
  endfacet
  facet normal 0 0 1
    outer loop
      vertex 184.5 135.2 2.4
      vertex 136.651 95.5706 2.4
      vertex 136.944 95.4135 2.4
    endloop
  endfacet
  facet normal 0 0 1
    outer loop
      vertex 184.5 135.2 2.4
      vertex 136.332 95.6673 2.4
      vertex 136.651 95.5706 2.4
    endloop
  endfacet
  facet normal -0 0 1
    outer loop
      vertex 120 101 2.4
      vertex 136.332 95.6673 2.4
      vertex 184.5 135.2 2.4
    endloop
  endfacet
  facet normal 0 0 1
    outer loop
      vertex 136.332 95.6673 2.4
      vertex 120 101 2.4
      vertex 136 95.7 2.4
    endloop
  endfacet
  facet normal 0 0 1
    outer loop
      vertex 136 95.7 2.4
      vertex 120 101 2.4
      vertex 135.668 95.6673 2.4
    endloop
  endfacet
  facet normal 0 0 1
    outer loop
      vertex 135.668 95.6673 2.4
      vertex 120 101 2.4
      vertex 135.349 95.5706 2.4
    endloop
  endfacet
  facet normal 0 0 1
    outer loop
      vertex 120 91 2.4
      vertex 134.3 94 2.4
      vertex 134.333 94.3316 2.4
    endloop
  endfacet
  facet normal 0 0 1
    outer loop
      vertex 120 101 2.4
      vertex 134.333 94.3316 2.4
      vertex 134.429 94.6506 2.4
    endloop
  endfacet
  facet normal 0 0 1
    outer loop
      vertex 120 101 2.4
      vertex 134.429 94.6506 2.4
      vertex 134.587 94.9445 2.4
    endloop
  endfacet
  facet normal 0 0 1
    outer loop
      vertex 120 101 2.4
      vertex 134.587 94.9445 2.4
      vertex 134.798 95.2021 2.4
    endloop
  endfacet
  facet normal 0 0 1
    outer loop
      vertex 120 101 2.4
      vertex 134.798 95.2021 2.4
      vertex 135.056 95.4135 2.4
    endloop
  endfacet
  facet normal 0 0 1
    outer loop
      vertex 135.349 95.5706 2.4
      vertex 120 101 2.4
      vertex 135.056 95.4135 2.4
    endloop
  endfacet
  facet normal 0 0 1
    outer loop
      vertex 134.333 94.3316 2.4
      vertex 120 101 2.4
      vertex 120 91 2.4
    endloop
  endfacet
  facet normal 0 0 1
    outer loop
      vertex 184.5 135.2 2.4
      vertex 108 101 2.4
      vertex 120 101 2.4
    endloop
  endfacet
  facet normal 0 0 1
    outer loop
      vertex 108 101 2.4
      vertex 79 86 2.4
      vertex 108 91 2.4
    endloop
  endfacet
  facet normal 0 0 1
    outer loop
      vertex 64.9445 92.5865 2.4
      vertex 79 83 2.4
      vertex 79 86 2.4
    endloop
  endfacet
  facet normal 0 0 1
    outer loop
      vertex 79 83 2.4
      vertex 64.6506 92.4294 2.4
      vertex 79 81.1667 2.4
    endloop
  endfacet
  facet normal -0 0 1
    outer loop
      vertex 64.3316 92.3327 2.4
      vertex 79 81.1667 2.4
      vertex 64.6506 92.4294 2.4
    endloop
  endfacet
  facet normal 0 0 1
    outer loop
      vertex 79 81.1667 2.4
      vertex 64.3316 92.3327 2.4
      vertex 79 78.1667 2.4
    endloop
  endfacet
  facet normal 0 0 1
    outer loop
      vertex 79 78.1667 2.4
      vertex 64 92.3 2.4
      vertex 79 76.3333 2.4
    endloop
  endfacet
  facet normal 0 0 1
    outer loop
      vertex 63.6683 92.3327 2.4
      vertex 79 76.3333 2.4
      vertex 64 92.3 2.4
    endloop
  endfacet
  facet normal 0 0 1
    outer loop
      vertex 79 76.3333 2.4
      vertex 63.6683 92.3327 2.4
      vertex 79 73.3333 2.4
    endloop
  endfacet
  facet normal 0 0 1
    outer loop
      vertex 79 73.3333 2.4
      vertex 63.6683 92.3327 2.4
      vertex 79 71.5 2.4
    endloop
  endfacet
  facet normal 0 0 1
    outer loop
      vertex 79 71.5 2.4
      vertex 63.3494 92.4294 2.4
      vertex 79 68.5 2.4
    endloop
  endfacet
  facet normal 0 0 1
    outer loop
      vertex 79 68.5 2.4
      vertex 63.3494 92.4294 2.4
      vertex 79 66.6667 2.4
    endloop
  endfacet
  facet normal 0 0 1
    outer loop
      vertex 63.0555 92.5865 2.4
      vertex 79 66.6667 2.4
      vertex 63.3494 92.4294 2.4
    endloop
  endfacet
  facet normal 0 0 1
    outer loop
      vertex 79 66.6667 2.4
      vertex 63.0555 92.5865 2.4
      vertex 79 63.6667 2.4
    endloop
  endfacet
  facet normal -0 0 1
    outer loop
      vertex 65.6673 93.6684 2.4
      vertex 79 86 2.4
      vertex 65.7 94 2.4
    endloop
  endfacet
  facet normal -0 0 1
    outer loop
      vertex 65.4135 94.9445 2.4
      vertex 79 86 2.4
      vertex 108 101 2.4
    endloop
  endfacet
  facet normal -0 0 1
    outer loop
      vertex 15.5 135.2 2.4
      vertex 108 101 2.4
      vertex 184.5 135.2 2.4
    endloop
  endfacet
  facet normal 0 0 1
    outer loop
      vertex 79 86 2.4
      vertex 65.6673 94.3316 2.4
      vertex 65.7 94 2.4
    endloop
  endfacet
  facet normal 0 0 1
    outer loop
      vertex 79 86 2.4
      vertex 65.5706 94.6506 2.4
      vertex 65.6673 94.3316 2.4
    endloop
  endfacet
  facet normal 0 0 1
    outer loop
      vertex 79 86 2.4
      vertex 65.4135 94.9445 2.4
      vertex 65.5706 94.6506 2.4
    endloop
  endfacet
  facet normal 0 0 1
    outer loop
      vertex 108 101 2.4
      vertex 65.2021 95.2021 2.4
      vertex 65.4135 94.9445 2.4
    endloop
  endfacet
  facet normal 0 0 1
    outer loop
      vertex 108 101 2.4
      vertex 64.9445 95.4135 2.4
      vertex 65.2021 95.2021 2.4
    endloop
  endfacet
  facet normal 0 0 1
    outer loop
      vertex 108 101 2.4
      vertex 64.6506 95.5706 2.4
      vertex 64.9445 95.4135 2.4
    endloop
  endfacet
  facet normal 0 -0 1
    outer loop
      vertex 64.3316 95.6673 2.4
      vertex 108 101 2.4
      vertex 15.5 135.2 2.4
    endloop
  endfacet
  facet normal 0 0 1
    outer loop
      vertex 108 101 2.4
      vertex 64.3316 95.6673 2.4
      vertex 64.6506 95.5706 2.4
    endloop
  endfacet
  facet normal 0 0 1
    outer loop
      vertex 64.3316 95.6673 2.4
      vertex 15.5 135.2 2.4
      vertex 64 95.7 2.4
    endloop
  endfacet
  facet normal 0 0 1
    outer loop
      vertex 64 95.7 2.4
      vertex 15.5 135.2 2.4
      vertex 63.6683 95.6673 2.4
    endloop
  endfacet
  facet normal 0 0 1
    outer loop
      vertex 62.3327 94.3316 2.4
      vertex 29.7 94 2.4
      vertex 62.3 94 2.4
    endloop
  endfacet
  facet normal 0 0 1
    outer loop
      vertex 29.6673 94.3316 2.4
      vertex 62.3327 94.3316 2.4
      vertex 62.4294 94.6506 2.4
    endloop
  endfacet
  facet normal 0 0 1
    outer loop
      vertex 29.5706 94.6506 2.4
      vertex 62.4294 94.6506 2.4
      vertex 62.5865 94.9445 2.4
    endloop
  endfacet
  facet normal 0 0 1
    outer loop
      vertex 29.4135 94.9445 2.4
      vertex 62.5865 94.9445 2.4
      vertex 62.7979 95.2021 2.4
    endloop
  endfacet
  facet normal 0 0 1
    outer loop
      vertex 29.2021 95.2021 2.4
      vertex 62.7979 95.2021 2.4
      vertex 63.0555 95.4135 2.4
    endloop
  endfacet
  facet normal 0 0 1
    outer loop
      vertex 15.5 135.2 2.4
      vertex 63.0555 95.4135 2.4
      vertex 63.3494 95.5706 2.4
    endloop
  endfacet
  facet normal 0 0 1
    outer loop
      vertex 63.6683 95.6673 2.4
      vertex 15.5 135.2 2.4
      vertex 63.3494 95.5706 2.4
    endloop
  endfacet
  facet normal 0 0 1
    outer loop
      vertex 62.3327 94.3316 2.4
      vertex 29.6673 94.3316 2.4
      vertex 29.7 94 2.4
    endloop
  endfacet
  facet normal 0 0 1
    outer loop
      vertex 62.4294 94.6506 2.4
      vertex 29.5706 94.6506 2.4
      vertex 29.6673 94.3316 2.4
    endloop
  endfacet
  facet normal 0 0 1
    outer loop
      vertex 62.5865 94.9445 2.4
      vertex 29.4135 94.9445 2.4
      vertex 29.5706 94.6506 2.4
    endloop
  endfacet
  facet normal 0 0 1
    outer loop
      vertex 63.0555 95.4135 2.4
      vertex 15.5 135.2 2.4
      vertex 28.9445 95.4135 2.4
    endloop
  endfacet
  facet normal 0 0 1
    outer loop
      vertex 62.7979 95.2021 2.4
      vertex 29.2021 95.2021 2.4
      vertex 29.4135 94.9445 2.4
    endloop
  endfacet
  facet normal 0 0 1
    outer loop
      vertex 63.0555 95.4135 2.4
      vertex 28.9445 95.4135 2.4
      vertex 29.2021 95.2021 2.4
    endloop
  endfacet
  facet normal 0 0 1
    outer loop
      vertex 28.9445 95.4135 2.4
      vertex 15.5 135.2 2.4
      vertex 28.6506 95.5706 2.4
    endloop
  endfacet
  facet normal 0 0 1
    outer loop
      vertex 28.6506 95.5706 2.4
      vertex 15.5 135.2 2.4
      vertex 28.3317 95.6673 2.4
    endloop
  endfacet
  facet normal 0 0 1
    outer loop
      vertex 28.3317 95.6673 2.4
      vertex 15.5 135.2 2.4
      vertex 28 95.7 2.4
    endloop
  endfacet
  facet normal 0 0 1
    outer loop
      vertex 15.5 135.2 2.4
      vertex 9.20208 130.798 2.4
      vertex 27.6683 95.6673 2.4
    endloop
  endfacet
  facet normal 0 0 1
    outer loop
      vertex 9.20208 130.798 2.4
      vertex 15.5 135.2 2.4
      vertex 9.3487 130.965 2.4
    endloop
  endfacet
  facet normal 0 0 1
    outer loop
      vertex 9.3487 130.965 2.4
      vertex 15.5 135.2 2.4
      vertex 9.47224 131.15 2.4
    endloop
  endfacet
  facet normal 0 0 1
    outer loop
      vertex 9.47224 131.15 2.4
      vertex 15.5 135.2 2.4
      vertex 9.57059 131.349 2.4
    endloop
  endfacet
  facet normal 0 0 1
    outer loop
      vertex 9.57059 131.349 2.4
      vertex 15.5 135.2 2.4
      vertex 9.64207 131.56 2.4
    endloop
  endfacet
  facet normal 0 0 1
    outer loop
      vertex 9.64207 131.56 2.4
      vertex 15.5 135.2 2.4
      vertex 9.68546 131.778 2.4
    endloop
  endfacet
  facet normal 0 0 1
    outer loop
      vertex 9.68546 131.778 2.4
      vertex 15.5 135.2 2.4
      vertex 9.7 132 2.4
    endloop
  endfacet
  facet normal 0 0 1
    outer loop
      vertex 28 95.7 2.4
      vertex 15.5 135.2 2.4
      vertex 27.6683 95.6673 2.4
    endloop
  endfacet
  facet normal -0 0 1
    outer loop
      vertex 193.472 131.15 2.4
      vertex 197.2 124.5 2.4
      vertex 193.571 131.349 2.4
    endloop
  endfacet
  facet normal 0 0 1
    outer loop
      vertex 195.2 15.5 2.4
      vertex 193.685 8.22189 2.4
      vertex 193.7 8 2.4
    endloop
  endfacet
  facet normal -0 0 1
    outer loop
      vertex 193.349 130.965 2.4
      vertex 197.2 124.5 2.4
      vertex 193.472 131.15 2.4
    endloop
  endfacet
  facet normal 0 0 1
    outer loop
      vertex 195.2 15.5 2.4
      vertex 193.642 8.43999 2.4
      vertex 193.685 8.22189 2.4
    endloop
  endfacet
  facet normal 0 0 1
    outer loop
      vertex 197.2 124.5 2.4
      vertex 193.349 130.965 2.4
      vertex 195.2 124.5 2.4
    endloop
  endfacet
  facet normal 0 0 1
    outer loop
      vertex 195.2 15.5 2.4
      vertex 193.571 8.65056 2.4
      vertex 193.642 8.43999 2.4
    endloop
  endfacet
  facet normal -0 0 1
    outer loop
      vertex 193.202 130.798 2.4
      vertex 195.2 124.5 2.4
      vertex 193.349 130.965 2.4
    endloop
  endfacet
  facet normal 0 0 1
    outer loop
      vertex 195.2 15.5 2.4
      vertex 193.472 8.85 2.4
      vertex 193.571 8.65056 2.4
    endloop
  endfacet
  facet normal -0 0 1
    outer loop
      vertex 193.035 130.651 2.4
      vertex 195.2 124.5 2.4
      vertex 193.202 130.798 2.4
    endloop
  endfacet
  facet normal 0 0 1
    outer loop
      vertex 195.2 15.5 2.4
      vertex 193.349 9.03489 2.4
      vertex 193.472 8.85 2.4
    endloop
  endfacet
  facet normal -0 0 1
    outer loop
      vertex 192.85 130.528 2.4
      vertex 195.2 124.5 2.4
      vertex 193.035 130.651 2.4
    endloop
  endfacet
  facet normal 0 0 1
    outer loop
      vertex 195.2 15.5 2.4
      vertex 193.202 9.20208 2.4
      vertex 193.349 9.03489 2.4
    endloop
  endfacet
  facet normal -0 0 1
    outer loop
      vertex 192.651 130.429 2.4
      vertex 195.2 124.5 2.4
      vertex 192.85 130.528 2.4
    endloop
  endfacet
  facet normal 0 0 1
    outer loop
      vertex 195.2 15.5 2.4
      vertex 193.035 9.3487 2.4
      vertex 193.202 9.20208 2.4
    endloop
  endfacet
  facet normal -0 0 1
    outer loop
      vertex 192.44 130.358 2.4
      vertex 195.2 124.5 2.4
      vertex 192.651 130.429 2.4
    endloop
  endfacet
  facet normal 0 0 1
    outer loop
      vertex 195.2 15.5 2.4
      vertex 192.85 9.47224 2.4
      vertex 193.035 9.3487 2.4
    endloop
  endfacet
  facet normal -0 0 1
    outer loop
      vertex 192.222 130.315 2.4
      vertex 195.2 124.5 2.4
      vertex 192.44 130.358 2.4
    endloop
  endfacet
  facet normal 0 0 1
    outer loop
      vertex 195.2 15.5 2.4
      vertex 192.651 9.57059 2.4
      vertex 192.85 9.47224 2.4
    endloop
  endfacet
  facet normal -0 0 1
    outer loop
      vertex 192 130.3 2.4
      vertex 195.2 124.5 2.4
      vertex 192.222 130.315 2.4
    endloop
  endfacet
  facet normal 0 0 1
    outer loop
      vertex 195.2 15.5 2.4
      vertex 192.44 9.64207 2.4
      vertex 192.651 9.57059 2.4
    endloop
  endfacet
  facet normal 0 0 1
    outer loop
      vertex 191.778 130.315 2.4
      vertex 195.2 124.5 2.4
      vertex 192 130.3 2.4
    endloop
  endfacet
  facet normal 0 0 1
    outer loop
      vertex 195.2 15.5 2.4
      vertex 192.222 9.68546 2.4
      vertex 192.44 9.64207 2.4
    endloop
  endfacet
  facet normal 0 0 1
    outer loop
      vertex 191.56 130.358 2.4
      vertex 195.2 124.5 2.4
      vertex 191.778 130.315 2.4
    endloop
  endfacet
  facet normal 0 0 1
    outer loop
      vertex 195.2 15.5 2.4
      vertex 192 9.7 2.4
      vertex 192.222 9.68546 2.4
    endloop
  endfacet
  facet normal 0 0 1
    outer loop
      vertex 191.349 130.429 2.4
      vertex 195.2 124.5 2.4
      vertex 191.56 130.358 2.4
    endloop
  endfacet
  facet normal 0 0 1
    outer loop
      vertex 195.2 15.5 2.4
      vertex 191.778 9.68546 2.4
      vertex 192 9.7 2.4
    endloop
  endfacet
  facet normal 0 0 1
    outer loop
      vertex 191.15 130.528 2.4
      vertex 195.2 124.5 2.4
      vertex 191.349 130.429 2.4
    endloop
  endfacet
  facet normal 0 0 1
    outer loop
      vertex 195.2 15.5 2.4
      vertex 191.56 9.64207 2.4
      vertex 191.778 9.68546 2.4
    endloop
  endfacet
  facet normal 0 0 1
    outer loop
      vertex 190.965 130.651 2.4
      vertex 195.2 124.5 2.4
      vertex 191.15 130.528 2.4
    endloop
  endfacet
  facet normal 0 0 1
    outer loop
      vertex 195.2 15.5 2.4
      vertex 191.349 9.57059 2.4
      vertex 191.56 9.64207 2.4
    endloop
  endfacet
  facet normal 0 0 1
    outer loop
      vertex 190.798 130.798 2.4
      vertex 195.2 124.5 2.4
      vertex 190.965 130.651 2.4
    endloop
  endfacet
  facet normal 0 0 1
    outer loop
      vertex 195.2 15.5 2.4
      vertex 191.15 9.47224 2.4
      vertex 191.349 9.57059 2.4
    endloop
  endfacet
  facet normal 0 0 1
    outer loop
      vertex 190.798 130.798 2.4
      vertex 172.332 95.6673 2.4
      vertex 195.2 124.5 2.4
    endloop
  endfacet
  facet normal 0 0 1
    outer loop
      vertex 195.2 15.5 2.4
      vertex 190.965 9.3487 2.4
      vertex 191.15 9.47224 2.4
    endloop
  endfacet
  facet normal 0 0 1
    outer loop
      vertex 172.332 95.6673 2.4
      vertex 190.798 130.798 2.4
      vertex 184.5 135.2 2.4
    endloop
  endfacet
  facet normal 0 0 1
    outer loop
      vertex 173.667 93.6684 2.4
      vertex 195.2 124.5 2.4
      vertex 173.7 94 2.4
    endloop
  endfacet
  facet normal 0 0 1
    outer loop
      vertex 184.5 135.2 2.4
      vertex 190.798 130.798 2.4
      vertex 190.651 130.965 2.4
    endloop
  endfacet
  facet normal 0 -0 1
    outer loop
      vertex 190.798 9.20208 2.4
      vertex 195.2 15.5 2.4
      vertex 184.5 4.8 2.4
    endloop
  endfacet
  facet normal 0 0 1
    outer loop
      vertex 184.5 135.2 2.4
      vertex 190.651 130.965 2.4
      vertex 190.528 131.15 2.4
    endloop
  endfacet
  facet normal 0 0 1
    outer loop
      vertex 195.2 15.5 2.4
      vertex 190.798 9.20208 2.4
      vertex 190.965 9.3487 2.4
    endloop
  endfacet
  facet normal 0 0 1
    outer loop
      vertex 184.5 135.2 2.4
      vertex 190.528 131.15 2.4
      vertex 190.429 131.349 2.4
    endloop
  endfacet
  facet normal 0 0 1
    outer loop
      vertex 190.798 9.20208 2.4
      vertex 184.5 4.8 2.4
      vertex 190.651 9.03489 2.4
    endloop
  endfacet
  facet normal 0 0 1
    outer loop
      vertex 184.5 135.2 2.4
      vertex 190.429 131.349 2.4
      vertex 190.358 131.56 2.4
    endloop
  endfacet
  facet normal 0 0 1
    outer loop
      vertex 190.651 9.03489 2.4
      vertex 184.5 4.8 2.4
      vertex 190.528 8.85 2.4
    endloop
  endfacet
  facet normal 0 0 1
    outer loop
      vertex 184.5 135.2 2.4
      vertex 190.358 131.56 2.4
      vertex 190.315 131.778 2.4
    endloop
  endfacet
  facet normal 0 0 1
    outer loop
      vertex 190.528 8.85 2.4
      vertex 184.5 4.8 2.4
      vertex 190.429 8.65056 2.4
    endloop
  endfacet
  facet normal 0 0 1
    outer loop
      vertex 184.5 135.2 2.4
      vertex 190.315 131.778 2.4
      vertex 190.3 132 2.4
    endloop
  endfacet
  facet normal 0 0 1
    outer loop
      vertex 190.429 8.65056 2.4
      vertex 184.5 4.8 2.4
      vertex 190.358 8.43999 2.4
    endloop
  endfacet
  facet normal 0 0 1
    outer loop
      vertex 197.806 1.36194 2.4
      vertex 193.202 6.79792 2.4
      vertex 197.333 1.01118 2.4
    endloop
  endfacet
  facet normal -0 0 1
    outer loop
      vertex 193.035 6.6513 2.4
      vertex 197.333 1.01118 2.4
      vertex 193.202 6.79792 2.4
    endloop
  endfacet
  facet normal 0 0 1
    outer loop
      vertex 197.333 1.01118 2.4
      vertex 193.035 6.6513 2.4
      vertex 196.828 0.708472 2.4
    endloop
  endfacet
  facet normal 0 0 1
    outer loop
      vertex 196.828 0.708472 2.4
      vertex 193.035 6.6513 2.4
      vertex 196.296 0.456722 2.4
    endloop
  endfacet
  facet normal -0 0 1
    outer loop
      vertex 192.85 6.52776 2.4
      vertex 196.296 0.456722 2.4
      vertex 193.035 6.6513 2.4
    endloop
  endfacet
  facet normal 0 0 1
    outer loop
      vertex 196.296 0.456722 2.4
      vertex 192.85 6.52776 2.4
      vertex 195.742 0.258357 2.4
    endloop
  endfacet
  facet normal 0 0 1
    outer loop
      vertex 195.742 0.258357 2.4
      vertex 192.85 6.52776 2.4
      vertex 195.171 0.115288 2.4
    endloop
  endfacet
  facet normal 0 0 1
    outer loop
      vertex 195.171 0.115288 2.4
      vertex 192.85 6.52776 2.4
      vertex 194.588 0.0288916 2.4
    endloop
  endfacet
  facet normal -0 0 1
    outer loop
      vertex 192.651 6.4294 2.4
      vertex 194.588 0.0288916 2.4
      vertex 192.85 6.52776 2.4
    endloop
  endfacet
  facet normal 0 0 1
    outer loop
      vertex 194.588 0.0288916 2.4
      vertex 192.651 6.4294 2.4
      vertex 194 0 2.4
    endloop
  endfacet
  facet normal -0 0 1
    outer loop
      vertex 192.44 6.35793 2.4
      vertex 194 0 2.4
      vertex 192.651 6.4294 2.4
    endloop
  endfacet
  facet normal -0 0 1
    outer loop
      vertex 192.222 6.31454 2.4
      vertex 194 0 2.4
      vertex 192.44 6.35793 2.4
    endloop
  endfacet
  facet normal -0 0 1
    outer loop
      vertex 192 6.3 2.4
      vertex 194 0 2.4
      vertex 192.222 6.31454 2.4
    endloop
  endfacet
  facet normal 0 0 1
    outer loop
      vertex 191.778 6.31454 2.4
      vertex 194 0 2.4
      vertex 192 6.3 2.4
    endloop
  endfacet
  facet normal 0 0 1
    outer loop
      vertex 191.56 6.35793 2.4
      vertex 194 0 2.4
      vertex 191.778 6.31454 2.4
    endloop
  endfacet
  facet normal 0 0 1
    outer loop
      vertex 191.349 6.4294 2.4
      vertex 194 0 2.4
      vertex 191.56 6.35793 2.4
    endloop
  endfacet
  facet normal 0 0 1
    outer loop
      vertex 184.5 2.8 2.4
      vertex 191.349 6.4294 2.4
      vertex 191.15 6.52776 2.4
    endloop
  endfacet
  facet normal 0 0 1
    outer loop
      vertex 184.5 2.8 2.4
      vertex 191.15 6.52776 2.4
      vertex 190.965 6.6513 2.4
    endloop
  endfacet
  facet normal 0 0 1
    outer loop
      vertex 184.5 2.8 2.4
      vertex 190.965 6.6513 2.4
      vertex 190.798 6.79792 2.4
    endloop
  endfacet
  facet normal 0 0 1
    outer loop
      vertex 184.5 4.8 2.4
      vertex 190.798 6.79792 2.4
      vertex 190.651 6.96511 2.4
    endloop
  endfacet
  facet normal 0 0 1
    outer loop
      vertex 184.5 4.8 2.4
      vertex 190.651 6.96511 2.4
      vertex 190.528 7.15 2.4
    endloop
  endfacet
  facet normal 0 0 1
    outer loop
      vertex 184.5 4.8 2.4
      vertex 190.528 7.15 2.4
      vertex 190.429 7.34944 2.4
    endloop
  endfacet
  facet normal 0 0 1
    outer loop
      vertex 190.358 8.43999 2.4
      vertex 184.5 4.8 2.4
      vertex 190.315 8.22189 2.4
    endloop
  endfacet
  facet normal 0 0 1
    outer loop
      vertex 190.315 8.22189 2.4
      vertex 184.5 4.8 2.4
      vertex 190.3 8 2.4
    endloop
  endfacet
  facet normal 0 0 1
    outer loop
      vertex 184.5 4.8 2.4
      vertex 190.315 7.7781 2.4
      vertex 190.3 8 2.4
    endloop
  endfacet
  facet normal 0 0 1
    outer loop
      vertex 184.5 4.8 2.4
      vertex 190.358 7.56001 2.4
      vertex 190.315 7.7781 2.4
    endloop
  endfacet
  facet normal 0 0 1
    outer loop
      vertex 184.5 4.8 2.4
      vertex 190.429 7.34944 2.4
      vertex 190.358 7.56001 2.4
    endloop
  endfacet
  facet normal 0 0 1
    outer loop
      vertex 190.798 6.79792 2.4
      vertex 184.5 4.8 2.4
      vertex 184.5 2.8 2.4
    endloop
  endfacet
  facet normal 0 0 1
    outer loop
      vertex 191.349 6.4294 2.4
      vertex 184.5 2.8 2.4
      vertex 194 0 2.4
    endloop
  endfacet
  facet normal -0 0 1
    outer loop
      vertex 15.5 2.8 2.4
      vertex 194 0 2.4
      vertex 184.5 2.8 2.4
    endloop
  endfacet
  facet normal -0 0 1
    outer loop
      vertex 9.68546 7.7781 2.4
      vertex 15.5 4.8 2.4
      vertex 9.7 8 2.4
    endloop
  endfacet
  facet normal -0 0 1
    outer loop
      vertex 9.64207 7.56001 2.4
      vertex 15.5 4.8 2.4
      vertex 9.68546 7.7781 2.4
    endloop
  endfacet
  facet normal -0 0 1
    outer loop
      vertex 9.57059 7.34944 2.4
      vertex 15.5 4.8 2.4
      vertex 9.64207 7.56001 2.4
    endloop
  endfacet
  facet normal -0 0 1
    outer loop
      vertex 9.47224 7.15 2.4
      vertex 15.5 4.8 2.4
      vertex 9.57059 7.34944 2.4
    endloop
  endfacet
  facet normal -0 0 1
    outer loop
      vertex 9.3487 6.96511 2.4
      vertex 15.5 4.8 2.4
      vertex 9.47224 7.15 2.4
    endloop
  endfacet
  facet normal -0 0 1
    outer loop
      vertex 9.20208 6.79792 2.4
      vertex 15.5 4.8 2.4
      vertex 9.3487 6.96511 2.4
    endloop
  endfacet
  facet normal 0 0 1
    outer loop
      vertex 15.5 4.8 2.4
      vertex 9.20208 6.79792 2.4
      vertex 15.5 2.8 2.4
    endloop
  endfacet
  facet normal -0 0 1
    outer loop
      vertex 9.03489 6.6513 2.4
      vertex 15.5 2.8 2.4
      vertex 9.20208 6.79792 2.4
    endloop
  endfacet
  facet normal -0 0 1
    outer loop
      vertex 8.85 6.52776 2.4
      vertex 15.5 2.8 2.4
      vertex 9.03489 6.6513 2.4
    endloop
  endfacet
  facet normal -0 0 1
    outer loop
      vertex 8.65056 6.4294 2.4
      vertex 15.5 2.8 2.4
      vertex 8.85 6.52776 2.4
    endloop
  endfacet
  facet normal 0 0 1
    outer loop
      vertex 6 0 2.4
      vertex 8.65056 6.4294 2.4
      vertex 8.43999 6.35793 2.4
    endloop
  endfacet
  facet normal 0 0 1
    outer loop
      vertex 6 0 2.4
      vertex 8.43999 6.35793 2.4
      vertex 8.22189 6.31454 2.4
    endloop
  endfacet
  facet normal 0 0 1
    outer loop
      vertex 6 0 2.4
      vertex 8.22189 6.31454 2.4
      vertex 8 6.3 2.4
    endloop
  endfacet
  facet normal 0 0 1
    outer loop
      vertex 6 0 2.4
      vertex 8 6.3 2.4
      vertex 7.7781 6.31454 2.4
    endloop
  endfacet
  facet normal 0 0 1
    outer loop
      vertex 6 0 2.4
      vertex 7.7781 6.31454 2.4
      vertex 7.56001 6.35793 2.4
    endloop
  endfacet
  facet normal 0 0 1
    outer loop
      vertex 6 0 2.4
      vertex 7.56001 6.35793 2.4
      vertex 7.34944 6.4294 2.4
    endloop
  endfacet
  facet normal 0 0 1
    outer loop
      vertex 15.5 2.8 2.4
      vertex 6 0 2.4
      vertex 194 0 2.4
    endloop
  endfacet
  facet normal 0 0 1
    outer loop
      vertex 8.65056 6.4294 2.4
      vertex 6 0 2.4
      vertex 15.5 2.8 2.4
    endloop
  endfacet
  facet normal 0 0 1
    outer loop
      vertex 5.4119 0.0288916 2.4
      vertex 7.34944 6.4294 2.4
      vertex 7.15 6.52776 2.4
    endloop
  endfacet
  facet normal 0 0 1
    outer loop
      vertex 4.82946 0.115288 2.4
      vertex 7.15 6.52776 2.4
      vertex 6.96511 6.6513 2.4
    endloop
  endfacet
  facet normal 0 0 1
    outer loop
      vertex 4.82946 0.115288 2.4
      vertex 6.96511 6.6513 2.4
      vertex 6.79792 6.79792 2.4
    endloop
  endfacet
  facet normal 0 0 1
    outer loop
      vertex 4.82946 0.115288 2.4
      vertex 6.79792 6.79792 2.4
      vertex 6.6513 6.96511 2.4
    endloop
  endfacet
  facet normal 0 0 1
    outer loop
      vertex 4.82946 0.115288 2.4
      vertex 6.6513 6.96511 2.4
      vertex 6.52776 7.15 2.4
    endloop
  endfacet
  facet normal 0 0 1
    outer loop
      vertex 4.82946 0.115288 2.4
      vertex 6.52776 7.15 2.4
      vertex 6.4294 7.34944 2.4
    endloop
  endfacet
  facet normal 0 0 1
    outer loop
      vertex 4.82946 0.115288 2.4
      vertex 6.4294 7.34944 2.4
      vertex 6.35793 7.56001 2.4
    endloop
  endfacet
  facet normal 0 0 1
    outer loop
      vertex 4.82946 0.115288 2.4
      vertex 6.35793 7.56001 2.4
      vertex 6.31454 7.7781 2.4
    endloop
  endfacet
  facet normal 0 0 1
    outer loop
      vertex 4.82946 0.115288 2.4
      vertex 6.31454 7.7781 2.4
      vertex 6.3 8 2.4
    endloop
  endfacet
  facet normal 0 0 1
    outer loop
      vertex 0 6 2.4
      vertex 6.4294 8.65056 2.4
      vertex 2.8 15.5 2.4
    endloop
  endfacet
  facet normal 0 0 1
    outer loop
      vertex 2.66658 138.989 2.4
      vertex 6 140 2.4
      vertex 5.4119 139.971 2.4
    endloop
  endfacet
  facet normal 0 0 1
    outer loop
      vertex 6.4294 8.65056 2.4
      vertex 0 6 2.4
      vertex 6.35793 8.43999 2.4
    endloop
  endfacet
  facet normal 0 0 1
    outer loop
      vertex 2.66658 138.989 2.4
      vertex 5.4119 139.971 2.4
      vertex 4.82946 139.885 2.4
    endloop
  endfacet
  facet normal 0 0 1
    outer loop
      vertex 7.15 6.52776 2.4
      vertex 4.82946 0.115288 2.4
      vertex 5.4119 0.0288916 2.4
    endloop
  endfacet
  facet normal 0 0 1
    outer loop
      vertex 7.34944 6.4294 2.4
      vertex 5.4119 0.0288916 2.4
      vertex 6 0 2.4
    endloop
  endfacet
  facet normal 0 0 1
    outer loop
      vertex 2.66658 138.989 2.4
      vertex 4.82946 139.885 2.4
      vertex 4.25829 139.742 2.4
    endloop
  endfacet
  facet normal 0 0 1
    outer loop
      vertex 2.66658 138.989 2.4
      vertex 4.25829 139.742 2.4
      vertex 3.7039 139.543 2.4
    endloop
  endfacet
  facet normal 0 0 1
    outer loop
      vertex 2.66658 138.989 2.4
      vertex 3.7039 139.543 2.4
      vertex 3.17162 139.292 2.4
    endloop
  endfacet
  facet normal 0 0 1
    outer loop
      vertex 0 134 2.4
      vertex 6 140 2.4
      vertex 2.66658 138.989 2.4
    endloop
  endfacet
  facet normal 0 0 1
    outer loop
      vertex 6.4294 131.349 2.4
      vertex 2.8 124.5 2.4
      vertex 4.8 124.5 2.4
    endloop
  endfacet
  facet normal 0 -0 1
    outer loop
      vertex 2.8 124.5 2.4
      vertex 6.4294 131.349 2.4
      vertex 0 134 2.4
    endloop
  endfacet
  facet normal 0 0 1
    outer loop
      vertex 195.2 124.5 2.4
      vertex 173.571 93.3494 2.4
      vertex 195.2 15.5 2.4
    endloop
  endfacet
  facet normal -0 0 1
    outer loop
      vertex 173.413 93.0555 2.4
      vertex 195.2 15.5 2.4
      vertex 173.571 93.3494 2.4
    endloop
  endfacet
  facet normal -0 0 1
    outer loop
      vertex 173.202 92.7979 2.4
      vertex 195.2 15.5 2.4
      vertex 173.413 93.0555 2.4
    endloop
  endfacet
  facet normal -0 0 1
    outer loop
      vertex 172.944 92.5865 2.4
      vertex 195.2 15.5 2.4
      vertex 173.202 92.7979 2.4
    endloop
  endfacet
  facet normal -0 0 1
    outer loop
      vertex 172.651 92.4294 2.4
      vertex 195.2 15.5 2.4
      vertex 172.944 92.5865 2.4
    endloop
  endfacet
  facet normal -0 0 1
    outer loop
      vertex 172.332 92.3327 2.4
      vertex 195.2 15.5 2.4
      vertex 172.651 92.4294 2.4
    endloop
  endfacet
  facet normal -0 0 1
    outer loop
      vertex 172 92.3 2.4
      vertex 195.2 15.5 2.4
      vertex 172.332 92.3327 2.4
    endloop
  endfacet
  facet normal 0 0 1
    outer loop
      vertex 171.668 92.3327 2.4
      vertex 195.2 15.5 2.4
      vertex 172 92.3 2.4
    endloop
  endfacet
  facet normal -0 0 1
    outer loop
      vertex 121 54 2.4
      vertex 195.2 15.5 2.4
      vertex 171.668 92.3327 2.4
    endloop
  endfacet
  facet normal 0 0 1
    outer loop
      vertex 121 54 2.4
      vertex 171.668 92.3327 2.4
      vertex 171.349 92.4294 2.4
    endloop
  endfacet
  facet normal 0 0 1
    outer loop
      vertex 121 61.8333 2.4
      vertex 171.349 92.4294 2.4
      vertex 171.056 92.5865 2.4
    endloop
  endfacet
  facet normal 0 0 1
    outer loop
      vertex 136.944 92.5865 2.4
      vertex 171.056 92.5865 2.4
      vertex 170.798 92.7979 2.4
    endloop
  endfacet
  facet normal 0 0 1
    outer loop
      vertex 137.202 92.7979 2.4
      vertex 170.798 92.7979 2.4
      vertex 170.587 93.0555 2.4
    endloop
  endfacet
  facet normal 0 0 1
    outer loop
      vertex 137.413 93.0555 2.4
      vertex 170.587 93.0555 2.4
      vertex 170.429 93.3494 2.4
    endloop
  endfacet
  facet normal 0 0 1
    outer loop
      vertex 137.571 93.3494 2.4
      vertex 170.429 93.3494 2.4
      vertex 170.333 93.6684 2.4
    endloop
  endfacet
  facet normal -0 0 1
    outer loop
      vertex 137.7 94 2.4
      vertex 170.333 93.6684 2.4
      vertex 170.3 94 2.4
    endloop
  endfacet
  facet normal 0 0 1
    outer loop
      vertex 137.667 93.6684 2.4
      vertex 170.333 93.6684 2.4
      vertex 137.7 94 2.4
    endloop
  endfacet
  facet normal 0 0 1
    outer loop
      vertex 137.571 93.3494 2.4
      vertex 170.333 93.6684 2.4
      vertex 137.667 93.6684 2.4
    endloop
  endfacet
  facet normal 0 0 1
    outer loop
      vertex 170.429 93.3494 2.4
      vertex 137.571 93.3494 2.4
      vertex 137.413 93.0555 2.4
    endloop
  endfacet
  facet normal 0 0 1
    outer loop
      vertex 170.587 93.0555 2.4
      vertex 137.413 93.0555 2.4
      vertex 137.202 92.7979 2.4
    endloop
  endfacet
  facet normal 0 0 1
    outer loop
      vertex 170.798 92.7979 2.4
      vertex 137.202 92.7979 2.4
      vertex 136.944 92.5865 2.4
    endloop
  endfacet
  facet normal 0 0 1
    outer loop
      vertex 171.056 92.5865 2.4
      vertex 136.944 92.5865 2.4
      vertex 121 63.6667 2.4
    endloop
  endfacet
  facet normal 0 0 1
    outer loop
      vertex 121 66.6667 2.4
      vertex 136.944 92.5865 2.4
      vertex 136.651 92.4294 2.4
    endloop
  endfacet
  facet normal 0 0 1
    outer loop
      vertex 121 71.5 2.4
      vertex 136.651 92.4294 2.4
      vertex 136.332 92.3327 2.4
    endloop
  endfacet
  facet normal 0 0 1
    outer loop
      vertex 121 76.3333 2.4
      vertex 136.332 92.3327 2.4
      vertex 136 92.3 2.4
    endloop
  endfacet
  facet normal 0 0 1
    outer loop
      vertex 121 78.1667 2.4
      vertex 136 92.3 2.4
      vertex 135.668 92.3327 2.4
    endloop
  endfacet
  facet normal 0 0 1
    outer loop
      vertex 121 81.1667 2.4
      vertex 135.668 92.3327 2.4
      vertex 135.349 92.4294 2.4
    endloop
  endfacet
  facet normal 0 0 1
    outer loop
      vertex 121 83 2.4
      vertex 135.349 92.4294 2.4
      vertex 135.056 92.5865 2.4
    endloop
  endfacet
  facet normal 0 0 1
    outer loop
      vertex 121 86 2.4
      vertex 135.056 92.5865 2.4
      vertex 134.798 92.7979 2.4
    endloop
  endfacet
  facet normal 0 0 1
    outer loop
      vertex 121 86 2.4
      vertex 134.798 92.7979 2.4
      vertex 134.587 93.0555 2.4
    endloop
  endfacet
  facet normal 0 0 1
    outer loop
      vertex 121 86 2.4
      vertex 134.333 93.6684 2.4
      vertex 134.3 94 2.4
    endloop
  endfacet
  facet normal 0 0 1
    outer loop
      vertex 121 86 2.4
      vertex 134.429 93.3494 2.4
      vertex 134.333 93.6684 2.4
    endloop
  endfacet
  facet normal 0 0 1
    outer loop
      vertex 121 86 2.4
      vertex 134.587 93.0555 2.4
      vertex 134.429 93.3494 2.4
    endloop
  endfacet
  facet normal 0 0 1
    outer loop
      vertex 135.056 92.5865 2.4
      vertex 121 86 2.4
      vertex 121 83 2.4
    endloop
  endfacet
  facet normal 0 0 1
    outer loop
      vertex 135.349 92.4294 2.4
      vertex 121 83 2.4
      vertex 121 81.1667 2.4
    endloop
  endfacet
  facet normal 0 0 1
    outer loop
      vertex 135.668 92.3327 2.4
      vertex 121 81.1667 2.4
      vertex 121 78.1667 2.4
    endloop
  endfacet
  facet normal 0 0 1
    outer loop
      vertex 136 92.3 2.4
      vertex 121 78.1667 2.4
      vertex 121 76.3333 2.4
    endloop
  endfacet
  facet normal 0 0 1
    outer loop
      vertex 136.332 92.3327 2.4
      vertex 121 76.3333 2.4
      vertex 121 73.3333 2.4
    endloop
  endfacet
  facet normal 0 0 1
    outer loop
      vertex 136.332 92.3327 2.4
      vertex 121 73.3333 2.4
      vertex 121 71.5 2.4
    endloop
  endfacet
  facet normal 0 0 1
    outer loop
      vertex 136.651 92.4294 2.4
      vertex 121 71.5 2.4
      vertex 121 68.5 2.4
    endloop
  endfacet
  facet normal 0 0 1
    outer loop
      vertex 136.651 92.4294 2.4
      vertex 121 68.5 2.4
      vertex 121 66.6667 2.4
    endloop
  endfacet
  facet normal 0 0 1
    outer loop
      vertex 136.944 92.5865 2.4
      vertex 121 66.6667 2.4
      vertex 121 63.6667 2.4
    endloop
  endfacet
  facet normal 0 0 1
    outer loop
      vertex 171.056 92.5865 2.4
      vertex 121 63.6667 2.4
      vertex 121 61.8333 2.4
    endloop
  endfacet
  facet normal 0 0 1
    outer loop
      vertex 171.349 92.4294 2.4
      vertex 121 61.8333 2.4
      vertex 121 58.8333 2.4
    endloop
  endfacet
  facet normal 0 0 1
    outer loop
      vertex 171.349 92.4294 2.4
      vertex 121 58.8333 2.4
      vertex 121 57 2.4
    endloop
  endfacet
  facet normal 0 0 1
    outer loop
      vertex 171.349 92.4294 2.4
      vertex 121 57 2.4
      vertex 121 54 2.4
    endloop
  endfacet
  facet normal 0 0 1
    outer loop
      vertex 195.2 15.5 2.4
      vertex 121 54 2.4
      vertex 184.5 4.8 2.4
    endloop
  endfacet
  facet normal -0 0 1
    outer loop
      vertex 79 54 2.4
      vertex 184.5 4.8 2.4
      vertex 121 54 2.4
    endloop
  endfacet
  facet normal -0 0 1
    outer loop
      vertex 65.5706 93.3494 2.4
      vertex 79 86 2.4
      vertex 65.6673 93.6684 2.4
    endloop
  endfacet
  facet normal -0 0 1
    outer loop
      vertex 65.4135 93.0555 2.4
      vertex 79 86 2.4
      vertex 65.5706 93.3494 2.4
    endloop
  endfacet
  facet normal -0 0 1
    outer loop
      vertex 65.2021 92.7979 2.4
      vertex 79 86 2.4
      vertex 65.4135 93.0555 2.4
    endloop
  endfacet
  facet normal -0 0 1
    outer loop
      vertex 64.9445 92.5865 2.4
      vertex 79 86 2.4
      vertex 65.2021 92.7979 2.4
    endloop
  endfacet
  facet normal 0 0 1
    outer loop
      vertex 79 83 2.4
      vertex 64.9445 92.5865 2.4
      vertex 64.6506 92.4294 2.4
    endloop
  endfacet
  facet normal -0 0 1
    outer loop
      vertex 64 92.3 2.4
      vertex 79 78.1667 2.4
      vertex 64.3316 92.3327 2.4
    endloop
  endfacet
  facet normal 0 0 1
    outer loop
      vertex 63.3494 92.4294 2.4
      vertex 79 71.5 2.4
      vertex 63.6683 92.3327 2.4
    endloop
  endfacet
  facet normal -0 0 1
    outer loop
      vertex 28.9445 92.5865 2.4
      vertex 79 63.6667 2.4
      vertex 63.0555 92.5865 2.4
    endloop
  endfacet
  facet normal 0 0 1
    outer loop
      vertex 79 63.6667 2.4
      vertex 28.9445 92.5865 2.4
      vertex 79 61.8333 2.4
    endloop
  endfacet
  facet normal -0 0 1
    outer loop
      vertex 28.6506 92.4294 2.4
      vertex 79 61.8333 2.4
      vertex 28.9445 92.5865 2.4
    endloop
  endfacet
  facet normal 0 0 1
    outer loop
      vertex 79 61.8333 2.4
      vertex 28.6506 92.4294 2.4
      vertex 79 58.8333 2.4
    endloop
  endfacet
  facet normal 0 0 1
    outer loop
      vertex 28.9445 92.5865 2.4
      vertex 63.0555 92.5865 2.4
      vertex 62.7979 92.7979 2.4
    endloop
  endfacet
  facet normal 0 0 1
    outer loop
      vertex 29.2021 92.7979 2.4
      vertex 62.7979 92.7979 2.4
      vertex 62.5865 93.0555 2.4
    endloop
  endfacet
  facet normal 0 0 1
    outer loop
      vertex 29.4135 93.0555 2.4
      vertex 62.5865 93.0555 2.4
      vertex 62.4294 93.3494 2.4
    endloop
  endfacet
  facet normal -0 0 1
    outer loop
      vertex 29.7 94 2.4
      vertex 62.3327 93.6684 2.4
      vertex 62.3 94 2.4
    endloop
  endfacet
  facet normal 0 0 1
    outer loop
      vertex 29.6673 93.6684 2.4
      vertex 62.3327 93.6684 2.4
      vertex 29.7 94 2.4
    endloop
  endfacet
  facet normal 0 0 1
    outer loop
      vertex 62.3327 93.6684 2.4
      vertex 29.6673 93.6684 2.4
      vertex 62.4294 93.3494 2.4
    endloop
  endfacet
  facet normal 0 0 1
    outer loop
      vertex 29.5706 93.3494 2.4
      vertex 62.4294 93.3494 2.4
      vertex 29.6673 93.6684 2.4
    endloop
  endfacet
  facet normal 0 0 1
    outer loop
      vertex 29.4135 93.0555 2.4
      vertex 62.4294 93.3494 2.4
      vertex 29.5706 93.3494 2.4
    endloop
  endfacet
  facet normal 0 0 1
    outer loop
      vertex 62.5865 93.0555 2.4
      vertex 29.4135 93.0555 2.4
      vertex 29.2021 92.7979 2.4
    endloop
  endfacet
  facet normal 0 0 1
    outer loop
      vertex 62.7979 92.7979 2.4
      vertex 29.2021 92.7979 2.4
      vertex 28.9445 92.5865 2.4
    endloop
  endfacet
  facet normal 0 0 1
    outer loop
      vertex 79 58.8333 2.4
      vertex 28.6506 92.4294 2.4
      vertex 79 57 2.4
    endloop
  endfacet
  facet normal 0 0 1
    outer loop
      vertex 79 57 2.4
      vertex 28.6506 92.4294 2.4
      vertex 79 54 2.4
    endloop
  endfacet
  facet normal -0 0 1
    outer loop
      vertex 28.3317 92.3327 2.4
      vertex 79 54 2.4
      vertex 28.6506 92.4294 2.4
    endloop
  endfacet
  facet normal 0 0 1
    outer loop
      vertex 9.7 8 2.4
      vertex 28.3317 92.3327 2.4
      vertex 28 92.3 2.4
    endloop
  endfacet
  facet normal 0 0 1
    outer loop
      vertex 9.7 8 2.4
      vertex 28 92.3 2.4
      vertex 27.6683 92.3327 2.4
    endloop
  endfacet
  facet normal 0 0 1
    outer loop
      vertex 9.7 8 2.4
      vertex 27.6683 92.3327 2.4
      vertex 27.3494 92.4294 2.4
    endloop
  endfacet
  facet normal 0 0 1
    outer loop
      vertex 9.7 8 2.4
      vertex 27.3494 92.4294 2.4
      vertex 27.0555 92.5865 2.4
    endloop
  endfacet
  facet normal -0 0 1
    outer loop
      vertex 4.8 124.5 2.4
      vertex 27.6683 95.6673 2.4
      vertex 9.20208 130.798 2.4
    endloop
  endfacet
  facet normal 0 0 1
    outer loop
      vertex 79 54 2.4
      vertex 15.5 4.8 2.4
      vertex 184.5 4.8 2.4
    endloop
  endfacet
  facet normal 0 0 1
    outer loop
      vertex 9.7 8 2.4
      vertex 79 54 2.4
      vertex 28.3317 92.3327 2.4
    endloop
  endfacet
  facet normal 0 0 1
    outer loop
      vertex 9.7 8 2.4
      vertex 27.0555 92.5865 2.4
      vertex 26.7979 92.7979 2.4
    endloop
  endfacet
  facet normal 0 0 1
    outer loop
      vertex 9.7 8 2.4
      vertex 26.7979 92.7979 2.4
      vertex 26.5865 93.0555 2.4
    endloop
  endfacet
  facet normal 0 0 1
    outer loop
      vertex 9.7 8 2.4
      vertex 26.5865 93.0555 2.4
      vertex 26.4294 93.3494 2.4
    endloop
  endfacet
  facet normal 0 0 1
    outer loop
      vertex 9.7 8 2.4
      vertex 26.4294 93.3494 2.4
      vertex 26.3327 93.6684 2.4
    endloop
  endfacet
  facet normal 0 0 1
    outer loop
      vertex 27.6683 95.6673 2.4
      vertex 4.8 124.5 2.4
      vertex 27.3494 95.5706 2.4
    endloop
  endfacet
  facet normal 0 0 1
    outer loop
      vertex 134.3 94 2.4
      vertex 120 91 2.4
      vertex 121 86 2.4
    endloop
  endfacet
  facet normal -0 0 1
    outer loop
      vertex 108 91 2.4
      vertex 121 86 2.4
      vertex 120 91 2.4
    endloop
  endfacet
  facet normal 0 0 1
    outer loop
      vertex 121 86 2.4
      vertex 108 91 2.4
      vertex 79 86 2.4
    endloop
  endfacet
  facet normal 0 0 1
    outer loop
      vertex 193.7 132 2.4
      vertex 200 134 2.4
      vertex 199.971 134.588 2.4
    endloop
  endfacet
  facet normal 0 0 1
    outer loop
      vertex 200 134 2.4
      vertex 197.2 124.5 2.4
      vertex 200 6 2.4
    endloop
  endfacet
  facet normal 0 0 1
    outer loop
      vertex 193.7 132 2.4
      vertex 199.971 134.588 2.4
      vertex 199.885 135.171 2.4
    endloop
  endfacet
  facet normal -0 0 1
    outer loop
      vertex 197.2 15.5 2.4
      vertex 200 6 2.4
      vertex 197.2 124.5 2.4
    endloop
  endfacet
  facet normal 0 0 1
    outer loop
      vertex 193.7 132 2.4
      vertex 199.885 135.171 2.4
      vertex 199.742 135.742 2.4
    endloop
  endfacet
  facet normal 0 0 1
    outer loop
      vertex 193.7 8 2.4
      vertex 197.2 15.5 2.4
      vertex 195.2 15.5 2.4
    endloop
  endfacet
  facet normal 0 0 1
    outer loop
      vertex 193.7 132 2.4
      vertex 199.742 135.742 2.4
      vertex 199.543 136.296 2.4
    endloop
  endfacet
  facet normal 0 0 1
    outer loop
      vertex 197.2 15.5 2.4
      vertex 193.7 8 2.4
      vertex 200 6 2.4
    endloop
  endfacet
  facet normal 0 0 1
    outer loop
      vertex 193.7 132 2.4
      vertex 199.543 136.296 2.4
      vertex 199.292 136.828 2.4
    endloop
  endfacet
  facet normal -0 0 1
    outer loop
      vertex 193.685 7.7781 2.4
      vertex 200 6 2.4
      vertex 193.7 8 2.4
    endloop
  endfacet
  facet normal 0 0 1
    outer loop
      vertex 193.7 132 2.4
      vertex 199.292 136.828 2.4
      vertex 198.989 137.333 2.4
    endloop
  endfacet
  facet normal -0 0 1
    outer loop
      vertex 193.642 7.56001 2.4
      vertex 200 6 2.4
      vertex 193.685 7.7781 2.4
    endloop
  endfacet
  facet normal 0 0 1
    outer loop
      vertex 193.7 132 2.4
      vertex 198.989 137.333 2.4
      vertex 198.638 137.806 2.4
    endloop
  endfacet
  facet normal -0 0 1
    outer loop
      vertex 193.571 7.34944 2.4
      vertex 200 6 2.4
      vertex 193.642 7.56001 2.4
    endloop
  endfacet
  facet normal 0 0 1
    outer loop
      vertex 193.7 132 2.4
      vertex 198.638 137.806 2.4
      vertex 198.243 138.243 2.4
    endloop
  endfacet
  facet normal 0 0 1
    outer loop
      vertex 200 6 2.4
      vertex 193.571 7.34944 2.4
      vertex 199.971 5.4119 2.4
    endloop
  endfacet
  facet normal 0 0 1
    outer loop
      vertex 193.7 132 2.4
      vertex 198.243 138.243 2.4
      vertex 197.806 138.638 2.4
    endloop
  endfacet
  facet normal -0 0 1
    outer loop
      vertex 193.472 7.15 2.4
      vertex 199.971 5.4119 2.4
      vertex 193.571 7.34944 2.4
    endloop
  endfacet
  facet normal 0 0 1
    outer loop
      vertex 193.7 132 2.4
      vertex 197.806 138.638 2.4
      vertex 197.333 138.989 2.4
    endloop
  endfacet
  facet normal 0 0 1
    outer loop
      vertex 199.971 5.4119 2.4
      vertex 193.472 7.15 2.4
      vertex 199.885 4.82946 2.4
    endloop
  endfacet
  facet normal 0 0 1
    outer loop
      vertex 199.885 4.82946 2.4
      vertex 193.472 7.15 2.4
      vertex 199.742 4.25829 2.4
    endloop
  endfacet
  facet normal 0 0 1
    outer loop
      vertex 193.7 132 2.4
      vertex 197.333 138.989 2.4
      vertex 196.828 139.292 2.4
    endloop
  endfacet
  facet normal 0 0 1
    outer loop
      vertex 193.7 132 2.4
      vertex 196.828 139.292 2.4
      vertex 196.296 139.543 2.4
    endloop
  endfacet
  facet normal 0 0 1
    outer loop
      vertex 193.7 132 2.4
      vertex 196.296 139.543 2.4
      vertex 195.742 139.742 2.4
    endloop
  endfacet
  facet normal 0 0 1
    outer loop
      vertex 193.685 131.778 2.4
      vertex 200 134 2.4
      vertex 193.7 132 2.4
    endloop
  endfacet
  facet normal 0 0 1
    outer loop
      vertex 193.642 131.56 2.4
      vertex 200 134 2.4
      vertex 193.685 131.778 2.4
    endloop
  endfacet
  facet normal 0 0 1
    outer loop
      vertex 193.7 132 2.4
      vertex 195.742 139.742 2.4
      vertex 195.171 139.885 2.4
    endloop
  endfacet
  facet normal 0 0 1
    outer loop
      vertex 199.742 4.25829 2.4
      vertex 193.472 7.15 2.4
      vertex 199.543 3.7039 2.4
    endloop
  endfacet
  facet normal -0 0 1
    outer loop
      vertex 193.349 6.96511 2.4
      vertex 199.543 3.7039 2.4
      vertex 193.472 7.15 2.4
    endloop
  endfacet
  facet normal 0 0 1
    outer loop
      vertex 199.543 3.7039 2.4
      vertex 193.349 6.96511 2.4
      vertex 199.292 3.17162 2.4
    endloop
  endfacet
  facet normal 0 0 1
    outer loop
      vertex 199.292 3.17162 2.4
      vertex 193.349 6.96511 2.4
      vertex 198.989 2.66658 2.4
    endloop
  endfacet
  facet normal 0 0 1
    outer loop
      vertex 198.989 2.66658 2.4
      vertex 193.349 6.96511 2.4
      vertex 198.638 2.19364 2.4
    endloop
  endfacet
  facet normal -0 0 1
    outer loop
      vertex 193.202 6.79792 2.4
      vertex 198.638 2.19364 2.4
      vertex 193.349 6.96511 2.4
    endloop
  endfacet
  facet normal 0 0 1
    outer loop
      vertex 193.571 131.349 2.4
      vertex 200 134 2.4
      vertex 193.642 131.56 2.4
    endloop
  endfacet
  facet normal 0 0 1
    outer loop
      vertex 192.85 133.472 2.4
      vertex 195.171 139.885 2.4
      vertex 194.588 139.971 2.4
    endloop
  endfacet
  facet normal 0 0 1
    outer loop
      vertex 200 134 2.4
      vertex 193.571 131.349 2.4
      vertex 197.2 124.5 2.4
    endloop
  endfacet
  facet normal 0 0 1
    outer loop
      vertex 192.651 133.571 2.4
      vertex 194.588 139.971 2.4
      vertex 194 140 2.4
    endloop
  endfacet
  facet normal 0 0 1
    outer loop
      vertex 198.638 2.19364 2.4
      vertex 193.202 6.79792 2.4
      vertex 198.243 1.75736 2.4
    endloop
  endfacet
  facet normal 0 0 1
    outer loop
      vertex 198.243 1.75736 2.4
      vertex 193.202 6.79792 2.4
      vertex 197.806 1.36194 2.4
    endloop
  endfacet
  facet normal 0 0 1
    outer loop
      vertex 195.171 139.885 2.4
      vertex 193.685 132.222 2.4
      vertex 193.7 132 2.4
    endloop
  endfacet
  facet normal 0 0 1
    outer loop
      vertex 195.171 139.885 2.4
      vertex 193.642 132.44 2.4
      vertex 193.685 132.222 2.4
    endloop
  endfacet
  facet normal 0 0 1
    outer loop
      vertex 195.171 139.885 2.4
      vertex 193.571 132.651 2.4
      vertex 193.642 132.44 2.4
    endloop
  endfacet
  facet normal 0 0 1
    outer loop
      vertex 195.171 139.885 2.4
      vertex 193.472 132.85 2.4
      vertex 193.571 132.651 2.4
    endloop
  endfacet
  facet normal 0 0 1
    outer loop
      vertex 195.171 139.885 2.4
      vertex 193.349 133.035 2.4
      vertex 193.472 132.85 2.4
    endloop
  endfacet
  facet normal 0 0 1
    outer loop
      vertex 195.171 139.885 2.4
      vertex 193.202 133.202 2.4
      vertex 193.349 133.035 2.4
    endloop
  endfacet
  facet normal 0 0 1
    outer loop
      vertex 195.171 139.885 2.4
      vertex 193.035 133.349 2.4
      vertex 193.202 133.202 2.4
    endloop
  endfacet
  facet normal 0 0 1
    outer loop
      vertex 195.171 139.885 2.4
      vertex 192.85 133.472 2.4
      vertex 193.035 133.349 2.4
    endloop
  endfacet
  facet normal 0 0 1
    outer loop
      vertex 194.588 139.971 2.4
      vertex 192.651 133.571 2.4
      vertex 192.85 133.472 2.4
    endloop
  endfacet
  facet normal 0 0 1
    outer loop
      vertex 194 140 2.4
      vertex 192.44 133.642 2.4
      vertex 192.651 133.571 2.4
    endloop
  endfacet
  facet normal 0 0 1
    outer loop
      vertex 194 140 2.4
      vertex 192.222 133.685 2.4
      vertex 192.44 133.642 2.4
    endloop
  endfacet
  facet normal 0 0 1
    outer loop
      vertex 194 140 2.4
      vertex 192 133.7 2.4
      vertex 192.222 133.685 2.4
    endloop
  endfacet
  facet normal 0 0 1
    outer loop
      vertex 194 140 2.4
      vertex 191.778 133.685 2.4
      vertex 192 133.7 2.4
    endloop
  endfacet
  facet normal 0 0 1
    outer loop
      vertex 194 140 2.4
      vertex 191.56 133.642 2.4
      vertex 191.778 133.685 2.4
    endloop
  endfacet
  facet normal 0 0 1
    outer loop
      vertex 194 140 2.4
      vertex 191.349 133.571 2.4
      vertex 191.56 133.642 2.4
    endloop
  endfacet
  facet normal -0 0 1
    outer loop
      vertex 184.5 137.2 2.4
      vertex 191.349 133.571 2.4
      vertex 194 140 2.4
    endloop
  endfacet
  facet normal 0 0 1
    outer loop
      vertex 191.349 133.571 2.4
      vertex 184.5 137.2 2.4
      vertex 191.15 133.472 2.4
    endloop
  endfacet
  facet normal 0 0 1
    outer loop
      vertex 191.15 133.472 2.4
      vertex 184.5 137.2 2.4
      vertex 190.965 133.349 2.4
    endloop
  endfacet
  facet normal 0 0 1
    outer loop
      vertex 190.965 133.349 2.4
      vertex 184.5 137.2 2.4
      vertex 190.798 133.202 2.4
    endloop
  endfacet
  facet normal -0 0 1
    outer loop
      vertex 184.5 135.2 2.4
      vertex 190.798 133.202 2.4
      vertex 184.5 137.2 2.4
    endloop
  endfacet
  facet normal 0 0 1
    outer loop
      vertex 190.798 133.202 2.4
      vertex 184.5 135.2 2.4
      vertex 190.651 133.035 2.4
    endloop
  endfacet
  facet normal 0 0 1
    outer loop
      vertex 190.315 132.222 2.4
      vertex 184.5 135.2 2.4
      vertex 190.3 132 2.4
    endloop
  endfacet
  facet normal 0 0 1
    outer loop
      vertex 190.358 132.44 2.4
      vertex 184.5 135.2 2.4
      vertex 190.315 132.222 2.4
    endloop
  endfacet
  facet normal 0 0 1
    outer loop
      vertex 190.429 132.651 2.4
      vertex 184.5 135.2 2.4
      vertex 190.358 132.44 2.4
    endloop
  endfacet
  facet normal 0 0 1
    outer loop
      vertex 190.528 132.85 2.4
      vertex 184.5 135.2 2.4
      vertex 190.429 132.651 2.4
    endloop
  endfacet
  facet normal 0 0 1
    outer loop
      vertex 190.651 133.035 2.4
      vertex 184.5 135.2 2.4
      vertex 190.528 132.85 2.4
    endloop
  endfacet
  facet normal 0 0 1
    outer loop
      vertex 194 140 2.4
      vertex 15.5 137.2 2.4
      vertex 184.5 137.2 2.4
    endloop
  endfacet
  facet normal 0 0 1
    outer loop
      vertex 9.20208 133.202 2.4
      vertex 15.5 135.2 2.4
      vertex 15.5 137.2 2.4
    endloop
  endfacet
  facet normal 0 0 1
    outer loop
      vertex 27.3494 95.5706 2.4
      vertex 4.8 124.5 2.4
      vertex 27.0555 95.4135 2.4
    endloop
  endfacet
  facet normal 0 0 1
    outer loop
      vertex 79 54 2.4
      vertex 9.7 8 2.4
      vertex 15.5 4.8 2.4
    endloop
  endfacet
  facet normal 0 0 1
    outer loop
      vertex 15.5 135.2 2.4
      vertex 9.68546 132.222 2.4
      vertex 9.7 132 2.4
    endloop
  endfacet
  facet normal 0 0 1
    outer loop
      vertex 15.5 135.2 2.4
      vertex 9.64207 132.44 2.4
      vertex 9.68546 132.222 2.4
    endloop
  endfacet
  facet normal 0 0 1
    outer loop
      vertex 15.5 135.2 2.4
      vertex 9.57059 132.651 2.4
      vertex 9.64207 132.44 2.4
    endloop
  endfacet
  facet normal 0 0 1
    outer loop
      vertex 15.5 135.2 2.4
      vertex 9.47224 132.85 2.4
      vertex 9.57059 132.651 2.4
    endloop
  endfacet
  facet normal 0 0 1
    outer loop
      vertex 15.5 135.2 2.4
      vertex 9.3487 133.035 2.4
      vertex 9.47224 132.85 2.4
    endloop
  endfacet
  facet normal 0 0 1
    outer loop
      vertex 15.5 135.2 2.4
      vertex 9.20208 133.202 2.4
      vertex 9.3487 133.035 2.4
    endloop
  endfacet
  facet normal 0 0 1
    outer loop
      vertex 15.5 137.2 2.4
      vertex 9.03489 133.349 2.4
      vertex 9.20208 133.202 2.4
    endloop
  endfacet
  facet normal 0 0 1
    outer loop
      vertex 15.5 137.2 2.4
      vertex 8.85 133.472 2.4
      vertex 9.03489 133.349 2.4
    endloop
  endfacet
  facet normal 0 0 1
    outer loop
      vertex 15.5 137.2 2.4
      vertex 8.65056 133.571 2.4
      vertex 8.85 133.472 2.4
    endloop
  endfacet
  facet normal 0 0 1
    outer loop
      vertex 6 140 2.4
      vertex 8.65056 133.571 2.4
      vertex 15.5 137.2 2.4
    endloop
  endfacet
  facet normal 0 0 1
    outer loop
      vertex 8.65056 133.571 2.4
      vertex 6 140 2.4
      vertex 8.43999 133.642 2.4
    endloop
  endfacet
  facet normal 0 0 1
    outer loop
      vertex 8.43999 133.642 2.4
      vertex 6 140 2.4
      vertex 8.22189 133.685 2.4
    endloop
  endfacet
  facet normal 0 0 1
    outer loop
      vertex 8.22189 133.685 2.4
      vertex 6 140 2.4
      vertex 8 133.7 2.4
    endloop
  endfacet
  facet normal 0 0 1
    outer loop
      vertex 8 133.7 2.4
      vertex 6 140 2.4
      vertex 7.7781 133.685 2.4
    endloop
  endfacet
  facet normal 0 0 1
    outer loop
      vertex 7.7781 133.685 2.4
      vertex 6 140 2.4
      vertex 7.56001 133.642 2.4
    endloop
  endfacet
  facet normal 0 0 1
    outer loop
      vertex 0 134 2.4
      vertex 6.3 132 2.4
      vertex 6.31454 132.222 2.4
    endloop
  endfacet
  facet normal 0 0 1
    outer loop
      vertex 6.35793 132.44 2.4
      vertex 0 134 2.4
      vertex 6.31454 132.222 2.4
    endloop
  endfacet
  facet normal 0 0 1
    outer loop
      vertex 6.4294 132.651 2.4
      vertex 0 134 2.4
      vertex 6.35793 132.44 2.4
    endloop
  endfacet
  facet normal 0 0 1
    outer loop
      vertex 6.52776 132.85 2.4
      vertex 0 134 2.4
      vertex 6.4294 132.651 2.4
    endloop
  endfacet
  facet normal 0 0 1
    outer loop
      vertex 6.6513 133.035 2.4
      vertex 0 134 2.4
      vertex 6.52776 132.85 2.4
    endloop
  endfacet
  facet normal 0 0 1
    outer loop
      vertex 6.79792 133.202 2.4
      vertex 0 134 2.4
      vertex 6.6513 133.035 2.4
    endloop
  endfacet
  facet normal -0 0 1
    outer loop
      vertex 0 134 2.4
      vertex 6.79792 133.202 2.4
      vertex 6 140 2.4
    endloop
  endfacet
  facet normal 0 0 1
    outer loop
      vertex 6.96511 133.349 2.4
      vertex 6 140 2.4
      vertex 6.79792 133.202 2.4
    endloop
  endfacet
  facet normal 0 0 1
    outer loop
      vertex 7.15 133.472 2.4
      vertex 6 140 2.4
      vertex 6.96511 133.349 2.4
    endloop
  endfacet
  facet normal 0 0 1
    outer loop
      vertex 7.34944 133.571 2.4
      vertex 6 140 2.4
      vertex 7.15 133.472 2.4
    endloop
  endfacet
  facet normal 0 0 1
    outer loop
      vertex 7.56001 133.642 2.4
      vertex 6 140 2.4
      vertex 7.34944 133.571 2.4
    endloop
  endfacet
  facet normal -0 0 1
    outer loop
      vertex 6 140 2.4
      vertex 15.5 137.2 2.4
      vertex 194 140 2.4
    endloop
  endfacet
  facet normal 0.145934 0.989294 -0
    outer loop
      vertex 195.171 139.885 0
      vertex 194.588 139.971 2.4
      vertex 195.171 139.885 2.4
    endloop
  endfacet
  facet normal 0.145934 0.989294 0
    outer loop
      vertex 194.588 139.971 2.4
      vertex 195.171 139.885 0
      vertex 194.588 139.971 0
    endloop
  endfacet
  facet normal -0.740952 -0.671558 0
    outer loop
      vertex 1.75736 1.75736 0
      vertex 1.36194 2.19364 2.4
      vertex 1.36194 2.19364 0
    endloop
  endfacet
  facet normal -0.740952 -0.671558 0
    outer loop
      vertex 1.36194 2.19364 2.4
      vertex 1.75736 1.75736 0
      vertex 1.75736 1.75736 2.4
    endloop
  endfacet
  facet normal -0.980779 -0.195122 0
    outer loop
      vertex 9.68546 8.22189 0
      vertex 9.64207 8.43999 2.4
      vertex 9.64207 8.43999 0
    endloop
  endfacet
  facet normal -0.980779 -0.195122 0
    outer loop
      vertex 9.64207 8.43999 2.4
      vertex 9.68546 8.22189 0
      vertex 9.68546 8.22189 2.4
    endloop
  endfacet
  facet normal -0.99786 -0.0653877 0
    outer loop
      vertex 9.7 8 0
      vertex 9.68546 8.22189 2.4
      vertex 9.68546 8.22189 0
    endloop
  endfacet
  facet normal -0.99786 -0.0653877 0
    outer loop
      vertex 9.68546 8.22189 2.4
      vertex 9.7 8 0
      vertex 9.7 8 2.4
    endloop
  endfacet
  facet normal 0.442278 -0.896878 0
    outer loop
      vertex 7.15 9.47224 0
      vertex 7.34944 9.57059 2.4
      vertex 7.15 9.47224 2.4
    endloop
  endfacet
  facet normal 0.442278 -0.896878 0
    outer loop
      vertex 7.34944 9.57059 2.4
      vertex 7.15 9.47224 0
      vertex 7.34944 9.57059 0
    endloop
  endfacet
  facet normal -0.555572 -0.831469 0
    outer loop
      vertex 8.85 9.47224 0
      vertex 9.03489 9.3487 2.4
      vertex 8.85 9.47224 2.4
    endloop
  endfacet
  facet normal -0.555572 -0.831469 -0
    outer loop
      vertex 9.03489 9.3487 2.4
      vertex 8.85 9.47224 0
      vertex 9.03489 9.3487 0
    endloop
  endfacet
  facet normal 0.659342 -0.751844 0
    outer loop
      vertex 6.79792 9.20208 0
      vertex 6.96511 9.3487 2.4
      vertex 6.79792 9.20208 2.4
    endloop
  endfacet
  facet normal 0.659342 -0.751844 0
    outer loop
      vertex 6.96511 9.3487 2.4
      vertex 6.79792 9.20208 0
      vertex 6.96511 9.3487 0
    endloop
  endfacet
  facet normal -0.321404 0.946942 0
    outer loop
      vertex 8.65056 6.4294 0
      vertex 8.43999 6.35793 2.4
      vertex 8.65056 6.4294 2.4
    endloop
  endfacet
  facet normal -0.321404 0.946942 0
    outer loop
      vertex 8.43999 6.35793 2.4
      vertex 8.65056 6.4294 0
      vertex 8.43999 6.35793 0
    endloop
  endfacet
  facet normal -0.831469 0.555572 0
    outer loop
      vertex 9.3487 6.96511 0
      vertex 9.47224 7.15 2.4
      vertex 9.47224 7.15 0
    endloop
  endfacet
  facet normal -0.831469 0.555572 0
    outer loop
      vertex 9.47224 7.15 2.4
      vertex 9.3487 6.96511 0
      vertex 9.3487 6.96511 2.4
    endloop
  endfacet
  facet normal -0.946929 0.321444 0
    outer loop
      vertex 9.57059 7.34944 0
      vertex 9.64207 7.56001 2.4
      vertex 9.64207 7.56001 0
    endloop
  endfacet
  facet normal -0.946929 0.321444 0
    outer loop
      vertex 9.64207 7.56001 2.4
      vertex 9.57059 7.34944 0
      vertex 9.57059 7.34944 2.4
    endloop
  endfacet
  facet normal -0.321444 -0.946929 0
    outer loop
      vertex 8.43999 9.64207 0
      vertex 8.65056 9.57059 2.4
      vertex 8.43999 9.64207 2.4
    endloop
  endfacet
  facet normal -0.321444 -0.946929 -0
    outer loop
      vertex 8.65056 9.57059 2.4
      vertex 8.43999 9.64207 0
      vertex 8.65056 9.57059 0
    endloop
  endfacet
  facet normal 0.555572 -0.831469 0
    outer loop
      vertex 6.96511 9.3487 0
      vertex 7.15 9.47224 2.4
      vertex 6.96511 9.3487 2.4
    endloop
  endfacet
  facet normal 0.555572 -0.831469 0
    outer loop
      vertex 7.15 9.47224 2.4
      vertex 6.96511 9.3487 0
      vertex 7.15 9.47224 0
    endloop
  endfacet
  facet normal -0.896878 0.442278 0
    outer loop
      vertex 9.47224 7.15 0
      vertex 9.57059 7.34944 2.4
      vertex 9.57059 7.34944 0
    endloop
  endfacet
  facet normal -0.896878 0.442278 0
    outer loop
      vertex 9.57059 7.34944 2.4
      vertex 9.47224 7.15 0
      vertex 9.47224 7.15 2.4
    endloop
  endfacet
  facet normal -0.659342 -0.751844 0
    outer loop
      vertex 9.03489 9.3487 0
      vertex 9.20208 9.20208 2.4
      vertex 9.03489 9.3487 2.4
    endloop
  endfacet
  facet normal -0.659342 -0.751844 -0
    outer loop
      vertex 9.20208 9.20208 2.4
      vertex 9.03489 9.3487 0
      vertex 9.20208 9.20208 0
    endloop
  endfacet
  facet normal -0.555572 0.831469 0
    outer loop
      vertex 9.03489 6.6513 0
      vertex 8.85 6.52776 2.4
      vertex 9.03489 6.6513 2.4
    endloop
  endfacet
  facet normal -0.555572 0.831469 0
    outer loop
      vertex 8.85 6.52776 2.4
      vertex 9.03489 6.6513 0
      vertex 8.85 6.52776 0
    endloop
  endfacet
  facet normal -0.442278 -0.896878 0
    outer loop
      vertex 8.65056 9.57059 0
      vertex 8.85 9.47224 2.4
      vertex 8.65056 9.57059 2.4
    endloop
  endfacet
  facet normal -0.442278 -0.896878 -0
    outer loop
      vertex 8.85 9.47224 2.4
      vertex 8.65056 9.57059 0
      vertex 8.85 9.47224 0
    endloop
  endfacet
  facet normal 0.99786 -0.0653877 0
    outer loop
      vertex 6.3 8 2.4
      vertex 6.31454 8.22189 0
      vertex 6.31454 8.22189 2.4
    endloop
  endfacet
  facet normal 0.99786 -0.0653877 0
    outer loop
      vertex 6.31454 8.22189 0
      vertex 6.3 8 2.4
      vertex 6.3 8 0
    endloop
  endfacet
  facet normal 0.659342 0.751844 -0
    outer loop
      vertex 6.96511 6.6513 0
      vertex 6.79792 6.79792 2.4
      vertex 6.96511 6.6513 2.4
    endloop
  endfacet
  facet normal 0.659342 0.751844 0
    outer loop
      vertex 6.79792 6.79792 2.4
      vertex 6.96511 6.6513 0
      vertex 6.79792 6.79792 0
    endloop
  endfacet
  facet normal 0.751844 0.659342 0
    outer loop
      vertex 6.79792 6.79792 2.4
      vertex 6.6513 6.96511 0
      vertex 6.6513 6.96511 2.4
    endloop
  endfacet
  facet normal 0.751844 0.659342 0
    outer loop
      vertex 6.6513 6.96511 0
      vertex 6.79792 6.79792 2.4
      vertex 6.79792 6.79792 0
    endloop
  endfacet
  facet normal 0.831469 0.555572 0
    outer loop
      vertex 6.6513 6.96511 2.4
      vertex 6.52776 7.15 0
      vertex 6.52776 7.15 2.4
    endloop
  endfacet
  facet normal 0.831469 0.555572 0
    outer loop
      vertex 6.52776 7.15 0
      vertex 6.6513 6.96511 2.4
      vertex 6.6513 6.96511 0
    endloop
  endfacet
  facet normal -0.831469 -0.555572 0
    outer loop
      vertex 9.47224 8.85 0
      vertex 9.3487 9.03489 2.4
      vertex 9.3487 9.03489 0
    endloop
  endfacet
  facet normal -0.831469 -0.555572 0
    outer loop
      vertex 9.3487 9.03489 2.4
      vertex 9.47224 8.85 0
      vertex 9.47224 8.85 2.4
    endloop
  endfacet
  facet normal -0.195122 0.980779 0
    outer loop
      vertex 8.43999 6.35793 0
      vertex 8.22189 6.31454 2.4
      vertex 8.43999 6.35793 2.4
    endloop
  endfacet
  facet normal -0.195122 0.980779 0
    outer loop
      vertex 8.22189 6.31454 2.4
      vertex 8.43999 6.35793 0
      vertex 8.22189 6.31454 0
    endloop
  endfacet
  facet normal -0.980777 0.19513 0
    outer loop
      vertex 9.64207 7.56001 0
      vertex 9.68546 7.7781 2.4
      vertex 9.68546 7.7781 0
    endloop
  endfacet
  facet normal -0.980777 0.19513 0
    outer loop
      vertex 9.68546 7.7781 2.4
      vertex 9.64207 7.56001 0
      vertex 9.64207 7.56001 2.4
    endloop
  endfacet
  facet normal 0.946942 0.321404 0
    outer loop
      vertex 6.4294 7.34944 2.4
      vertex 6.35793 7.56001 0
      vertex 6.35793 7.56001 2.4
    endloop
  endfacet
  facet normal 0.946942 0.321404 0
    outer loop
      vertex 6.35793 7.56001 0
      vertex 6.4294 7.34944 2.4
      vertex 6.4294 7.34944 0
    endloop
  endfacet
  facet normal -0.442314 0.89686 0
    outer loop
      vertex 8.85 6.52776 0
      vertex 8.65056 6.4294 2.4
      vertex 8.85 6.52776 2.4
    endloop
  endfacet
  facet normal -0.442314 0.89686 0
    outer loop
      vertex 8.65056 6.4294 2.4
      vertex 8.85 6.52776 0
      vertex 8.65056 6.4294 0
    endloop
  endfacet
  facet normal -0.0653877 -0.99786 0
    outer loop
      vertex 8 9.7 0
      vertex 8.22189 9.68546 2.4
      vertex 8 9.7 2.4
    endloop
  endfacet
  facet normal -0.0653877 -0.99786 -0
    outer loop
      vertex 8.22189 9.68546 2.4
      vertex 8 9.7 0
      vertex 8.22189 9.68546 0
    endloop
  endfacet
  facet normal 0.321444 -0.946929 0
    outer loop
      vertex 7.34944 9.57059 0
      vertex 7.56001 9.64207 2.4
      vertex 7.34944 9.57059 2.4
    endloop
  endfacet
  facet normal 0.321444 -0.946929 0
    outer loop
      vertex 7.56001 9.64207 2.4
      vertex 7.34944 9.57059 0
      vertex 7.56001 9.64207 0
    endloop
  endfacet
  facet normal 0.19513 -0.980777 0
    outer loop
      vertex 7.56001 9.64207 0
      vertex 7.7781 9.68546 2.4
      vertex 7.56001 9.64207 2.4
    endloop
  endfacet
  facet normal 0.19513 -0.980777 0
    outer loop
      vertex 7.7781 9.68546 2.4
      vertex 7.56001 9.64207 0
      vertex 7.7781 9.68546 0
    endloop
  endfacet
  facet normal -0.896878 -0.442278 0
    outer loop
      vertex 9.57059 8.65056 0
      vertex 9.47224 8.85 2.4
      vertex 9.47224 8.85 0
    endloop
  endfacet
  facet normal -0.896878 -0.442278 0
    outer loop
      vertex 9.47224 8.85 2.4
      vertex 9.57059 8.65056 0
      vertex 9.57059 8.65056 2.4
    endloop
  endfacet
  facet normal -0.99786 0.0653848 0
    outer loop
      vertex 9.68546 7.7781 0
      vertex 9.7 8 2.4
      vertex 9.7 8 0
    endloop
  endfacet
  facet normal -0.99786 0.0653848 0
    outer loop
      vertex 9.7 8 2.4
      vertex 9.68546 7.7781 0
      vertex 9.68546 7.7781 2.4
    endloop
  endfacet
  facet normal -0.0653877 0.99786 0
    outer loop
      vertex 8.22189 6.31454 0
      vertex 8 6.3 2.4
      vertex 8.22189 6.31454 2.4
    endloop
  endfacet
  facet normal -0.0653877 0.99786 0
    outer loop
      vertex 8 6.3 2.4
      vertex 8.22189 6.31454 0
      vertex 8 6.3 0
    endloop
  endfacet
  facet normal -0.751844 -0.659342 0
    outer loop
      vertex 9.3487 9.03489 0
      vertex 9.20208 9.20208 2.4
      vertex 9.20208 9.20208 0
    endloop
  endfacet
  facet normal -0.751844 -0.659342 0
    outer loop
      vertex 9.20208 9.20208 2.4
      vertex 9.3487 9.03489 0
      vertex 9.3487 9.03489 2.4
    endloop
  endfacet
  facet normal 0.99786 0.0653848 0
    outer loop
      vertex 6.31454 7.7781 2.4
      vertex 6.3 8 0
      vertex 6.3 8 2.4
    endloop
  endfacet
  facet normal 0.99786 0.0653848 0
    outer loop
      vertex 6.3 8 0
      vertex 6.31454 7.7781 2.4
      vertex 6.31454 7.7781 0
    endloop
  endfacet
  facet normal -0.751844 0.659342 0
    outer loop
      vertex 9.20208 6.79792 0
      vertex 9.3487 6.96511 2.4
      vertex 9.3487 6.96511 0
    endloop
  endfacet
  facet normal -0.751844 0.659342 0
    outer loop
      vertex 9.3487 6.96511 2.4
      vertex 9.20208 6.79792 0
      vertex 9.20208 6.79792 2.4
    endloop
  endfacet
  facet normal 0.751844 -0.659342 0
    outer loop
      vertex 6.6513 9.03489 2.4
      vertex 6.79792 9.20208 0
      vertex 6.79792 9.20208 2.4
    endloop
  endfacet
  facet normal 0.751844 -0.659342 0
    outer loop
      vertex 6.79792 9.20208 0
      vertex 6.6513 9.03489 2.4
      vertex 6.6513 9.03489 0
    endloop
  endfacet
  facet normal 0.831469 -0.555572 0
    outer loop
      vertex 6.52776 8.85 2.4
      vertex 6.6513 9.03489 0
      vertex 6.6513 9.03489 2.4
    endloop
  endfacet
  facet normal 0.831469 -0.555572 0
    outer loop
      vertex 6.6513 9.03489 0
      vertex 6.52776 8.85 2.4
      vertex 6.52776 8.85 0
    endloop
  endfacet
  facet normal 0.0653848 -0.99786 0
    outer loop
      vertex 7.7781 9.68546 0
      vertex 8 9.7 2.4
      vertex 7.7781 9.68546 2.4
    endloop
  endfacet
  facet normal 0.0653848 -0.99786 0
    outer loop
      vertex 8 9.7 2.4
      vertex 7.7781 9.68546 0
      vertex 8 9.7 0
    endloop
  endfacet
  facet normal 0.980777 0.19513 0
    outer loop
      vertex 6.35793 7.56001 2.4
      vertex 6.31454 7.7781 0
      vertex 6.31454 7.7781 2.4
    endloop
  endfacet
  facet normal 0.980777 0.19513 0
    outer loop
      vertex 6.31454 7.7781 0
      vertex 6.35793 7.56001 2.4
      vertex 6.35793 7.56001 0
    endloop
  endfacet
  facet normal 0.321404 0.946942 -0
    outer loop
      vertex 7.56001 6.35793 0
      vertex 7.34944 6.4294 2.4
      vertex 7.56001 6.35793 2.4
    endloop
  endfacet
  facet normal 0.321404 0.946942 0
    outer loop
      vertex 7.34944 6.4294 2.4
      vertex 7.56001 6.35793 0
      vertex 7.34944 6.4294 0
    endloop
  endfacet
  facet normal -0.946929 -0.321444 0
    outer loop
      vertex 9.64207 8.43999 0
      vertex 9.57059 8.65056 2.4
      vertex 9.57059 8.65056 0
    endloop
  endfacet
  facet normal -0.946929 -0.321444 0
    outer loop
      vertex 9.57059 8.65056 2.4
      vertex 9.64207 8.43999 0
      vertex 9.64207 8.43999 2.4
    endloop
  endfacet
  facet normal 0.442314 0.89686 -0
    outer loop
      vertex 7.34944 6.4294 0
      vertex 7.15 6.52776 2.4
      vertex 7.34944 6.4294 2.4
    endloop
  endfacet
  facet normal 0.442314 0.89686 0
    outer loop
      vertex 7.15 6.52776 2.4
      vertex 7.34944 6.4294 0
      vertex 7.15 6.52776 0
    endloop
  endfacet
  facet normal 0.555572 0.831469 -0
    outer loop
      vertex 7.15 6.52776 0
      vertex 6.96511 6.6513 2.4
      vertex 7.15 6.52776 2.4
    endloop
  endfacet
  facet normal 0.555572 0.831469 0
    outer loop
      vertex 6.96511 6.6513 2.4
      vertex 7.15 6.52776 0
      vertex 6.96511 6.6513 0
    endloop
  endfacet
  facet normal 0.0653848 0.99786 -0
    outer loop
      vertex 8 6.3 0
      vertex 7.7781 6.31454 2.4
      vertex 8 6.3 2.4
    endloop
  endfacet
  facet normal 0.0653848 0.99786 0
    outer loop
      vertex 7.7781 6.31454 2.4
      vertex 8 6.3 0
      vertex 7.7781 6.31454 0
    endloop
  endfacet
  facet normal 0.19513 0.980777 -0
    outer loop
      vertex 7.7781 6.31454 0
      vertex 7.56001 6.35793 2.4
      vertex 7.7781 6.31454 2.4
    endloop
  endfacet
  facet normal 0.19513 0.980777 0
    outer loop
      vertex 7.56001 6.35793 2.4
      vertex 7.7781 6.31454 0
      vertex 7.56001 6.35793 0
    endloop
  endfacet
  facet normal 0.89686 -0.442314 0
    outer loop
      vertex 6.4294 8.65056 2.4
      vertex 6.52776 8.85 0
      vertex 6.52776 8.85 2.4
    endloop
  endfacet
  facet normal 0.89686 -0.442314 0
    outer loop
      vertex 6.52776 8.85 0
      vertex 6.4294 8.65056 2.4
      vertex 6.4294 8.65056 0
    endloop
  endfacet
  facet normal 0.89686 0.442314 0
    outer loop
      vertex 6.52776 7.15 2.4
      vertex 6.4294 7.34944 0
      vertex 6.4294 7.34944 2.4
    endloop
  endfacet
  facet normal 0.89686 0.442314 0
    outer loop
      vertex 6.4294 7.34944 0
      vertex 6.52776 7.15 2.4
      vertex 6.52776 7.15 0
    endloop
  endfacet
  facet normal 0.980779 -0.195122 0
    outer loop
      vertex 6.31454 8.22189 2.4
      vertex 6.35793 8.43999 0
      vertex 6.35793 8.43999 2.4
    endloop
  endfacet
  facet normal 0.980779 -0.195122 0
    outer loop
      vertex 6.35793 8.43999 0
      vertex 6.31454 8.22189 2.4
      vertex 6.31454 8.22189 0
    endloop
  endfacet
  facet normal 0.946942 -0.321404 0
    outer loop
      vertex 6.35793 8.43999 2.4
      vertex 6.4294 8.65056 0
      vertex 6.4294 8.65056 2.4
    endloop
  endfacet
  facet normal 0.946942 -0.321404 0
    outer loop
      vertex 6.4294 8.65056 0
      vertex 6.35793 8.43999 2.4
      vertex 6.35793 8.43999 0
    endloop
  endfacet
  facet normal -0.195122 -0.980779 0
    outer loop
      vertex 8.22189 9.68546 0
      vertex 8.43999 9.64207 2.4
      vertex 8.22189 9.68546 2.4
    endloop
  endfacet
  facet normal -0.195122 -0.980779 -0
    outer loop
      vertex 8.43999 9.64207 2.4
      vertex 8.22189 9.68546 0
      vertex 8.43999 9.64207 0
    endloop
  endfacet
  facet normal -0.659342 0.751844 0
    outer loop
      vertex 9.20208 6.79792 0
      vertex 9.03489 6.6513 2.4
      vertex 9.20208 6.79792 2.4
    endloop
  endfacet
  facet normal -0.659342 0.751844 0
    outer loop
      vertex 9.03489 6.6513 2.4
      vertex 9.20208 6.79792 0
      vertex 9.03489 6.6513 0
    endloop
  endfacet
  facet normal -0.981113 -0.193434 0
    outer loop
      vertex 193.685 8.22189 0
      vertex 193.642 8.43999 2.4
      vertex 193.642 8.43999 0
    endloop
  endfacet
  facet normal -0.981113 -0.193434 0
    outer loop
      vertex 193.642 8.43999 2.4
      vertex 193.685 8.22189 0
      vertex 193.685 8.22189 2.4
    endloop
  endfacet
  facet normal -0.997723 -0.0674471 0
    outer loop
      vertex 193.7 8 0
      vertex 193.685 8.22189 2.4
      vertex 193.685 8.22189 0
    endloop
  endfacet
  facet normal -0.997723 -0.0674471 0
    outer loop
      vertex 193.685 8.22189 2.4
      vertex 193.7 8 0
      vertex 193.7 8 2.4
    endloop
  endfacet
  facet normal 0.443064 -0.89649 0
    outer loop
      vertex 191.15 9.47224 0
      vertex 191.349 9.57059 2.4
      vertex 191.15 9.47224 2.4
    endloop
  endfacet
  facet normal 0.443064 -0.89649 0
    outer loop
      vertex 191.349 9.57059 2.4
      vertex 191.15 9.47224 0
      vertex 191.349 9.57059 0
    endloop
  endfacet
  facet normal -0.555343 -0.831621 0
    outer loop
      vertex 192.85 9.47224 0
      vertex 193.035 9.3487 2.4
      vertex 192.85 9.47224 2.4
    endloop
  endfacet
  facet normal -0.555343 -0.831621 -0
    outer loop
      vertex 193.035 9.3487 2.4
      vertex 192.85 9.47224 0
      vertex 193.035 9.3487 0
    endloop
  endfacet
  facet normal 0.659765 -0.751472 0
    outer loop
      vertex 190.798 9.20208 0
      vertex 190.965 9.3487 2.4
      vertex 190.798 9.20208 2.4
    endloop
  endfacet
  facet normal 0.659765 -0.751472 0
    outer loop
      vertex 190.965 9.3487 2.4
      vertex 190.798 9.20208 0
      vertex 190.965 9.3487 0
    endloop
  endfacet
  facet normal -0.320816 0.947141 0
    outer loop
      vertex 192.651 6.4294 0
      vertex 192.44 6.35793 2.4
      vertex 192.651 6.4294 2.4
    endloop
  endfacet
  facet normal -0.320816 0.947141 0
    outer loop
      vertex 192.44 6.35793 2.4
      vertex 192.651 6.4294 0
      vertex 192.44 6.35793 0
    endloop
  endfacet
  facet normal -0.83259 0.553889 0
    outer loop
      vertex 193.349 6.96511 0
      vertex 193.472 7.15 2.4
      vertex 193.472 7.15 0
    endloop
  endfacet
  facet normal -0.83259 0.553889 0
    outer loop
      vertex 193.472 7.15 2.4
      vertex 193.349 6.96511 0
      vertex 193.349 6.96511 2.4
    endloop
  endfacet
  facet normal -0.947584 0.319506 0
    outer loop
      vertex 193.571 7.34944 0
      vertex 193.642 7.56001 2.4
      vertex 193.642 7.56001 0
    endloop
  endfacet
  facet normal -0.947584 0.319506 0
    outer loop
      vertex 193.642 7.56001 2.4
      vertex 193.571 7.34944 0
      vertex 193.571 7.34944 2.4
    endloop
  endfacet
  facet normal -0.320856 -0.947128 0
    outer loop
      vertex 192.44 9.64207 0
      vertex 192.651 9.57059 2.4
      vertex 192.44 9.64207 2.4
    endloop
  endfacet
  facet normal -0.320856 -0.947128 -0
    outer loop
      vertex 192.651 9.57059 2.4
      vertex 192.44 9.64207 0
      vertex 192.651 9.57059 0
    endloop
  endfacet
  facet normal -0.195208 -0.980762 0
    outer loop
      vertex 192.222 9.68546 0
      vertex 192.44 9.64207 2.4
      vertex 192.222 9.68546 2.4
    endloop
  endfacet
  facet normal -0.195208 -0.980762 -0
    outer loop
      vertex 192.44 9.64207 2.4
      vertex 192.222 9.68546 0
      vertex 192.44 9.64207 0
    endloop
  endfacet
  facet normal 0.555343 -0.831621 0
    outer loop
      vertex 190.965 9.3487 0
      vertex 191.15 9.47224 2.4
      vertex 190.965 9.3487 2.4
    endloop
  endfacet
  facet normal 0.555343 -0.831621 0
    outer loop
      vertex 191.15 9.47224 2.4
      vertex 190.965 9.3487 0
      vertex 191.15 9.47224 0
    endloop
  endfacet
  facet normal -0.895717 0.444625 0
    outer loop
      vertex 193.472 7.15 0
      vertex 193.571 7.34944 2.4
      vertex 193.571 7.34944 0
    endloop
  endfacet
  facet normal -0.895717 0.444625 0
    outer loop
      vertex 193.571 7.34944 2.4
      vertex 193.472 7.15 0
      vertex 193.472 7.15 2.4
    endloop
  endfacet
  facet normal -0.659765 -0.751472 0
    outer loop
      vertex 193.035 9.3487 0
      vertex 193.202 9.20208 2.4
      vertex 193.035 9.3487 2.4
    endloop
  endfacet
  facet normal -0.659765 -0.751472 -0
    outer loop
      vertex 193.202 9.20208 2.4
      vertex 193.035 9.3487 0
      vertex 193.202 9.20208 0
    endloop
  endfacet
  facet normal -0.555343 0.831621 0
    outer loop
      vertex 193.035 6.6513 0
      vertex 192.85 6.52776 2.4
      vertex 193.035 6.6513 2.4
    endloop
  endfacet
  facet normal -0.555343 0.831621 0
    outer loop
      vertex 192.85 6.52776 2.4
      vertex 193.035 6.6513 0
      vertex 192.85 6.52776 0
    endloop
  endfacet
  facet normal -0.443064 -0.89649 0
    outer loop
      vertex 192.651 9.57059 0
      vertex 192.85 9.47224 2.4
      vertex 192.651 9.57059 2.4
    endloop
  endfacet
  facet normal -0.443064 -0.89649 -0
    outer loop
      vertex 192.85 9.47224 2.4
      vertex 192.651 9.57059 0
      vertex 192.85 9.47224 0
    endloop
  endfacet
  facet normal 0.997723 -0.0674471 0
    outer loop
      vertex 190.3 8 2.4
      vertex 190.315 8.22189 0
      vertex 190.315 8.22189 2.4
    endloop
  endfacet
  facet normal 0.997723 -0.0674471 0
    outer loop
      vertex 190.315 8.22189 0
      vertex 190.3 8 2.4
      vertex 190.3 8 0
    endloop
  endfacet
  facet normal 0.659765 0.751472 -0
    outer loop
      vertex 190.965 6.6513 0
      vertex 190.798 6.79792 2.4
      vertex 190.965 6.6513 2.4
    endloop
  endfacet
  facet normal 0.659765 0.751472 0
    outer loop
      vertex 190.798 6.79792 2.4
      vertex 190.965 6.6513 0
      vertex 190.798 6.79792 0
    endloop
  endfacet
  facet normal 0.750997 0.660306 0
    outer loop
      vertex 190.798 6.79792 2.4
      vertex 190.651 6.96511 0
      vertex 190.651 6.96511 2.4
    endloop
  endfacet
  facet normal 0.750997 0.660306 0
    outer loop
      vertex 190.651 6.96511 0
      vertex 190.798 6.79792 2.4
      vertex 190.798 6.79792 0
    endloop
  endfacet
  facet normal 0.83259 0.553889 0
    outer loop
      vertex 190.651 6.96511 2.4
      vertex 190.528 7.15 0
      vertex 190.528 7.15 2.4
    endloop
  endfacet
  facet normal 0.83259 0.553889 0
    outer loop
      vertex 190.528 7.15 0
      vertex 190.651 6.96511 2.4
      vertex 190.651 6.96511 0
    endloop
  endfacet
  facet normal -0.83259 -0.553889 0
    outer loop
      vertex 193.472 8.85 0
      vertex 193.349 9.03489 2.4
      vertex 193.349 9.03489 0
    endloop
  endfacet
  facet normal -0.83259 -0.553889 0
    outer loop
      vertex 193.349 9.03489 2.4
      vertex 193.472 8.85 0
      vertex 193.472 8.85 2.4
    endloop
  endfacet
  facet normal -0.195208 0.980762 0
    outer loop
      vertex 192.44 6.35793 0
      vertex 192.222 6.31454 2.4
      vertex 192.44 6.35793 2.4
    endloop
  endfacet
  facet normal -0.195208 0.980762 0
    outer loop
      vertex 192.222 6.31454 2.4
      vertex 192.44 6.35793 0
      vertex 192.222 6.31454 0
    endloop
  endfacet
  facet normal -0.981112 0.193442 0
    outer loop
      vertex 193.642 7.56001 0
      vertex 193.685 7.7781 2.4
      vertex 193.685 7.7781 0
    endloop
  endfacet
  facet normal -0.981112 0.193442 0
    outer loop
      vertex 193.685 7.7781 2.4
      vertex 193.642 7.56001 0
      vertex 193.642 7.56001 2.4
    endloop
  endfacet
  facet normal 0.947584 0.319506 0
    outer loop
      vertex 190.429 7.34944 2.4
      vertex 190.358 7.56001 0
      vertex 190.358 7.56001 2.4
    endloop
  endfacet
  facet normal 0.947584 0.319506 0
    outer loop
      vertex 190.358 7.56001 0
      vertex 190.429 7.34944 2.4
      vertex 190.429 7.34944 0
    endloop
  endfacet
  facet normal -0.4431 0.896472 0
    outer loop
      vertex 192.85 6.52776 0
      vertex 192.651 6.4294 2.4
      vertex 192.85 6.52776 2.4
    endloop
  endfacet
  facet normal -0.4431 0.896472 0
    outer loop
      vertex 192.651 6.4294 2.4
      vertex 192.85 6.52776 0
      vertex 192.651 6.4294 0
    endloop
  endfacet
  facet normal -0.0653555 -0.997862 0
    outer loop
      vertex 192 9.7 0
      vertex 192.222 9.68546 2.4
      vertex 192 9.7 2.4
    endloop
  endfacet
  facet normal -0.0653555 -0.997862 -0
    outer loop
      vertex 192.222 9.68546 2.4
      vertex 192 9.7 0
      vertex 192.222 9.68546 0
    endloop
  endfacet
  facet normal 0.320856 -0.947128 0
    outer loop
      vertex 191.349 9.57059 0
      vertex 191.56 9.64207 2.4
      vertex 191.349 9.57059 2.4
    endloop
  endfacet
  facet normal 0.320856 -0.947128 0
    outer loop
      vertex 191.56 9.64207 2.4
      vertex 191.349 9.57059 0
      vertex 191.56 9.64207 0
    endloop
  endfacet
  facet normal 0.195208 -0.980762 0
    outer loop
      vertex 191.56 9.64207 0
      vertex 191.778 9.68546 2.4
      vertex 191.56 9.64207 2.4
    endloop
  endfacet
  facet normal 0.195208 -0.980762 0
    outer loop
      vertex 191.778 9.68546 2.4
      vertex 191.56 9.64207 0
      vertex 191.778 9.68546 0
    endloop
  endfacet
  facet normal -0.895717 -0.444625 0
    outer loop
      vertex 193.571 8.65056 0
      vertex 193.472 8.85 2.4
      vertex 193.472 8.85 0
    endloop
  endfacet
  facet normal -0.895717 -0.444625 0
    outer loop
      vertex 193.472 8.85 2.4
      vertex 193.571 8.65056 0
      vertex 193.571 8.65056 2.4
    endloop
  endfacet
  facet normal -0.997723 0.0674441 0
    outer loop
      vertex 193.685 7.7781 0
      vertex 193.7 8 2.4
      vertex 193.7 8 0
    endloop
  endfacet
  facet normal -0.997723 0.0674441 0
    outer loop
      vertex 193.7 8 2.4
      vertex 193.685 7.7781 0
      vertex 193.685 7.7781 2.4
    endloop
  endfacet
  facet normal -0.0653555 0.997862 0
    outer loop
      vertex 192.222 6.31454 0
      vertex 192 6.3 2.4
      vertex 192.222 6.31454 2.4
    endloop
  endfacet
  facet normal -0.0653555 0.997862 0
    outer loop
      vertex 192 6.3 2.4
      vertex 192.222 6.31454 0
      vertex 192 6.3 0
    endloop
  endfacet
  facet normal -0.750997 -0.660306 0
    outer loop
      vertex 193.349 9.03489 0
      vertex 193.202 9.20208 2.4
      vertex 193.202 9.20208 0
    endloop
  endfacet
  facet normal -0.750997 -0.660306 0
    outer loop
      vertex 193.202 9.20208 2.4
      vertex 193.349 9.03489 0
      vertex 193.349 9.03489 2.4
    endloop
  endfacet
  facet normal 0.997723 0.0674441 0
    outer loop
      vertex 190.315 7.7781 2.4
      vertex 190.3 8 0
      vertex 190.3 8 2.4
    endloop
  endfacet
  facet normal 0.997723 0.0674441 0
    outer loop
      vertex 190.3 8 0
      vertex 190.315 7.7781 2.4
      vertex 190.315 7.7781 0
    endloop
  endfacet
  facet normal -0.750997 0.660306 0
    outer loop
      vertex 193.202 6.79792 0
      vertex 193.349 6.96511 2.4
      vertex 193.349 6.96511 0
    endloop
  endfacet
  facet normal -0.750997 0.660306 0
    outer loop
      vertex 193.349 6.96511 2.4
      vertex 193.202 6.79792 0
      vertex 193.202 6.79792 2.4
    endloop
  endfacet
  facet normal 0.750997 -0.660306 0
    outer loop
      vertex 190.651 9.03489 2.4
      vertex 190.798 9.20208 0
      vertex 190.798 9.20208 2.4
    endloop
  endfacet
  facet normal 0.750997 -0.660306 0
    outer loop
      vertex 190.798 9.20208 0
      vertex 190.651 9.03489 2.4
      vertex 190.651 9.03489 0
    endloop
  endfacet
  facet normal 0.83259 -0.553889 0
    outer loop
      vertex 190.528 8.85 2.4
      vertex 190.651 9.03489 0
      vertex 190.651 9.03489 2.4
    endloop
  endfacet
  facet normal 0.83259 -0.553889 0
    outer loop
      vertex 190.651 9.03489 0
      vertex 190.528 8.85 2.4
      vertex 190.528 8.85 0
    endloop
  endfacet
  facet normal 0.0653555 -0.997862 0
    outer loop
      vertex 191.778 9.68546 0
      vertex 192 9.7 2.4
      vertex 191.778 9.68546 2.4
    endloop
  endfacet
  facet normal 0.0653555 -0.997862 0
    outer loop
      vertex 192 9.7 2.4
      vertex 191.778 9.68546 0
      vertex 192 9.7 0
    endloop
  endfacet
  facet normal 0.981112 0.193442 0
    outer loop
      vertex 190.358 7.56001 2.4
      vertex 190.315 7.7781 0
      vertex 190.315 7.7781 2.4
    endloop
  endfacet
  facet normal 0.981112 0.193442 0
    outer loop
      vertex 190.315 7.7781 0
      vertex 190.358 7.56001 2.4
      vertex 190.358 7.56001 0
    endloop
  endfacet
  facet normal 0.320816 0.947141 -0
    outer loop
      vertex 191.56 6.35793 0
      vertex 191.349 6.4294 2.4
      vertex 191.56 6.35793 2.4
    endloop
  endfacet
  facet normal 0.320816 0.947141 0
    outer loop
      vertex 191.349 6.4294 2.4
      vertex 191.56 6.35793 0
      vertex 191.349 6.4294 0
    endloop
  endfacet
  facet normal -0.947584 -0.319506 0
    outer loop
      vertex 193.642 8.43999 0
      vertex 193.571 8.65056 2.4
      vertex 193.571 8.65056 0
    endloop
  endfacet
  facet normal -0.947584 -0.319506 0
    outer loop
      vertex 193.571 8.65056 2.4
      vertex 193.642 8.43999 0
      vertex 193.642 8.43999 2.4
    endloop
  endfacet
  facet normal 0.4431 0.896472 -0
    outer loop
      vertex 191.349 6.4294 0
      vertex 191.15 6.52776 2.4
      vertex 191.349 6.4294 2.4
    endloop
  endfacet
  facet normal 0.4431 0.896472 0
    outer loop
      vertex 191.15 6.52776 2.4
      vertex 191.349 6.4294 0
      vertex 191.15 6.52776 0
    endloop
  endfacet
  facet normal 0.555343 0.831621 -0
    outer loop
      vertex 191.15 6.52776 0
      vertex 190.965 6.6513 2.4
      vertex 191.15 6.52776 2.4
    endloop
  endfacet
  facet normal 0.555343 0.831621 0
    outer loop
      vertex 190.965 6.6513 2.4
      vertex 191.15 6.52776 0
      vertex 190.965 6.6513 0
    endloop
  endfacet
  facet normal 0.0653555 0.997862 -0
    outer loop
      vertex 192 6.3 0
      vertex 191.778 6.31454 2.4
      vertex 192 6.3 2.4
    endloop
  endfacet
  facet normal 0.0653555 0.997862 0
    outer loop
      vertex 191.778 6.31454 2.4
      vertex 192 6.3 0
      vertex 191.778 6.31454 0
    endloop
  endfacet
  facet normal 0.195208 0.980762 -0
    outer loop
      vertex 191.778 6.31454 0
      vertex 191.56 6.35793 2.4
      vertex 191.778 6.31454 2.4
    endloop
  endfacet
  facet normal 0.195208 0.980762 0
    outer loop
      vertex 191.56 6.35793 2.4
      vertex 191.778 6.31454 0
      vertex 191.56 6.35793 0
    endloop
  endfacet
  facet normal 0.895717 -0.444625 0
    outer loop
      vertex 190.429 8.65056 2.4
      vertex 190.528 8.85 0
      vertex 190.528 8.85 2.4
    endloop
  endfacet
  facet normal 0.895717 -0.444625 0
    outer loop
      vertex 190.528 8.85 0
      vertex 190.429 8.65056 2.4
      vertex 190.429 8.65056 0
    endloop
  endfacet
  facet normal 0.895717 0.444625 0
    outer loop
      vertex 190.528 7.15 2.4
      vertex 190.429 7.34944 0
      vertex 190.429 7.34944 2.4
    endloop
  endfacet
  facet normal 0.895717 0.444625 0
    outer loop
      vertex 190.429 7.34944 0
      vertex 190.528 7.15 2.4
      vertex 190.528 7.15 0
    endloop
  endfacet
  facet normal 0.981113 -0.193434 0
    outer loop
      vertex 190.315 8.22189 2.4
      vertex 190.358 8.43999 0
      vertex 190.358 8.43999 2.4
    endloop
  endfacet
  facet normal 0.981113 -0.193434 0
    outer loop
      vertex 190.358 8.43999 0
      vertex 190.315 8.22189 2.4
      vertex 190.315 8.22189 0
    endloop
  endfacet
  facet normal 0.947584 -0.319506 0
    outer loop
      vertex 190.358 8.43999 2.4
      vertex 190.429 8.65056 0
      vertex 190.429 8.65056 2.4
    endloop
  endfacet
  facet normal 0.947584 -0.319506 0
    outer loop
      vertex 190.429 8.65056 0
      vertex 190.358 8.43999 2.4
      vertex 190.358 8.43999 0
    endloop
  endfacet
  facet normal -0.659765 0.751472 0
    outer loop
      vertex 193.202 6.79792 0
      vertex 193.035 6.6513 2.4
      vertex 193.202 6.79792 2.4
    endloop
  endfacet
  facet normal -0.659765 0.751472 0
    outer loop
      vertex 193.035 6.6513 2.4
      vertex 193.202 6.79792 0
      vertex 193.035 6.6513 0
    endloop
  endfacet
  facet normal -0.980762 -0.195208 0
    outer loop
      vertex 9.68546 132.222 0
      vertex 9.64207 132.44 2.4
      vertex 9.64207 132.44 0
    endloop
  endfacet
  facet normal -0.980762 -0.195208 0
    outer loop
      vertex 9.64207 132.44 2.4
      vertex 9.68546 132.222 0
      vertex 9.68546 132.222 2.4
    endloop
  endfacet
  facet normal -0.997862 -0.0653555 0
    outer loop
      vertex 9.7 132 0
      vertex 9.68546 132.222 2.4
      vertex 9.68546 132.222 0
    endloop
  endfacet
  facet normal -0.997862 -0.0653555 0
    outer loop
      vertex 9.68546 132.222 2.4
      vertex 9.7 132 0
      vertex 9.7 132 2.4
    endloop
  endfacet
  facet normal 0.444625 -0.895717 0
    outer loop
      vertex 7.15 133.472 0
      vertex 7.34944 133.571 2.4
      vertex 7.15 133.472 2.4
    endloop
  endfacet
  facet normal 0.444625 -0.895717 0
    outer loop
      vertex 7.34944 133.571 2.4
      vertex 7.15 133.472 0
      vertex 7.34944 133.571 0
    endloop
  endfacet
  facet normal -0.553889 -0.83259 0
    outer loop
      vertex 8.85 133.472 0
      vertex 9.03489 133.349 2.4
      vertex 8.85 133.472 2.4
    endloop
  endfacet
  facet normal -0.553889 -0.83259 -0
    outer loop
      vertex 9.03489 133.349 2.4
      vertex 8.85 133.472 0
      vertex 9.03489 133.349 0
    endloop
  endfacet
  facet normal 0.660306 -0.750997 0
    outer loop
      vertex 6.79792 133.202 0
      vertex 6.96511 133.349 2.4
      vertex 6.79792 133.202 2.4
    endloop
  endfacet
  facet normal 0.660306 -0.750997 0
    outer loop
      vertex 6.96511 133.349 2.4
      vertex 6.79792 133.202 0
      vertex 6.96511 133.349 0
    endloop
  endfacet
  facet normal -0.319506 0.947584 0
    outer loop
      vertex 8.65056 130.429 0
      vertex 8.43999 130.358 2.4
      vertex 8.65056 130.429 2.4
    endloop
  endfacet
  facet normal -0.319506 0.947584 0
    outer loop
      vertex 8.43999 130.358 2.4
      vertex 8.65056 130.429 0
      vertex 8.43999 130.358 0
    endloop
  endfacet
  facet normal -0.831621 0.555343 0
    outer loop
      vertex 9.3487 130.965 0
      vertex 9.47224 131.15 2.4
      vertex 9.47224 131.15 0
    endloop
  endfacet
  facet normal -0.831621 0.555343 0
    outer loop
      vertex 9.47224 131.15 2.4
      vertex 9.3487 130.965 0
      vertex 9.3487 130.965 2.4
    endloop
  endfacet
  facet normal -0.947128 0.320856 0
    outer loop
      vertex 9.57059 131.349 0
      vertex 9.64207 131.56 2.4
      vertex 9.64207 131.56 0
    endloop
  endfacet
  facet normal -0.947128 0.320856 0
    outer loop
      vertex 9.64207 131.56 2.4
      vertex 9.57059 131.349 0
      vertex 9.57059 131.349 2.4
    endloop
  endfacet
  facet normal -0.319506 -0.947584 0
    outer loop
      vertex 8.43999 133.642 0
      vertex 8.65056 133.571 2.4
      vertex 8.43999 133.642 2.4
    endloop
  endfacet
  facet normal -0.319506 -0.947584 -0
    outer loop
      vertex 8.65056 133.571 2.4
      vertex 8.43999 133.642 0
      vertex 8.65056 133.571 0
    endloop
  endfacet
  facet normal -0.193434 -0.981113 0
    outer loop
      vertex 8.22189 133.685 0
      vertex 8.43999 133.642 2.4
      vertex 8.22189 133.685 2.4
    endloop
  endfacet
  facet normal -0.193434 -0.981113 -0
    outer loop
      vertex 8.43999 133.642 2.4
      vertex 8.22189 133.685 0
      vertex 8.43999 133.642 0
    endloop
  endfacet
  facet normal 0.553889 -0.83259 0
    outer loop
      vertex 6.96511 133.349 0
      vertex 7.15 133.472 2.4
      vertex 6.96511 133.349 2.4
    endloop
  endfacet
  facet normal 0.553889 -0.83259 0
    outer loop
      vertex 7.15 133.472 2.4
      vertex 6.96511 133.349 0
      vertex 7.15 133.472 0
    endloop
  endfacet
  facet normal -0.89649 0.443064 0
    outer loop
      vertex 9.47224 131.15 0
      vertex 9.57059 131.349 2.4
      vertex 9.57059 131.349 0
    endloop
  endfacet
  facet normal -0.89649 0.443064 0
    outer loop
      vertex 9.57059 131.349 2.4
      vertex 9.47224 131.15 0
      vertex 9.47224 131.15 2.4
    endloop
  endfacet
  facet normal -0.660306 -0.750997 0
    outer loop
      vertex 9.03489 133.349 0
      vertex 9.20208 133.202 2.4
      vertex 9.03489 133.349 2.4
    endloop
  endfacet
  facet normal -0.660306 -0.750997 -0
    outer loop
      vertex 9.20208 133.202 2.4
      vertex 9.03489 133.349 0
      vertex 9.20208 133.202 0
    endloop
  endfacet
  facet normal -0.553889 0.83259 0
    outer loop
      vertex 9.03489 130.651 0
      vertex 8.85 130.528 2.4
      vertex 9.03489 130.651 2.4
    endloop
  endfacet
  facet normal -0.553889 0.83259 0
    outer loop
      vertex 8.85 130.528 2.4
      vertex 9.03489 130.651 0
      vertex 8.85 130.528 0
    endloop
  endfacet
  facet normal -0.444625 -0.895717 0
    outer loop
      vertex 8.65056 133.571 0
      vertex 8.85 133.472 2.4
      vertex 8.65056 133.571 2.4
    endloop
  endfacet
  facet normal -0.444625 -0.895717 -0
    outer loop
      vertex 8.85 133.472 2.4
      vertex 8.65056 133.571 0
      vertex 8.85 133.472 0
    endloop
  endfacet
  facet normal 0.660306 0.750997 -0
    outer loop
      vertex 6.96511 130.651 0
      vertex 6.79792 130.798 2.4
      vertex 6.96511 130.651 2.4
    endloop
  endfacet
  facet normal 0.660306 0.750997 0
    outer loop
      vertex 6.79792 130.798 2.4
      vertex 6.96511 130.651 0
      vertex 6.79792 130.798 0
    endloop
  endfacet
  facet normal 0.751472 0.659765 0
    outer loop
      vertex 6.79792 130.798 2.4
      vertex 6.6513 130.965 0
      vertex 6.6513 130.965 2.4
    endloop
  endfacet
  facet normal 0.751472 0.659765 0
    outer loop
      vertex 6.6513 130.965 0
      vertex 6.79792 130.798 2.4
      vertex 6.79792 130.798 0
    endloop
  endfacet
  facet normal 0.831621 0.555343 0
    outer loop
      vertex 6.6513 130.965 2.4
      vertex 6.52776 131.15 0
      vertex 6.52776 131.15 2.4
    endloop
  endfacet
  facet normal 0.831621 0.555343 0
    outer loop
      vertex 6.52776 131.15 0
      vertex 6.6513 130.965 2.4
      vertex 6.6513 130.965 0
    endloop
  endfacet
  facet normal -0.831621 -0.555343 0
    outer loop
      vertex 9.47224 132.85 0
      vertex 9.3487 133.035 2.4
      vertex 9.3487 133.035 0
    endloop
  endfacet
  facet normal -0.831621 -0.555343 0
    outer loop
      vertex 9.3487 133.035 2.4
      vertex 9.47224 132.85 0
      vertex 9.47224 132.85 2.4
    endloop
  endfacet
  facet normal -0.193434 0.981113 0
    outer loop
      vertex 8.43999 130.358 0
      vertex 8.22189 130.315 2.4
      vertex 8.43999 130.358 2.4
    endloop
  endfacet
  facet normal -0.193434 0.981113 0
    outer loop
      vertex 8.22189 130.315 2.4
      vertex 8.43999 130.358 0
      vertex 8.22189 130.315 0
    endloop
  endfacet
  facet normal -0.980762 0.195208 0
    outer loop
      vertex 9.64207 131.56 0
      vertex 9.68546 131.778 2.4
      vertex 9.68546 131.778 0
    endloop
  endfacet
  facet normal -0.980762 0.195208 0
    outer loop
      vertex 9.68546 131.778 2.4
      vertex 9.64207 131.56 0
      vertex 9.64207 131.56 2.4
    endloop
  endfacet
  facet normal 0.947141 0.320816 0
    outer loop
      vertex 6.4294 131.349 2.4
      vertex 6.35793 131.56 0
      vertex 6.35793 131.56 2.4
    endloop
  endfacet
  facet normal 0.947141 0.320816 0
    outer loop
      vertex 6.35793 131.56 0
      vertex 6.4294 131.349 2.4
      vertex 6.4294 131.349 0
    endloop
  endfacet
  facet normal -0.444625 0.895717 0
    outer loop
      vertex 8.85 130.528 0
      vertex 8.65056 130.429 2.4
      vertex 8.85 130.528 2.4
    endloop
  endfacet
  facet normal -0.444625 0.895717 0
    outer loop
      vertex 8.65056 130.429 2.4
      vertex 8.85 130.528 0
      vertex 8.65056 130.429 0
    endloop
  endfacet
  facet normal -0.0674471 -0.997723 0
    outer loop
      vertex 8 133.7 0
      vertex 8.22189 133.685 2.4
      vertex 8 133.7 2.4
    endloop
  endfacet
  facet normal -0.0674471 -0.997723 -0
    outer loop
      vertex 8.22189 133.685 2.4
      vertex 8 133.7 0
      vertex 8.22189 133.685 0
    endloop
  endfacet
  facet normal 0.319506 -0.947584 0
    outer loop
      vertex 7.34944 133.571 0
      vertex 7.56001 133.642 2.4
      vertex 7.34944 133.571 2.4
    endloop
  endfacet
  facet normal 0.319506 -0.947584 0
    outer loop
      vertex 7.56001 133.642 2.4
      vertex 7.34944 133.571 0
      vertex 7.56001 133.642 0
    endloop
  endfacet
  facet normal 0.193442 -0.981112 0
    outer loop
      vertex 7.56001 133.642 0
      vertex 7.7781 133.685 2.4
      vertex 7.56001 133.642 2.4
    endloop
  endfacet
  facet normal 0.193442 -0.981112 0
    outer loop
      vertex 7.7781 133.685 2.4
      vertex 7.56001 133.642 0
      vertex 7.7781 133.685 0
    endloop
  endfacet
  facet normal -0.89649 -0.443064 0
    outer loop
      vertex 9.57059 132.651 0
      vertex 9.47224 132.85 2.4
      vertex 9.47224 132.85 0
    endloop
  endfacet
  facet normal -0.89649 -0.443064 0
    outer loop
      vertex 9.47224 132.85 2.4
      vertex 9.57059 132.651 0
      vertex 9.57059 132.651 2.4
    endloop
  endfacet
  facet normal -0.997862 0.0653555 0
    outer loop
      vertex 9.68546 131.778 0
      vertex 9.7 132 2.4
      vertex 9.7 132 0
    endloop
  endfacet
  facet normal -0.997862 0.0653555 0
    outer loop
      vertex 9.7 132 2.4
      vertex 9.68546 131.778 0
      vertex 9.68546 131.778 2.4
    endloop
  endfacet
  facet normal -0.0674471 0.997723 0
    outer loop
      vertex 8.22189 130.315 0
      vertex 8 130.3 2.4
      vertex 8.22189 130.315 2.4
    endloop
  endfacet
  facet normal -0.0674471 0.997723 0
    outer loop
      vertex 8 130.3 2.4
      vertex 8.22189 130.315 0
      vertex 8 130.3 0
    endloop
  endfacet
  facet normal -0.751472 -0.659765 0
    outer loop
      vertex 9.3487 133.035 0
      vertex 9.20208 133.202 2.4
      vertex 9.20208 133.202 0
    endloop
  endfacet
  facet normal -0.751472 -0.659765 0
    outer loop
      vertex 9.20208 133.202 2.4
      vertex 9.3487 133.035 0
      vertex 9.3487 133.035 2.4
    endloop
  endfacet
  facet normal 0.997862 0.0653555 0
    outer loop
      vertex 6.31454 131.778 2.4
      vertex 6.3 132 0
      vertex 6.3 132 2.4
    endloop
  endfacet
  facet normal 0.997862 0.0653555 0
    outer loop
      vertex 6.3 132 0
      vertex 6.31454 131.778 2.4
      vertex 6.31454 131.778 0
    endloop
  endfacet
  facet normal -0.751472 0.659765 0
    outer loop
      vertex 9.20208 130.798 0
      vertex 9.3487 130.965 2.4
      vertex 9.3487 130.965 0
    endloop
  endfacet
  facet normal -0.751472 0.659765 0
    outer loop
      vertex 9.3487 130.965 2.4
      vertex 9.20208 130.798 0
      vertex 9.20208 130.798 2.4
    endloop
  endfacet
  facet normal 0.751472 -0.659765 0
    outer loop
      vertex 6.6513 133.035 2.4
      vertex 6.79792 133.202 0
      vertex 6.79792 133.202 2.4
    endloop
  endfacet
  facet normal 0.751472 -0.659765 0
    outer loop
      vertex 6.79792 133.202 0
      vertex 6.6513 133.035 2.4
      vertex 6.6513 133.035 0
    endloop
  endfacet
  facet normal 0.831621 -0.555343 0
    outer loop
      vertex 6.52776 132.85 2.4
      vertex 6.6513 133.035 0
      vertex 6.6513 133.035 2.4
    endloop
  endfacet
  facet normal 0.831621 -0.555343 0
    outer loop
      vertex 6.6513 133.035 0
      vertex 6.52776 132.85 2.4
      vertex 6.52776 132.85 0
    endloop
  endfacet
  facet normal 0.0674441 -0.997723 0
    outer loop
      vertex 7.7781 133.685 0
      vertex 8 133.7 2.4
      vertex 7.7781 133.685 2.4
    endloop
  endfacet
  facet normal 0.0674441 -0.997723 0
    outer loop
      vertex 8 133.7 2.4
      vertex 7.7781 133.685 0
      vertex 8 133.7 0
    endloop
  endfacet
  facet normal 0.980762 0.195208 0
    outer loop
      vertex 6.35793 131.56 2.4
      vertex 6.31454 131.778 0
      vertex 6.31454 131.778 2.4
    endloop
  endfacet
  facet normal 0.980762 0.195208 0
    outer loop
      vertex 6.31454 131.778 0
      vertex 6.35793 131.56 2.4
      vertex 6.35793 131.56 0
    endloop
  endfacet
  facet normal 0.319506 0.947584 -0
    outer loop
      vertex 7.56001 130.358 0
      vertex 7.34944 130.429 2.4
      vertex 7.56001 130.358 2.4
    endloop
  endfacet
  facet normal 0.319506 0.947584 0
    outer loop
      vertex 7.34944 130.429 2.4
      vertex 7.56001 130.358 0
      vertex 7.34944 130.429 0
    endloop
  endfacet
  facet normal -0.947128 -0.320856 0
    outer loop
      vertex 9.64207 132.44 0
      vertex 9.57059 132.651 2.4
      vertex 9.57059 132.651 0
    endloop
  endfacet
  facet normal -0.947128 -0.320856 0
    outer loop
      vertex 9.57059 132.651 2.4
      vertex 9.64207 132.44 0
      vertex 9.64207 132.44 2.4
    endloop
  endfacet
  facet normal 0.444625 0.895717 -0
    outer loop
      vertex 7.34944 130.429 0
      vertex 7.15 130.528 2.4
      vertex 7.34944 130.429 2.4
    endloop
  endfacet
  facet normal 0.444625 0.895717 0
    outer loop
      vertex 7.15 130.528 2.4
      vertex 7.34944 130.429 0
      vertex 7.15 130.528 0
    endloop
  endfacet
  facet normal 0.553889 0.83259 -0
    outer loop
      vertex 7.15 130.528 0
      vertex 6.96511 130.651 2.4
      vertex 7.15 130.528 2.4
    endloop
  endfacet
  facet normal 0.553889 0.83259 0
    outer loop
      vertex 6.96511 130.651 2.4
      vertex 7.15 130.528 0
      vertex 6.96511 130.651 0
    endloop
  endfacet
  facet normal 0.0674441 0.997723 -0
    outer loop
      vertex 8 130.3 0
      vertex 7.7781 130.315 2.4
      vertex 8 130.3 2.4
    endloop
  endfacet
  facet normal 0.0674441 0.997723 0
    outer loop
      vertex 7.7781 130.315 2.4
      vertex 8 130.3 0
      vertex 7.7781 130.315 0
    endloop
  endfacet
  facet normal 0.193442 0.981112 -0
    outer loop
      vertex 7.7781 130.315 0
      vertex 7.56001 130.358 2.4
      vertex 7.7781 130.315 2.4
    endloop
  endfacet
  facet normal 0.193442 0.981112 0
    outer loop
      vertex 7.56001 130.358 2.4
      vertex 7.7781 130.315 0
      vertex 7.56001 130.358 0
    endloop
  endfacet
  facet normal 0.896472 -0.4431 0
    outer loop
      vertex 6.4294 132.651 2.4
      vertex 6.52776 132.85 0
      vertex 6.52776 132.85 2.4
    endloop
  endfacet
  facet normal 0.896472 -0.4431 0
    outer loop
      vertex 6.52776 132.85 0
      vertex 6.4294 132.651 2.4
      vertex 6.4294 132.651 0
    endloop
  endfacet
  facet normal 0.896472 0.4431 0
    outer loop
      vertex 6.52776 131.15 2.4
      vertex 6.4294 131.349 0
      vertex 6.4294 131.349 2.4
    endloop
  endfacet
  facet normal 0.896472 0.4431 0
    outer loop
      vertex 6.4294 131.349 0
      vertex 6.52776 131.15 2.4
      vertex 6.52776 131.15 0
    endloop
  endfacet
  facet normal 0.997862 -0.0653555 0
    outer loop
      vertex 6.3 132 2.4
      vertex 6.31454 132.222 0
      vertex 6.31454 132.222 2.4
    endloop
  endfacet
  facet normal 0.997862 -0.0653555 0
    outer loop
      vertex 6.31454 132.222 0
      vertex 6.3 132 2.4
      vertex 6.3 132 0
    endloop
  endfacet
  facet normal 0.980762 -0.195208 0
    outer loop
      vertex 6.31454 132.222 2.4
      vertex 6.35793 132.44 0
      vertex 6.35793 132.44 2.4
    endloop
  endfacet
  facet normal 0.980762 -0.195208 0
    outer loop
      vertex 6.35793 132.44 0
      vertex 6.31454 132.222 2.4
      vertex 6.31454 132.222 0
    endloop
  endfacet
  facet normal 0.947141 -0.320816 0
    outer loop
      vertex 6.35793 132.44 2.4
      vertex 6.4294 132.651 0
      vertex 6.4294 132.651 2.4
    endloop
  endfacet
  facet normal 0.947141 -0.320816 0
    outer loop
      vertex 6.4294 132.651 0
      vertex 6.35793 132.44 2.4
      vertex 6.35793 132.44 0
    endloop
  endfacet
  facet normal -0.660306 0.750997 0
    outer loop
      vertex 9.20208 130.798 0
      vertex 9.03489 130.651 2.4
      vertex 9.20208 130.798 2.4
    endloop
  endfacet
  facet normal -0.660306 0.750997 0
    outer loop
      vertex 9.03489 130.651 2.4
      vertex 9.20208 130.798 0
      vertex 9.03489 130.651 0
    endloop
  endfacet
  facet normal -0.981097 -0.193519 0
    outer loop
      vertex 193.685 132.222 0
      vertex 193.642 132.44 2.4
      vertex 193.642 132.44 0
    endloop
  endfacet
  facet normal -0.981097 -0.193519 0
    outer loop
      vertex 193.642 132.44 2.4
      vertex 193.685 132.222 0
      vertex 193.685 132.222 2.4
    endloop
  endfacet
  facet normal -0.997725 -0.0674139 0
    outer loop
      vertex 193.7 132 0
      vertex 193.685 132.222 2.4
      vertex 193.685 132.222 0
    endloop
  endfacet
  facet normal -0.997725 -0.0674139 0
    outer loop
      vertex 193.685 132.222 2.4
      vertex 193.7 132 0
      vertex 193.7 132 2.4
    endloop
  endfacet
  facet normal 0.445413 -0.895325 0
    outer loop
      vertex 191.15 133.472 0
      vertex 191.349 133.571 2.4
      vertex 191.15 133.472 2.4
    endloop
  endfacet
  facet normal 0.445413 -0.895325 0
    outer loop
      vertex 191.349 133.571 2.4
      vertex 191.15 133.472 0
      vertex 191.349 133.571 0
    endloop
  endfacet
  facet normal -0.553661 -0.832742 0
    outer loop
      vertex 192.85 133.472 0
      vertex 193.035 133.349 2.4
      vertex 192.85 133.472 2.4
    endloop
  endfacet
  facet normal -0.553661 -0.832742 -0
    outer loop
      vertex 193.035 133.349 2.4
      vertex 192.85 133.472 0
      vertex 193.035 133.349 0
    endloop
  endfacet
  facet normal 0.660729 -0.750624 0
    outer loop
      vertex 190.798 133.202 0
      vertex 190.965 133.349 2.4
      vertex 190.798 133.202 2.4
    endloop
  endfacet
  facet normal 0.660729 -0.750624 0
    outer loop
      vertex 190.965 133.349 2.4
      vertex 190.798 133.202 0
      vertex 190.965 133.349 0
    endloop
  endfacet
  facet normal -0.318922 0.947781 0
    outer loop
      vertex 192.651 130.429 0
      vertex 192.44 130.358 2.4
      vertex 192.651 130.429 2.4
    endloop
  endfacet
  facet normal -0.318922 0.947781 0
    outer loop
      vertex 192.44 130.358 2.4
      vertex 192.651 130.429 0
      vertex 192.44 130.358 0
    endloop
  endfacet
  facet normal -0.832742 0.553661 0
    outer loop
      vertex 193.349 130.965 0
      vertex 193.472 131.15 2.4
      vertex 193.472 131.15 0
    endloop
  endfacet
  facet normal -0.832742 0.553661 0
    outer loop
      vertex 193.472 131.15 2.4
      vertex 193.349 130.965 0
      vertex 193.349 130.965 2.4
    endloop
  endfacet
  facet normal -0.947781 0.318922 0
    outer loop
      vertex 193.571 131.349 0
      vertex 193.642 131.56 2.4
      vertex 193.642 131.56 0
    endloop
  endfacet
  facet normal -0.947781 0.318922 0
    outer loop
      vertex 193.642 131.56 2.4
      vertex 193.571 131.349 0
      vertex 193.571 131.349 2.4
    endloop
  endfacet
  facet normal -0.318922 -0.947781 0
    outer loop
      vertex 192.44 133.642 0
      vertex 192.651 133.571 2.4
      vertex 192.44 133.642 2.4
    endloop
  endfacet
  facet normal -0.318922 -0.947781 -0
    outer loop
      vertex 192.651 133.571 2.4
      vertex 192.44 133.642 0
      vertex 192.651 133.571 0
    endloop
  endfacet
  facet normal -0.193519 -0.981097 0
    outer loop
      vertex 192.222 133.685 0
      vertex 192.44 133.642 2.4
      vertex 192.222 133.685 2.4
    endloop
  endfacet
  facet normal -0.193519 -0.981097 -0
    outer loop
      vertex 192.44 133.642 2.4
      vertex 192.222 133.685 0
      vertex 192.44 133.642 0
    endloop
  endfacet
  facet normal 0.553661 -0.832742 0
    outer loop
      vertex 190.965 133.349 0
      vertex 191.15 133.472 2.4
      vertex 190.965 133.349 2.4
    endloop
  endfacet
  facet normal 0.553661 -0.832742 0
    outer loop
      vertex 191.15 133.472 2.4
      vertex 190.965 133.349 0
      vertex 191.15 133.472 0
    endloop
  endfacet
  facet normal -0.895325 0.445413 0
    outer loop
      vertex 193.472 131.15 0
      vertex 193.571 131.349 2.4
      vertex 193.571 131.349 0
    endloop
  endfacet
  facet normal -0.895325 0.445413 0
    outer loop
      vertex 193.571 131.349 2.4
      vertex 193.472 131.15 0
      vertex 193.472 131.15 2.4
    endloop
  endfacet
  facet normal -0.660729 -0.750624 0
    outer loop
      vertex 193.035 133.349 0
      vertex 193.202 133.202 2.4
      vertex 193.035 133.349 2.4
    endloop
  endfacet
  facet normal -0.660729 -0.750624 -0
    outer loop
      vertex 193.202 133.202 2.4
      vertex 193.035 133.349 0
      vertex 193.202 133.202 0
    endloop
  endfacet
  facet normal -0.553661 0.832742 0
    outer loop
      vertex 193.035 130.651 0
      vertex 192.85 130.528 2.4
      vertex 193.035 130.651 2.4
    endloop
  endfacet
  facet normal -0.553661 0.832742 0
    outer loop
      vertex 192.85 130.528 2.4
      vertex 193.035 130.651 0
      vertex 192.85 130.528 0
    endloop
  endfacet
  facet normal -0.445413 -0.895325 0
    outer loop
      vertex 192.651 133.571 0
      vertex 192.85 133.472 2.4
      vertex 192.651 133.571 2.4
    endloop
  endfacet
  facet normal -0.445413 -0.895325 -0
    outer loop
      vertex 192.85 133.472 2.4
      vertex 192.651 133.571 0
      vertex 192.85 133.472 0
    endloop
  endfacet
  facet normal 0.660729 0.750624 -0
    outer loop
      vertex 190.965 130.651 0
      vertex 190.798 130.798 2.4
      vertex 190.965 130.651 2.4
    endloop
  endfacet
  facet normal 0.660729 0.750624 0
    outer loop
      vertex 190.798 130.798 2.4
      vertex 190.965 130.651 0
      vertex 190.798 130.798 0
    endloop
  endfacet
  facet normal 0.750624 0.660729 0
    outer loop
      vertex 190.798 130.798 2.4
      vertex 190.651 130.965 0
      vertex 190.651 130.965 2.4
    endloop
  endfacet
  facet normal 0.750624 0.660729 0
    outer loop
      vertex 190.651 130.965 0
      vertex 190.798 130.798 2.4
      vertex 190.798 130.798 0
    endloop
  endfacet
  facet normal 0.832742 0.553661 0
    outer loop
      vertex 190.651 130.965 2.4
      vertex 190.528 131.15 0
      vertex 190.528 131.15 2.4
    endloop
  endfacet
  facet normal 0.832742 0.553661 0
    outer loop
      vertex 190.528 131.15 0
      vertex 190.651 130.965 2.4
      vertex 190.651 130.965 0
    endloop
  endfacet
  facet normal -0.832742 -0.553661 0
    outer loop
      vertex 193.472 132.85 0
      vertex 193.349 133.035 2.4
      vertex 193.349 133.035 0
    endloop
  endfacet
  facet normal -0.832742 -0.553661 0
    outer loop
      vertex 193.349 133.035 2.4
      vertex 193.472 132.85 0
      vertex 193.472 132.85 2.4
    endloop
  endfacet
  facet normal -0.193519 0.981097 0
    outer loop
      vertex 192.44 130.358 0
      vertex 192.222 130.315 2.4
      vertex 192.44 130.358 2.4
    endloop
  endfacet
  facet normal -0.193519 0.981097 0
    outer loop
      vertex 192.222 130.315 2.4
      vertex 192.44 130.358 0
      vertex 192.222 130.315 0
    endloop
  endfacet
  facet normal -0.981097 0.193519 0
    outer loop
      vertex 193.642 131.56 0
      vertex 193.685 131.778 2.4
      vertex 193.685 131.778 0
    endloop
  endfacet
  facet normal -0.981097 0.193519 0
    outer loop
      vertex 193.685 131.778 2.4
      vertex 193.642 131.56 0
      vertex 193.642 131.56 2.4
    endloop
  endfacet
  facet normal 0.947781 0.318922 0
    outer loop
      vertex 190.429 131.349 2.4
      vertex 190.358 131.56 0
      vertex 190.358 131.56 2.4
    endloop
  endfacet
  facet normal 0.947781 0.318922 0
    outer loop
      vertex 190.358 131.56 0
      vertex 190.429 131.349 2.4
      vertex 190.429 131.349 0
    endloop
  endfacet
  facet normal -0.445413 0.895325 0
    outer loop
      vertex 192.85 130.528 0
      vertex 192.651 130.429 2.4
      vertex 192.85 130.528 2.4
    endloop
  endfacet
  facet normal -0.445413 0.895325 0
    outer loop
      vertex 192.651 130.429 2.4
      vertex 192.85 130.528 0
      vertex 192.651 130.429 0
    endloop
  endfacet
  facet normal -0.0674139 -0.997725 0
    outer loop
      vertex 192 133.7 0
      vertex 192.222 133.685 2.4
      vertex 192 133.7 2.4
    endloop
  endfacet
  facet normal -0.0674139 -0.997725 -0
    outer loop
      vertex 192.222 133.685 2.4
      vertex 192 133.7 0
      vertex 192.222 133.685 0
    endloop
  endfacet
  facet normal 0.318922 -0.947781 0
    outer loop
      vertex 191.349 133.571 0
      vertex 191.56 133.642 2.4
      vertex 191.349 133.571 2.4
    endloop
  endfacet
  facet normal 0.318922 -0.947781 0
    outer loop
      vertex 191.56 133.642 2.4
      vertex 191.349 133.571 0
      vertex 191.56 133.642 0
    endloop
  endfacet
  facet normal 0.193519 -0.981097 0
    outer loop
      vertex 191.56 133.642 0
      vertex 191.778 133.685 2.4
      vertex 191.56 133.642 2.4
    endloop
  endfacet
  facet normal 0.193519 -0.981097 0
    outer loop
      vertex 191.778 133.685 2.4
      vertex 191.56 133.642 0
      vertex 191.778 133.685 0
    endloop
  endfacet
  facet normal -0.895325 -0.445413 0
    outer loop
      vertex 193.571 132.651 0
      vertex 193.472 132.85 2.4
      vertex 193.472 132.85 0
    endloop
  endfacet
  facet normal -0.895325 -0.445413 0
    outer loop
      vertex 193.472 132.85 2.4
      vertex 193.571 132.651 0
      vertex 193.571 132.651 2.4
    endloop
  endfacet
  facet normal -0.997725 0.0674139 0
    outer loop
      vertex 193.685 131.778 0
      vertex 193.7 132 2.4
      vertex 193.7 132 0
    endloop
  endfacet
  facet normal -0.997725 0.0674139 0
    outer loop
      vertex 193.7 132 2.4
      vertex 193.685 131.778 0
      vertex 193.685 131.778 2.4
    endloop
  endfacet
  facet normal -0.0674139 0.997725 0
    outer loop
      vertex 192.222 130.315 0
      vertex 192 130.3 2.4
      vertex 192.222 130.315 2.4
    endloop
  endfacet
  facet normal -0.0674139 0.997725 0
    outer loop
      vertex 192 130.3 2.4
      vertex 192.222 130.315 0
      vertex 192 130.3 0
    endloop
  endfacet
  facet normal -0.750624 -0.660729 0
    outer loop
      vertex 193.349 133.035 0
      vertex 193.202 133.202 2.4
      vertex 193.202 133.202 0
    endloop
  endfacet
  facet normal -0.750624 -0.660729 0
    outer loop
      vertex 193.202 133.202 2.4
      vertex 193.349 133.035 0
      vertex 193.349 133.035 2.4
    endloop
  endfacet
  facet normal 0.997725 0.0674139 0
    outer loop
      vertex 190.315 131.778 2.4
      vertex 190.3 132 0
      vertex 190.3 132 2.4
    endloop
  endfacet
  facet normal 0.997725 0.0674139 0
    outer loop
      vertex 190.3 132 0
      vertex 190.315 131.778 2.4
      vertex 190.315 131.778 0
    endloop
  endfacet
  facet normal -0.750624 0.660729 0
    outer loop
      vertex 193.202 130.798 0
      vertex 193.349 130.965 2.4
      vertex 193.349 130.965 0
    endloop
  endfacet
  facet normal -0.750624 0.660729 0
    outer loop
      vertex 193.349 130.965 2.4
      vertex 193.202 130.798 0
      vertex 193.202 130.798 2.4
    endloop
  endfacet
  facet normal 0.750624 -0.660729 0
    outer loop
      vertex 190.651 133.035 2.4
      vertex 190.798 133.202 0
      vertex 190.798 133.202 2.4
    endloop
  endfacet
  facet normal 0.750624 -0.660729 0
    outer loop
      vertex 190.798 133.202 0
      vertex 190.651 133.035 2.4
      vertex 190.651 133.035 0
    endloop
  endfacet
  facet normal 0.832742 -0.553661 0
    outer loop
      vertex 190.528 132.85 2.4
      vertex 190.651 133.035 0
      vertex 190.651 133.035 2.4
    endloop
  endfacet
  facet normal 0.832742 -0.553661 0
    outer loop
      vertex 190.651 133.035 0
      vertex 190.528 132.85 2.4
      vertex 190.528 132.85 0
    endloop
  endfacet
  facet normal 0.0674139 -0.997725 0
    outer loop
      vertex 191.778 133.685 0
      vertex 192 133.7 2.4
      vertex 191.778 133.685 2.4
    endloop
  endfacet
  facet normal 0.0674139 -0.997725 0
    outer loop
      vertex 192 133.7 2.4
      vertex 191.778 133.685 0
      vertex 192 133.7 0
    endloop
  endfacet
  facet normal 0.981097 0.193519 0
    outer loop
      vertex 190.358 131.56 2.4
      vertex 190.315 131.778 0
      vertex 190.315 131.778 2.4
    endloop
  endfacet
  facet normal 0.981097 0.193519 0
    outer loop
      vertex 190.315 131.778 0
      vertex 190.358 131.56 2.4
      vertex 190.358 131.56 0
    endloop
  endfacet
  facet normal 0.318922 0.947781 -0
    outer loop
      vertex 191.56 130.358 0
      vertex 191.349 130.429 2.4
      vertex 191.56 130.358 2.4
    endloop
  endfacet
  facet normal 0.318922 0.947781 0
    outer loop
      vertex 191.349 130.429 2.4
      vertex 191.56 130.358 0
      vertex 191.349 130.429 0
    endloop
  endfacet
  facet normal -0.947781 -0.318922 0
    outer loop
      vertex 193.642 132.44 0
      vertex 193.571 132.651 2.4
      vertex 193.571 132.651 0
    endloop
  endfacet
  facet normal -0.947781 -0.318922 0
    outer loop
      vertex 193.571 132.651 2.4
      vertex 193.642 132.44 0
      vertex 193.642 132.44 2.4
    endloop
  endfacet
  facet normal 0.445413 0.895325 -0
    outer loop
      vertex 191.349 130.429 0
      vertex 191.15 130.528 2.4
      vertex 191.349 130.429 2.4
    endloop
  endfacet
  facet normal 0.445413 0.895325 0
    outer loop
      vertex 191.15 130.528 2.4
      vertex 191.349 130.429 0
      vertex 191.15 130.528 0
    endloop
  endfacet
  facet normal 0.553661 0.832742 -0
    outer loop
      vertex 191.15 130.528 0
      vertex 190.965 130.651 2.4
      vertex 191.15 130.528 2.4
    endloop
  endfacet
  facet normal 0.553661 0.832742 0
    outer loop
      vertex 190.965 130.651 2.4
      vertex 191.15 130.528 0
      vertex 190.965 130.651 0
    endloop
  endfacet
  facet normal 0.0674139 0.997725 -0
    outer loop
      vertex 192 130.3 0
      vertex 191.778 130.315 2.4
      vertex 192 130.3 2.4
    endloop
  endfacet
  facet normal 0.0674139 0.997725 0
    outer loop
      vertex 191.778 130.315 2.4
      vertex 192 130.3 0
      vertex 191.778 130.315 0
    endloop
  endfacet
  facet normal 0.193519 0.981097 -0
    outer loop
      vertex 191.778 130.315 0
      vertex 191.56 130.358 2.4
      vertex 191.778 130.315 2.4
    endloop
  endfacet
  facet normal 0.193519 0.981097 0
    outer loop
      vertex 191.56 130.358 2.4
      vertex 191.778 130.315 0
      vertex 191.56 130.358 0
    endloop
  endfacet
  facet normal 0.895325 -0.445413 0
    outer loop
      vertex 190.429 132.651 2.4
      vertex 190.528 132.85 0
      vertex 190.528 132.85 2.4
    endloop
  endfacet
  facet normal 0.895325 -0.445413 0
    outer loop
      vertex 190.528 132.85 0
      vertex 190.429 132.651 2.4
      vertex 190.429 132.651 0
    endloop
  endfacet
  facet normal 0.895325 0.445413 0
    outer loop
      vertex 190.528 131.15 2.4
      vertex 190.429 131.349 0
      vertex 190.429 131.349 2.4
    endloop
  endfacet
  facet normal 0.895325 0.445413 0
    outer loop
      vertex 190.429 131.349 0
      vertex 190.528 131.15 2.4
      vertex 190.528 131.15 0
    endloop
  endfacet
  facet normal 0.997725 -0.0674139 0
    outer loop
      vertex 190.3 132 2.4
      vertex 190.315 132.222 0
      vertex 190.315 132.222 2.4
    endloop
  endfacet
  facet normal 0.997725 -0.0674139 0
    outer loop
      vertex 190.315 132.222 0
      vertex 190.3 132 2.4
      vertex 190.3 132 0
    endloop
  endfacet
  facet normal 0.981097 -0.193519 0
    outer loop
      vertex 190.315 132.222 2.4
      vertex 190.358 132.44 0
      vertex 190.358 132.44 2.4
    endloop
  endfacet
  facet normal 0.981097 -0.193519 0
    outer loop
      vertex 190.358 132.44 0
      vertex 190.315 132.222 2.4
      vertex 190.315 132.222 0
    endloop
  endfacet
  facet normal 0.947781 -0.318922 0
    outer loop
      vertex 190.358 132.44 2.4
      vertex 190.429 132.651 0
      vertex 190.429 132.651 2.4
    endloop
  endfacet
  facet normal 0.947781 -0.318922 0
    outer loop
      vertex 190.429 132.651 0
      vertex 190.358 132.44 2.4
      vertex 190.358 132.44 0
    endloop
  endfacet
  facet normal -0.660729 0.750624 0
    outer loop
      vertex 193.202 130.798 0
      vertex 193.035 130.651 2.4
      vertex 193.202 130.798 2.4
    endloop
  endfacet
  facet normal -0.660729 0.750624 0
    outer loop
      vertex 193.035 130.651 2.4
      vertex 193.202 130.798 0
      vertex 193.035 130.651 0
    endloop
  endfacet
  facet normal -1 0 0
    outer loop
      vertex 121 54 0
      vertex 121 57 2.4
      vertex 121 57 0
    endloop
  endfacet
  facet normal -1 -0 0
    outer loop
      vertex 121 57 2.4
      vertex 121 54 0
      vertex 121 54 2.4
    endloop
  endfacet
  facet normal 1 -0 0
    outer loop
      vertex 79 54 2.4
      vertex 79 57 0
      vertex 79 57 2.4
    endloop
  endfacet
  facet normal 1 0 0
    outer loop
      vertex 79 57 0
      vertex 79 54 2.4
      vertex 79 54 0
    endloop
  endfacet
  facet normal 0 -1 0
    outer loop
      vertex 79 57 0
      vertex 121 57 2.4
      vertex 79 57 2.4
    endloop
  endfacet
  facet normal 0 -1 -0
    outer loop
      vertex 121 57 2.4
      vertex 79 57 0
      vertex 121 57 0
    endloop
  endfacet
  facet normal 0 1 -0
    outer loop
      vertex 121 54 0
      vertex 79 54 2.4
      vertex 121 54 2.4
    endloop
  endfacet
  facet normal 0 1 0
    outer loop
      vertex 79 54 2.4
      vertex 121 54 0
      vertex 79 54 0
    endloop
  endfacet
  facet normal -1 0 0
    outer loop
      vertex 121 58.8333 0
      vertex 121 61.8333 2.4
      vertex 121 61.8333 0
    endloop
  endfacet
  facet normal -1 -0 0
    outer loop
      vertex 121 61.8333 2.4
      vertex 121 58.8333 0
      vertex 121 58.8333 2.4
    endloop
  endfacet
  facet normal 1 -0 0
    outer loop
      vertex 79 58.8333 2.4
      vertex 79 61.8333 0
      vertex 79 61.8333 2.4
    endloop
  endfacet
  facet normal 1 0 0
    outer loop
      vertex 79 61.8333 0
      vertex 79 58.8333 2.4
      vertex 79 58.8333 0
    endloop
  endfacet
  facet normal 0 -1 0
    outer loop
      vertex 79 61.8333 0
      vertex 121 61.8333 2.4
      vertex 79 61.8333 2.4
    endloop
  endfacet
  facet normal 0 -1 -0
    outer loop
      vertex 121 61.8333 2.4
      vertex 79 61.8333 0
      vertex 121 61.8333 0
    endloop
  endfacet
  facet normal 0 1 -0
    outer loop
      vertex 121 58.8333 0
      vertex 79 58.8333 2.4
      vertex 121 58.8333 2.4
    endloop
  endfacet
  facet normal 0 1 0
    outer loop
      vertex 79 58.8333 2.4
      vertex 121 58.8333 0
      vertex 79 58.8333 0
    endloop
  endfacet
  facet normal -1 0 0
    outer loop
      vertex 121 63.6667 0
      vertex 121 66.6667 2.4
      vertex 121 66.6667 0
    endloop
  endfacet
  facet normal -1 -0 0
    outer loop
      vertex 121 66.6667 2.4
      vertex 121 63.6667 0
      vertex 121 63.6667 2.4
    endloop
  endfacet
  facet normal 1 -0 0
    outer loop
      vertex 79 63.6667 2.4
      vertex 79 66.6667 0
      vertex 79 66.6667 2.4
    endloop
  endfacet
  facet normal 1 0 0
    outer loop
      vertex 79 66.6667 0
      vertex 79 63.6667 2.4
      vertex 79 63.6667 0
    endloop
  endfacet
  facet normal 0 -1 0
    outer loop
      vertex 79 66.6667 0
      vertex 121 66.6667 2.4
      vertex 79 66.6667 2.4
    endloop
  endfacet
  facet normal 0 -1 -0
    outer loop
      vertex 121 66.6667 2.4
      vertex 79 66.6667 0
      vertex 121 66.6667 0
    endloop
  endfacet
  facet normal 0 1 -0
    outer loop
      vertex 121 63.6667 0
      vertex 79 63.6667 2.4
      vertex 121 63.6667 2.4
    endloop
  endfacet
  facet normal 0 1 0
    outer loop
      vertex 79 63.6667 2.4
      vertex 121 63.6667 0
      vertex 79 63.6667 0
    endloop
  endfacet
  facet normal -1 0 0
    outer loop
      vertex 121 68.5 0
      vertex 121 71.5 2.4
      vertex 121 71.5 0
    endloop
  endfacet
  facet normal -1 -0 0
    outer loop
      vertex 121 71.5 2.4
      vertex 121 68.5 0
      vertex 121 68.5 2.4
    endloop
  endfacet
  facet normal 1 -0 0
    outer loop
      vertex 79 68.5 2.4
      vertex 79 71.5 0
      vertex 79 71.5 2.4
    endloop
  endfacet
  facet normal 1 0 0
    outer loop
      vertex 79 71.5 0
      vertex 79 68.5 2.4
      vertex 79 68.5 0
    endloop
  endfacet
  facet normal 0 -1 0
    outer loop
      vertex 79 71.5 0
      vertex 121 71.5 2.4
      vertex 79 71.5 2.4
    endloop
  endfacet
  facet normal 0 -1 -0
    outer loop
      vertex 121 71.5 2.4
      vertex 79 71.5 0
      vertex 121 71.5 0
    endloop
  endfacet
  facet normal 0 1 -0
    outer loop
      vertex 121 68.5 0
      vertex 79 68.5 2.4
      vertex 121 68.5 2.4
    endloop
  endfacet
  facet normal 0 1 0
    outer loop
      vertex 79 68.5 2.4
      vertex 121 68.5 0
      vertex 79 68.5 0
    endloop
  endfacet
  facet normal -1 0 0
    outer loop
      vertex 121 73.3333 0
      vertex 121 76.3333 2.4
      vertex 121 76.3333 0
    endloop
  endfacet
  facet normal -1 -0 0
    outer loop
      vertex 121 76.3333 2.4
      vertex 121 73.3333 0
      vertex 121 73.3333 2.4
    endloop
  endfacet
  facet normal 1 -0 0
    outer loop
      vertex 79 73.3333 2.4
      vertex 79 76.3333 0
      vertex 79 76.3333 2.4
    endloop
  endfacet
  facet normal 1 0 0
    outer loop
      vertex 79 76.3333 0
      vertex 79 73.3333 2.4
      vertex 79 73.3333 0
    endloop
  endfacet
  facet normal 0 -1 0
    outer loop
      vertex 79 76.3333 0
      vertex 121 76.3333 2.4
      vertex 79 76.3333 2.4
    endloop
  endfacet
  facet normal 0 -1 -0
    outer loop
      vertex 121 76.3333 2.4
      vertex 79 76.3333 0
      vertex 121 76.3333 0
    endloop
  endfacet
  facet normal 0 1 -0
    outer loop
      vertex 121 73.3333 0
      vertex 79 73.3333 2.4
      vertex 121 73.3333 2.4
    endloop
  endfacet
  facet normal 0 1 0
    outer loop
      vertex 79 73.3333 2.4
      vertex 121 73.3333 0
      vertex 79 73.3333 0
    endloop
  endfacet
  facet normal -1 0 0
    outer loop
      vertex 121 78.1667 0
      vertex 121 81.1667 2.4
      vertex 121 81.1667 0
    endloop
  endfacet
  facet normal -1 -0 0
    outer loop
      vertex 121 81.1667 2.4
      vertex 121 78.1667 0
      vertex 121 78.1667 2.4
    endloop
  endfacet
  facet normal 1 -0 0
    outer loop
      vertex 79 78.1667 2.4
      vertex 79 81.1667 0
      vertex 79 81.1667 2.4
    endloop
  endfacet
  facet normal 1 0 0
    outer loop
      vertex 79 81.1667 0
      vertex 79 78.1667 2.4
      vertex 79 78.1667 0
    endloop
  endfacet
  facet normal 0 -1 0
    outer loop
      vertex 79 81.1667 0
      vertex 121 81.1667 2.4
      vertex 79 81.1667 2.4
    endloop
  endfacet
  facet normal 0 -1 -0
    outer loop
      vertex 121 81.1667 2.4
      vertex 79 81.1667 0
      vertex 121 81.1667 0
    endloop
  endfacet
  facet normal 0 1 -0
    outer loop
      vertex 121 78.1667 0
      vertex 79 78.1667 2.4
      vertex 121 78.1667 2.4
    endloop
  endfacet
  facet normal 0 1 0
    outer loop
      vertex 79 78.1667 2.4
      vertex 121 78.1667 0
      vertex 79 78.1667 0
    endloop
  endfacet
  facet normal -1 0 0
    outer loop
      vertex 121 83 0
      vertex 121 86 2.4
      vertex 121 86 0
    endloop
  endfacet
  facet normal -1 -0 0
    outer loop
      vertex 121 86 2.4
      vertex 121 83 0
      vertex 121 83 2.4
    endloop
  endfacet
  facet normal 1 -0 0
    outer loop
      vertex 79 83 2.4
      vertex 79 86 0
      vertex 79 86 2.4
    endloop
  endfacet
  facet normal 1 0 0
    outer loop
      vertex 79 86 0
      vertex 79 83 2.4
      vertex 79 83 0
    endloop
  endfacet
  facet normal 0 -1 0
    outer loop
      vertex 79 86 0
      vertex 121 86 2.4
      vertex 79 86 2.4
    endloop
  endfacet
  facet normal 0 -1 -0
    outer loop
      vertex 121 86 2.4
      vertex 79 86 0
      vertex 121 86 0
    endloop
  endfacet
  facet normal 0 1 -0
    outer loop
      vertex 121 83 0
      vertex 79 83 2.4
      vertex 121 83 2.4
    endloop
  endfacet
  facet normal 0 1 0
    outer loop
      vertex 79 83 2.4
      vertex 121 83 0
      vertex 79 83 0
    endloop
  endfacet
  facet normal 0.0981075 0.995176 -0
    outer loop
      vertex 28 92.3 0
      vertex 27.6683 92.3327 2.4
      vertex 28 92.3 2.4
    endloop
  endfacet
  facet normal 0.0981075 0.995176 0
    outer loop
      vertex 27.6683 92.3327 2.4
      vertex 28 92.3 0
      vertex 27.6683 92.3327 0
    endloop
  endfacet
  facet normal -0.773021 0.634381 0
    outer loop
      vertex 29.2021 92.7979 0
      vertex 29.4135 93.0555 2.4
      vertex 29.4135 93.0555 0
    endloop
  endfacet
  facet normal -0.773021 0.634381 0
    outer loop
      vertex 29.4135 93.0555 2.4
      vertex 29.2021 92.7979 0
      vertex 29.2021 92.7979 2.4
    endloop
  endfacet
  facet normal -0.956997 -0.290099 0
    outer loop
      vertex 29.6673 94.3316 0
      vertex 29.5706 94.6506 2.4
      vertex 29.5706 94.6506 0
    endloop
  endfacet
  facet normal -0.956997 -0.290099 0
    outer loop
      vertex 29.5706 94.6506 2.4
      vertex 29.6673 94.3316 0
      vertex 29.6673 94.3316 2.4
    endloop
  endfacet
  facet normal -0.995173 -0.0981368 0
    outer loop
      vertex 29.7 94 0
      vertex 29.6673 94.3316 2.4
      vertex 29.6673 94.3316 0
    endloop
  endfacet
  facet normal -0.995173 -0.0981368 0
    outer loop
      vertex 29.6673 94.3316 2.4
      vertex 29.7 94 0
      vertex 29.7 94 2.4
    endloop
  endfacet
  facet normal -0.881912 -0.471413 0
    outer loop
      vertex 29.5706 94.6506 0
      vertex 29.4135 94.9445 2.4
      vertex 29.4135 94.9445 0
    endloop
  endfacet
  facet normal -0.881912 -0.471413 0
    outer loop
      vertex 29.4135 94.9445 2.4
      vertex 29.5706 94.6506 0
      vertex 29.5706 94.6506 2.4
    endloop
  endfacet
  facet normal 0.881912 0.471413 0
    outer loop
      vertex 26.5865 93.0555 2.4
      vertex 26.4294 93.3494 0
      vertex 26.4294 93.3494 2.4
    endloop
  endfacet
  facet normal 0.881912 0.471413 0
    outer loop
      vertex 26.4294 93.3494 0
      vertex 26.5865 93.0555 2.4
      vertex 26.5865 93.0555 0
    endloop
  endfacet
  facet normal -0.995173 0.0981368 0
    outer loop
      vertex 29.6673 93.6684 0
      vertex 29.7 94 2.4
      vertex 29.7 94 0
    endloop
  endfacet
  facet normal -0.995173 0.0981368 0
    outer loop
      vertex 29.7 94 2.4
      vertex 29.6673 93.6684 0
      vertex 29.6673 93.6684 2.4
    endloop
  endfacet
  facet normal -0.290182 0.956971 0
    outer loop
      vertex 28.6506 92.4294 0
      vertex 28.3317 92.3327 2.4
      vertex 28.6506 92.4294 2.4
    endloop
  endfacet
  facet normal -0.290182 0.956971 0
    outer loop
      vertex 28.3317 92.3327 2.4
      vertex 28.6506 92.4294 0
      vertex 28.3317 92.3327 0
    endloop
  endfacet
  facet normal 0.995173 0.0981368 0
    outer loop
      vertex 26.3327 93.6684 2.4
      vertex 26.3 94 0
      vertex 26.3 94 2.4
    endloop
  endfacet
  facet normal 0.995173 0.0981368 0
    outer loop
      vertex 26.3 94 0
      vertex 26.3327 93.6684 2.4
      vertex 26.3327 93.6684 0
    endloop
  endfacet
  facet normal -0.0981075 -0.995176 0
    outer loop
      vertex 28 95.7 0
      vertex 28.3317 95.6673 2.4
      vertex 28 95.7 2.4
    endloop
  endfacet
  facet normal -0.0981075 -0.995176 -0
    outer loop
      vertex 28.3317 95.6673 2.4
      vertex 28 95.7 0
      vertex 28.3317 95.6673 0
    endloop
  endfacet
  facet normal -0.956997 0.290099 0
    outer loop
      vertex 29.5706 93.3494 0
      vertex 29.6673 93.6684 2.4
      vertex 29.6673 93.6684 0
    endloop
  endfacet
  facet normal -0.956997 0.290099 0
    outer loop
      vertex 29.6673 93.6684 2.4
      vertex 29.5706 93.3494 0
      vertex 29.5706 93.3494 2.4
    endloop
  endfacet
  facet normal 0.290182 0.956971 -0
    outer loop
      vertex 27.6683 92.3327 0
      vertex 27.3494 92.4294 2.4
      vertex 27.6683 92.3327 2.4
    endloop
  endfacet
  facet normal 0.290182 0.956971 0
    outer loop
      vertex 27.3494 92.4294 2.4
      vertex 27.6683 92.3327 0
      vertex 27.3494 92.4294 0
    endloop
  endfacet
  facet normal 0.995173 -0.0981368 0
    outer loop
      vertex 26.3 94 2.4
      vertex 26.3327 94.3316 0
      vertex 26.3327 94.3316 2.4
    endloop
  endfacet
  facet normal 0.995173 -0.0981368 0
    outer loop
      vertex 26.3327 94.3316 0
      vertex 26.3 94 2.4
      vertex 26.3 94 0
    endloop
  endfacet
  facet normal -0.290182 -0.956971 0
    outer loop
      vertex 28.3317 95.6673 0
      vertex 28.6506 95.5706 2.4
      vertex 28.3317 95.6673 2.4
    endloop
  endfacet
  facet normal -0.290182 -0.956971 -0
    outer loop
      vertex 28.6506 95.5706 2.4
      vertex 28.3317 95.6673 0
      vertex 28.6506 95.5706 0
    endloop
  endfacet
  facet normal 0.0981075 -0.995176 0
    outer loop
      vertex 27.6683 95.6673 0
      vertex 28 95.7 2.4
      vertex 27.6683 95.6673 2.4
    endloop
  endfacet
  facet normal 0.0981075 -0.995176 0
    outer loop
      vertex 28 95.7 2.4
      vertex 27.6683 95.6673 0
      vertex 28 95.7 0
    endloop
  endfacet
  facet normal 0.956997 -0.290099 0
    outer loop
      vertex 26.3327 94.3316 2.4
      vertex 26.4294 94.6506 0
      vertex 26.4294 94.6506 2.4
    endloop
  endfacet
  facet normal 0.956997 -0.290099 0
    outer loop
      vertex 26.4294 94.6506 0
      vertex 26.3327 94.3316 2.4
      vertex 26.3327 94.3316 0
    endloop
  endfacet
  facet normal 0.634381 -0.773021 0
    outer loop
      vertex 26.7979 95.2021 0
      vertex 27.0555 95.4135 2.4
      vertex 26.7979 95.2021 2.4
    endloop
  endfacet
  facet normal 0.634381 -0.773021 0
    outer loop
      vertex 27.0555 95.4135 2.4
      vertex 26.7979 95.2021 0
      vertex 27.0555 95.4135 0
    endloop
  endfacet
  facet normal -0.773021 -0.634381 0
    outer loop
      vertex 29.4135 94.9445 0
      vertex 29.2021 95.2021 2.4
      vertex 29.2021 95.2021 0
    endloop
  endfacet
  facet normal -0.773021 -0.634381 0
    outer loop
      vertex 29.2021 95.2021 2.4
      vertex 29.4135 94.9445 0
      vertex 29.4135 94.9445 2.4
    endloop
  endfacet
  facet normal 0.471413 -0.881912 0
    outer loop
      vertex 27.0555 95.4135 0
      vertex 27.3494 95.5706 2.4
      vertex 27.0555 95.4135 2.4
    endloop
  endfacet
  facet normal 0.471413 -0.881912 0
    outer loop
      vertex 27.3494 95.5706 2.4
      vertex 27.0555 95.4135 0
      vertex 27.3494 95.5706 0
    endloop
  endfacet
  facet normal -0.471413 0.881912 0
    outer loop
      vertex 28.9445 92.5865 0
      vertex 28.6506 92.4294 2.4
      vertex 28.9445 92.5865 2.4
    endloop
  endfacet
  facet normal -0.471413 0.881912 0
    outer loop
      vertex 28.6506 92.4294 2.4
      vertex 28.9445 92.5865 0
      vertex 28.6506 92.4294 0
    endloop
  endfacet
  facet normal -0.881912 0.471413 0
    outer loop
      vertex 29.4135 93.0555 0
      vertex 29.5706 93.3494 2.4
      vertex 29.5706 93.3494 0
    endloop
  endfacet
  facet normal -0.881912 0.471413 0
    outer loop
      vertex 29.5706 93.3494 2.4
      vertex 29.4135 93.0555 0
      vertex 29.4135 93.0555 2.4
    endloop
  endfacet
  facet normal -0.634381 -0.773021 0
    outer loop
      vertex 28.9445 95.4135 0
      vertex 29.2021 95.2021 2.4
      vertex 28.9445 95.4135 2.4
    endloop
  endfacet
  facet normal -0.634381 -0.773021 -0
    outer loop
      vertex 29.2021 95.2021 2.4
      vertex 28.9445 95.4135 0
      vertex 29.2021 95.2021 0
    endloop
  endfacet
  facet normal -0.634381 0.773021 0
    outer loop
      vertex 29.2021 92.7979 0
      vertex 28.9445 92.5865 2.4
      vertex 29.2021 92.7979 2.4
    endloop
  endfacet
  facet normal -0.634381 0.773021 0
    outer loop
      vertex 28.9445 92.5865 2.4
      vertex 29.2021 92.7979 0
      vertex 28.9445 92.5865 0
    endloop
  endfacet
  facet normal -0.471413 -0.881912 0
    outer loop
      vertex 28.6506 95.5706 0
      vertex 28.9445 95.4135 2.4
      vertex 28.6506 95.5706 2.4
    endloop
  endfacet
  facet normal -0.471413 -0.881912 -0
    outer loop
      vertex 28.9445 95.4135 2.4
      vertex 28.6506 95.5706 0
      vertex 28.9445 95.4135 0
    endloop
  endfacet
  facet normal 0.290182 -0.956971 0
    outer loop
      vertex 27.3494 95.5706 0
      vertex 27.6683 95.6673 2.4
      vertex 27.3494 95.5706 2.4
    endloop
  endfacet
  facet normal 0.290182 -0.956971 0
    outer loop
      vertex 27.6683 95.6673 2.4
      vertex 27.3494 95.5706 0
      vertex 27.6683 95.6673 0
    endloop
  endfacet
  facet normal -0.0981075 0.995176 0
    outer loop
      vertex 28.3317 92.3327 0
      vertex 28 92.3 2.4
      vertex 28.3317 92.3327 2.4
    endloop
  endfacet
  facet normal -0.0981075 0.995176 0
    outer loop
      vertex 28 92.3 2.4
      vertex 28.3317 92.3327 0
      vertex 28 92.3 0
    endloop
  endfacet
  facet normal 0.956997 0.290099 0
    outer loop
      vertex 26.4294 93.3494 2.4
      vertex 26.3327 93.6684 0
      vertex 26.3327 93.6684 2.4
    endloop
  endfacet
  facet normal 0.956997 0.290099 0
    outer loop
      vertex 26.3327 93.6684 0
      vertex 26.4294 93.3494 2.4
      vertex 26.4294 93.3494 0
    endloop
  endfacet
  facet normal 0.773021 -0.634381 0
    outer loop
      vertex 26.5865 94.9445 2.4
      vertex 26.7979 95.2021 0
      vertex 26.7979 95.2021 2.4
    endloop
  endfacet
  facet normal 0.773021 -0.634381 0
    outer loop
      vertex 26.7979 95.2021 0
      vertex 26.5865 94.9445 2.4
      vertex 26.5865 94.9445 0
    endloop
  endfacet
  facet normal 0.773021 0.634381 0
    outer loop
      vertex 26.7979 92.7979 2.4
      vertex 26.5865 93.0555 0
      vertex 26.5865 93.0555 2.4
    endloop
  endfacet
  facet normal 0.773021 0.634381 0
    outer loop
      vertex 26.5865 93.0555 0
      vertex 26.7979 92.7979 2.4
      vertex 26.7979 92.7979 0
    endloop
  endfacet
  facet normal 0.634381 0.773021 -0
    outer loop
      vertex 27.0555 92.5865 0
      vertex 26.7979 92.7979 2.4
      vertex 27.0555 92.5865 2.4
    endloop
  endfacet
  facet normal 0.634381 0.773021 0
    outer loop
      vertex 26.7979 92.7979 2.4
      vertex 27.0555 92.5865 0
      vertex 26.7979 92.7979 0
    endloop
  endfacet
  facet normal 0.471413 0.881912 -0
    outer loop
      vertex 27.3494 92.4294 0
      vertex 27.0555 92.5865 2.4
      vertex 27.3494 92.4294 2.4
    endloop
  endfacet
  facet normal 0.471413 0.881912 0
    outer loop
      vertex 27.0555 92.5865 2.4
      vertex 27.3494 92.4294 0
      vertex 27.0555 92.5865 0
    endloop
  endfacet
  facet normal 0.881912 -0.471413 0
    outer loop
      vertex 26.4294 94.6506 2.4
      vertex 26.5865 94.9445 0
      vertex 26.5865 94.9445 2.4
    endloop
  endfacet
  facet normal 0.881912 -0.471413 0
    outer loop
      vertex 26.5865 94.9445 0
      vertex 26.4294 94.6506 2.4
      vertex 26.4294 94.6506 0
    endloop
  endfacet
  facet normal 0.0981075 0.995176 -0
    outer loop
      vertex 64 92.3 0
      vertex 63.6683 92.3327 2.4
      vertex 64 92.3 2.4
    endloop
  endfacet
  facet normal 0.0981075 0.995176 0
    outer loop
      vertex 63.6683 92.3327 2.4
      vertex 64 92.3 0
      vertex 63.6683 92.3327 0
    endloop
  endfacet
  facet normal -0.773021 0.634381 0
    outer loop
      vertex 65.2021 92.7979 0
      vertex 65.4135 93.0555 2.4
      vertex 65.4135 93.0555 0
    endloop
  endfacet
  facet normal -0.773021 0.634381 0
    outer loop
      vertex 65.4135 93.0555 2.4
      vertex 65.2021 92.7979 0
      vertex 65.2021 92.7979 2.4
    endloop
  endfacet
  facet normal -0.956997 -0.290099 0
    outer loop
      vertex 65.6673 94.3316 0
      vertex 65.5706 94.6506 2.4
      vertex 65.5706 94.6506 0
    endloop
  endfacet
  facet normal -0.956997 -0.290099 0
    outer loop
      vertex 65.5706 94.6506 2.4
      vertex 65.6673 94.3316 0
      vertex 65.6673 94.3316 2.4
    endloop
  endfacet
  facet normal -0.995173 -0.0981368 0
    outer loop
      vertex 65.7 94 0
      vertex 65.6673 94.3316 2.4
      vertex 65.6673 94.3316 0
    endloop
  endfacet
  facet normal -0.995173 -0.0981368 0
    outer loop
      vertex 65.6673 94.3316 2.4
      vertex 65.7 94 0
      vertex 65.7 94 2.4
    endloop
  endfacet
  facet normal -0.881912 -0.471413 0
    outer loop
      vertex 65.5706 94.6506 0
      vertex 65.4135 94.9445 2.4
      vertex 65.4135 94.9445 0
    endloop
  endfacet
  facet normal -0.881912 -0.471413 0
    outer loop
      vertex 65.4135 94.9445 2.4
      vertex 65.5706 94.6506 0
      vertex 65.5706 94.6506 2.4
    endloop
  endfacet
  facet normal 0.881912 0.471413 0
    outer loop
      vertex 62.5865 93.0555 2.4
      vertex 62.4294 93.3494 0
      vertex 62.4294 93.3494 2.4
    endloop
  endfacet
  facet normal 0.881912 0.471413 0
    outer loop
      vertex 62.4294 93.3494 0
      vertex 62.5865 93.0555 2.4
      vertex 62.5865 93.0555 0
    endloop
  endfacet
  facet normal -0.995173 0.0981368 0
    outer loop
      vertex 65.6673 93.6684 0
      vertex 65.7 94 2.4
      vertex 65.7 94 0
    endloop
  endfacet
  facet normal -0.995173 0.0981368 0
    outer loop
      vertex 65.7 94 2.4
      vertex 65.6673 93.6684 0
      vertex 65.6673 93.6684 2.4
    endloop
  endfacet
  facet normal -0.290099 0.956997 0
    outer loop
      vertex 64.6506 92.4294 0
      vertex 64.3316 92.3327 2.4
      vertex 64.6506 92.4294 2.4
    endloop
  endfacet
  facet normal -0.290099 0.956997 0
    outer loop
      vertex 64.3316 92.3327 2.4
      vertex 64.6506 92.4294 0
      vertex 64.3316 92.3327 0
    endloop
  endfacet
  facet normal 0.995173 0.0981368 0
    outer loop
      vertex 62.3327 93.6684 2.4
      vertex 62.3 94 0
      vertex 62.3 94 2.4
    endloop
  endfacet
  facet normal 0.995173 0.0981368 0
    outer loop
      vertex 62.3 94 0
      vertex 62.3327 93.6684 2.4
      vertex 62.3327 93.6684 0
    endloop
  endfacet
  facet normal -0.0981368 -0.995173 0
    outer loop
      vertex 64 95.7 0
      vertex 64.3316 95.6673 2.4
      vertex 64 95.7 2.4
    endloop
  endfacet
  facet normal -0.0981368 -0.995173 -0
    outer loop
      vertex 64.3316 95.6673 2.4
      vertex 64 95.7 0
      vertex 64.3316 95.6673 0
    endloop
  endfacet
  facet normal -0.956997 0.290099 0
    outer loop
      vertex 65.5706 93.3494 0
      vertex 65.6673 93.6684 2.4
      vertex 65.6673 93.6684 0
    endloop
  endfacet
  facet normal -0.956997 0.290099 0
    outer loop
      vertex 65.6673 93.6684 2.4
      vertex 65.5706 93.3494 0
      vertex 65.5706 93.3494 2.4
    endloop
  endfacet
  facet normal 0.290182 0.956971 -0
    outer loop
      vertex 63.6683 92.3327 0
      vertex 63.3494 92.4294 2.4
      vertex 63.6683 92.3327 2.4
    endloop
  endfacet
  facet normal 0.290182 0.956971 0
    outer loop
      vertex 63.3494 92.4294 2.4
      vertex 63.6683 92.3327 0
      vertex 63.3494 92.4294 0
    endloop
  endfacet
  facet normal 0.995173 -0.0981368 0
    outer loop
      vertex 62.3 94 2.4
      vertex 62.3327 94.3316 0
      vertex 62.3327 94.3316 2.4
    endloop
  endfacet
  facet normal 0.995173 -0.0981368 0
    outer loop
      vertex 62.3327 94.3316 0
      vertex 62.3 94 2.4
      vertex 62.3 94 0
    endloop
  endfacet
  facet normal -0.471413 -0.881912 0
    outer loop
      vertex 64.6506 95.5706 0
      vertex 64.9445 95.4135 2.4
      vertex 64.6506 95.5706 2.4
    endloop
  endfacet
  facet normal -0.471413 -0.881912 -0
    outer loop
      vertex 64.9445 95.4135 2.4
      vertex 64.6506 95.5706 0
      vertex 64.9445 95.4135 0
    endloop
  endfacet
  facet normal -0.290099 -0.956997 0
    outer loop
      vertex 64.3316 95.6673 0
      vertex 64.6506 95.5706 2.4
      vertex 64.3316 95.6673 2.4
    endloop
  endfacet
  facet normal -0.290099 -0.956997 -0
    outer loop
      vertex 64.6506 95.5706 2.4
      vertex 64.3316 95.6673 0
      vertex 64.6506 95.5706 0
    endloop
  endfacet
  facet normal 0.0981075 -0.995176 0
    outer loop
      vertex 63.6683 95.6673 0
      vertex 64 95.7 2.4
      vertex 63.6683 95.6673 2.4
    endloop
  endfacet
  facet normal 0.0981075 -0.995176 0
    outer loop
      vertex 64 95.7 2.4
      vertex 63.6683 95.6673 0
      vertex 64 95.7 0
    endloop
  endfacet
  facet normal 0.956997 -0.290099 0
    outer loop
      vertex 62.3327 94.3316 2.4
      vertex 62.4294 94.6506 0
      vertex 62.4294 94.6506 2.4
    endloop
  endfacet
  facet normal 0.956997 -0.290099 0
    outer loop
      vertex 62.4294 94.6506 0
      vertex 62.3327 94.3316 2.4
      vertex 62.3327 94.3316 0
    endloop
  endfacet
  facet normal 0.634381 -0.773021 0
    outer loop
      vertex 62.7979 95.2021 0
      vertex 63.0555 95.4135 2.4
      vertex 62.7979 95.2021 2.4
    endloop
  endfacet
  facet normal 0.634381 -0.773021 0
    outer loop
      vertex 63.0555 95.4135 2.4
      vertex 62.7979 95.2021 0
      vertex 63.0555 95.4135 0
    endloop
  endfacet
  facet normal -0.773021 -0.634381 0
    outer loop
      vertex 65.4135 94.9445 0
      vertex 65.2021 95.2021 2.4
      vertex 65.2021 95.2021 0
    endloop
  endfacet
  facet normal -0.773021 -0.634381 0
    outer loop
      vertex 65.2021 95.2021 2.4
      vertex 65.4135 94.9445 0
      vertex 65.4135 94.9445 2.4
    endloop
  endfacet
  facet normal 0.471413 -0.881912 0
    outer loop
      vertex 63.0555 95.4135 0
      vertex 63.3494 95.5706 2.4
      vertex 63.0555 95.4135 2.4
    endloop
  endfacet
  facet normal 0.471413 -0.881912 0
    outer loop
      vertex 63.3494 95.5706 2.4
      vertex 63.0555 95.4135 0
      vertex 63.3494 95.5706 0
    endloop
  endfacet
  facet normal -0.471413 0.881912 0
    outer loop
      vertex 64.9445 92.5865 0
      vertex 64.6506 92.4294 2.4
      vertex 64.9445 92.5865 2.4
    endloop
  endfacet
  facet normal -0.471413 0.881912 0
    outer loop
      vertex 64.6506 92.4294 2.4
      vertex 64.9445 92.5865 0
      vertex 64.6506 92.4294 0
    endloop
  endfacet
  facet normal -0.881912 0.471413 0
    outer loop
      vertex 65.4135 93.0555 0
      vertex 65.5706 93.3494 2.4
      vertex 65.5706 93.3494 0
    endloop
  endfacet
  facet normal -0.881912 0.471413 0
    outer loop
      vertex 65.5706 93.3494 2.4
      vertex 65.4135 93.0555 0
      vertex 65.4135 93.0555 2.4
    endloop
  endfacet
  facet normal -0.634381 -0.773021 0
    outer loop
      vertex 64.9445 95.4135 0
      vertex 65.2021 95.2021 2.4
      vertex 64.9445 95.4135 2.4
    endloop
  endfacet
  facet normal -0.634381 -0.773021 -0
    outer loop
      vertex 65.2021 95.2021 2.4
      vertex 64.9445 95.4135 0
      vertex 65.2021 95.2021 0
    endloop
  endfacet
  facet normal -0.634381 0.773021 0
    outer loop
      vertex 65.2021 92.7979 0
      vertex 64.9445 92.5865 2.4
      vertex 65.2021 92.7979 2.4
    endloop
  endfacet
  facet normal -0.634381 0.773021 0
    outer loop
      vertex 64.9445 92.5865 2.4
      vertex 65.2021 92.7979 0
      vertex 64.9445 92.5865 0
    endloop
  endfacet
  facet normal 0.290182 -0.956971 0
    outer loop
      vertex 63.3494 95.5706 0
      vertex 63.6683 95.6673 2.4
      vertex 63.3494 95.5706 2.4
    endloop
  endfacet
  facet normal 0.290182 -0.956971 0
    outer loop
      vertex 63.6683 95.6673 2.4
      vertex 63.3494 95.5706 0
      vertex 63.6683 95.6673 0
    endloop
  endfacet
  facet normal -0.0981368 0.995173 0
    outer loop
      vertex 64.3316 92.3327 0
      vertex 64 92.3 2.4
      vertex 64.3316 92.3327 2.4
    endloop
  endfacet
  facet normal -0.0981368 0.995173 0
    outer loop
      vertex 64 92.3 2.4
      vertex 64.3316 92.3327 0
      vertex 64 92.3 0
    endloop
  endfacet
  facet normal 0.956997 0.290099 0
    outer loop
      vertex 62.4294 93.3494 2.4
      vertex 62.3327 93.6684 0
      vertex 62.3327 93.6684 2.4
    endloop
  endfacet
  facet normal 0.956997 0.290099 0
    outer loop
      vertex 62.3327 93.6684 0
      vertex 62.4294 93.3494 2.4
      vertex 62.4294 93.3494 0
    endloop
  endfacet
  facet normal 0.773021 -0.634381 0
    outer loop
      vertex 62.5865 94.9445 2.4
      vertex 62.7979 95.2021 0
      vertex 62.7979 95.2021 2.4
    endloop
  endfacet
  facet normal 0.773021 -0.634381 0
    outer loop
      vertex 62.7979 95.2021 0
      vertex 62.5865 94.9445 2.4
      vertex 62.5865 94.9445 0
    endloop
  endfacet
  facet normal 0.773021 0.634381 0
    outer loop
      vertex 62.7979 92.7979 2.4
      vertex 62.5865 93.0555 0
      vertex 62.5865 93.0555 2.4
    endloop
  endfacet
  facet normal 0.773021 0.634381 0
    outer loop
      vertex 62.5865 93.0555 0
      vertex 62.7979 92.7979 2.4
      vertex 62.7979 92.7979 0
    endloop
  endfacet
  facet normal 0.634381 0.773021 -0
    outer loop
      vertex 63.0555 92.5865 0
      vertex 62.7979 92.7979 2.4
      vertex 63.0555 92.5865 2.4
    endloop
  endfacet
  facet normal 0.634381 0.773021 0
    outer loop
      vertex 62.7979 92.7979 2.4
      vertex 63.0555 92.5865 0
      vertex 62.7979 92.7979 0
    endloop
  endfacet
  facet normal 0.471413 0.881912 -0
    outer loop
      vertex 63.3494 92.4294 0
      vertex 63.0555 92.5865 2.4
      vertex 63.3494 92.4294 2.4
    endloop
  endfacet
  facet normal 0.471413 0.881912 0
    outer loop
      vertex 63.0555 92.5865 2.4
      vertex 63.3494 92.4294 0
      vertex 63.0555 92.5865 0
    endloop
  endfacet
  facet normal 0.881912 -0.471413 0
    outer loop
      vertex 62.4294 94.6506 2.4
      vertex 62.5865 94.9445 0
      vertex 62.5865 94.9445 2.4
    endloop
  endfacet
  facet normal 0.881912 -0.471413 0
    outer loop
      vertex 62.5865 94.9445 0
      vertex 62.4294 94.6506 2.4
      vertex 62.4294 94.6506 0
    endloop
  endfacet
  facet normal 0.0980197 0.995184 -0
    outer loop
      vertex 136 92.3 0
      vertex 135.668 92.3327 2.4
      vertex 136 92.3 2.4
    endloop
  endfacet
  facet normal 0.0980197 0.995184 0
    outer loop
      vertex 135.668 92.3327 2.4
      vertex 136 92.3 0
      vertex 135.668 92.3327 0
    endloop
  endfacet
  facet normal -0.773609 0.633663 0
    outer loop
      vertex 137.202 92.7979 0
      vertex 137.413 93.0555 2.4
      vertex 137.413 93.0555 0
    endloop
  endfacet
  facet normal -0.773609 0.633663 0
    outer loop
      vertex 137.413 93.0555 2.4
      vertex 137.202 92.7979 0
      vertex 137.202 92.7979 2.4
    endloop
  endfacet
  facet normal -0.957578 -0.288174 0
    outer loop
      vertex 137.667 94.3316 0
      vertex 137.571 94.6506 2.4
      vertex 137.571 94.6506 0
    endloop
  endfacet
  facet normal -0.957578 -0.288174 0
    outer loop
      vertex 137.571 94.6506 2.4
      vertex 137.667 94.3316 0
      vertex 137.667 94.3316 2.4
    endloop
  endfacet
  facet normal -0.995085 -0.0990283 0
    outer loop
      vertex 137.7 94 0
      vertex 137.667 94.3316 2.4
      vertex 137.667 94.3316 0
    endloop
  endfacet
  facet normal -0.995085 -0.0990283 0
    outer loop
      vertex 137.667 94.3316 2.4
      vertex 137.7 94 0
      vertex 137.7 94 2.4
    endloop
  endfacet
  facet normal -0.880788 -0.47351 0
    outer loop
      vertex 137.571 94.6506 0
      vertex 137.413 94.9445 2.4
      vertex 137.413 94.9445 0
    endloop
  endfacet
  facet normal -0.880788 -0.47351 0
    outer loop
      vertex 137.413 94.9445 2.4
      vertex 137.571 94.6506 0
      vertex 137.571 94.6506 2.4
    endloop
  endfacet
  facet normal 0.880788 0.47351 0
    outer loop
      vertex 134.587 93.0555 2.4
      vertex 134.429 93.3494 0
      vertex 134.429 93.3494 2.4
    endloop
  endfacet
  facet normal 0.880788 0.47351 0
    outer loop
      vertex 134.429 93.3494 0
      vertex 134.587 93.0555 2.4
      vertex 134.587 93.0555 0
    endloop
  endfacet
  facet normal -0.995085 0.0990283 0
    outer loop
      vertex 137.667 93.6684 0
      vertex 137.7 94 2.4
      vertex 137.7 94 0
    endloop
  endfacet
  facet normal -0.995085 0.0990283 0
    outer loop
      vertex 137.7 94 2.4
      vertex 137.667 93.6684 0
      vertex 137.667 93.6684 2.4
    endloop
  endfacet
  facet normal -0.290099 0.956997 0
    outer loop
      vertex 136.651 92.4294 0
      vertex 136.332 92.3327 2.4
      vertex 136.651 92.4294 2.4
    endloop
  endfacet
  facet normal -0.290099 0.956997 0
    outer loop
      vertex 136.332 92.3327 2.4
      vertex 136.651 92.4294 0
      vertex 136.332 92.3327 0
    endloop
  endfacet
  facet normal 0.995085 0.0990283 0
    outer loop
      vertex 134.333 93.6684 2.4
      vertex 134.3 94 0
      vertex 134.3 94 2.4
    endloop
  endfacet
  facet normal 0.995085 0.0990283 0
    outer loop
      vertex 134.3 94 0
      vertex 134.333 93.6684 2.4
      vertex 134.333 93.6684 0
    endloop
  endfacet
  facet normal -0.0980197 -0.995184 0
    outer loop
      vertex 136 95.7 0
      vertex 136.332 95.6673 2.4
      vertex 136 95.7 2.4
    endloop
  endfacet
  facet normal -0.0980197 -0.995184 -0
    outer loop
      vertex 136.332 95.6673 2.4
      vertex 136 95.7 0
      vertex 136.332 95.6673 0
    endloop
  endfacet
  facet normal -0.957578 0.288174 0
    outer loop
      vertex 137.571 93.3494 0
      vertex 137.667 93.6684 2.4
      vertex 137.667 93.6684 0
    endloop
  endfacet
  facet normal -0.957578 0.288174 0
    outer loop
      vertex 137.667 93.6684 2.4
      vertex 137.571 93.3494 0
      vertex 137.571 93.3494 2.4
    endloop
  endfacet
  facet normal 0.290099 0.956997 -0
    outer loop
      vertex 135.668 92.3327 0
      vertex 135.349 92.4294 2.4
      vertex 135.668 92.3327 2.4
    endloop
  endfacet
  facet normal 0.290099 0.956997 0
    outer loop
      vertex 135.349 92.4294 2.4
      vertex 135.668 92.3327 0
      vertex 135.349 92.4294 0
    endloop
  endfacet
  facet normal 0.995085 -0.0990283 0
    outer loop
      vertex 134.3 94 2.4
      vertex 134.333 94.3316 0
      vertex 134.333 94.3316 2.4
    endloop
  endfacet
  facet normal 0.995085 -0.0990283 0
    outer loop
      vertex 134.333 94.3316 0
      vertex 134.3 94 2.4
      vertex 134.3 94 0
    endloop
  endfacet
  facet normal -0.290099 -0.956997 0
    outer loop
      vertex 136.332 95.6673 0
      vertex 136.651 95.5706 2.4
      vertex 136.332 95.6673 2.4
    endloop
  endfacet
  facet normal -0.290099 -0.956997 -0
    outer loop
      vertex 136.651 95.5706 2.4
      vertex 136.332 95.6673 0
      vertex 136.651 95.5706 0
    endloop
  endfacet
  facet normal 0.0980197 -0.995184 0
    outer loop
      vertex 135.668 95.6673 0
      vertex 136 95.7 2.4
      vertex 135.668 95.6673 2.4
    endloop
  endfacet
  facet normal 0.0980197 -0.995184 0
    outer loop
      vertex 136 95.7 2.4
      vertex 135.668 95.6673 0
      vertex 136 95.7 0
    endloop
  endfacet
  facet normal 0.957578 -0.288174 0
    outer loop
      vertex 134.333 94.3316 2.4
      vertex 134.429 94.6506 0
      vertex 134.429 94.6506 2.4
    endloop
  endfacet
  facet normal 0.957578 -0.288174 0
    outer loop
      vertex 134.429 94.6506 0
      vertex 134.333 94.3316 2.4
      vertex 134.333 94.3316 0
    endloop
  endfacet
  facet normal 0.633793 -0.773503 0
    outer loop
      vertex 134.798 95.2021 0
      vertex 135.056 95.4135 2.4
      vertex 134.798 95.2021 2.4
    endloop
  endfacet
  facet normal 0.633793 -0.773503 0
    outer loop
      vertex 135.056 95.4135 2.4
      vertex 134.798 95.2021 0
      vertex 135.056 95.4135 0
    endloop
  endfacet
  facet normal -0.773609 -0.633663 0
    outer loop
      vertex 137.413 94.9445 0
      vertex 137.202 95.2021 2.4
      vertex 137.202 95.2021 0
    endloop
  endfacet
  facet normal -0.773609 -0.633663 0
    outer loop
      vertex 137.202 95.2021 2.4
      vertex 137.413 94.9445 0
      vertex 137.413 94.9445 2.4
    endloop
  endfacet
  facet normal 0.472539 -0.88131 0
    outer loop
      vertex 135.056 95.4135 0
      vertex 135.349 95.5706 2.4
      vertex 135.056 95.4135 2.4
    endloop
  endfacet
  facet normal 0.472539 -0.88131 0
    outer loop
      vertex 135.349 95.5706 2.4
      vertex 135.056 95.4135 0
      vertex 135.349 95.5706 0
    endloop
  endfacet
  facet normal -0.472539 0.88131 0
    outer loop
      vertex 136.944 92.5865 0
      vertex 136.651 92.4294 2.4
      vertex 136.944 92.5865 2.4
    endloop
  endfacet
  facet normal -0.472539 0.88131 0
    outer loop
      vertex 136.651 92.4294 2.4
      vertex 136.944 92.5865 0
      vertex 136.651 92.4294 0
    endloop
  endfacet
  facet normal -0.880788 0.47351 0
    outer loop
      vertex 137.413 93.0555 0
      vertex 137.571 93.3494 2.4
      vertex 137.571 93.3494 0
    endloop
  endfacet
  facet normal -0.880788 0.47351 0
    outer loop
      vertex 137.571 93.3494 2.4
      vertex 137.413 93.0555 0
      vertex 137.413 93.0555 2.4
    endloop
  endfacet
  facet normal -0.633793 -0.773503 0
    outer loop
      vertex 136.944 95.4135 0
      vertex 137.202 95.2021 2.4
      vertex 136.944 95.4135 2.4
    endloop
  endfacet
  facet normal -0.633793 -0.773503 -0
    outer loop
      vertex 137.202 95.2021 2.4
      vertex 136.944 95.4135 0
      vertex 137.202 95.2021 0
    endloop
  endfacet
  facet normal -0.633793 0.773503 0
    outer loop
      vertex 137.202 92.7979 0
      vertex 136.944 92.5865 2.4
      vertex 137.202 92.7979 2.4
    endloop
  endfacet
  facet normal -0.633793 0.773503 0
    outer loop
      vertex 136.944 92.5865 2.4
      vertex 137.202 92.7979 0
      vertex 136.944 92.5865 0
    endloop
  endfacet
  facet normal -0.472539 -0.88131 0
    outer loop
      vertex 136.651 95.5706 0
      vertex 136.944 95.4135 2.4
      vertex 136.651 95.5706 2.4
    endloop
  endfacet
  facet normal -0.472539 -0.88131 -0
    outer loop
      vertex 136.944 95.4135 2.4
      vertex 136.651 95.5706 0
      vertex 136.944 95.4135 0
    endloop
  endfacet
  facet normal 0.290099 -0.956997 0
    outer loop
      vertex 135.349 95.5706 0
      vertex 135.668 95.6673 2.4
      vertex 135.349 95.5706 2.4
    endloop
  endfacet
  facet normal 0.290099 -0.956997 0
    outer loop
      vertex 135.668 95.6673 2.4
      vertex 135.349 95.5706 0
      vertex 135.668 95.6673 0
    endloop
  endfacet
  facet normal -0.0980197 0.995184 0
    outer loop
      vertex 136.332 92.3327 0
      vertex 136 92.3 2.4
      vertex 136.332 92.3327 2.4
    endloop
  endfacet
  facet normal -0.0980197 0.995184 0
    outer loop
      vertex 136 92.3 2.4
      vertex 136.332 92.3327 0
      vertex 136 92.3 0
    endloop
  endfacet
  facet normal 0.957578 0.288174 0
    outer loop
      vertex 134.429 93.3494 2.4
      vertex 134.333 93.6684 0
      vertex 134.333 93.6684 2.4
    endloop
  endfacet
  facet normal 0.957578 0.288174 0
    outer loop
      vertex 134.333 93.6684 0
      vertex 134.429 93.3494 2.4
      vertex 134.429 93.3494 0
    endloop
  endfacet
  facet normal 0.773609 -0.633663 0
    outer loop
      vertex 134.587 94.9445 2.4
      vertex 134.798 95.2021 0
      vertex 134.798 95.2021 2.4
    endloop
  endfacet
  facet normal 0.773609 -0.633663 0
    outer loop
      vertex 134.798 95.2021 0
      vertex 134.587 94.9445 2.4
      vertex 134.587 94.9445 0
    endloop
  endfacet
  facet normal 0.773609 0.633663 0
    outer loop
      vertex 134.798 92.7979 2.4
      vertex 134.587 93.0555 0
      vertex 134.587 93.0555 2.4
    endloop
  endfacet
  facet normal 0.773609 0.633663 0
    outer loop
      vertex 134.587 93.0555 0
      vertex 134.798 92.7979 2.4
      vertex 134.798 92.7979 0
    endloop
  endfacet
  facet normal 0.633793 0.773503 -0
    outer loop
      vertex 135.056 92.5865 0
      vertex 134.798 92.7979 2.4
      vertex 135.056 92.5865 2.4
    endloop
  endfacet
  facet normal 0.633793 0.773503 0
    outer loop
      vertex 134.798 92.7979 2.4
      vertex 135.056 92.5865 0
      vertex 134.798 92.7979 0
    endloop
  endfacet
  facet normal 0.472539 0.88131 -0
    outer loop
      vertex 135.349 92.4294 0
      vertex 135.056 92.5865 2.4
      vertex 135.349 92.4294 2.4
    endloop
  endfacet
  facet normal 0.472539 0.88131 0
    outer loop
      vertex 135.056 92.5865 2.4
      vertex 135.349 92.4294 0
      vertex 135.056 92.5865 0
    endloop
  endfacet
  facet normal 0.880788 -0.47351 0
    outer loop
      vertex 134.429 94.6506 2.4
      vertex 134.587 94.9445 0
      vertex 134.587 94.9445 2.4
    endloop
  endfacet
  facet normal 0.880788 -0.47351 0
    outer loop
      vertex 134.587 94.9445 0
      vertex 134.429 94.6506 2.4
      vertex 134.429 94.6506 0
    endloop
  endfacet
  facet normal 0.0980197 0.995184 -0
    outer loop
      vertex 172 92.3 0
      vertex 171.668 92.3327 2.4
      vertex 172 92.3 2.4
    endloop
  endfacet
  facet normal 0.0980197 0.995184 0
    outer loop
      vertex 171.668 92.3327 2.4
      vertex 172 92.3 0
      vertex 171.668 92.3327 0
    endloop
  endfacet
  facet normal -0.773609 0.633663 0
    outer loop
      vertex 173.202 92.7979 0
      vertex 173.413 93.0555 2.4
      vertex 173.413 93.0555 0
    endloop
  endfacet
  facet normal -0.773609 0.633663 0
    outer loop
      vertex 173.413 93.0555 2.4
      vertex 173.202 92.7979 0
      vertex 173.202 92.7979 2.4
    endloop
  endfacet
  facet normal -0.957578 -0.288174 0
    outer loop
      vertex 173.667 94.3316 0
      vertex 173.571 94.6506 2.4
      vertex 173.571 94.6506 0
    endloop
  endfacet
  facet normal -0.957578 -0.288174 0
    outer loop
      vertex 173.571 94.6506 2.4
      vertex 173.667 94.3316 0
      vertex 173.667 94.3316 2.4
    endloop
  endfacet
  facet normal -0.995085 -0.0990283 0
    outer loop
      vertex 173.7 94 0
      vertex 173.667 94.3316 2.4
      vertex 173.667 94.3316 0
    endloop
  endfacet
  facet normal -0.995085 -0.0990283 0
    outer loop
      vertex 173.667 94.3316 2.4
      vertex 173.7 94 0
      vertex 173.7 94 2.4
    endloop
  endfacet
  facet normal -0.880788 -0.47351 0
    outer loop
      vertex 173.571 94.6506 0
      vertex 173.413 94.9445 2.4
      vertex 173.413 94.9445 0
    endloop
  endfacet
  facet normal -0.880788 -0.47351 0
    outer loop
      vertex 173.413 94.9445 2.4
      vertex 173.571 94.6506 0
      vertex 173.571 94.6506 2.4
    endloop
  endfacet
  facet normal 0.880788 0.47351 0
    outer loop
      vertex 170.587 93.0555 2.4
      vertex 170.429 93.3494 0
      vertex 170.429 93.3494 2.4
    endloop
  endfacet
  facet normal 0.880788 0.47351 0
    outer loop
      vertex 170.429 93.3494 0
      vertex 170.587 93.0555 2.4
      vertex 170.587 93.0555 0
    endloop
  endfacet
  facet normal -0.995085 0.0990283 0
    outer loop
      vertex 173.667 93.6684 0
      vertex 173.7 94 2.4
      vertex 173.7 94 0
    endloop
  endfacet
  facet normal -0.995085 0.0990283 0
    outer loop
      vertex 173.7 94 2.4
      vertex 173.667 93.6684 0
      vertex 173.667 93.6684 2.4
    endloop
  endfacet
  facet normal -0.290099 0.956997 0
    outer loop
      vertex 172.651 92.4294 0
      vertex 172.332 92.3327 2.4
      vertex 172.651 92.4294 2.4
    endloop
  endfacet
  facet normal -0.290099 0.956997 0
    outer loop
      vertex 172.332 92.3327 2.4
      vertex 172.651 92.4294 0
      vertex 172.332 92.3327 0
    endloop
  endfacet
  facet normal 0.995085 0.0990283 0
    outer loop
      vertex 170.333 93.6684 2.4
      vertex 170.3 94 0
      vertex 170.3 94 2.4
    endloop
  endfacet
  facet normal 0.995085 0.0990283 0
    outer loop
      vertex 170.3 94 0
      vertex 170.333 93.6684 2.4
      vertex 170.333 93.6684 0
    endloop
  endfacet
  facet normal -0.0980197 -0.995184 0
    outer loop
      vertex 172 95.7 0
      vertex 172.332 95.6673 2.4
      vertex 172 95.7 2.4
    endloop
  endfacet
  facet normal -0.0980197 -0.995184 -0
    outer loop
      vertex 172.332 95.6673 2.4
      vertex 172 95.7 0
      vertex 172.332 95.6673 0
    endloop
  endfacet
  facet normal -0.957578 0.288174 0
    outer loop
      vertex 173.571 93.3494 0
      vertex 173.667 93.6684 2.4
      vertex 173.667 93.6684 0
    endloop
  endfacet
  facet normal -0.957578 0.288174 0
    outer loop
      vertex 173.667 93.6684 2.4
      vertex 173.571 93.3494 0
      vertex 173.571 93.3494 2.4
    endloop
  endfacet
  facet normal 0.290099 0.956997 -0
    outer loop
      vertex 171.668 92.3327 0
      vertex 171.349 92.4294 2.4
      vertex 171.668 92.3327 2.4
    endloop
  endfacet
  facet normal 0.290099 0.956997 0
    outer loop
      vertex 171.349 92.4294 2.4
      vertex 171.668 92.3327 0
      vertex 171.349 92.4294 0
    endloop
  endfacet
  facet normal 0.995085 -0.0990283 0
    outer loop
      vertex 170.3 94 2.4
      vertex 170.333 94.3316 0
      vertex 170.333 94.3316 2.4
    endloop
  endfacet
  facet normal 0.995085 -0.0990283 0
    outer loop
      vertex 170.333 94.3316 0
      vertex 170.3 94 2.4
      vertex 170.3 94 0
    endloop
  endfacet
  facet normal -0.472539 -0.88131 0
    outer loop
      vertex 172.651 95.5706 0
      vertex 172.944 95.4135 2.4
      vertex 172.651 95.5706 2.4
    endloop
  endfacet
  facet normal -0.472539 -0.88131 -0
    outer loop
      vertex 172.944 95.4135 2.4
      vertex 172.651 95.5706 0
      vertex 172.944 95.4135 0
    endloop
  endfacet
  facet normal -0.290099 -0.956997 0
    outer loop
      vertex 172.332 95.6673 0
      vertex 172.651 95.5706 2.4
      vertex 172.332 95.6673 2.4
    endloop
  endfacet
  facet normal -0.290099 -0.956997 -0
    outer loop
      vertex 172.651 95.5706 2.4
      vertex 172.332 95.6673 0
      vertex 172.651 95.5706 0
    endloop
  endfacet
  facet normal 0.0980197 -0.995184 0
    outer loop
      vertex 171.668 95.6673 0
      vertex 172 95.7 2.4
      vertex 171.668 95.6673 2.4
    endloop
  endfacet
  facet normal 0.0980197 -0.995184 0
    outer loop
      vertex 172 95.7 2.4
      vertex 171.668 95.6673 0
      vertex 172 95.7 0
    endloop
  endfacet
  facet normal 0.957578 -0.288174 0
    outer loop
      vertex 170.333 94.3316 2.4
      vertex 170.429 94.6506 0
      vertex 170.429 94.6506 2.4
    endloop
  endfacet
  facet normal 0.957578 -0.288174 0
    outer loop
      vertex 170.429 94.6506 0
      vertex 170.333 94.3316 2.4
      vertex 170.333 94.3316 0
    endloop
  endfacet
  facet normal 0.633793 -0.773503 0
    outer loop
      vertex 170.798 95.2021 0
      vertex 171.056 95.4135 2.4
      vertex 170.798 95.2021 2.4
    endloop
  endfacet
  facet normal 0.633793 -0.773503 0
    outer loop
      vertex 171.056 95.4135 2.4
      vertex 170.798 95.2021 0
      vertex 171.056 95.4135 0
    endloop
  endfacet
  facet normal -0.773609 -0.633663 0
    outer loop
      vertex 173.413 94.9445 0
      vertex 173.202 95.2021 2.4
      vertex 173.202 95.2021 0
    endloop
  endfacet
  facet normal -0.773609 -0.633663 0
    outer loop
      vertex 173.202 95.2021 2.4
      vertex 173.413 94.9445 0
      vertex 173.413 94.9445 2.4
    endloop
  endfacet
  facet normal 0.472539 -0.88131 0
    outer loop
      vertex 171.056 95.4135 0
      vertex 171.349 95.5706 2.4
      vertex 171.056 95.4135 2.4
    endloop
  endfacet
  facet normal 0.472539 -0.88131 0
    outer loop
      vertex 171.349 95.5706 2.4
      vertex 171.056 95.4135 0
      vertex 171.349 95.5706 0
    endloop
  endfacet
  facet normal -0.472539 0.88131 0
    outer loop
      vertex 172.944 92.5865 0
      vertex 172.651 92.4294 2.4
      vertex 172.944 92.5865 2.4
    endloop
  endfacet
  facet normal -0.472539 0.88131 0
    outer loop
      vertex 172.651 92.4294 2.4
      vertex 172.944 92.5865 0
      vertex 172.651 92.4294 0
    endloop
  endfacet
  facet normal -0.880788 0.47351 0
    outer loop
      vertex 173.413 93.0555 0
      vertex 173.571 93.3494 2.4
      vertex 173.571 93.3494 0
    endloop
  endfacet
  facet normal -0.880788 0.47351 0
    outer loop
      vertex 173.571 93.3494 2.4
      vertex 173.413 93.0555 0
      vertex 173.413 93.0555 2.4
    endloop
  endfacet
  facet normal -0.633793 -0.773503 0
    outer loop
      vertex 172.944 95.4135 0
      vertex 173.202 95.2021 2.4
      vertex 172.944 95.4135 2.4
    endloop
  endfacet
  facet normal -0.633793 -0.773503 -0
    outer loop
      vertex 173.202 95.2021 2.4
      vertex 172.944 95.4135 0
      vertex 173.202 95.2021 0
    endloop
  endfacet
  facet normal -0.633793 0.773503 0
    outer loop
      vertex 173.202 92.7979 0
      vertex 172.944 92.5865 2.4
      vertex 173.202 92.7979 2.4
    endloop
  endfacet
  facet normal -0.633793 0.773503 0
    outer loop
      vertex 172.944 92.5865 2.4
      vertex 173.202 92.7979 0
      vertex 172.944 92.5865 0
    endloop
  endfacet
  facet normal 0.290099 -0.956997 0
    outer loop
      vertex 171.349 95.5706 0
      vertex 171.668 95.6673 2.4
      vertex 171.349 95.5706 2.4
    endloop
  endfacet
  facet normal 0.290099 -0.956997 0
    outer loop
      vertex 171.668 95.6673 2.4
      vertex 171.349 95.5706 0
      vertex 171.668 95.6673 0
    endloop
  endfacet
  facet normal -0.0980197 0.995184 0
    outer loop
      vertex 172.332 92.3327 0
      vertex 172 92.3 2.4
      vertex 172.332 92.3327 2.4
    endloop
  endfacet
  facet normal -0.0980197 0.995184 0
    outer loop
      vertex 172 92.3 2.4
      vertex 172.332 92.3327 0
      vertex 172 92.3 0
    endloop
  endfacet
  facet normal 0.957578 0.288174 0
    outer loop
      vertex 170.429 93.3494 2.4
      vertex 170.333 93.6684 0
      vertex 170.333 93.6684 2.4
    endloop
  endfacet
  facet normal 0.957578 0.288174 0
    outer loop
      vertex 170.333 93.6684 0
      vertex 170.429 93.3494 2.4
      vertex 170.429 93.3494 0
    endloop
  endfacet
  facet normal 0.773609 -0.633663 0
    outer loop
      vertex 170.587 94.9445 2.4
      vertex 170.798 95.2021 0
      vertex 170.798 95.2021 2.4
    endloop
  endfacet
  facet normal 0.773609 -0.633663 0
    outer loop
      vertex 170.798 95.2021 0
      vertex 170.587 94.9445 2.4
      vertex 170.587 94.9445 0
    endloop
  endfacet
  facet normal 0.773609 0.633663 0
    outer loop
      vertex 170.798 92.7979 2.4
      vertex 170.587 93.0555 0
      vertex 170.587 93.0555 2.4
    endloop
  endfacet
  facet normal 0.773609 0.633663 0
    outer loop
      vertex 170.587 93.0555 0
      vertex 170.798 92.7979 2.4
      vertex 170.798 92.7979 0
    endloop
  endfacet
  facet normal 0.633793 0.773503 -0
    outer loop
      vertex 171.056 92.5865 0
      vertex 170.798 92.7979 2.4
      vertex 171.056 92.5865 2.4
    endloop
  endfacet
  facet normal 0.633793 0.773503 0
    outer loop
      vertex 170.798 92.7979 2.4
      vertex 171.056 92.5865 0
      vertex 170.798 92.7979 0
    endloop
  endfacet
  facet normal 0.472539 0.88131 -0
    outer loop
      vertex 171.349 92.4294 0
      vertex 171.056 92.5865 2.4
      vertex 171.349 92.4294 2.4
    endloop
  endfacet
  facet normal 0.472539 0.88131 0
    outer loop
      vertex 171.056 92.5865 2.4
      vertex 171.349 92.4294 0
      vertex 171.056 92.5865 0
    endloop
  endfacet
  facet normal 0.880788 -0.47351 0
    outer loop
      vertex 170.429 94.6506 2.4
      vertex 170.587 94.9445 0
      vertex 170.587 94.9445 2.4
    endloop
  endfacet
  facet normal 0.880788 -0.47351 0
    outer loop
      vertex 170.587 94.9445 0
      vertex 170.429 94.6506 2.4
      vertex 170.429 94.6506 0
    endloop
  endfacet
  facet normal -1 0 0
    outer loop
      vertex 120 91 0
      vertex 120 101 2.4
      vertex 120 101 0
    endloop
  endfacet
  facet normal -1 -0 0
    outer loop
      vertex 120 101 2.4
      vertex 120 91 0
      vertex 120 91 2.4
    endloop
  endfacet
  facet normal 1 -0 0
    outer loop
      vertex 108 91 2.4
      vertex 108 101 0
      vertex 108 101 2.4
    endloop
  endfacet
  facet normal 1 0 0
    outer loop
      vertex 108 101 0
      vertex 108 91 2.4
      vertex 108 91 0
    endloop
  endfacet
  facet normal 0 -1 0
    outer loop
      vertex 108 101 0
      vertex 120 101 2.4
      vertex 108 101 2.4
    endloop
  endfacet
  facet normal 0 -1 -0
    outer loop
      vertex 120 101 2.4
      vertex 108 101 0
      vertex 120 101 0
    endloop
  endfacet
  facet normal 0 1 -0
    outer loop
      vertex 120 91 0
      vertex 108 91 2.4
      vertex 120 91 2.4
    endloop
  endfacet
  facet normal 0 1 0
    outer loop
      vertex 108 91 2.4
      vertex 120 91 0
      vertex 108 91 0
    endloop
  endfacet
endsolid OpenSCAD_Model
